{
  "type" : "FeatureCollection",
  "features" : [{"type":"Feature","id":1,"geometry":{"type":"Polygon","coordinates":[[[80.685847858728209,7.0771120967058527],[80.685831428058933,7.077118931922632],[80.685801986685121,7.0771421778885166],[80.685782813768299,7.0771688450614434],[80.685775964977907,7.0771811532377606],[80.685765692348241,7.0772037183709813],[80.685755420815738,7.0772160258799381],[80.685744463149035,7.0772420109915064],[80.684989227143205,7.0772264382919099],[80.684033684370846,7.0765284633950136],[80.683639630847324,7.0763147437072202],[80.683584009993993,7.0763093899295795],[80.682237169109044,7.0757868033370697],[80.681471738609929,7.0756313753948499],[80.681010487161203,7.0754793482994369],[80.680609413253748,7.0752822540403777],[80.680836760586416,7.0746318627232769],[80.680845585804505,7.0745746359826143],[80.680855888683524,7.0744763211726225],[80.680911757819089,7.0742327414236623],[80.680900266243754,7.0740896224633136],[80.681023022573029,7.0740139141273373],[80.680984121270242,7.0737381729241315],[80.680821698997192,7.0735947878636178],[80.680107230740234,7.0732324323870337],[80.680047902393838,7.0732185723587815],[80.679790258965298,7.0732642184074264],[80.679644696260254,7.0732953462747394],[80.679551119825561,7.0733169652140999],[80.679520793934813,7.073327344938269],[80.679197202298809,7.0736908981577349],[80.679185551833854,7.0737169308992423],[80.679177783944766,7.0737429644516245],[80.679165583297944,7.0737507163874573],[80.679052836680867,7.0737972233419208],[80.679001947173631,7.0738168254359088],[80.678998222140635,7.0737519320499702],[80.678994493485334,7.0737043119483278],[80.678991224687934,7.0736912394176619],[80.678981417732885,7.0736590248262976],[80.678968808989083,7.0736142044272139],[80.678947793457311,7.0735469733875442],[80.678929114062285,7.0734811436172293],[80.678908098322935,7.0734106443877973],[80.67888755118706,7.0733373436933382],[80.678881014606603,7.0733107320048152],[80.678879616213621,7.073292524270796],[80.678877752089477,7.0732677809680089],[80.678876357128132,7.0732332332003223],[80.678877765226616,7.0732052223954947],[80.678880575050641,7.0731795468209455],[80.678887590594414,7.0731496688801077],[80.678896008277903,7.0731244611060227],[80.678908632682862,7.0730945852442408],[80.678928734829668,7.0730581745728447],[80.678957250854481,7.0730189650044579],[80.678980154878786,7.0729946935129009],[80.679004928513308,7.0729690216303709],[80.679025027342973,7.0729526867060644],[80.67905868007135,7.0729288840850542],[80.679089995885363,7.0729074150051954],[80.679120376780062,7.0728850124765392],[80.679150759065848,7.0728602759138406],[80.679181141615899,7.0728299371290095],[80.679211525236681,7.0727944627478001],[80.679235833795644,7.0727589870961536],[80.679257338729073,7.0727239774835153],[80.67928679018101,7.0726786983389447],[80.679312500915643,7.072639021536494],[80.679339616619174,7.0725904746174439],[80.679373743527947,7.0725325921247064],[80.679382160003513,7.0725129856563713],[80.679398056448377,7.0724761083649401],[80.679419565450686,7.0724214905218572],[80.679428916712681,7.0723990835893424],[80.679441539698743,7.0723757440870063],[80.679462575324024,7.0723468032119969],[80.679485946976044,7.0723197302292213],[80.679529587384579,7.0722729799917916],[80.679546637875973,7.0722583427095733],[80.679573560980458,7.0722389272811697],[80.679606165229956,7.0722201107837508],[80.679642059455631,7.0722039834911881],[80.67967286812187,7.0721962218447576],[80.67970487114107,7.0721911489675948],[80.679732089170273,7.0721899591196307],[80.679762895063902,7.0721911610192185],[80.679793401980831,7.0721935574524712],[80.679824207129386,7.0721983449497507],[80.679856207947097,7.0722082113160578],[80.679899873038536,7.0722210679497408],[80.679924097458596,7.0722285425991087],[80.679950414887827,7.072239901706264],[80.679976731449841,7.0722554441647008],[80.67999078690265,7.0722650083801781],[80.680000955103807,7.0722709861881778],[80.680019496978403,7.0722802520043651],[80.680041627278484,7.0722892201394378],[80.680076619075066,7.0722987886865978],[80.680108919439036,7.0723047710723881],[80.680134640906317,7.0723089597463833],[80.680163951046893,7.0723116543312878],[80.680189374057392,7.0723101656621452],[80.68022197659414,7.0723038982756972],[80.680248297993714,7.0722961356638443],[80.680269236685248,7.0722847854324566],[80.680294662723355,7.0722686568313682],[80.680311415553049,7.0722531232849803],[80.680331160421318,7.0722277306284624],[80.680344624377653,7.0722041290235946],[80.680353302134151,7.0721859052856857],[80.680360783969107,7.0721637963711625],[80.680366172050554,7.0721413886011044],[80.680369466378792,7.072118681975569],[80.68037216602994,7.0720825289938203],[80.68037247464207,7.0720347234426058],[80.680367874581634,7.0719541924953253],[80.680362775678191,7.0718914583293921],[80.680362783521048,7.0718535269120579],[80.68036322638558,7.0718306514956195],[80.680366501579954,7.0718129113541854],[80.680374630883705,7.0717896839371042],[80.680384972329364,7.0717676958853559],[80.680397035886415,7.0717483849557734],[80.680407757640779,7.0717346189979722],[80.680421351710734,7.0717208536322058],[80.680436093264518,7.0717088094107394],[80.680454854776116,7.0716977227809075],[80.680469212386328,7.0716906503934771],[80.680487015366523,7.0716833870011984],[80.680504627143677,7.0716770803322433],[80.680524536489955,7.0716703916113914],[80.680533150132376,7.0716688641919241],[80.680548464297189,7.0716675280580148],[80.680563586393745,7.0716669578373876],[80.68058291937507,7.0716677268667656],[80.680606272118183,7.0716704084409105],[80.680636705936422,7.0716759608568251],[80.680666182447581,7.0716838064122882],[80.680689916885498,7.0716924167384905],[80.680712908656162,7.071702842771824],[80.680742814354716,7.0717189836762193],[80.68077032640727,7.0717405020378532],[80.680795445060525,7.0717662023550574],[80.680818170331634,7.0717916037560373],[80.680833419622033,7.0718152112720656],[80.680853451432128,7.0718468862436401],[80.680866606544157,7.0718722856775136],[80.680882154383539,7.0718967894276368],[80.680899664765448,7.0719169555892476],[80.680921674273577,7.0719366560475709],[80.680945598241223,7.0719525316524328],[80.680971244994581,7.0719678351790307],[80.680990408819213,7.0719768858577536],[80.681004165571892,7.0719819682052165],[80.68101339394201,7.0719845211643388],[80.681028290060425,7.0719867949476312],[80.68104248120801,7.0719880512335846],[80.681064346116429,7.071988996198681],[80.681082355057754,7.0719882655849151],[80.681102937110367,7.071985454672518],[80.681127439674881,7.0719785751521096],[80.681150221104602,7.0719686368907198],[80.681196549157505,7.0719430226534579],[80.681226682910136,7.0719198829185554],[80.681241264738389,7.0719053219350476],[80.681258419221635,7.0718864786493647],[80.681287460662929,7.0718529517449324],[80.681301430468451,7.0718343528756451],[80.68131209163522,7.0718201582398876],[80.681334019990842,7.0717852914954333],[80.681347040931641,7.0717631122546232],[80.681368680441992,7.0717153110566509],[80.68138616792676,7.0716748954407711],[80.681400828425566,7.0716474100226598],[80.681414890733237,7.0716235100841347],[80.681426434767872,7.0716035650975542],[80.681435993422468,7.0715890030825426],[80.681446616331186,7.0715759252625388],[80.681461550233252,7.071561586804604],[80.681480504048523,7.0715439981597301],[80.68150749793098,7.0715231601470494],[80.681527408740877,7.0715092052260831],[80.681577186053048,7.071481753183753],[80.681637799226436,7.0714489398601339],[80.68167603757297,7.0714254680533521],[80.681706848904611,7.0713997791648611],[80.68181672300868,7.0713278859901694],[80.681912392817068,7.0712659011794861],[80.682015365105215,7.0711951649809688],[80.682127832196713,7.0711164067101677],[80.682196826416515,7.0710679277813195],[80.68226263453252,7.071026708024994],[80.68231587983577,7.0709941517546175],[80.682412180888292,7.0709300436386204],[80.682436952524299,7.0709127753508856],[80.682729542734975,7.0709932494817025],[80.683326369508563,7.0713249537774168],[80.683457538816356,7.0715210215548749],[80.683639234432476,7.0716878755784798],[80.683688877964713,7.0717360293030751],[80.683731952429639,7.0717739693040764],[80.683888198369615,7.0718637236433937],[80.684142278538033,7.0720140420166064],[80.684101083134109,7.0735437060175297],[80.68398536710913,7.0736303605715252],[80.683977330331956,7.0736169733303376],[80.683964891713259,7.0736018643064433],[80.683949197698283,7.0735875196844313],[80.683937139569721,7.0735800594169831],[80.683912257928441,7.0735674338760575],[80.683889671892913,7.0735597807045405],[80.683874359379544,7.0735570999883377],[80.683862475541801,7.0735563027337394],[80.683853410366808,7.0735567901642842],[80.683843486755492,7.0735586239463677],[80.683832949564433,7.073564129117984],[80.683804869111739,7.0735817540221841],[80.683794147766889,7.0735892097599757],[80.683777875972694,7.073598767825322],[80.683757582985095,7.073608898424113],[80.683734801136382,7.0736253388242236],[80.683716997214745,7.0736371908250115],[80.683686676890119,7.0736563073926204],[80.683657961842925,7.0736694485761991],[80.683627749834571,7.073685576406187],[80.683603819647274,7.0736999140424901],[80.683589760253795,7.0737094716380371],[80.68358228069593,7.0737208247032299],[80.683578388745119,7.0737405433815566],[80.683570117522095,7.0737860133144563],[80.68356169802496,7.0738214923648188],[80.683548251055797,7.0738784162002659],[80.683531446343991,7.07392728645556],[80.683519026789796,7.0739571923282663],[80.683497115750228,7.0739827185251318],[80.683445257806525,7.0740520065952124],[80.683380985219159,7.0741220219580994],[80.683324017244033,7.0741818254594202],[80.683294455605022,7.0742137635050826],[80.683272018742258,7.0742385579961367],[80.683177915707972,7.0743354200345481],[80.683140053766579,7.0743769620217218],[80.683123226186339,7.0743951660905919],[80.683110606047762,7.0744049681241208],[80.68309751833489,7.0744171031916183],[80.683048441086328,7.0744553756381414],[80.683026005618402,7.0744731110481904],[80.683006374622892,7.0744861789553237],[80.682964777291346,7.0745113810468316],[80.6829152329518,7.0745449844160522],[80.682897472556917,7.0745561852875838],[80.682876440709293,7.0745669188752034],[80.682835777761966,7.0745911869872167],[80.682818483751575,7.0746014537939415],[80.682803059877031,7.0746121885061539],[80.682792776685545,7.0746238575033891],[80.682784362761225,7.0746313254374247],[80.682777349833472,7.0746448624990652],[80.68276945722323,7.0746663175498927],[80.682766462144102,7.0746869334792768],[80.682768551933066,7.07470695268099],[80.682772437841265,7.0747174109407771],[80.682777223075931,7.0747212959289252],[80.682788886223904,7.0747257800519963],[80.682818496530786,7.0747266821833401],[80.682847807202478,7.0747275842525479],[80.682873385551517,7.0747285217421609],[80.682888698443818,7.0747294815836144],[80.682903819598479,7.0747340740121327],[80.682920854725751,7.0747417261162617],[80.682946885616886,7.0747520567939093],[80.683174541580073,7.0748508245312287],[80.683234354598312,7.0748779143631095],[80.683287158357999,7.0749003338155321],[80.68332921538881,7.0749166813620175],[80.683372674580568,7.0749288286502976],[80.683402582566174,7.0749350526873691],[80.683438771843626,7.0749422311238241],[80.683463295912219,7.0749461200487893],[80.685259671239237,7.0753983887995249],[80.685398108742177,7.0748517314203871],[80.685286064920945,7.0742617246690918],[80.685355241296733,7.0742037319407425],[80.685375531717526,7.0741974192826547],[80.685400033888797,7.0741928346858147],[80.685414199485564,7.074190924833677],[80.685417452742769,7.0741964707188698],[80.685586496571958,7.0740905670616598],[80.685714783828104,7.074011531590596],[80.686882272795273,7.073555819181748],[80.687512682673216,7.0731991820919733],[80.687668401982876,7.0729909846164576],[80.687657925329589,7.0729879079530891],[80.68763784880926,7.0729790653649278],[80.687622537274692,7.0729712437504926],[80.687604843345738,7.0729624016154862],[80.687591233212004,7.0729522010762196],[80.687587150652689,7.0729471008739209],[80.687586811518131,7.0729406412987732],[80.6875881747535,7.0729314627782252],[80.687618549783949,7.0729139610676741],[80.687926475840456,7.0725915967253243],[80.688072186962245,7.0724853901892404],[80.688089204046051,7.0724737069768455],[80.687904757668193,7.0721624036462369],[80.687895348273926,7.0720122460404289],[80.687887884457169,7.0719416973225844],[80.68787792809357,7.0718686594598115],[80.687875443094256,7.0718313108427848],[80.687880437726363,7.0717815139655],[80.687882932849419,7.0717657450225682],[80.688110612047552,7.0715641082888325],[80.688122242644326,7.0715682603894354],[80.688138025321962,7.0715832026408174],[80.688238574972914,7.0714661972090598],[80.688348202104464,7.0714026555788125],[80.688465580505323,7.0713355939902058],[80.688529109943005,7.0712975316793978],[80.68858235361246,7.0712667191087375],[80.688673284760569,7.0711842782425114],[80.688683739593671,7.0711780910916193],[80.688717814323155,7.07116455993964],[80.68889818389242,7.0710903063415058],[80.688946584829239,7.0710721848575879],[80.689661452751594,7.0707929535838048],[80.689923135286705,7.0706916070284294],[80.690156007827881,7.0706529854073716],[80.690167503286091,7.0706487571585868],[80.690175370435028,7.0706354624943479],[80.690169931842149,7.0706010134718476],[80.690162072211265,7.0705738156908149],[80.690154818183316,7.0705466180218641],[80.690143931913255,7.070526672274136],[80.690140305289106,7.0705085410202013],[80.690134257963166,7.0704958478591307],[80.690128209963902,7.0704867818994082],[80.69012458233054,7.0704740891866953],[80.690122769580242,7.0704620017960886],[80.690125796333291,7.0704541456811851],[80.690133057204733,7.0704444772023987],[80.690145763517521,7.0704372278669849],[80.690159679672092,7.0704275606210025],[80.690172990792902,7.0704197064111254],[80.69017843610699,7.0704130589067686],[80.690183882999037,7.070402786009697],[80.69020082971609,7.0703647148357431],[80.690214745194567,7.070358673885174],[80.690242572675601,7.0703653266456303],[80.690264955957161,7.0703677480182741],[80.690283709706137,7.0703725868527609],[80.690298834800998,7.0703653370562902],[80.690306704181509,7.070339955335271],[80.690312758678417,7.0703139691969872],[80.690313971552627,7.0703000692179359],[80.690325133008841,7.0702614299645576],[80.690343097577738,7.0702359370702732],[80.690364202356903,7.070205798392684],[80.69038537902648,7.0701882758055943],[80.690397479726784,7.070181026351201],[80.690407160512677,7.0701749846123381],[80.690415632353321,7.0701665245155079],[80.690419870841012,7.0701459774860718],[80.690431369751579,7.0701230136631077],[80.69044468096024,7.0701097209035648],[80.690457388489079,7.0700958230464064],[80.690462229434516,7.0700873622783034],[80.690474936403191,7.0700764866364167],[80.690485827919559,7.0700631925246684],[80.690489462601278,7.070037810018448],[80.690492491245237,7.070019679995017],[80.69049791623253,7.0699956271600071],[80.690502954123374,7.0699697131761727],[80.690510700423474,7.069953856563048],[80.69051728573757,7.0699356783626754],[80.690538837779528,7.0698658033169623],[80.69054073471348,7.069828975497142],[80.690538849124167,7.0698044230361692],[80.690532235359811,7.0697855361317927],[80.690529402231491,7.0697694822348254],[80.690536969262027,7.0697439874140464],[80.690536026293088,7.0697326552868418],[80.690516177879914,7.0697194314653249],[80.690525633672934,7.069706213049785],[80.690551158606368,7.0696911084867518],[80.690570065412501,7.0696807241232165],[80.690579520854214,7.06966939481753],[80.690620173521509,7.0696325741403401],[80.690622069609574,7.0696051891618721],[80.690625855300425,7.0695806377459718],[80.69062207797873,7.0695598622542626],[80.6906192462435,7.0695362537223279],[80.690623975776333,7.0695183130125017],[80.690627760245832,7.0695003721284921],[80.690616422878037,7.0694673191868835],[80.690618317221947,7.0694493770502778],[80.690627772101294,7.0694361586322527],[80.690649517288293,7.0694182210568979],[80.690647628872185,7.0694040555411339],[80.690645742407042,7.0693842254054555],[80.69063345614282,7.0693719470852017],[80.690634403646186,7.0693587261952189],[80.690643859917685,7.0693379531413854],[80.690646698973651,7.0693219011939759],[80.690591879333383,7.0692907284466049],[80.690590196781585,7.0692843382566934],[80.690589811271039,7.0692738951723628],[80.690594072246114,7.0692638390864024],[80.690601818245327,7.0692495297516036],[80.690607240704111,7.0692390877376603],[80.690614599740087,7.069227097895638],[80.690625055646024,7.0692147224822159],[80.690632995973871,7.0692020083918257],[80.690644491155993,7.0691941538330179],[80.690656592731571,7.0691869043714055],[80.690661432659923,7.0691838830467963],[80.690661434890529,7.0691717959917817],[80.690680191829628,7.0691591074046665],[80.690683218662713,7.0691458127436091],[80.690678986217634,7.069133724908844],[80.690671727484073,7.069127075058697],[80.690657983254084,7.069122673041905],[80.690654888954086,7.0691091348975466],[80.690659149235117,7.0690979185764178],[80.690666895635133,7.0690863167553548],[80.690668058974822,7.0690758730518999],[80.690666124254037,7.069067364009018],[80.690662254219262,7.069058466659178],[80.690659932322305,7.069053438247983],[80.690671162102333,7.0690464780056921],[80.690683552723485,7.069042612537987],[80.690687425898332,7.0690344907064002],[80.690686823452751,7.0690222986395881],[80.690681623697429,7.0690032365602695],[80.690670476387695,7.0689851636090575],[80.690663541715381,7.0689638738856404],[80.690659084425818,7.068948772836336],[80.690644966676672,7.0689131230983451],[80.690634564393307,7.0688851489538944],[80.690630638308477,7.068861149556299],[80.690633063917545,7.068833954580267],[80.690619757759663,7.0688152165595701],[80.690599192094155,7.0687940599704078],[80.690593145670221,7.0687765323541178],[80.690594965123353,7.0687523585782177],[80.690590130110337,7.068728787657319],[80.69058650403997,7.0687076350937668],[80.690584691953788,7.068691921406546],[80.690573804380179,7.0686840627229905],[80.690559286260097,7.0686743902210081],[80.690547188281784,7.0686671353951205],[80.690545374521875,7.0686604874513463],[80.690546587384247,7.068646587470564],[80.690540539065609,7.0686393337600721],[80.690528440865052,7.0686332880009601],[80.690521617145848,7.0686239677906242],[80.690518397899666,7.0686105996330406],[80.690515673576229,7.0686034206890751],[80.690507000741761,7.0686024288657379],[80.690502046011048,7.0685997050633365],[80.690496595452927,7.0685907920470807],[80.690494119392056,7.0685823751434675],[80.690496351116693,7.0685756917733773],[80.690500069047275,7.0685699989008892],[80.690502052738509,7.0685633154849974],[80.690501667868133,7.0685494224440175],[80.690492765830228,7.068534722088117],[80.690485799176074,7.0685200229934928],[80.69048541452662,7.0685049380671812],[80.690493934893126,7.0684933363914473],[80.690494323643492,7.0684813461690172],[80.690490067226236,7.0684716755581602],[80.690488131867681,7.0684666463130466],[80.690479228282541,7.0684554284682974],[80.690458298615411,7.0684447148192744],[80.690432287351271,7.0684320188799177],[80.690405670153922,7.0684211350716861],[80.690384498377156,7.0684126704026013],[80.690367560588257,7.0684029974476532],[80.690341549776832,7.0683878833687501],[80.690320982575216,7.0683751884294725],[80.690297996039092,7.0683655143536583],[80.690277429735914,7.068347984047743],[80.690253838835389,7.0683316622486059],[80.690225408799222,7.0683141304853772],[80.690203633337504,7.06829539178944],[80.690183068282664,7.0682760483308256],[80.69015100692539,7.0682609331209099],[80.690129229898275,7.0682506551793916],[80.690109871886463,7.0682488384433473],[80.690087488812807,7.068240977617859],[80.690086283354546,7.0682198245946921],[80.690075394558363,7.0682137790480946],[80.690059182449787,7.0682058714367209],[80.690042923339703,7.0681927169884951],[80.69002976178399,7.0681803372067691],[80.690018149077503,7.0681679586163311],[80.690019313723496,7.0681505526039716],[80.690016220196796,7.0681281187222122],[80.690013124944812,7.0681149667150311],[80.68999616583217,7.0680934969715894],[80.689967733341192,7.0680844268547771],[80.689951400834488,7.0680765671459644],[80.689947166956316,7.0680723350764385],[80.689932647299443,7.068075958677853],[80.689925990812029,7.0680826059553361],[80.689915706720171,7.0680813949779306],[80.689897559678542,7.068071117699902],[80.689893931506944,7.0680614472003604],[80.689891513965321,7.0680499637769163],[80.689888490600012,7.0680396893082023],[80.689886678764864,7.0680227665508575],[80.689884867384862,7.0680082619281954],[80.689883658555502,7.068000405026897],[80.689875795494956,7.067991942807585],[80.689872166874295,7.0679846895380605],[80.689866118687263,7.0679768317373481],[80.689864305390032,7.0679677656563413],[80.68986128551974,7.0679435909834414],[80.689858261705552,7.0679357337447239],[80.68987944099527,7.0679085413529119],[80.689889731383985,7.0678759083949716],[80.689897601530561,7.0678462962989377],[80.689904266446703,7.067789487650896],[80.689904274208757,7.0677477870380727],[80.689899445428168,7.0676909762546316],[80.689886752913907,7.067624494184364],[80.68986680069753,7.0675616370622345],[80.689839592046027,7.0674848792896787],[80.68981238182279,7.067411746004157],[80.689765823095541,7.0672811960531465],[80.689743452812394,7.0672098777168246],[80.689724709566462,7.0671494380432627],[80.689717457418681,7.067112571443225],[80.689711416009601,7.0670684515686526],[80.689708401786106,7.0670092238893218],[80.689705991018556,7.0669614792969337],[80.689707817160937,7.0669016484369038],[80.689710845810197,7.0668786830511046],[80.68971629627741,7.0668490705063629],[80.689727800098254,7.0667995153547345],[80.689737489837469,7.0667451244999668],[80.689750805362337,7.0667082617269097],[80.689777435512937,7.0666490395618444],[80.689795590380086,7.0666170112439799],[80.689812537662831,7.066575313779027],[80.689828275104404,7.0665311988580157],[80.689850065887725,7.0664671404232813],[80.689864593371539,7.0664212121269614],[80.689874883839821,7.0663879741810769],[80.689893650585475,7.0663221029372849],[80.689922099042008,7.066239915149902],[80.689931516426896,7.0662187577668352],[80.68994595252434,7.0661919864315363],[80.689950553540697,7.0661835898286975],[80.689971968436851,7.0661546015064021],[80.689987672361028,7.0661348008548988],[80.68999988618782,7.0661222874194216],[80.69001241678427,7.0661100905521632],[80.690024263514772,7.0661001516290023],[80.690060066687224,7.0660531936403403],[80.690087904907301,7.0660006201932584],[80.690098195798882,7.0659649650111076],[80.690103044793346,7.0659178258449762],[80.690103365692877,7.0658812744488673],[80.690097952958141,7.0658394995786544],[80.690083248372147,7.0657961766099229],[80.690072825074992,7.0657649170747883],[80.690069801719901,7.0657546426063682],[80.690319427983795,7.0656009536689615],[80.690496438738393,7.0656677952392073],[80.690550191712703,7.0657228235970697],[80.690592134873697,7.0658184588849027],[80.690685211946004,7.0659511487936069],[80.690950094105077,7.0659390407783471],[80.691287577968424,7.0657297720328094],[80.691362933582255,7.0656845484070834],[80.692065315217604,7.0653994944455896],[80.692108798715026,7.0653938358869937],[80.692144715293125,7.0654089516600331],[80.69219008222764,7.0654401225170487],[80.692220326602524,7.0654656242066478],[80.692238662910654,7.0654752213851024],[80.692270118441655,7.0654909404240245],[80.692299759108096,7.065506055051519],[80.692325770589662,7.0655169377379421],[80.692354201629456,7.065528425845466],[80.692385657823465,7.0655405185785343],[80.69241045916381,7.0655556323260837],[80.692436469122299,7.0655749766700167],[80.692478206746983,7.0656027846062868],[80.692510266112677,7.0656233381993188],[80.692545350852896,7.0656432882532503],[80.692584670566674,7.0656614268219196],[80.692633670620083,7.0656753358443591],[80.692687511317175,7.0656819931353461],[80.692726834195142,7.065682604283217],[80.692760109083792,7.065674149500432],[80.692781286143827,7.0656578358653652],[80.692789661150798,7.0656435021870232],[80.692797795501491,7.0656233899003222],[80.692798572529981,7.0656063717588911],[80.692798963931779,7.0655843246593601],[80.692797420518104,7.0655541546661524],[80.692798588809097,7.0655158626133234],[80.692798208747817,7.06547989165598],[80.692795503513594,7.0654520419232574],[80.692792997605991,7.065433274249572],[80.69279126600037,7.065417679047588],[80.692789535196482,7.0653976273874282],[80.692790776972529,7.0653785664844415],[80.692793009360855,7.0653679222076518],[80.692802878778977,7.0653441287705983],[80.692809850398746,7.0653313665371096],[80.692821854719185,7.0653205386294928],[80.692833084585487,7.0653124171937431],[80.692850896477992,7.0653035246544968],[80.69287103180163,7.0652911509231684],[80.692890005790687,7.0652783899364344],[80.692908205603217,7.0652667899490105],[80.692924470181666,7.0652493875367792],[80.692935701155619,7.0652350778794419],[80.69297798552553,7.0651822409740079],[80.693002795649534,7.0651484005689067],[80.693028212085352,7.0651054963337385],[80.693053025197429,7.0650498990405799],[80.693071786996597,7.0650088067610879],[80.693110518842431,7.064927829674482],[80.693122622611583,7.0649024486544194],[80.69313714532403,7.0648861329080272],[80.693151666480631,7.0648734443635695],[80.693170422204417,7.0648661951185838],[80.693212772178811,7.0648510943131555],[80.69326601263981,7.0648323682450176],[80.69329868330901,7.0648208910981234],[80.693310564576564,7.064819732983084],[80.693324503140829,7.0648201225156084],[80.693353153268419,7.064826315844039],[80.693378319121805,7.064832895596016],[80.693406193757866,7.0648425703911668],[80.693436391690014,7.0648545669720439],[80.693461555950833,7.064865014469456],[80.693481300638297,7.0648754610007796],[80.693503756187255,7.0648824273098292],[80.693528921278514,7.0648882338652683],[80.693566089293185,7.0648959759770245],[80.693607903537583,7.0649002382078327],[80.693643524644742,7.0648971499761837],[80.693671015306663,7.0648925139211816],[80.693696958369031,7.064880914373342],[80.693715932250129,7.0648685403986349],[80.693736675194643,7.064844539069969],[80.693758460632836,7.0648070726924441],[80.693777222743847,7.0647587277865016],[80.693799975665257,7.0647223494679787],[80.693828632182928,7.0646925718771323],[80.693859223115354,7.0646732376434063],[80.693887150448148,7.0646512261668244],[80.693925066304885,7.0646326673188238],[80.693979338319338,7.0646056940089279],[80.694055927860433,7.0645727073341575],[80.694078385032967,7.0645653619450179],[80.694110134746239,7.0645607257121581],[80.694144206987545,7.0645576380725892],[80.694197250074296,7.0645591938131522],[80.694238678311393,7.0645603622614104],[80.694292689210542,7.0645611929021381],[80.694309628651311,7.0645611958877792],[80.694319913851771,7.0645557591568195],[80.694333224094393,7.0645515311219027],[80.69434471936458,7.0645473018625617],[80.694361656939677,7.0645527442937812],[80.694480815613119,7.0646627587672128],[80.695069922845462,7.065208156921881],[80.695346413762849,7.0652908386067388],[80.695428082977799,7.0652968963418399],[80.695507937388513,7.0653071850319229],[80.69554967822458,7.0653174661893168],[80.695829343772274,7.0654218797061459],[80.695859588020667,7.0654492702734757],[80.695869612466097,7.0654598090718315],[80.695875061972316,7.0654699591283361],[80.695881503519459,7.0654806049202907],[80.69589537937,7.0654825877663523],[80.695925114505215,7.0654860582359591],[80.695961291307498,7.0654890351566442],[80.696005150455122,7.0654937460660339],[80.696163687304733,7.0655079449082505],[80.696286493896991,7.0655176358774154],[80.696463747244792,7.0655315665428535],[80.696701497703472,7.065545507497756],[80.697249100248115,7.065581711948405],[80.697418300621649,7.0655911835197047],[80.697433255444807,7.065604211792694],[80.697448209363714,7.0656172391607157],[80.6974760819663,7.0656396781036044],[80.697488857317111,7.0656508973777044],[80.697478776907502,7.0657298006717379],[80.697495033190592,7.0657603592875509],[80.697515161045999,7.0657967215406803],[80.697525222363041,7.0658249586366333],[80.697533348308681,7.0658531954045776],[80.697457834802449,7.0659359553619376],[80.697438556499662,7.0659608677489363],[80.697423757089823,7.0659814139630797],[80.697419605801613,7.0659862802762188],[80.69742139685593,7.066063138214373],[80.697425060872121,7.0660704619693284],[80.69746508860726,7.066115814669649],[80.697470161392189,7.066127081471449],[80.697470438134147,7.0661552463732056],[80.697485971640049,7.0663055631490668],[80.697529580585524,7.0663236134069898],[80.697571867978027,7.0663412239406123],[80.697585523257359,7.0663469478456777],[80.697612391937326,7.0663698360542933],[80.697687175007303,7.0664365002487211],[80.69770328085059,7.0665965909370554],[80.697689287610771,7.0666621278128199],[80.6976766508932,7.066708708690749],[80.697674887307656,7.0667205910763506],[80.697683690570045,7.0667584390027436],[80.697690292022017,7.0667980481600994],[80.697700142295446,7.0668379038397733],[80.697696009269393,7.0668578450697153],[80.697680170636843,7.0668997871804811],[80.697670527523996,7.0669355421186939],[80.697654006389911,7.0669451657456204],[80.697629912996547,7.0669602899363033],[80.697605130839875,7.0669747258263378],[80.697590671262574,7.0670036035453592],[80.697571391404921,7.067042795051238],[80.697561061823933,7.0670696107285655],[80.697552788404906,7.0671528116243989],[80.697552782454252,7.0671878809130186],[80.697558973664911,7.0672071357067416],[80.697573422868984,7.0672394565200953],[80.697621591123408,7.0673240424299273],[80.697664256267714,7.0673886863803821],[80.697691095350962,7.0674210092850211],[80.697734456054647,7.0674409576367889],[80.697747530869194,7.0674588381295971],[80.697757849275874,7.0674980346414387],[80.697754404103833,7.0675186632659921],[80.697728931734972,7.0675461636668864],[80.697708279670607,7.0675578502413314],[80.697668357725192,7.0675550925696298],[80.697629125619329,7.0675413340338809],[80.6976015958776,7.0675248256486469],[80.69757612723221,7.0675303222784009],[80.697541019300843,7.0675488827999411],[80.697516924821826,7.0675701952031433],[80.697496959061695,7.0675970092455662],[80.69747905859424,7.0676210727146254],[80.697474234452827,7.0676540784459654],[80.697483865245829,7.0676857102619328],[80.697494873477723,7.0677139050143953],[80.697495558620616,7.0677359088936269],[80.69748247414357,7.0677696005033521],[80.697471456566475,7.067796416061034],[80.697459060965627,7.0678301077867749],[80.697450794757415,7.0678706766143637],[80.69746042485211,7.0679064348142155],[80.697476937498081,7.067947006938561],[80.697490698627277,7.0679800158197787],[80.697511342543166,7.0680164631635591],[80.697534737515909,7.0680632255753837],[80.697567766917871,7.0681203042203666],[80.697613874978032,7.0681780723549412],[80.697644841315551,7.0682248369466709],[80.697683379562562,7.0682736646520672],[80.697715723235078,7.0683176776451173],[80.697746690174128,7.0683610040291507],[80.697773527340317,7.0684050160877803],[80.697803118223447,7.0684490295140616],[80.697823073768845,7.0684827267093944],[80.697834771410655,7.0685026697065387],[80.697843026991791,7.0685301758028833],[80.69784783893391,7.0685638704414044],[80.697852651084446,7.0686016905592401],[80.697847139913193,7.0686291943323765],[80.697828549005393,7.0686676986834849],[80.697816840102803,7.068708954213661],[80.697807198215656,7.068742646412181],[80.697803061802929,7.0687825277590495],[80.697800301690322,7.0688203465985016],[80.69780305133277,7.0688444144689555],[80.697810621061038,7.0688540421668637],[80.697840904951988,7.0688684873605148],[80.697873941073027,7.0688863712173742],[80.697889082601364,7.0688987511136547],[80.697918673666763,7.0689365754088405],[80.697946198045074,7.0689854021392131],[80.69797441235562,7.0690280389565485],[80.698000565782536,7.0690472971060663],[80.698012952907661,7.0690638020137362],[80.698001231129822,7.0691813843387026],[80.697993651411309,7.0692308924307632],[80.69799708973899,7.0692508340321893],[80.698020486910011,7.0692852190765114],[80.698037691434436,7.069308601196246],[80.69812783939453,7.0694406407434869],[80.69812552442086,7.0694531271182495],[80.69811053946782,7.0694944924298451],[80.698096875187829,7.0695415786516973],[80.698088060030059,7.0695684226260624],[80.698085850772443,7.0696089092842929],[80.698085395826794,7.0696925247678122],[80.698085832743061,7.0697158489008816],[80.698079219568797,7.0697453329370932],[80.698069082319989,7.0697748172844088],[80.698047934895186,7.0697871359037769],[80.698024143519362,7.0698034149710542],[80.698009163670378,7.0698144143291151],[80.698008721053256,7.0698302569265783],[80.698012682039845,7.0698535816530788],[80.698015320048967,7.0698848279448665],[80.698021924304257,7.069902872828596],[80.698043507164513,7.0699226800285606],[80.698076983001769,7.0699477695167641],[80.698107375022943,7.0699763798814699],[80.698121908092872,7.0700005871867466],[80.698131153634606,7.0700305142909619],[80.698155371040727,7.0701022512393283],[80.698169019692472,7.0701480217547674],[80.69817474145988,7.070176188471228],[80.698166809030155,7.0701968706010474],[80.698129352597022,7.0702646371897666],[80.698106879355095,7.0703015999453722],[80.698080438362666,7.0703552855053555],[80.698048711699357,7.0704089692695522],[80.698016542754047,7.0704657348579509],[80.697958375130881,7.0705726646732323],[80.697877734274797,7.0707161168232311],[80.69776492519172,7.0709167749280386],[80.697702791178529,7.0710316249213436],[80.696251987149239,7.0718486073523552],[80.696224204977497,7.0718511328358842],[80.696200113539007,7.0718531914237284],[80.696183592436697,7.0718614404376945],[80.696158121755076,7.0718772515868418],[80.696135404136555,7.0718916877484572],[80.696101674586487,7.0718992456082486],[80.696070698529823,7.0719081794018921],[80.696046604873786,7.0719178016603008],[80.696023199864285,7.0719288004016994],[80.696002546800869,7.0719501124095858],[80.695981206040244,7.0719645497057648],[80.695949540733821,7.0719755461114424],[80.69591787590268,7.0719837915930936],[80.69587450734538,7.0720071633094479],[80.695844217945734,7.072023661789884],[80.695813239012139,7.072049098384368],[80.695788455453055,7.0720697223888438],[80.695766426341436,7.0720862222949972],[80.695745084492671,7.0721068468934751],[80.695726495778402,7.0721309101684815],[80.695703777178139,7.0721508481522664],[80.695678994804112,7.0721645957504649],[80.695658343268619,7.0721769695074661],[80.695625989532488,7.0721852157537803],[80.695603962204459,7.0721914001473891],[80.695575049171751,7.0722106488665286],[80.695550954240304,7.0722326484385754],[80.695533056365647,7.0722402099115209],[80.695518494866761,7.0722444775493729],[80.695498105408788,7.072243753266914],[80.695482767488087,7.072246454497547],[80.695470496796773,7.0722475339225799],[80.695461475005033,7.0722486139124312],[80.695446497525936,7.0722504136039088],[80.695430618460932,7.0722520331796321],[80.695421595946144,7.0722572585419936],[80.695408963963501,7.0722641065188014],[80.695402467125518,7.0722689724035757],[80.695391277871877,7.072277082148454],[80.695377383018183,7.072284289821317],[80.695366555425636,7.0722896957309924],[80.695350857123515,7.0722929376740096],[80.695335338404533,7.072294196488115],[80.695315670230755,7.0722945538823359],[80.695301956588096,7.0722956330514695],[80.695285356298172,7.0722958101163877],[80.695273626937578,7.0722968896305858],[80.695243854274167,7.0722985067773978],[80.695230320647653,7.0723003067137409],[80.6952214789968,7.0723013867303468],[80.695207222886651,7.0723089551561875],[80.695190260365877,7.0723150807291217],[80.695181417115705,7.0723201270639686],[80.69517131196335,7.0723251722740468],[80.695163191440031,7.0723282346707537],[80.695148481076345,7.0723347865670192],[80.695132081372336,7.0723422822711264],[80.69511556593865,7.0723489704024303],[80.695101244499199,7.0723573897726144],[80.695086677377319,7.0723678781688575],[80.695080360793099,7.0723772502750277],[80.695073863255658,7.0723860815699799],[80.695057382453527,7.0724069321598533],[80.695043283958682,7.0724190411665102],[80.695030313422848,7.0724257986423309],[80.695017906850182,7.0724325562164383],[80.694995631976212,7.0724410013215993],[80.69498153454883,7.0724418443882549],[80.694972083556664,7.0724435663560961],[80.694963782413339,7.0724493326151947],[80.694956022381021,7.0724563613905662],[80.694945916749006,7.0724641104931125],[80.694940140556312,7.0724736635546073],[80.694939597990398,7.072480693593179],[80.694938107355227,7.0724945049130845],[80.694939229930398,7.0725198539227518],[80.694940073709844,7.0725347815742534],[80.694940351335731,7.0725570322577358],[80.694938639487319,7.0725727516404495],[80.694934670758357,7.0725943152064898],[80.694926297059723,7.0726163174975598],[80.694920566580564,7.0726387606520147],[80.694912191897927,7.0726612033432934],[80.694906904740421,7.0726695637003383],[80.694891484260566,7.0726783626830301],[80.69487430164412,7.0726902423526754],[80.694851393048239,7.0726937588308534],[80.694830247106879,7.0726963957198388],[80.694814829076407,7.0726963930166873],[80.69480689879623,7.0726985918209531],[80.694800290087528,7.0727012312575663],[80.694794121070146,7.0727104713557205],[80.694788392207599,7.0727236733285928],[80.694783103136402,7.0727377543712953],[80.694772969248234,7.0727465542772743],[80.694758429692357,7.0727597547040109],[80.69475005737533,7.0727738352052913],[80.694750494999937,7.0727870382597082],[80.694754456620245,7.0728059617156189],[80.694746083218675,7.0728262042090249],[80.694735507083095,7.0728429258230721],[80.694723169738268,7.0728574460285438],[80.694713035149505,7.0728702068262912],[80.69470930842445,7.0728745260777286],[80.694705450218606,7.0728801013975673],[80.694706058231532,7.0728869968949954],[80.694708493178197,7.0728929793565163],[80.694710521493946,7.0728999763864264],[80.694713362572188,7.0729077838239345],[80.694715593108896,7.0729179233788377],[80.69472199954248,7.0729382010214659],[80.694727447280599,7.0729587479811498],[80.694728437037469,7.0729671646008843],[80.694730414277004,7.0729866348182187],[80.69473041087538,7.0730059744667146],[80.694726172337553,7.0730277306018605],[80.694720723812864,7.0730476733758874],[80.694711644744743,7.0730706377282306],[80.694690467304724,7.0730875555242658],[80.694671104391105,7.0731123312182227],[80.694643875101505,7.073141335907799],[80.694629349306936,7.0731739682213908],[80.694620875730919,7.0731975367596212],[80.694614217266647,7.0732205015352907],[80.694612359044044,7.0732500008198489],[80.694601956299522,7.0732792725238287],[80.694578320106999,7.0733019322729769],[80.694561301384709,7.0733236481773245],[80.694558458276148,7.0733633090591592],[80.694552779621432,7.073404857648681],[80.694553721696067,7.0734218552910955],[80.694541428396079,7.073448293446627],[80.694519683572523,7.0734690644143789],[80.694498884650983,7.0734851141267878],[80.694488481988188,7.0735087203037299],[80.694478075897479,7.0735568785913454],[80.69447806956606,7.0735927617498868],[80.694479189023653,7.0736099963536656],[80.694486099099336,7.0736232765097808],[80.694497261871135,7.0736424010882644],[80.694507360330078,7.0736652431119369],[80.694505228704216,7.0736896763830739],[80.694502034512468,7.0737130478030821],[80.694491928556076,7.0737326994691268],[80.694479695750999,7.0737496947917027],[80.694469058635846,7.0737629727621796],[80.69445151075459,7.0737719992417567],[80.694432898370295,7.0737858066385337],[80.694424918914535,7.0738049278456456],[80.694426511229651,7.0738203322022049],[80.694434484965285,7.0738336125463768],[80.694448839028894,7.0738458323503464],[80.694463725093925,7.0738596456479339],[80.694470634797781,7.0738750509407762],[80.69449721445703,7.0739111748058958],[80.694523795931616,7.0739318954981893],[80.694556228077531,7.0739520863862735],[80.694583872560685,7.0739765248949062],[80.694599821263211,7.0739961811444632],[80.694593955681128,7.074086479431716],[80.694616804181337,7.0741778462399765],[80.694630091233137,7.0742091875592585],[80.694629024392839,7.0742272474162098],[80.694621576471278,7.0742506171844779],[80.694616248318567,7.074311701718746],[80.694611988315984,7.074347289322227],[80.694609854976946,7.0743865958365078],[80.694586437085349,7.0745108868918303],[80.694569611802649,7.0745647647372447],[80.694571261831769,7.0746328218500185],[80.694582049849444,7.074703370144876],[80.694581208889332,7.0747598072955027],[80.694568978552695,7.0749167198058105],[80.694568964607711,7.0749958255265399],[80.694574145654627,7.0750606666163032],[80.694591004741014,7.0751592279908628],[80.694614356727499,7.0752396337009902],[80.694641605814354,7.0753096667153361],[80.694653279759152,7.0753615410901114],[80.694646779336992,7.0754173035311281],[80.694610424893668,7.0754523103472788],[80.694528735701269,7.0755084221884594],[80.694479715128878,7.0755225226553264],[80.694411584574169,7.0755432601222754],[80.694348439782303,7.0755606778198539],[80.694316867445607,7.0755664824628708],[80.694286128936739,7.0755614969832514],[80.694261206576698,7.0755465533250552],[80.694239608423004,7.0755307800930396],[80.694218843465734,7.0754975781746969],[80.694213035817029,7.0754544196948554],[80.694201415502491,7.0753913399716186],[80.694205579074023,7.075338223145458],[80.694188969615567,7.0752975523310377],[80.694181495680937,7.0752784618578524],[80.694166543843451,7.0752626907014946],[80.694145774808163,7.075257706975183],[80.694118357684232,7.0752577021260281],[80.694090936881167,7.0752784458418327],[80.694070995032618,7.0752950418898486],[80.69402196872494,7.075341511302347],[80.694000363664472,7.0753647456174544],[80.69397875872798,7.0753821715264555],[80.693951337784625,7.0754087254474944],[80.693921426576949,7.0754145294539121],[80.693903148642448,7.0754153563721962],[80.693896500568897,7.0754253143966919],[80.693915592262158,7.0755215937017031],[80.693918079385881,7.0755498123384699],[80.693911427623249,7.0755805198336397],[80.693895634887042,7.0756203547511607],[80.693861730030875,7.0756651674125433],[80.693824337309806,7.0756995210675857],[80.693790435435574,7.0757224213059828],[80.693766506230205,7.0757323771630736],[80.693729618850128,7.075729880129022],[80.693699711422695,7.0757194173321141],[80.693621449611214,7.0757130542257993],[80.693570042778262,7.0757169354301555],[80.693534212770373,7.0757192639852295],[80.693499165306974,7.0757091420901883],[80.693462559013398,7.0756990208188641],[80.693435299791219,7.0756865662748316],[80.693395579805937,7.0756694414399393],[80.693331717225163,7.0756355833970694],[80.693267217533517,7.0756209825853826],[80.693220970210632,7.0756270531118419],[80.693189325857745,7.0756355579450974],[80.693139429861418,7.075629470221438],[80.693101706124864,7.0756063636858633],[80.693066418154743,7.07557961048773],[80.693027476466966,7.075563798824076],[80.692986101671764,7.0755419079262385],[80.692931336190469,7.075541898101724],[80.692909429523041,7.0755455412659369],[80.692903341407899,7.0755625602554044],[80.6929045539014,7.0755856602542453],[80.692904550839657,7.0756026812402855],[80.692903328496115,7.0756343392239236],[80.692896313522198,7.0756607927483692],[80.69288150898133,7.0756919138440129],[80.692849568638678,7.0757253658941863],[80.692819969071905,7.0757346976118818],[80.692776350396954,7.0757416927746046],[80.692745193882857,7.0757455775281137],[80.692730394939503,7.0757455748662084],[80.692697682041839,7.075740900010433],[80.692657185113347,7.0757152165512203],[80.692621359174694,7.0756949797050073],[80.692585533863394,7.0756762991795128],[80.692568400874535,7.0756630687000994],[80.692535689671431,7.0756490567977144],[80.692499083887753,7.0756412694838158],[80.692458581289841,7.0756420398856106],[80.692426644439593,7.0756560401264768],[80.692398601809529,7.0756708187779198],[80.692380686453063,7.0756739272844138],[80.692370561149716,7.0756747040691002],[80.6922923749121,7.0757010470550235],[80.692220567808789,7.0757180550510332],[80.692153628224602,7.0757399264105239],[80.692100074092878,7.0757739586796671],[80.69203556160646,7.0758298715297085],[80.691955227270867,7.0758955082926756],[80.691900450441608,7.0759526391922476],[80.691877322226972,7.0759830289616019],[80.691867578342396,7.0760267950525941],[80.691866357687516,7.0760438149122704],[80.691876085410627,7.0760887999390265],[80.691894333508827,7.0761277077193698],[80.691893108447317,7.0761739061526123],[80.691891906209563,7.0761842422356906],[80.691893817438668,7.0762027276519959],[80.691897322805943,7.0762212124536035],[80.691903063074207,7.0762355559061163],[80.691910397863978,7.0762527672258004],[80.691915180905184,7.0762642411180217],[80.691918370330555,7.0762728471431187],[80.691915178178618,7.0762792201637001],[80.691907519578109,7.0762903734774856],[80.69189092661756,7.0763091738500261],[80.691875291255116,7.0763238317366],[80.691862846210896,7.0763372151207076],[80.691849125500156,7.0763515541317572],[80.691839870599608,7.0763646197768626],[80.691836040920379,7.0763722677627356],[80.69183508239135,7.0763815096707257],[80.691836036855619,7.0763945771719534],[80.691841139680434,7.0764047769455267],[80.691844966572958,7.0764124263234587],[80.691845921942985,7.0764254929205013],[80.691844005895675,7.076433460476923],[80.691842089790299,7.0764417463516169],[80.691841768995232,7.0764535385391358],[80.691840709658791,7.076469532936426],[80.691840708116317,7.0764779991175537],[80.691842699200649,7.0764904482568731],[80.691843694513921,7.0765028981194353],[80.691846684268413,7.0765093726421213],[80.691853162298358,7.0765188347458636],[80.691867616906137,7.076530788778296],[80.691879079765826,7.0765422448942843],[80.691889047612435,7.0765512102594004],[80.691897021834777,7.0765616691876811],[80.69190748756634,7.076575614696365],[80.691912470583091,7.076587567006591],[80.69191496136699,7.0765950370871531],[80.691914959554083,7.0766049962894915],[80.691904986900923,7.0766224233085069],[80.691894017027792,7.0766378588481436],[80.691889029567761,7.0766503076234297],[80.691885538661637,7.0766617601173225],[80.691885003307519,7.0766686716867673],[80.691882755607537,7.0766784622786529],[80.691880507944688,7.0766880484957229],[80.691878260541785,7.0766962068020831],[80.691877237566104,7.0767064054618176],[80.691879686248882,7.0767164003776779],[80.691883155850718,7.0767225195921641],[80.691884992833067,7.0767261914380795],[80.691892762489445,7.0767365571849625],[80.691902649908414,7.0767547257318162],[80.691903923544544,7.0767649239045385],[80.691909981190051,7.0767862785555398],[80.691913487757247,7.0768031708610799],[80.691919545577832,7.0768235687484644],[80.691928472290073,7.0768579903434992],[80.691929426328997,7.0768783873036645],[80.691929741553409,7.0768971916520131],[80.691929739465209,7.0769086646746775],[80.691449965605557,7.0769883856457314],[80.6914207689329,7.0769275923713106],[80.691414687646258,7.0769069231794788],[80.691412259893042,7.0768716662729778],[80.691406180833951,7.0768388394933082],[80.691402534648773,7.0768133073493091],[80.691389153855255,7.0767756167421263],[80.691370905774718,7.0767367089432618],[80.691350222820489,7.0767014477939556],[80.691333190965722,7.0766698353114457],[80.691305202272332,7.0766515938089336],[80.691256525298911,7.0766321322162975],[80.691206636364669,7.0765871398231806],[80.691167694881074,7.0765701126073832],[80.691115363253701,7.0765664559183623],[80.691044779121597,7.0765530690800436],[80.690993666843426,7.0765396867115182],[80.690941337917295,7.0765263032095298],[80.690919431626966,7.0765226520881859],[80.690882919886931,7.0765299395671981],[80.69083301984908,7.0765454321278796],[80.690804950896492,7.0765502134931806],[80.690776199112889,7.0765515764267795],[80.690737864095013,7.0765447300460451],[80.690707744694095,7.076535150532556],[80.6906742034422,7.0765207829517669],[80.690658460387439,7.0765105224239084],[80.690631076959434,7.0765139365834022],[80.690603008659124,7.0765200861626667],[80.690575625862436,7.076520081110413],[80.690541399470845,7.0765050297328305],[80.690524972686021,7.0764913498656794],[80.690498279573333,7.076462622137166],[80.69046063361813,7.0764304740791104],[80.690437362633745,7.0764099536226546],[80.69040792723402,7.07640242519886],[80.69037369821271,7.0764065226427091],[80.69034768276039,7.0764140399080633],[80.690318932362118,7.0764030923968164],[80.690297027072617,7.0763989854725722],[80.690266904390882,7.0764071865381952],[80.690242943955923,7.0764092330828046],[80.690213509845634,7.0763996536644251],[80.690183391227421,7.0763859712478947],[80.690160802193574,7.0763736575473244],[80.69013889906779,7.0763579238600069],[80.690100566491523,7.0763380851583397],[80.69007181802678,7.0763216665368294],[80.690031430689984,7.0763059303175284],[80.690017739496142,7.0763072960009206],[80.689997201545509,7.0763107113945933],[80.689972559295342,7.076299080964386],[80.689951341054751,7.0762806127521536],[80.689930121669221,7.0762682992950436],[80.689906274637067,7.0762641938001369],[80.689866762481657,7.0762301191600567],[80.689839428965286,7.0761989550549158],[80.689810938377391,7.0761735611559065],[80.689768970165247,7.0761450873668883],[80.689728544022344,7.0761143060539444],[80.689708137991857,7.0760996849308215],[80.689681183861921,7.0760923712460642],[80.689647684232909,7.0760881337171151],[80.689613798496367,7.0760815874018563],[80.689580298467263,7.0760746568229953],[80.689552574738272,7.0760681125578015],[80.689522925625155,7.0760611826938495],[80.689494429805436,7.0760638704154113],[80.689467087997969,7.0760723278697295],[80.68944128778206,7.0760761699955994],[80.689418890818729,7.0760825204172448],[80.689409772188796,7.0760830115626492],[80.689394247523779,7.0760766070250556],[80.689368125196765,7.0760699554351714],[80.68933633392848,7.0760697026078896],[80.689304048959215,7.0760760981973005],[80.689279154698809,7.0760906186151162],[80.689237009338086,7.0761090786050174],[80.689202734724873,7.0761246336037473],[80.68917625062474,7.0761355219957824],[80.68914197866809,7.0761417399558333],[80.689121725078394,7.076154185836705],[80.689101471195059,7.0761681871354796],[80.689080439238168,7.0761798551590065],[80.689053177765516,7.0761798500402184],[80.68902825393009,7.0761782890358047],[80.689001770115951,7.0761876210946832],[80.688993200500576,7.0761954001957852],[80.688984630445333,7.0762055133291977],[80.688967493730445,7.0762125131101588],[80.688944906332779,7.0762109525404746],[80.688918425008168,7.0762070572047504],[80.688893499679764,7.0762086088391314],[80.688865458960606,7.0762124939184323],[80.68883274594964,7.0762132663744417],[80.688795357099195,7.0762249304008531],[80.688765756834499,7.0762373736011854],[80.688751734918867,7.0762451525747467],[80.688739273011706,7.0762467065493375],[80.688715906196677,7.0762451458216375],[80.688685529328694,7.0762474741265011],[80.688659825486127,7.0762490256015251],[80.688643467717696,7.0762536905805478],[80.688624773068028,7.076260690054875],[80.688599845108769,7.0762809157419477],[80.688581927938259,7.0762933620400643],[80.688565569725824,7.0763003610488013],[80.688559338329455,7.0763034725182337],[80.688540643971109,7.0763089156660532],[80.688527401466501,7.0763166938756648],[80.68849624458683,7.0763221346669996],[80.688488453493008,7.0763345828751261],[80.688468979589274,7.0763454725514654],[80.688446391724156,7.0763415779249179],[80.688416796920407,7.0763299003562716],[80.688391872469168,7.0763267838988222],[80.688358380771149,7.0763236649140868],[80.688313985219736,7.0763166535063817],[80.688288283016135,7.0763143146055016],[80.688252453974897,7.0763111951703701],[80.688222076361399,7.076317414704719],[80.688204939187685,7.0763267484898424],[80.688187023927483,7.0763290791248856],[80.688155866617109,7.076341522895123],[80.688134056100367,7.0763485208541042],[80.6881145808387,7.0763617445477474],[80.688091990624457,7.0763749676491488],[80.6880756337344,7.0763749645432652],[80.688060058482463,7.0763632905184437],[80.688040589159485,7.0763500594302347],[80.688022674342065,7.0763500560265387],[80.688009432864988,7.0763523875427836],[80.687989957599697,7.0763656112311688],[80.687972822494814,7.0763640525549549],[80.68796503479615,7.0763586043955922],[80.687946344136023,7.0763445948378196],[80.687927652438631,7.0763360328621259],[80.68791518976974,7.0763368082007476],[80.687875465634491,7.0763422473204791],[80.687837299723583,7.0763461304104078],[80.687813932610084,7.0763461259604634],[80.687757072761556,7.0763484491598714],[80.687706758034395,7.0763402853754647],[80.687672862909352,7.0763308170812547],[80.687631491311635,7.0763168664856284],[80.687589120134774,7.0763133722694977],[80.687552728726175,7.0763208349467597],[80.687510355356082,7.076328794754537],[80.687479448974329,7.0763307801446613],[80.687442561013512,7.0763312713675646],[80.687421125886644,7.0763302716185521],[80.687384737339173,7.0763227950284975],[80.687354332804873,7.0763088456027941],[80.687339877939422,7.0762988836335472],[80.687309472502804,7.0762849342047778],[80.687281557437757,7.0762849288569933],[80.687252645365717,7.0762819354655022],[80.687243798635137,7.0762759888146034],[80.687232896585357,7.0762627593350276],[80.687211090245071,7.0762479714412949],[80.687182274588679,7.0762331822021167],[80.687151898313303,7.0762323986651134],[80.68711451241407,7.0762285011344446],[80.687081019984177,7.0762292724134026],[80.6870638814367,7.0762409410928298],[80.687035836956568,7.076264277838634],[80.687014024335568,7.0762868380709953],[80.686985981348855,7.0763023950072492],[80.686962610789863,7.0763202859684151],[80.686933006871783,7.0763514040232751],[80.686908860046984,7.0763576237658432],[80.686876924635399,7.0763630642987483],[80.686853557225888,7.0763692850927544],[80.686820056676538,7.0764120734564635],[80.686799544097155,7.0764386725916291],[80.686777634085431,7.0764591845243041],[80.686749562569972,7.0764817471549959],[80.68671532943722,7.0765022567091815],[80.686681782894894,7.0765159270724229],[80.686654396266505,7.076535754281867],[80.686630433827148,7.0765480591689665],[80.686609206449205,7.0765774615283989],[80.686586612188748,7.0765972887545772],[80.686572232661817,7.076614382923113],[80.686566068377999,7.0766307941129147],[80.686564009873337,7.0766540454164648],[80.686557758037878,7.0767018597695426],[80.686558192957818,7.0767184919819996],[80.68656081750018,7.0767359990882541],[80.686564758297919,7.0767486927895549],[80.686572202347733,7.0767710153901016],[80.686574826525558,7.0767950878100212],[80.686571756499873,7.0768108439702768],[80.686556415831134,7.0768454165179469],[80.686546773881346,7.0768602960332432],[80.686532312396395,7.0768751737127609],[80.686513910085566,7.0768821731579523],[80.686494632258174,7.0768852332448819],[80.686473603002455,7.0768777884902949],[80.686458270550986,7.0768699080532151],[80.686440308499698,7.0768659653909856],[80.686412706474314,7.0768620208629658],[80.686389924379895,7.0768607033916826],[80.68633532380457,7.0768591609149061],[80.686299039915454,7.0768673605293175],[80.686292875884035,7.0768824043936771],[80.686290134192816,7.0768994999033596],[80.686275070544355,7.0769152266081621],[80.686249055398406,7.0769206917566692],[80.68623535955156,7.0769412052549843],[80.686197016705933,7.0769794945790565],[80.68616825746588,7.0770143656468232],[80.686121012462138,7.0770663309740076],[80.686116900858053,7.0770847944423396],[80.686105259006808,7.077105308335284],[80.686092250150494,7.0771169307552952],[80.686081295192906,7.0771244516092651],[80.686052541765974,7.0771340199879704],[80.686033374189904,7.0771333326032382],[80.686018997555877,7.0771353816961353],[80.686003937620399,7.0771319586567678],[80.685988878617408,7.0771237499917721],[80.685974504914952,7.0771107531212998],[80.685960129480677,7.0771066474571604],[80.68592727043935,7.0771039055188032],[80.685895781170998,7.0771004801839235],[80.685847858728209,7.0771120967058527]]]},"properties":{"OBJECTID":1,"Area_ha":128.71038747853734,"Area_ac":318.0490217668027,"Shape_Length":7880.0821770173616,"Shape_Area":1287103.8747853127}},{"type":"Feature","id":2,"geometry":{"type":"Polygon","coordinates":[[[80.688084523131337,7.0688928535298245],[80.688080095078575,7.0688529697496634],[80.688069569473697,7.0688031138514749],[80.687992850893806,7.0685616737977099],[80.687978306786235,7.0685318919905429],[80.6879651795184,7.0685155811067082],[80.687927685175907,7.0684568795123273],[80.687896641175357,7.0684142207592036],[80.687861164612229,7.0683554978394332],[80.687751249852028,7.0681982484484385],[80.687731737462926,7.0681705926329741],[80.687704771818559,7.0681408084514992],[80.687677098127324,7.0681071238291553],[80.687666099914765,7.0680911687377757],[80.687651883554196,7.0680565507137505],[80.687640985338859,7.0680383972545417],[80.687624637174537,7.068013209909453],[80.687612376547222,7.0679952831725394],[80.687606698951939,7.0679905172616975],[80.687598296398605,7.0679868857446371],[80.687594436721596,7.0679809852668258],[80.68758285695894,7.0679623786151868],[80.687575590431805,7.0679542085646254],[80.68755855828806,7.0679460375550942],[80.687548111597508,7.0679430856909331],[80.687536985221669,7.067929923996652],[80.687517229132013,7.0679081389293428],[80.687484295881092,7.0678660576443724],[80.687493600007286,7.0678603966093894],[80.687506102014666,7.0678515412448686],[80.687520204644983,7.0678370233739773],[80.687533580347605,7.067822650054068],[80.687540123284279,7.0678135023623412],[80.68754477574069,7.0678062434208027],[80.687557135574224,7.0677834471297185],[80.687569993715528,7.0677536506419605],[80.687577804206754,7.0677337997359837],[80.687589879152867,7.067685942147417],[80.687599827978573,7.0676224856480303],[80.687607999301633,7.0675760452779741],[80.687618662968987,7.067485645795184],[80.68762576795308,7.0674438145075289],[80.687640686693541,7.0673697233217885],[80.687650633135462,7.0673186749066561],[80.687661998634624,7.0672693992162179],[80.687682236069591,7.0672211886885057],[80.687698212710544,7.0671818405257589],[80.687719514009558,7.0671371751080923],[80.687747557712356,7.0670910939135281],[80.687773116585547,7.0670496206263529],[80.687820427516215,7.0669873477410654],[80.687885420335533,7.0669198494705183],[80.6879590750098,7.0668584117367983],[80.688017132021145,7.0668142814024231],[80.68806912136651,7.0667839985686189],[80.688133238530526,7.0667606414528086],[80.688189557487476,7.0667450726086614],[80.688265742842802,7.0667327766115555],[80.688301585485291,7.0667271106339955],[80.688311520417471,7.0667363301821586],[80.688325357682345,7.0667508678322823],[80.688341324544922,7.0667675328303385],[80.688355871711337,7.0667810071409738],[80.688375386430479,7.0667962557491473],[80.688415482130921,7.0668224974645844],[80.688490242469783,7.0668638785058651],[80.688535705523776,7.0668888144910094],[80.688575624026967,7.0669187340028579],[80.688613320997135,7.0669636095356481],[80.688644916771537,7.0670179014378105],[80.688676513389836,7.0670677612968698],[80.688515858653062,7.0671029386476967],[80.688408326215423,7.0671337608617071],[80.68830611401826,7.0671777020304711],[80.68829430761761,7.067184667533235],[80.688257744517969,7.0672468701559747],[80.688261789092607,7.0673374795277644],[80.688363265453873,7.0676228494550193],[80.688297643015801,7.0678694017614578],[80.688364332426161,7.0679923178257651],[80.688786233031792,7.0681689628233144],[80.688798360993175,7.068180216574909],[80.688912494652229,7.0682980872766521],[80.688939658988033,7.0683307742729911],[80.688971812540885,7.0683656777729125],[80.689013393481403,7.0683989218160681],[80.689040559913082,7.0684205300612524],[80.689068835566985,7.0684404772888678],[80.689109309622296,7.0684582103293332],[80.689194694975015,7.0684947859193912],[80.689249580935254,7.0685429879715107],[80.689249021768802,7.0685656997024253],[80.689250875669927,7.0686140247585341],[80.689253001223221,7.0686377778568392],[80.689261511984839,7.0686679129868306],[80.689268958967901,7.0686987578037312],[80.689222455552652,7.0687753245631972],[80.689208259490798,7.0687813482504342],[80.689180223414311,7.0687870157580432],[80.689161413188117,7.0687941020521485],[80.689142955587954,7.0688178512934083],[80.689114384495582,7.0688718171800309],[80.68910257002922,7.0688974540630456],[80.689081531057283,7.0689289437417377],[80.689039937234995,7.0689687492476123],[80.688956753133922,7.0690197993133674],[80.688940087971403,7.0689949384119064],[80.688924568600697,7.0689617001643166],[80.688895188186066,7.0689195952296418],[80.688869133007188,7.0688902317920288],[80.688837531862092,7.0688636372223774],[80.688800385377704,7.0688364881673422],[80.688747160946562,7.0688004720011142],[80.688688392191565,7.0687633479045804],[80.688648470804111,7.0687478305000502],[80.688611321059071,7.0687428380159494],[80.688589140457239,7.0687461571854167],[80.688566404701746,7.0687555695138071],[80.68854570619844,7.068781578187938],[80.688538250748209,7.0687957573218956],[80.688492825405064,7.0688049664151889],[80.688476499659316,7.0688092172233201],[80.688458753738104,7.068822331844073],[80.688439962812637,7.0688469446135134],[80.688375067802014,7.0689466401516095],[80.688310759387292,7.0688790477327057],[80.688344046679077,7.068787655963539],[80.68828472021552,7.0687654872485188],[80.688271965467649,7.0687704703149885],[80.688228156219893,7.0687926195109352],[80.688172699401775,7.0688335997295511],[80.688084523131337,7.0688928535298245]]]},"properties":{"OBJECTID":2,"Area_ha":2.2087017304823449,"Area_ac":5.4577990053187664,"Shape_Length":827.49509112706278,"Shape_Area":22087.017304786932}},{"type":"Feature","id":3,"geometry":{"type":"Polygon","coordinates":[[[80.692065315217604,7.0653994944455896],[80.691362933582255,7.0656845484070834],[80.690950094105077,7.0659390407783471],[80.690685211946004,7.0659511487936069],[80.690592134873697,7.0658184588849027],[80.690550191712703,7.0657228235970697],[80.690496438738393,7.0656677952392073],[80.690319427983795,7.0656009536689615],[80.690069801719901,7.0657546426063682],[80.690023492300114,7.0656177001254532],[80.690016559601432,7.0655959528078665],[80.689975970213922,7.0654742318866539],[80.689955683072881,7.0653728002952629],[80.689930553153587,7.0652704870020857],[80.689912266489969,7.0652084431638515],[80.689894918822205,7.06513033617445],[80.689886270546609,7.0650463789858788],[80.689884552445221,7.0649684819861331],[80.689892364278208,7.0648871250430849],[80.689901901720305,7.0648481780215171],[80.689907900974745,7.0648317685540754],[80.689916775875545,7.0648118291795887],[80.689925094821049,7.0648024141050279],[80.689937295467715,7.0647924454065327],[80.689957260443435,7.0647763848826015],[80.689979442597249,7.0647636490264851],[80.690002178026077,7.0647547900649217],[80.690024358736821,7.0647498086967229],[80.690050420654387,7.06474205813395],[80.6901031006023,7.0647248967869656],[80.690145244960505,7.0647060704502671],[80.690172417910304,7.0646916733802474],[80.690198482165343,7.0646761683191208],[80.69022399233836,7.0646562311122914],[80.690242292798274,7.0646390624836144],[80.690261704170936,7.0646207862752597],[80.690293561166314,7.0645747472214717],[80.69031436568028,7.0645124329968194],[80.69032304142803,7.0644483865777641],[80.690338651668071,7.0643670310653786],[80.690341264501356,7.064291731149142],[80.690355262723543,7.0641408634507785],[80.690381024242967,7.0639217837256831],[80.690391536215927,7.0638112287843375],[80.690412708069033,7.0637055789992083],[80.690467736961793,7.063521751200331],[80.690531224956914,7.0633484900504548],[80.690605289888893,7.0631731174565022],[80.690649729316007,7.0630632460823088],[80.690799538626237,7.0627736960629175],[80.690867242272645,7.0626776902612098],[80.690910570746652,7.062627660719305],[80.690947128402158,7.0625911530407768],[80.69101841029017,7.062529833734172],[80.691089394555163,7.062477222904266],[80.691121557522067,7.0624595033359494],[80.691153165883321,7.0624451070173482],[80.691215827084136,7.0624246222035101],[80.691238007171776,7.0624174252066236],[80.691312865472867,7.0624058066932554],[80.691378850099881,7.0624030488246436],[80.691442614516603,7.0624086002820308],[80.691506377918984,7.0624246752310134],[80.691554613797138,7.0624473958596958],[80.691591758932731,7.0624750990429508],[80.691636664202505,7.0625194213066704],[80.691666045681146,7.0625548784673358],[80.691690991287118,7.0625919969486013],[80.691716489781768,7.0626352078915069],[80.691736999621654,7.0626684478661996],[80.691763054337187,7.062699472373958],[80.691787764873979,7.062740067894099],[80.691843258573982,7.0627941722150833],[80.691900104930738,7.0628469257299153],[80.691973197527091,7.0628983284241613],[80.69204899772852,7.062944322896052],[80.692159998385961,7.0629700381530176],[80.692178560194762,7.0629685367304846],[80.69221248185589,7.0629615995393422],[80.692221856661504,7.0629596822792013],[80.692245633611947,7.0629522413584338],[80.692285340480694,7.0629255712696937],[80.692306969286705,7.0629034176756251],[80.69234301622383,7.0628724044060416],[80.692370744495619,7.0628496975649009],[80.692415107887484,7.0628275489696426],[80.692464617818146,7.0627983422231919],[80.692585110567776,7.0627388591568785],[80.692609195215496,7.062731753773134],[80.692647455823888,7.0627284363944556],[80.692695695579602,7.0627301071922926],[80.692756133377088,7.0627356569687656],[80.692801601052921,7.0627389893869124],[80.692848003715639,7.0627429097723233],[80.692900853305815,7.0627420538182983],[80.692961501078642,7.0627377366370059],[80.692997891578827,7.0627238953939289],[80.693037751110779,7.0626936089162662],[80.693039065940638,7.0626910924459496],[80.69305855113825,7.0626537993138951],[80.6930654886079,7.0626191798016373],[80.693065493726806,7.0625906170481763],[80.693057709819001,7.0625144507222206],[80.693039523577539,7.0624711715271928],[80.693002121628311,7.0623859648999492],[80.692960175756269,7.0622791199370321],[80.692920931165546,7.0622020273816224],[80.692889809597787,7.0621222323801049],[80.692864113921502,7.0619869903414898],[80.692854586619674,7.0619157856685648],[80.692846658669353,7.0618505723617639],[80.69283829015194,7.0617888839913299],[80.692833888606415,7.0617355675660347],[80.692828161292439,7.0617003172864248],[80.692821554989933,7.0616500850802408],[80.692813185811573,7.061587074601813],[80.692803495459458,7.0615165734537975],[80.692795126840281,7.0614504783600252],[80.692788961985002,7.0613918749979954],[80.692780596572561,7.0613130019482675],[80.692773112130638,7.0612380953771812],[80.692770031725985,7.061197557143271],[80.69276342215386,7.0611605441959719],[80.692755488635399,7.0611314609399241],[80.692741545683319,7.0611007253276599],[80.692720187245541,7.0610697406014866],[80.69269882757159,7.0610456404161841],[80.692674710153213,7.0610291124594449],[80.692651280614257,7.0610180928013637],[80.692622338309761,7.0610070721511109],[80.692597530501118,7.0609939867895202],[80.692567210175767,7.0609795231648711],[80.692552050572345,7.0609691931723368],[80.692532756190587,7.0609574860693876],[80.692516218813722,7.0609423367387203],[80.692494168548066,7.0609278745978523],[80.692474876529886,7.0609030865916846],[80.692461096817397,7.0608858723026016],[80.692444560439668,7.0608652147933109],[80.692417003720024,7.0608108207700226],[80.692394959680982,7.0607619350107269],[80.692370159762419,7.0607102951174596],[80.692354314876312,7.0606751804624182],[80.692345362925394,7.0606366243267944],[80.692328142794707,7.0605877394341174],[80.692322634886494,7.0605608884547859],[80.69231712731839,7.0605271520289357],[80.692310932624721,7.0604837773008038],[80.692310937976742,7.0604541727755894],[80.692310252095083,7.0604376499314263],[80.692312323838053,7.0604142421382576],[80.692315774845611,7.0603873918706359],[80.692324739482601,7.0603557244127808],[80.692335083507302,7.0603199253929887],[80.692347494011273,7.060284815832806],[80.692361971436483,7.0602579675530359],[80.692381273246269,7.0602283674107342],[80.692402641569288,7.060204274912115],[80.69243021416051,7.0601705444476153],[80.692464678021409,7.0601375043097079],[80.692502586999481,7.0601051529722572],[80.692533603830569,7.0600769303934685],[80.692581852864478,7.0600356309143129],[80.692630100240706,7.0599984623360017],[80.692670077610416,7.0599661113562497],[80.692723149849243,7.0599234354582387],[80.692762437309071,7.0598917734337165],[80.692805860438867,7.0598614885134374],[80.692859620284807,7.0598256972652509],[80.692905109881877,7.0597961008888284],[80.692963695407229,7.0597603113971052],[80.693020900267442,7.0597307171061701],[80.69309189041185,7.0596921752764228],[80.693148406511298,7.0596618926635086],[80.69322008587163,7.0596212854837992],[80.693271089450207,7.0595896255060469],[80.693322091915491,7.0595641609777449],[80.693419960418552,7.0595159848039941],[80.693464761082708,7.0594863891535686],[80.693607430325272,7.0594079281977189],[80.693726666247073,7.0593397912124516],[80.693780425889727,7.0593095080327197],[80.69383142836935,7.0592785352709964],[80.693867269116538,7.0592544452664132],[80.693907935203953,7.0592220942998649],[80.693957561639934,7.0591814831014101],[80.69413987622093,7.0589959726747491],[80.694158141374615,7.0589818622681326],[80.69419467131371,7.058955706905933],[80.694231200275979,7.0589350588132715],[80.694277377350943,7.058912346964231],[80.694315973081672,7.0588958310398819],[80.694360080580239,7.0588848233550818],[80.694413147744754,7.0588745054249893],[80.694466903288429,7.0588669412461771],[80.694512388812825,7.0588593765127641],[80.694553050824268,7.0588497445703275],[80.694601294774273,7.0588304757754701],[80.694632999229313,7.0588132695280343],[80.694665394483593,7.0587850479497458],[80.694689520081056,7.0587547594662858],[80.694711578896943,7.0587203397126066],[80.694733640005751,7.0586728390549967],[80.694750875424859,7.0586356648178441],[80.694766044183581,7.0585936711282979],[80.694775697785914,7.0585654455587905],[80.69479086666091,7.0585227627809362],[80.694804655326564,7.0584890297574674],[80.694821201746635,7.0584525435797154],[80.694837744724225,7.0584305155744449],[80.694861870231819,7.0584057352584448],[80.694889440306738,7.0583795773687497],[80.694925969434365,7.0583575528543481],[80.694965254144478,7.0583451669981194],[80.695025903157884,7.058325212141991],[80.695063119575821,7.0583121377333544],[80.695091377479486,7.0582969963058817],[80.695116319214605,7.0582788420281917],[80.695144320805284,7.0582541048757719],[80.695169092822283,7.0582229130690868],[80.695187404004741,7.0581884926384495],[80.695194946952071,7.058158373057978],[80.695205724537445,7.0581056642741453],[80.695210041290878,7.0580497268676634],[80.695215437120652,7.0579830319281598],[80.695222982314803,7.0579400041675209],[80.695232685318999,7.057872233843641],[80.695247775699031,7.0577861774168138],[80.695267172686584,7.0577022731019179],[80.695299491722466,7.057617295804369],[80.695350116829999,7.0575269428263816],[80.695407201803988,7.0574451964179925],[80.695472902037935,7.0573559221779973],[80.695557988319621,7.0572451358475607],[80.695639841415314,7.0571537121154639],[80.695721688696921,7.0570956367607716],[80.695812152344814,7.0570235776621111],[80.695910153448921,7.0569525959805022],[80.695979075652957,7.0569128062936457],[80.696066303523665,7.0568697913491238],[80.696138452864972,7.0568504405991819],[80.696193586899184,7.0568369387284209],[80.696275597348063,7.0568293801017328],[80.696349335918001,7.0568328345873086],[80.696421696407185,7.0568383551827827],[80.696470404013368,7.056847946552649],[80.69654449884338,7.0568642622249298],[80.696611535994975,7.0568845429998381],[80.696689597985582,7.0569136372876002],[80.696735487378774,7.0569303441964806],[80.696756193635764,7.0569378824797857],[80.696806911559364,7.0569590412409067],[80.696860055869379,7.0569883166303455],[80.69686292058465,7.0569898942429967],[80.696914078680024,7.0570203060104566],[80.696951563603733,7.0570454279174966],[80.696989931338408,7.0570745153896475],[80.697041970072775,7.0571110956202396],[80.697079013498083,7.0571401828596887],[80.697120026348145,7.0571741178952712],[80.697156629096639,7.0572023242516346],[80.697209548782155,7.0572433104320869],[80.69725453061784,7.0572794490393891],[80.69730127633845,7.0573177917553105],[80.697351549599318,7.0573618620864416],[80.697396090396097,7.0573993227127154],[80.697441071513722,7.057439867120701],[80.697470617962594,7.0574641068397064],[80.697534121059476,7.0575178736389406],[80.697587482332565,7.057560181958749],[80.69763466887143,7.0575989651169424],[80.697675240283857,7.0576315779219856],[80.697730364942757,7.0576791740483431],[80.697739623995659,7.0576972410951244],[80.697746678479376,7.0577122231541187],[80.697757261918667,7.0577245624979543],[80.697777107466777,7.0577369034037014],[80.69779563034345,7.0577448373625531],[80.697809302646917,7.057750127192663],[80.697837524899356,7.0577792128849817],[80.697915137732807,7.057858979234183],[80.697976874897734,7.0579233198217208],[80.69803949510495,7.0579850181435093],[80.698084475371047,7.0580312904155047],[80.698140480830631,7.0580846154718095],[80.69817972884502,7.0581229559369536],[80.698222945548807,7.0581652624820368],[80.6982595473321,7.0582000783843606],[80.698301001569419,7.0582318095768306],[80.698342455664474,7.058264422471936],[80.698372444620745,7.0582846967904773],[80.69841434089291,7.0583093780136599],[80.698456238941134,7.0583234850877545],[80.69852195422348,7.0583362740304443],[80.698575762046389,7.0583455359594742],[80.698608893904336,7.058349612712111],[80.698632322296675,7.05835130949741],[80.69865293045379,7.0583505967181948],[80.698640893661818,7.0583626175674219],[80.698638533895448,7.0583673196074797],[80.698635615065996,7.0583698828512533],[80.698627586650574,7.0583812930524159],[80.698625230504206,7.0583859987102651],[80.698620823614505,7.0583879205469024],[80.698617098953434,7.0583916402739257],[80.698614545554634,7.0583958449087607],[80.698614541156459,7.058422149598659],[80.698619435118587,7.0584306473512521],[80.698619805401307,7.0584357549794721],[80.698624279183534,7.0584452220866956],[80.698628089729937,7.0584475757479392],[80.698632797971399,7.0584569877310432],[80.698636764111555,7.0584599563518076],[80.698646129340091,7.0584767347505428],[80.698646126702229,7.0584925177453082],[80.698645423427436,7.0584974877386948],[80.698641698765684,7.0585012074658691],[80.698637578792216,7.0585033373427768],[80.698634767447174,7.058507305908658],[80.69862974252095,7.0585078874486538],[80.698622425348915,7.0585153802793243],[80.698622420071501,7.0585469462687849],[80.698624412605611,7.0585513831665434],[80.698627684292276,7.0585552903496271],[80.698627677256056,7.05859737893838],[80.698628314657284,7.0586020028030516],[80.698630309197583,7.0586052704229107],[80.698630305679558,7.0586263147172552],[80.698630019669679,7.0586315081457869],[80.698623602996349,7.0586455221360795],[80.698619769973021,7.0586476556779392],[80.698619762935991,7.05868974426651],[80.698617128355238,7.0586976357765696],[80.698617125716297,7.0587134187711973],[80.698620317848651,7.0587167082944653],[80.698622391023349,7.0587206903356403],[80.698622389264202,7.0587312120306036],[80.69862765366635,7.0587384835948335],[80.698640817624408,7.05875254064172],[80.698643100752705,7.0587568573140702],[80.698648225421351,7.0587715279532244],[80.698648712464561,7.0587767097545813],[80.698651345029035,7.0587808817949211],[80.698662712760154,7.0588291650238162],[80.698663210626805,7.0588291651068484],[80.698664093058085,7.0588300659509118],[80.698664092136141,7.0588355831714305],[80.698662606320525,7.0588377523733019],[80.698662169789614,7.058839060843086],[80.69866201951173,7.0588445536222082],[80.6986613775303,7.0588456667258646],[80.698661329326924,7.0588470259019989],[80.698662018915869,7.0588481193328301],[80.698662625631798,7.0588521969865488],[80.698663398242175,7.058854834999793],[80.698663466316304,7.0588699895077642],[80.698665994417723,7.0588763418320184],[80.698666155534056,7.0588818274285492],[80.698666823396451,7.0588829298988793],[80.698666843509798,7.0588925753170191],[80.698666153295932,7.0588952212251339],[80.698666152374003,7.0589007384456259],[80.69866684171204,7.0589033339422178],[80.698667054891956,7.0589060279296358],[80.698667819604537,7.05890717563181],[80.698668221308751,7.0589084326954845],[80.698669173427319,7.0589094185567047],[80.698669601391913,7.058910620461579],[80.698669598626523,7.0589271703144494],[80.698670978438344,7.0589309822287021],[80.698671783902597,7.0589320277501848],[80.69867292135541,7.058934416233531],[80.698673048765059,7.058935764587182],[80.698673538273695,7.0589370289000035],[80.698674972647026,7.0589393523222483],[80.698675119071126,7.0589406708366971],[80.698675115153804,7.0589641160847743],[80.698675639062046,7.0589653713601717],[80.698677495315053,7.0589673919075135],[80.69867787530012,7.0589686136992968],[80.698677873226259,7.058981026315009],[80.698677276502124,7.0589821584168186],[80.698677047031765,7.0589848613735571],[80.698675678132602,7.0589915838166952],[80.698675241601734,7.0589928913821716],[80.698674246635321,7.0589937168550696],[80.698673475224211,7.0589947349841742],[80.698673038693173,7.0589960434539556],[80.698673038232329,7.058998801612038],[80.698669585505158,7.0590056964316528],[80.698669966599581,7.0590056964952002],[80.69867096582297,7.0590064816065157],[80.698670870100216,7.0590105238748073],[80.698670275244481,7.059011308720291],[80.698670273631265,7.0590209631778897],[80.698670828334613,7.0590221117493721],[80.698670962990036,7.0590234356877382],[80.698670962068292,7.0590289520038905],[80.698671315800269,7.0590301855473863],[80.698672291456447,7.0590311605607345],[80.698672618696861,7.0590338328636273],[80.698673353537487,7.0590349814651292],[80.698673721754105,7.0590362077765185],[80.698673721293247,7.0590389659345982],[80.69867311370723,7.0590400935130253],[80.698671650591578,7.0590418422126007],[80.698671649208819,7.0590501175911493],[80.698671445319647,7.0590514125350152],[80.698670469107171,7.0590537663019459],[80.69867026793348,7.0590550621505717],[80.698670266550693,7.0590633375291088],[80.698670671923338,7.0590643106387265],[80.698671646701996,7.0590651201624572],[80.698671645549666,7.059072016461946],[80.698672218358368,7.0590731587062576],[80.698672334217235,7.0590786262089029],[80.698672705149505,7.0590798525207523],[80.698673883424405,7.059081719221636],[80.698674858850254,7.0590840733140174],[80.69867583541162,7.0590850492318307],[80.698677164800102,7.0590872568843324],[80.698677354695889,7.0590884469934174],[80.698678477055722,7.0590890684443952],[80.698679971181733,7.0590913430436109],[80.698680407275589,7.0590926516588954],[80.69868112673015,7.0590937857888187],[80.698681304839013,7.059095090743825],[80.69868324149104,7.0590981015285363],[80.69868337479366,7.0591021049494991],[80.698684263278111,7.0591047050008076],[80.698685445071547,7.0591071848272513],[80.698685444380374,7.0591113220643429],[80.698686824464332,7.0591135089260701],[80.698686990804546,7.0591148193050035],[80.698690274261025,7.0591187409585689],[80.698691654392036,7.0591206465785739],[80.69869208237121,7.059121762573584],[80.698693175741667,7.0591225196668015],[80.69869441003965,7.0591249868415797],[80.698696588389723,7.059127961493961],[80.698698336719076,7.0591312037516412],[80.698698555356231,7.0591337440065169],[80.698699594417306,7.0591344811957768],[80.698700381544356,7.0591369238794961],[80.698701616747627,7.0591393910543978],[80.698702366073562,7.0591405297108096],[80.698703341730038,7.0591415047241108],[80.698705456059812,7.0591429845344917],[80.69870708302463,7.0591466228614967],[80.698708634185266,7.0591488622018792],[80.698710585498119,7.0591508131327343],[80.698711058725763,7.0591520023847147],[80.698714507778305,7.059156273130986],[80.698714944777535,7.0591575817463958],[80.698715784644918,7.0591586001441042],[80.698717979506867,7.0591602707781371],[80.698719116355917,7.0591608587717936],[80.698719562434604,7.0591620037078631],[80.698720328052957,7.0591631514101092],[80.698721387054604,7.0591637339649047],[80.698722004203731,7.0591649675522596],[80.698723661369229,7.0591666390009609],[80.698727167808727,7.0591687638192289],[80.69872814437052,7.0591697388326251],[80.69872932197093,7.0591702264541842],[80.698730301247906,7.05917120418097],[80.698732704435599,7.0591721161300738],[80.698733853022858,7.0591728813712447],[80.698735114823918,7.0591732740538244],[80.698736495273394,7.0591732742838449],[80.698737731692432,7.0591738830932949],[80.698744408659863,7.05917859929973],[80.698746174808548,7.0591835516182462],[80.698746864465519,7.0591842417248332],[80.698747451741497,7.0591854825416789],[80.698747879473274,7.0591880816117856],[80.698748855129793,7.0591890575293039],[80.698749883352193,7.0591896527393141],[80.698751133982071,7.0591918947424315],[80.69875182454426,7.0591925848491588],[80.698753133462645,7.0591927008194233],[80.6987537506119,7.0591939344067205],[80.698757364842109,7.0591956396409623],[80.698758025446878,7.0591968415845114],[80.698759001103568,7.0591978165976768],[80.698759286940259,7.0591990781635277],[80.698760179378965,7.0591996842026647],[80.698760667092301,7.0592008607966106],[80.698767569554661,7.0592050000878483],[80.698767948660461,7.0592060690503109],[80.698769900879,7.0592080199810807],[80.698771103835469,7.0592084479220265],[80.698773754185012,7.0592091293120012],[80.6987792741714,7.0592091392744205],[80.698780258883602,7.0592100943941594],[80.69878146365113,7.0592105187181273],[80.698782817838975,7.0592105822456261],[80.698783938387905,7.0592112091219175],[80.69878531883748,7.0592112093517967],[80.698787639564216,7.0592126421718566],[80.6987904859607,7.0592156268824944],[80.698792282209084,7.0592192182130598],[80.698792976067566,7.0592218544043179],[80.698794768047151,7.0592239038785358],[80.698795255760459,7.0592250813767627],[80.69879609742965,7.0592261531291571],[80.698797246492859,7.0592294929526123],[80.698797936082684,7.0592305863832179],[80.698797935852454,7.0592319663665668],[80.69879847154553,7.0592331230735494],[80.698799935820929,7.0592352755850021],[80.698800911477647,7.0592362515023934],[80.69880201181374,7.0592386662043607],[80.698803191588183,7.0592424021225071],[80.698805162308901,7.0592473960732898],[80.69880703047194,7.0592485738013213],[80.698808581633372,7.0592508131413627],[80.698809557290303,7.0592517881544321],[80.698809666598578,7.0592531220359991],[80.698810523408795,7.0592556786746981],[80.698813116963507,7.0592603887744962],[80.698813269725022,7.0592617045770076],[80.698814245381826,7.0592626804943839],[80.698814496588327,7.0592653346982042],[80.69881656640834,7.0592731727334286],[80.698816565258255,7.0592800681285759],[80.698815470521694,7.0592820710021718],[80.698815184252055,7.0592834039135646],[80.698815184022052,7.0592847829926075],[80.698814493162189,7.0592858761934014],[80.698814359875058,7.0592872000871072],[80.698812422392848,7.0592891567004079],[80.698812422162817,7.0592905357794287],[80.698811918669051,7.059291706782429],[80.698811040443061,7.0592927221810058],[80.69881090083345,7.059293961972462],[80.69881035032563,7.059294791136888],[80.698809011775353,7.0592986604742665],[80.698808969001362,7.0593000332160232],[80.698808278208901,7.0593007221883921],[80.698808277978856,7.0593021012674182],[80.698807721064696,7.0593033491282258],[80.69880758754357,7.0593060756131356],[80.698807103043578,7.0593073406679707],[80.698806896432956,7.0593086717839819],[80.698806895282743,7.0593155671791132],[80.698807124109763,7.0593167175048004],[80.698807585615299,7.0593176354604923],[80.698807585155066,7.0593203945228513],[80.698808304367731,7.0593229827896504],[80.698809654559142,7.0593252998672646],[80.698809872500405,7.0593265894555],[80.698810354781969,7.0593277705700563],[80.698812415154052,7.0593325556391564],[80.698813104744062,7.0593336490697531],[80.698813104514031,7.0593350281487695],[80.698814063003312,7.0593358159659418],[80.698814703744091,7.0593367158651761],[80.69881586509598,7.0593369349025199],[80.698815863255831,7.0593479675347277],[80.698816017827824,7.0593492833375189],[80.698816553520928,7.0593504409487888],[80.698816749267408,7.0593545465675733],[80.698817603366876,7.0593570751720751],[80.698818157187489,7.0593580935219924],[80.698820693259847,7.0593601015215102],[80.698820693029845,7.0593614806005274],[80.698821382369246,7.0593640770011667],[80.698821381449235,7.0593695933172746],[80.698822071944534,7.0593706867479966],[80.698822152281664,7.0593720468498349],[80.698823451779404,7.0593743756750333],[80.698823451089268,7.0593785138164158],[80.698823948746124,7.0593797754174661],[80.698824222575539,7.0593824748407581],[80.698824934541832,7.0593850920443852],[80.698825520930413,7.0593862288648435],[80.69882552070041,7.0593876079438633],[80.698826798873995,7.0593929607919863],[80.698826900030625,7.0593943236102294],[80.698827589620734,7.0593954170408022],[80.698827588700809,7.0594009333568959],[80.698827065943519,7.059403627221716],[80.698826898022446,7.0594063654569732],[80.698826204814708,7.0594215361155737],[80.698826204102119,7.0594258089997526],[80.698825620049845,7.0594269465297348],[80.698825513917299,7.0594282812797307],[80.698825512077221,7.0594393148162089],[80.698826751896064,7.0594412538720643],[80.698827847077922,7.0594420109652924],[80.698828423523111,7.0594430645871888],[80.698829400085685,7.0594440396003568],[80.698829887799292,7.0594452170985429],[80.698831438961491,7.0594474564385017],[80.698832412875532,7.0594480290314436],[80.698832411725689,7.0594549244265332],[80.698831839182702,7.0594576119528618],[80.698831721047426,7.0594603556222921],[80.698831029936699,7.059462951793158],[80.698831029706739,7.0594643308721841],[80.698830338353204,7.059468382988749],[80.69883033812323,7.0594697620677671],[80.698829648235588,7.0594704519446436],[80.698829645935788,7.0594842427348281],[80.698830695860849,7.05948497721264],[80.698832076311248,7.0594849774423922],[80.698834147324376,7.059485667778735],[80.69883548972912,7.0594858280657586],[80.69883674517186,7.0594863572984456],[80.698842266973458,7.0594863582173346],[80.698843387732111,7.0594857317141413],[80.698844742846944,7.0594856695419503],[80.698845745070273,7.059484757255758],[80.698846931882969,7.0594842899228318],[80.698852452780827,7.0594842817983121],[80.698853761792023,7.0594838461366933],[80.698854495156738,7.0594829952991187],[80.698855656655994,7.0594823326301004],[80.69885839132381,7.0594822236630659],[80.69886170299003,7.0594798503894074],[80.698863733677541,7.0594780873146687],[80.698865100563751,7.0594780034408577],[80.698866410480122,7.0594775677793535],[80.698867516778378,7.0594768029136254],[80.69886885741505,7.0594767090879671],[80.698870106702316,7.0594761522382754],[80.698871341516167,7.0594755357014369],[80.698877870638739,7.0594711933666714],[80.698880345606867,7.0594705046909461],[80.698883016022563,7.0594702871953778],[80.698885010516051,7.0594684363960711],[80.698886349343155,7.0594683371441809],[80.698887469212465,7.0594676147834239],[80.698890161409778,7.0594670581736487],[80.698895684116366,7.059467059092051],[80.69889694318239,7.0594675738561694],[80.698898281963693,7.0594677495157212],[80.698902373555569,7.0594675847065931],[80.698904599744566,7.059465968163078],[80.698905861659696,7.0594656817053085],[80.698907227871302,7.0594642133263124],[80.698912519071015,7.0594628468830436],[80.698913136631973,7.059461613501222],[80.698915855904119,7.0594615461297412],[80.698917831395661,7.0594596492071062],[80.698919020054007,7.0594589693604686],[80.698920357989437,7.0594587887200628],[80.698925879790721,7.0594587896379588],[80.698928069731608,7.0594574100186058],[80.698933591532864,7.059457410936413],[80.698934685820845,7.0594581011099828],[80.698938759165912,7.0594587917786651],[80.698939923183516,7.0594593128570713],[80.698942077347567,7.0594607763953476],[80.698943288134203,7.0594631115356803],[80.698945900960183,7.0594662644089832],[80.698948060641044,7.0594726510343211],[80.698948677791151,7.0594738846213518],[80.698949582876537,7.0594746534387802],[80.698949751950124,7.0594758625348843],[80.698950442513009,7.0594765526413177],[80.698952235906006,7.0594809967389933],[80.698953202569982,7.0594816208763849],[80.698953252806177,7.0594843582436271],[80.698954582196947,7.0594865667996531],[80.698954581967342,7.0594879458786686],[80.698955866152261,7.059489825256847],[80.698956652358106,7.0594923755533445],[80.698957342015973,7.0594930647552969],[80.698957683075179,7.0594943037223379],[80.698959635295878,7.0594962537480015],[80.698960123009869,7.0594974312460499],[80.698961947578027,7.0594994861509113],[80.698962713197531,7.0595006338527693],[80.698963159266142,7.0595018448035125],[80.698964933147366,7.0595038698575783],[80.698965111257166,7.0595051748124815],[80.698966086914794,7.0595061507295247],[80.698966904796279,7.0595087426297143],[80.698967002777778,7.0595128681270873],[80.69896569525622,7.0595152308827096],[80.698964930827785,7.0595178035294142],[80.698964930598194,7.0595191826084314],[80.698965621161179,7.0595198727148567],[80.69896562047245,7.0595240099519154],[80.698967000558952,7.0595261968127927],[80.698967229357265,7.0595275225753147],[80.698968003135491,7.0595285997420083],[80.698969071167525,7.0595293197534943],[80.698969203108163,7.0595306445956263],[80.69897310664463,7.0595345455509859],[80.698973901247129,7.0595355964960165],[80.698975281063241,7.0595394084093295],[80.698978160057067,7.0595423542387206],[80.698978731961745,7.0595434973867812],[80.6989796243341,7.0595445076539152],[80.698980802840964,7.0595449952749947],[80.69898218329152,7.0595449955042939],[80.698985632588247,7.0595532705515893],[80.698986682346643,7.0595550088177115],[80.698987860853379,7.059555497343089],[80.698988836281799,7.0595578514348087],[80.698989083192586,7.0595591283673595],[80.698990005470463,7.0595599378817013],[80.698990956451212,7.0595623335677953],[80.698991687676369,7.0595634595603372],[80.698993305915394,7.0595651590353548],[80.698993929402846,7.0595663890061271],[80.698996790287893,7.0595693637704562],[80.699000124998676,7.0595753807262094],[80.699000153508493,7.0595781271329727],[80.699001704671957,7.0595803664723675],[80.699003914931296,7.0595820027436833],[80.699004693909231,7.0595844725549401],[80.699005311059636,7.0595857061418972],[80.6990056448671,7.059587006601066],[80.699005644637637,7.0595883856800832],[80.699006335133674,7.0595894791105325],[80.699006580004479,7.0595921360261205],[80.699007556567736,7.059593111038911],[80.699007714761493,7.0595944250336302],[80.699008584519788,7.0595953385353267],[80.699009710273742,7.0595973327349215],[80.699009783588565,7.0596028183166313],[80.699011950177507,7.0596057784965618],[80.699013902398733,7.0596077294262818],[80.699014390113007,7.0596089069242671],[80.699016342334389,7.0596108569496954],[80.699017085324627,7.0596120001261191],[80.699018095441801,7.0596126088972326],[80.699020047663083,7.0596145598269491],[80.699021258730909,7.0596152093255746],[80.6990232643723,7.0596170852060718],[80.699024463678228,7.0596176994344741],[80.699025779792677,7.0596180975511862],[80.699028528012249,7.059618152266264],[80.699031069676153,7.0596192107357396],[80.699033787988327,7.0596194779596537],[80.699034882277019,7.0596201672286627],[80.699037616908612,7.0596202807218758],[80.699038860576209,7.0596208578807165],[80.699040214765432,7.0596209205031624],[80.699041336220915,7.0596215473789954],[80.699041531996826,7.0596254884124994],[80.699040841136977,7.059626581613605],[80.699040694043731,7.0596292791582522],[80.69903971806113,7.0596302547512222],[80.699039005464272,7.0596314193895306],[80.699038696569048,7.0596327260721941],[80.69903807900819,7.0596339594541551],[80.699038078549449,7.0596367176121797],[80.699038768195265,7.0596429240345522],[80.699038801567866,7.0596436474914004],[80.699039600691222,7.0596447318967002],[80.699040452084589,7.0596472134759951],[80.699041528264686,7.0596479289671015],[80.699042629526858,7.0596502315336647],[80.699043598915225,7.0596508059340382],[80.699043598456512,7.0596535640920699],[80.69904290766388,7.0596542530647879],[80.699041819253324,7.0596563192419204],[80.69904279581678,7.0596572942546416],[80.699042906936398,7.0596586272321309],[80.699043283301819,7.0596598508316104],[80.699044258960072,7.0596608258441904],[80.699044286794162,7.0596621940760942],[80.699046065846531,7.0596657890200385],[80.699047046994906,7.0596664104466944],[80.699048389149851,7.0596680764160862],[80.699049684450259,7.0596684401653338],[80.699051336121258,7.059670509510191],[80.699052471160783,7.0596711020243248],[80.699054187180778,7.0596726975192441],[80.69905540277577,7.0596733415926334],[80.699056378434094,7.0596743166051805],[80.699057556941341,7.0596748042260629],[80.699058089919461,7.0596759636452289],[80.699059120832814,7.0596767162056571],[80.69906050128381,7.0596767164347458],[80.699061595572473,7.0596774066079986],[80.699062959723165,7.0596774457198803],[80.69906393628672,7.059678420732566],[80.699065165506241,7.0596787862794494],[80.699066527840003,7.0596788642765063],[80.699067759732941,7.0596794839360957],[80.699072298041159,7.0596820927310624],[80.699073058239406,7.0596831834600273],[80.699074171580619,7.0596836150025846],[80.699074654815803,7.0596845112580757],[80.699075344473982,7.0596852013641671],[80.699075344015455,7.0596879595221926],[80.699075978384641,7.0596890764553955],[80.699076034282555,7.059690432031565],[80.699076031531305,7.0597069818840286],[80.699078792069798,7.059709169877892],[80.699079912369427,7.0597113060537477],[80.699083819060931,7.0597125781675212],[80.699086522911443,7.0597127178804318],[80.699089609388622,7.0597145351595199],[80.6990945569339,7.0597166629270331],[80.699095864011412,7.0597169715149608],[80.699097545597084,7.0597187867523346],[80.699099892611855,7.0597200188174503],[80.699115043151352,7.0597201687332616],[80.699116137440242,7.0597208589064175],[80.699140965636829,7.0597209145687554],[80.699141603627382,7.0597220296938357],[80.699141603398317,7.0597234087728422],[80.69914208120133,7.0597243113575558],[80.699143410925004,7.0597245249961231],[80.699145972512284,7.0597255364439366],[80.699148649180216,7.0597258344069616],[80.699149624838711,7.0597268103236201],[80.69915089752611,7.0597270709770541],[80.699168844295926,7.0597270739513709],[80.699172404180089,7.059729013390764],[80.699173712162917,7.0597293219786179],[80.699174902406526,7.0597300004114407],[80.699176874551938,7.059731901606515],[80.699178127297941,7.0597323232244822],[80.699180488765379,7.059733742484628],[80.699181072454891,7.0597347870641531],[80.699183016576555,7.0597364603674064],[80.699183015431842,7.0597433557624711],[80.699182639577572,7.0597445032748372],[80.6991816346642,7.059745261827902],[80.699181634435263,7.059746640906913],[80.699180944547876,7.059747329879972],[80.699180762383392,7.0597486338707789],[80.699179785495616,7.0597496094638625],[80.699178872624429,7.0597521124541336],[80.699178990079133,7.0597534562843878],[80.699182201036294,7.0597579250325282],[80.699182323017368,7.059759267054905],[80.69918429226864,7.0597622443832853],[80.699184391848306,7.0597676603371156],[80.699185082345025,7.0597687537673091],[80.699185080971262,7.0597770291456881],[80.69918529529275,7.0597783196374584],[80.699186460830617,7.0597805950849173],[80.699186460601538,7.0597819750682449],[80.699188446052332,7.0597855212128877],[80.699189220508387,7.0597879738411118],[80.69918931554912,7.059793467565199],[80.699189946280029,7.0597946921110335],[80.69919092193885,7.0597956671232893],[80.699192150253296,7.0597960344783148],[80.699193530704619,7.0597960347070075],[80.699194767147674,7.0597965123896902],[80.699195915737235,7.0597972776297109],[80.699202776331234,7.0597974162218922],[80.699205424873014,7.0597981057479666],[80.699208186680892,7.0597981062054078],[80.699209970628829,7.0597994855799246],[80.699212687168654,7.0597995303412295],[80.699214067391139,7.0598009096488656],[80.69921406693328,7.0598036687111945],[80.699214586332985,7.0598048326495162],[80.699214757201275,7.0598061412203572],[80.699214756514721,7.0598102784573831],[80.69921613658282,7.0598125883042337],[80.699212684658434,7.0598146568032734],[80.699212935964567,7.059816725915617],[80.699214039986529,7.0598187698483921],[80.699214357500864,7.0598200703047107],[80.699215677808965,7.0598224759989474],[80.69921871253068,7.0598252545545268],[80.699219989715203,7.0598256915497615],[80.69922108400462,7.0598263808183521],[80.699223844907465,7.0598263812755508],[80.699226442986131,7.0598256926183982],[80.699227823437539,7.0598256928469905],[80.699229063679809,7.0598250962050306],[80.699230422421522,7.0598250032856642],[80.699256651903653,7.0598250076280342],[80.699259080385801,7.0598262568878178],[80.699260228975547,7.059827022127684],[80.699260902331389,7.0598277664896614],[80.699262282782797,7.0598277667181444],[80.699263072031357,7.0598283582702264],[80.699265284805961,7.0598312153647917],[80.699266577390006,7.059831587251824],[80.699268690783342,7.0598332849992138],[80.699269840312979,7.0598338413426429],[80.699270816877174,7.0598348172592154],[80.699271974557007,7.059835353709083],[80.699274703744862,7.059835550396901],[80.69927725808833,7.0598365799290699],[80.699281352332122,7.0598368184411937],[80.699285375884202,7.0598375696876996],[80.699286524474019,7.0598383349274991],[80.699287762729043,7.059838804471422],[80.699290523631959,7.0598388049282326],[80.699292060482918,7.0598400269108881],[80.69929292569816,7.0598410489290027],[80.699293440571751,7.0598422146750934],[80.699296560667634,7.0598432831862903],[80.699299680763687,7.0598443507931421],[80.699300786825575,7.0598450129340717],[80.699301540700858,7.0598460267949195],[80.699302694788258,7.0598463923287493],[80.699303355459492,7.0598472072250642],[80.699307981556785,7.0598499344974242],[80.699308598708356,7.05985116808397],[80.699310873266768,7.0598526443008778],[80.699313500076684,7.0598533772298184],[80.699314117228269,7.0598546108163642],[80.699315322866454,7.0598552566960642],[80.699317039766711,7.0598570122537607],[80.699318316945437,7.0598574854212952],[80.699318934097064,7.0598587190078375],[80.699321861181701,7.0598609992678707],[80.69932283774618,7.0598619742800235],[80.699323379786904,7.059863075824274],[80.699327709922315,7.059865544413646],[80.699329296398858,7.0598677403507093],[80.699329785019529,7.059868916944195],[80.699330781507001,7.0598698422223363],[80.699332154711584,7.0598698741004053],[80.699333389321481,7.0598704910468042],[80.699334759580296,7.0598719119508964],[80.699336140031861,7.0598719121791644],[80.699336799787474,7.0598727903772653],[80.69933810955996,7.0598732273775626],[80.699340312622098,7.0598746104381584],[80.699343133682575,7.0598775806721958],[80.69934520402019,7.0598823639319477],[80.699345201506901,7.0598975347053718],[80.699344672415663,7.0599002276653611],[80.699343129065468,7.0599054498242859],[80.6993431279231,7.0599123452193222],[80.699343437299035,7.0599135968412394],[80.699345754241733,7.0599160461069603],[80.699345888007144,7.0599172913696435],[80.699347002211411,7.0599179824498579],[80.699348648203738,7.0599215583800481],[80.699349338767149,7.0599222530074677],[80.699350570355804,7.059924715658461],[80.69935143194509,7.0599257702311711],[80.69935317001034,7.0599309097356997],[80.699354145669801,7.0599318847476367],[80.699355230675238,7.0599339766055911],[80.699356238955374,7.0599347526737901],[80.699356300285729,7.0599361064421728],[80.699357419703233,7.0599381142045923],[80.699358083990603,7.0599389589437971],[80.69935939376343,7.0599393950397253],[80.699360068017455,7.0599401837131159],[80.699362665868264,7.0599408732299045],[80.699370949484063,7.0599408745991186],[80.699373547563141,7.0599401859411621],[80.699384575794724,7.0599401506868675],[80.6993855526825,7.0599391750933416],[80.699389358406179,7.0599379503765904],[80.699394736477842,7.0599367810827713],[80.69939582647649,7.0599360523856678],[80.699397206928239,7.0599360526137671],[80.699399817695678,7.0599352708133978],[80.699401770565757,7.0599333205304822],[80.699402949235406,7.0599328332999063],[80.699403948743893,7.0599319155861844],[80.699412232359535,7.0599319169546648],[80.699413386597811,7.0599313727482276],[80.699413874703168,7.0599301954118516],[80.699417780443142,7.0599262948458854],[80.699420168586926,7.0599251558045513],[80.699422824606273,7.0599244264617473],[80.699423907371965,7.0599236444088636],[80.699425282394927,7.0599236292626442],[80.699426338017815,7.0599227649126899],[80.699427600874287,7.0599222659398491],[80.699452449910282,7.059922270043268],[80.699453786887631,7.0599224158585958],[80.699454934572714,7.0599231810978385],[80.699456173733509,7.0599236497371383],[80.699458171236913,7.0599254903461794],[80.699459345183854,7.0599261913834468],[80.699460674002452,7.0599264086382192],[80.699477240328349,7.0599264113728566],[80.699483070272407,7.0599296832392984],[80.699484092116023,7.0599305497408729],[80.699486848487155,7.0599305881769663],[80.699489528718743,7.0599312406297674],[80.699490686399088,7.0599317770791075],[80.699491864679445,7.0599336437779163],[80.699492841244435,7.0599346187897014],[80.699494980928108,7.0599360877489312],[80.699495483128246,7.0599372598229202],[80.699498729774476,7.0599394216694211],[80.699499477293074,7.0599405612285766],[80.699501813481703,7.0599415862019796],[80.699504462929966,7.0599422757264927],[80.699505843381743,7.0599422759542634],[80.699506937671742,7.0599429661265063],[80.699516600834144,7.0599429677207413],[80.699518892649422,7.0599441012044135],[80.69951913865664,7.0599453781365495],[80.699520518746965,7.0599475649957748],[80.699520518062982,7.0599517031371404],[80.699521208560782,7.0599527965668267],[80.699521331450356,7.0599541250245537],[80.699522307110229,7.0599551000361229],[80.699522588423221,7.0599563625050505],[80.699522587967337,7.0599591206630894],[80.699522794142297,7.0599604147706119],[80.699523974461954,7.0599608978690647],[80.699528109480937,7.059960898551136],[80.699530585037778,7.0599621351568649],[80.699542975587718,7.0599622800820576],[80.699547031739073,7.0599629707426308],[80.699548126934516,7.0599636600106095],[80.699558221920157,7.0599634464484238],[80.69956021082632,7.0599625370363519],[80.699562298278323,7.0599623691780948],[80.69956420928375,7.059961776263088],[80.699566797727385,7.059959137901199],[80.699568757240044,7.0599553310617544],[80.699570087272335,7.059953681812031],[80.699571166052507,7.059949626140992],[80.699571166408461,7.059947471160485],[80.69957269776485,7.0599436027570777],[80.699574223302605,7.059942079239244],[80.699578297783347,7.0599414061968595],[80.699581749792387,7.0599388213317589],[80.699585729376878,7.0599372322034579],[80.699587524614188,7.0599360369960813],[80.699590710539141,7.0599331554720202],[80.699591661305035,7.0599313940247814],[80.699593353333853,7.0599302838058833],[80.699593818922352,7.0599284164739364],[80.699602429015727,7.0599192978847993],[80.699604365904605,7.059915448538705],[80.699605685074516,7.0599137965741505],[80.699606515455173,7.059911984465467],[80.699606764727847,7.059909932617769],[80.699607843120006,7.0599082245460494],[80.699607844898992,7.0598974496434401],[80.699610002380183,7.059895295018344],[80.699611175305591,7.0598912185634903],[80.699613104476157,7.0598902548824798],[80.699614136727405,7.0598883948783717],[80.699615557272537,7.0598867953807236],[80.699618632713978,7.0598841977929023],[80.699618633069704,7.0598820428123812],[80.699622247536567,7.0598768824870755],[80.699625105709771,7.0598743861465945],[80.699626376899275,7.0598727576862501],[80.699628167558828,7.0598718735620087],[80.699628981629644,7.0598701573078797],[80.699632032704287,7.0598671102718313],[80.699633822444412,7.0598663120572489],[80.699634787720882,7.0598643842185149],[80.699635892750294,7.0598603357861265],[80.699644825116764,7.0598511024013604],[80.699647249857506,7.0598476040092981],[80.699648775394692,7.0598460804912007],[80.699648838205732,7.0598439517460809],[80.699650687725239,7.0598429392188295],[80.699652362929967,7.0598395537425631],[80.699682561776896,7.0598395587146463],[80.699684574168458,7.0598389486338764],[80.699685543002261,7.0598374042247967],[80.699688137778651,7.0598347803322801],[80.699689922088041,7.0598339775950061],[80.699691835383106,7.0598304745969616],[80.699695854787848,7.0598289334028932],[80.699697987496336,7.0598287872550198],[80.699699966418919,7.0598280315740727],[80.699705178364013,7.0598242252692671],[80.699706994359403,7.0598234008336203],[80.699709150579281,7.0598234011884475],[80.699712804309144,7.0598216673151475],[80.699714034741945,7.0598201699733991],[80.699716191867012,7.0598201703283365],[80.699717271059725,7.0598190934677802],[80.699725898654734,7.0598190948872626],[80.699727590682528,7.0598179864764914],[80.699730956270031,7.0598124851829382],[80.699732639633368,7.0598090246496481],[80.699734460202563,7.0598079099297939],[80.699735262509549,7.0598061665441261],[80.699737291183609,7.0598056242893428],[80.699742878674058,7.0598025333583703],[80.69974480832046,7.0597986785845768],[80.699748330009498,7.0597962121948408],[80.699751307215365,7.0597909803228669],[80.699751401703196,7.0597888832339013],[80.699753330873065,7.0597879195523054],[80.69975589769831,7.059784621036445],[80.699757658497134,7.0597836645616585],[80.699758324146345,7.0597817411949473],[80.699760913626449,7.0597782934709477],[80.699762613353485,7.059774407008268],[80.699764138890046,7.0597728834898072],[80.69976533122653,7.0597718536720659],[80.699772582500088,7.0597687603013624],[80.699777159109658,7.0597641897458221],[80.699782695040128,7.0597608682057862],[80.699784625115029,7.0597599045241823],[80.699786707197632,7.0597593550434672],[80.699788800138322,7.0597588326939373],[80.699790949127063,7.0597587670322675],[80.699792553385677,7.0597574343369152],[80.699794370285247,7.0597566135183163],[80.699795920252768,7.059755148784185],[80.699797790538355,7.0597544590998949],[80.699804261912647,7.0597544601635089],[80.699806074013765,7.059755293334657],[80.699807599048299,7.0597568173546188],[80.699809393038137,7.0597576930255359],[80.6998137063825,7.0597576937343636],[80.699822026754092,7.0597598500821697],[80.69982632292367,7.0597597033848603],[80.699830522364238,7.0597587735355818],[80.699832679489049,7.0597587738899765],[80.699836726002786,7.0597575139408271],[80.699843134159224,7.059756621531144],[80.699847440269465,7.059756576118458],[80.699853579766767,7.0597545324725841],[80.69986435453859,7.0597544700358545],[80.699866028150595,7.0597552516381192],[80.699866715785348,7.0597572439551062],[80.699868231871221,7.0597581403793743],[80.699869756551394,7.0597618193796867],[80.699871281586169,7.0597633433994593],[80.699873097309634,7.0597641684321015],[80.699874647700668,7.0597656300583287],[80.699876420884891,7.0597664198157348],[80.699878306746427,7.0597700934494334],[80.699879655348425,7.0597711074070357],[80.69987998994597,7.0597731231781893],[80.699881514980817,7.0597746471979246],[80.699881811556551,7.0597766801448056],[80.699882890290581,7.059778388571333],[80.699882889936063,7.0597805435518701],[80.699883967378838,7.0597845986733949],[80.699883967024334,7.0597867536539383],[80.699885045372184,7.0597908096799156],[80.699885044663176,7.0597951196410156],[80.699886358768964,7.0597967304402562],[80.699888279054846,7.0598002458245883],[80.699888277991377,7.0598067107662272],[80.699889356371017,7.0598105741732917],[80.699889356016527,7.0598127291538253],[80.699896585689956,7.0598198816568996],[80.699900139269374,7.0598216510786935],[80.699904757024072,7.0598255883161229],[80.699906914149167,7.0598255886701784],[80.699908838508293,7.059826354940097],[80.699910633351166,7.0598275507379658],[80.699921360105989,7.0598277460215852],[80.699925197110488,7.059828950293344],[80.699930623311118,7.0598323432660592],[80.699932148346321,7.0598338672856258],[80.699935650221448,7.0598362896134601],[80.699937491301554,7.0598370522523481],[80.699938350974861,7.0598387561212466],[80.69994207110966,7.0598405517951441],[80.699945434510028,7.05984283483581],[80.699947595256091,7.059842835190282],[80.699950575771879,7.0598449906598217],[80.699952594323932,7.0598454494782015],[80.69995632979861,7.0598475426738618],[80.699958375470558,7.0598482239579354],[80.699960532595782,7.0598482243117511],[80.699964844898489,7.0598600769601925],[80.699964844647042,7.0598616070596742],[80.699966689795957,7.0598651531780501],[80.699969525305818,7.05986835491513],[80.699971488085083,7.0598721904333015],[80.699973993143686,7.0598756851139681],[80.699974840706901,7.0598794734248962],[80.699976239966801,7.0598806980956992],[80.699976704910924,7.0598827428262112],[80.699976704556846,7.0598848978067652],[80.699977783395028,7.0598859759261208],[80.699977798627415,7.0598924363488589],[80.69997876326893,7.05989436450478],[80.699979814448952,7.0598984964884766],[80.699981016296007,7.0599001850400471],[80.699981015941958,7.0599023400205967],[80.699981948021815,7.0599041099162001],[80.699993540225549,7.0599094364185273],[80.699996777716009,7.0599122421317615],[80.700000443462429,7.0599145026137515],[80.70000150593782,7.0599160012364601],[80.700005659897613,7.0599164179019063],[80.700007706475162,7.0599170991859381],[80.700009401749682,7.0599182669333631],[80.700013434291407,7.0599194106474235],[80.700015171231342,7.0599204228596344],[80.700034585361266,7.0599204260412387],[80.700038481112955,7.0599221955180322],[80.700040546748468,7.0599225819986202],[80.700049131779181,7.0599227127221011],[80.700056165392525,7.0599276279174132],[80.700057717590965,7.0599291148641337],[80.700059646444473,7.0599300782746539],[80.700059743863861,7.0599321726821582],[80.700061791440575,7.0599322824395738],[80.700062870279069,7.0599333605587482],[80.700065135456001,7.05993686062551],[80.700065737093141,7.0599388737273383],[80.700068370724395,7.059942178522566],[80.70006837037073,7.0599443335031022],[80.700069272577011,7.0599461151497334],[80.700069447846801,7.0599481978139114],[80.700071154900371,7.059949298643815],[80.700075097892622,7.0599500381142315],[80.700076222788041,7.0599517809118151],[80.700078269365846,7.0599524621955334],[80.700085465077109,7.0599569885618596],[80.700091752643701,7.0599628242262682],[80.700095622168803,7.0599644471994036],[80.700100722477757,7.0599679459215459],[80.700101841101343,7.0599692953413875],[80.700105485231433,7.0599708983826428],[80.70010934877503,7.059975876360153],[80.700108270134606,7.0599791082023291],[80.700108262004676,7.0600286718503789],[80.700106062251564,7.060034689700859],[80.700104716831689,7.0600363425668506],[80.700103946170501,7.0600383156541415],[80.700104081999285,7.0600490679714705],[80.700105022740416,7.0600532252575734],[80.700105205450939,7.0600596142668879],[80.700106099510222,7.0600613986250487],[80.700106097742733,7.0600721735276997],[80.700107175219557,7.0600760369340883],[80.70010717274512,7.0600911217977949],[80.700108336189189,7.0600951570379387],[80.700109300831684,7.0600970851936058],[80.700110332097253,7.0601012253125361],[80.700111485062379,7.0601029219945968],[80.700111484708913,7.0601050769751392],[80.700112800670823,7.0601064191927252],[80.700116596831819,7.0601138234339729],[80.700117954385433,7.0601154595604561],[80.700117954031995,7.060117614540979],[80.700120110700453,7.0601204074160258],[80.7001208779987,7.0601223816593892],[80.700122267338415,7.0601233865797965],[80.700123884864681,7.0601294692614109],[80.700125500933808,7.0601333978665224],[80.700126831360308,7.0601348558386547],[80.700129814169586,7.0601396021674256],[80.700130122515304,7.0601416296901878],[80.700130892551968,7.0601434655739048],[80.700130892198572,7.0601456205544189],[80.700133039366179,7.0601456308532775],[80.700134758287078,7.0601516502494599],[80.700136283323999,7.0601531742683603],[80.700140597577274,7.0601531749743538],[80.700140594220585,7.060173646837173],[80.700140081785136,7.0601741585951245],[80.700138159016333,7.0601747234768162],[80.700133926200024,7.0601749190202883],[80.700132180754409,7.0601760871085055],[80.700130134857289,7.0601767686265235],[80.700128471762156,7.0601780832270942],[80.700126538973123,7.0601790315362933],[80.700122224719621,7.0601790308301702],[80.70012039334145,7.060179815475073],[80.700120100623366,7.0601818501339526],[80.700119022232428,7.0601835582068331],[80.7001190211721,7.0601900231484018],[80.700116708910656,7.0601921135441907],[80.700111961384934,7.0602011640472],[80.700110435848075,7.0602026875667869],[80.700110387409282,7.0602220624891432],[80.70010822992883,7.0602242171165139],[80.700107293619396,7.0602261512911619],[80.700107150247419,7.0602282727886418],[80.700107146005607,7.0602541316505238],[80.700108789688954,7.0602552713554143],[80.70010980783691,7.0602566053854288],[80.700110381483725,7.0602581871247603],[80.70011038113023,7.060260342105269],[80.700111796676296,7.0602616228458022],[80.700114238981541,7.0602669261436732],[80.700115764018776,7.0602684501626243],[80.700116850504187,7.0602725821517183],[80.700119321305351,7.0602752385267706],[80.70012008500494,7.0602770789310361],[80.700126184248987,7.0602831741022554],[80.700127108236003,7.060284622060407],[80.700133579617713,7.0602846231195322],[80.700137000071663,7.0602867786598775],[80.700137861573992,7.0602883785325492],[80.700142436686093,7.0602929505891598],[80.700148069325436,7.0602960831506678],[80.700151490620115,7.0602986329719863],[80.700153608807895,7.0602987264629045],[80.700156180914163,7.0603018666623889],[80.700157829227351,7.0603023751566019],[80.700159267461714,7.0603033041225176],[80.700161126655615,7.0603040224520859],[80.700171894180841,7.0603040676205921],[80.700173622066856,7.0603051015342677],[80.70018009344885,7.0603051025927526],[80.700187059594171,7.060307479365286],[80.700188026952048,7.0603094138514111],[80.700191839446617,7.060311068465416],[80.700194663404631,7.0603129779343554],[80.700195576448905,7.0603149169331347],[80.700195678395488,7.0603170086283935],[80.70019760815596,7.0603179729428236],[80.700200308993416,7.0603199520237663],[80.700201652116917,7.0603212680204424],[80.700202045596853,7.0603230296887096],[80.700203622287944,7.0603242109807622],[80.700204202236392,7.0603260079477623],[80.700204201883338,7.0603281629282684],[80.700205280222306,7.0603322976287828],[80.700205393930801,7.0603344254985272],[80.700206357668975,7.060336353653816],[80.700206357315935,7.0603385086343371],[80.70021174935178,7.0603460514957357],[80.700212827356722,7.0603467000652174],[80.700211100136144,7.0603471284277299],[80.700206785881079,7.0603471277223715],[80.700206355621248,7.0603488530833811],[80.700206354915153,7.0603531630443888],[80.700208081995186,7.0603535928759866],[80.70021023912274,7.0603535932286707],[80.700214495164758,7.0603497731972711],[80.700215256529873,7.0603492895136988],[80.700217169241057,7.0603493404679831],[80.700218133884519,7.0603512686233909],[80.70021969165748,7.0603574191184331],[80.700220888058269,7.0603592116646174],[80.700222257025288,7.0603630181465666],[80.700223782063162,7.0603645421651757],[80.700225563378254,7.0603654476747879],[80.700226385035705,7.0603671443023988],[80.70022822611854,7.0603679060358377],[80.700231276194387,7.0603709540729804],[80.700233035775454,7.060371913837872],[80.700235108659598,7.0603722713807482],[80.700236793972607,7.0603734780112495],[80.700237833757939,7.0603753519200598],[80.700240889266382,7.0603783927235124],[80.700242818122135,7.0603793561332768],[80.700244099294622,7.0603830947772623],[80.700245305773308,7.0603841521176447],[80.700246254663597,7.0603883075961278],[80.700247180408482,7.0603900802031037],[80.700250230484599,7.0603931282401309],[80.700250992374606,7.0603949677395663],[80.70025414206367,7.0603977761495953],[80.700255883533785,7.0603987775098895],[80.70025703831385,7.0604004542969667],[80.700262575122366,7.0604028543469974],[80.700263603219582,7.0604042426371461],[80.7002657322749,7.0604043089999289],[80.700268782351202,7.0604073570368273],[80.700270623434136,7.0604081196744142],[80.700272148472337,7.0604096436928403],[80.700273863680763,7.0604107092550841],[80.700276020808587,7.0604107096074653],[80.700277987766171,7.0604111684160324],[80.700281037842629,7.0604142164528527],[80.700284796916492,7.0604159578715597],[80.700286920528455,7.0604160983870923],[80.700290581771327,7.0604182539656382],[80.700294862521233,7.0604183333400847],[80.700295862499047,7.0604200752124076],[80.700301920090226,7.0604207426811509],[80.700303900579229,7.0604214881593927],[80.700306057707095,7.0604214885116301],[80.700312226444822,7.0604233478844227],[80.700313216509443,7.0604248202694651],[80.700316642388856,7.0604270228337098],[80.700320501006161,7.0604289505570899],[80.700321559918194,7.0604301109649912],[80.700323455335663,7.0604307424856767],[80.700330742093229,7.0604376544437688],[80.700332474507789,7.0604386784101605],[80.700333999546302,7.0604402024283806],[80.700335764586313,7.0604409957999792],[80.700337655885775,7.0604446676240382],[80.700339026114307,7.0604463028476392],[80.700340747661897,7.0604473539416341],[80.700341155628422,7.0604491002387961],[80.700342719645931,7.0604502896671484],[80.700348705433683,7.0604527422396632],[80.70035086256172,7.060452742591699],[80.700364881327388,7.0604656747626562],[80.7003669148379,7.0604687841264138],[80.700368631398618,7.0604726548709333],[80.700369194128243,7.0604745775345856],[80.700370156085057,7.0604763338695617],[80.700370271608151,7.0604784409403338],[80.70037185739433,7.0604793654080895],[80.700373053795857,7.0604811588581988],[80.700373506073731,7.060483176456815],[80.700375466172659,7.0604868320142753],[80.700376740965652,7.060490841951097],[80.700379975336176,7.0604961598457994],[80.700380197681994,7.0604982226225887],[80.700381053721429,7.0605000232516568],[80.700382484611524,7.0605015861398881],[80.700383210291108,7.0605034410065359],[80.700383262449932,7.0605055435453927],[80.700386242972002,7.0605076990121347],[80.700389679238754,7.0605128152776571],[80.700390758079337,7.0605138933960694],[80.700392643598832,7.0605141640935294],[80.700397303107152,7.0605174728345812],[80.700402938524505,7.0605202509023339],[80.700403927686736,7.0605217088180225],[80.700406017802848,7.0605218701267818],[80.700412749696156,7.0605285975130263],[80.700414504712086,7.06052980234562],[80.700416536834609,7.0605303298920958],[80.700418247515685,7.0605314081134676],[80.700420404644063,7.0605314084651836],[80.700423825101183,7.0605335640034248],[80.700425906139316,7.0605338835655864],[80.700427883911274,7.0605346417032857],[80.700468868445867,7.0605346483832001],[80.700470175801229,7.0605332749430572],[80.700473631284083,7.0605315880559258],[80.700484345441936,7.0605314188861135],[80.700485941557588,7.060530066292185],[80.700487766602848,7.0605292644628799],[80.700491917179463,7.0605282613502975],[80.700494062551996,7.060528188450327],[80.700496017052629,7.0605273278616334],[80.700541263376294,7.060527118193952],[80.70054297405764,7.0605281964148769],[80.700545106732079,7.0605282772459921],[80.700548791525932,7.0605303514380813],[80.700549299083065,7.0605319991810322],[80.700550464727698,7.0605336723519061],[80.700552211632171,7.0605346619558977],[80.700552534495145,7.060536495053193],[80.700554146544206,7.0605373517010461],[80.700557341514696,7.0605400506943994],[80.70055944700988,7.0605402716897334],[80.700563019516466,7.0605425954541268],[80.700565013593902,7.0605432839616871],[80.700588741101726,7.0605432878224219],[80.700592694865605,7.0605446214246523],[80.70059619674953,7.0605470437475519],[80.700597044670374,7.0605486761724796],[80.700600699608998,7.060550649076121],[80.700604971291114,7.060550832442396],[80.700605852718226,7.0605523834844846],[80.700611511730941,7.0605548052538101],[80.700613529401153,7.0605551437954315],[80.700617842752948,7.0605551444969041],[80.700619823242292,7.0605558944953914],[80.700621485000582,7.0605572286289782],[80.700623612245366,7.0605573004157041],[80.700623713294874,7.0605593541295155],[80.700624792033253,7.0605610634586338],[80.700626231119642,7.0605623297324174],[80.700629566429328,7.0605648433637072],[80.700631723557919,7.0605648437144479],[80.70063362165574,7.0605656976955986],[80.700635416503346,7.0605668934907087],[80.700640015163572,7.0605714357039169],[80.700641777463062,7.0605723882331946],[80.700643934591653,7.0605723885838829],[80.70064528232588,7.0605731972598145],[80.700649326785097,7.0605734664985818],[80.700651386958427,7.060574063680793],[80.700656962686651,7.0605765170870169],[80.700659881707196,7.0605783569364151],[80.700662931787264,7.0605814049707529],[80.700666208724044,7.0605866170656642],[80.700667928455729,7.0605877097566152],[80.700669780880631,7.060591095809758],[80.700671163838109,7.0605923973425417],[80.700672241423561,7.0605956295363406],[80.700672241072667,7.060597784516859],[80.70067357109609,7.0606017365857312],[80.700675096136223,7.0606032606028606],[80.700677095695767,7.0606036398354073],[80.700679252473634,7.0606057951664525],[80.700682329063795,7.0606072552293666],[80.700683854103985,7.0606087792464596],[80.700685907997695,7.0606090282665752],[80.700689232437341,7.0606115916329433],[80.700692940470447,7.0606154943508512],[80.700694719976099,7.060616405284267],[80.700697459267531,7.0606212971644151],[80.70069898430782,7.0606228211814601],[80.700699200318141,7.060624886670027],[80.70070127088951,7.060628339677721],[80.70070294534915,7.060629502897692],[80.700703899195616,7.0606310440039222],[80.70070496943957,7.0606348911300518],[80.700706699139332,7.0606359196161845],[80.700707461936759,7.0606377591150311],[80.700708904699638,7.0606386862713588],[80.700712633402972,7.0606435113928709],[80.700715854636812,7.0606461461831067],[80.700716452674001,7.060648053478733],[80.700718303288923,7.0606514404356933],[80.700721196852882,7.0606539639420554],[80.700722922504241,7.0606576203643101],[80.700722991011901,7.0606705204164477],[80.700723999139399,7.0606722586719357],[80.700723998788874,7.060674412748118],[80.700726802634691,7.0606775629295599],[80.700728618314983,7.0606786845739258],[80.700729968645973,7.0606802266487732],[80.700735572254757,7.0606893674615625],[80.700736092074379,7.0606935436686022],[80.700737001499448,7.0606954908045756],[80.700739092997836,7.0607038533369018],[80.700739092296658,7.0607081632978943],[80.700747718009112,7.0607254045428292],[80.700751687640533,7.0607293715090202],[80.70075203129511,7.0607313845680544],[80.700753975128592,7.0607348900051701],[80.700754736670604,7.0607388844842696],[80.700759756400601,7.0607481219635826],[80.700761685258826,7.0607490862755382],[80.700764299101621,7.0607516730382027],[80.700765509995875,7.0607534230825646],[80.700768431609049,7.0607560288857627],[80.700769508520779,7.0607578440189975],[80.70077144009457,7.0607588092356774],[80.700772517929181,7.0607605158513538],[80.700772517578756,7.0607626708318483],[80.70077314736092,7.0607641965119878],[80.700775753097361,7.0607665345868931],[80.700776644444602,7.0607683207519383],[80.700778025541879,7.0607699333681468],[80.700778707742202,7.0607719781330944],[80.700781144035275,7.0607753498115029],[80.700782309299768,7.0607793696768884],[80.700783637886062,7.060781034734787],[80.700785702092531,7.060784670412513],[80.700786856034213,7.0607859538215081],[80.700787378909098,7.0607880446806037],[80.700788771871331,7.060789060451385],[80.700789770041339,7.0607908023223604],[80.700791146645443,7.0607922132757546],[80.700792899890544,7.0607931866022211],[80.700796960779073,7.0607982034915393],[80.700798879759574,7.0607986794721107],[80.700799958601792,7.060799757589578],[80.700803973379237,7.0608044371621874],[80.7008062982989,7.0608080068671883],[80.700807023054423,7.0608099910499504],[80.700808101794209,7.0608116994743169],[80.700808134032741,7.0608138481299054],[80.700809735614598,7.0608178499797001],[80.700812449643905,7.060827809631391],[80.700817510059991,7.0608317894343564],[80.700818883014904,7.0608333758240232],[80.700819797899555,7.0608351529496547],[80.700822518602138,7.0608374720523495],[80.700828134979361,7.0608404779990721],[80.700828991941364,7.0608421863874176],[80.700833567065715,7.0608467584372656],[80.700836465211211,7.0608489518689792],[80.700844747939911,7.0608600862232018],[80.700846272981451,7.0608616102397779],[80.700847035779802,7.0608634497383642],[80.700848793552979,7.0608644131179101],[80.700851434970858,7.0608700022074418],[80.700853228966992,7.0608708778743621],[80.700855881616278,7.0608741971372462],[80.700858172131106,7.0608778120521292],[80.700865797339475,7.0608854321346914],[80.700869118593658,7.0608909064864251],[80.700870643635398,7.0608924305029133],[80.700881425756094,7.0609085941524157],[80.70088316053068,7.0609118264522142],[80.700884870309025,7.0609129046717314],[80.700885887573051,7.0609141301822378],[80.700889569745115,7.0609156545482232],[80.700892209738484,7.0609188716213582],[80.700895849411694,7.0609201111214688],[80.700896848540737,7.0609215256306372],[80.700902445961887,7.0609242114461992],[80.700903612496219,7.0609259940383371],[80.700907988717375,7.0609290703196672],[80.700909959245521,7.0609298564878742],[80.700914204662354,7.0609301483647906],[80.700917013654859,7.0609350691929595],[80.700918091140352,7.060938932597419],[80.700918969814552,7.0609407241860138],[80.700920810900669,7.0609414868210418],[80.700923385807627,7.0609441567734095],[80.700925542937952,7.0609441571228047],[80.700927412096945,7.0609448510344839],[80.700931541024147,7.0609489762799234],[80.700933319583768,7.0609501494634035],[80.700935364390418,7.0609506236551525],[80.700941089475648,7.0609531367669369],[80.700943182250867,7.0609536597993836],[80.700947472038791,7.0609538576345097],[80.700949560303911,7.060954282095981],[80.700951523597851,7.060955023047141],[80.700952566161831,7.0609565343248333],[80.700954324802225,7.0609577355387332],[80.700955836821095,7.0609614190549621],[80.700955836471479,7.0609635740354397],[80.700956611039118,7.0609654081098823],[80.700956913957214,7.0609674383441288],[80.700958197384622,7.0609684821304119],[80.700960729217499,7.0609744148409366],[80.70096122675595,7.060976452341202],[80.700961226406378,7.0609786073216902],[80.700962304241898,7.0609803157455495],[80.700962302843593,7.0609889356675115],[80.70096338168662,7.0609900137845925],[80.700963380288485,7.0609986328022343],[80.700965536864715,7.061002050554408],[80.700965885942026,7.0610041232988792],[80.700969243670912,7.0610079698903823],[80.700971201517362,7.0610088121237666],[80.700972434214236,7.0610100937364075],[80.700974892846432,7.0610152776629107],[80.700975240712182,7.0610192395193776],[80.700976318154332,7.0610233742179318],[80.70097631780483,7.061025529198405],[80.700978474381287,7.0610289469505148],[80.700979760081211,7.0610327244786886],[80.700981555889356,7.0610335956238481],[80.700981709451597,7.0610355968958451],[80.70098278728733,7.0610373053196618],[80.700983125511385,7.0610393210905809],[80.700984943966247,7.0610400918605132],[80.700984966248669,7.0610422378015283],[80.700986022357611,7.0610439561692715],[80.700986490941801,7.0610459167981174],[80.70099051485299,7.0610501179884126],[80.700991413417952,7.0610520606005567],[80.700993654345481,7.0610544564913065],[80.700997746608152,7.0610558199549054],[80.701000661895463,7.0610583796355897],[80.701002818121111,7.0610583799845008],[80.701003275885313,7.0610600783604927],[80.701003275535925,7.0610622333409685],[80.701004035597549,7.0610642084859796],[80.701006430347775,7.0610670004911471],[80.701009402697338,7.0610749372327479],[80.701010728569344,7.0610766040981785],[80.701010822019441,7.0610808751888685],[80.701011900411117,7.0610847394975709],[80.701012251865393,7.0610889030166222],[80.701013776558881,7.0610925820131252],[80.701014739489395,7.061093938640072],[80.701019053751466,7.0610939393380328],[80.701022920661956,7.0610950170016986],[80.701025008969424,7.0610951846376304],[80.701026534012328,7.0610967086535954],[80.701029577100485,7.0610982510014093],[80.701040317464418,7.0610984408359005],[80.701044176090178,7.0611003694576269],[80.701046324162903,7.0611004077862072],[80.701052446780153,7.061102060053881],[80.701053960129627,7.061103125580618],[80.701055141170741,7.0611047707189734],[80.701057070936272,7.0611057350298543],[80.701074312586172,7.0611058002150893],[80.701076194424047,7.0611064633815337],[80.701077733050553,7.0611079557485503],[80.701079889276429,7.0611079560971053],[80.701084035000477,7.0611089931111932],[80.701087116777572,7.0611119905062969],[80.701087392538099,7.0611140315878282],[80.70109169625789,7.0611176450183111],[80.701093623307315,7.0611186129458483],[80.701094673164675,7.061119810427412],[80.701100246066957,7.0611229999396183],[80.701102289062803,7.0611234822691786],[80.701104218828505,7.0611244465798864],[80.701105725816049,7.0611256703603837],[80.701107276353838,7.0611262774057053],[80.701111522685736,7.0611265204480356],[80.701117130890324,7.0611297181045511],[80.701119177474894,7.0611303993837495],[80.701123897477473,7.0611347372367819],[80.701125049151173,7.0611388583822734],[80.701125939567859,7.0611408136532283],[80.701127293608167,7.0611418257994689],[80.701127293259333,7.0611439807799439],[80.701128698908263,7.0611449233023231],[80.70113174899511,7.0611479713336101],[80.701133517636947,7.0611489075844078],[80.70113459557551,7.0611499857009576],[80.701136292736436,7.0611507293212954],[80.701139156418108,7.0611533486775233],[80.701139271948634,7.0611554322358954],[80.701141201714691,7.0611563956421266],[80.701141312718718,7.0611584819127104],[80.701142390555177,7.0611601912404804],[80.701142388462813,7.06117312021905],[80.701144545041174,7.0611765379703861],[80.701144854288401,7.0611786197514324],[80.701145933008036,7.0611804656307546],[80.701147458051608,7.0611819896463368],[80.701148057196306,7.0611882557356047],[80.701148857089777,7.0611902218436704],[80.701149117460886,7.0611922692528797],[80.701149934577614,7.0611940861518976],[80.701149934229036,7.0611962402280568],[80.701150641807089,7.0611981032293967],[80.701152090807568,7.0611996579793743],[80.70115232275451,7.0612039453700408],[80.701153168448386,7.0612081713664621],[80.701153168099694,7.0612103263469548],[80.701156400206372,7.0612297207893677],[80.701158369363071,7.0612333989528544],[80.701160159694794,7.0612345558596896],[80.701161684738622,7.0612360798752283],[80.701163566998375,7.0612397345124807],[80.701163947760492,7.0612418000274042],[80.701164869889539,7.0612435735362675],[80.70116502475932,7.0612542833533105],[80.701165407332041,7.061256347964199],[80.701166528602243,7.0612581621993575],[80.701167912044326,7.0612620844330189],[80.701169007972581,7.0612638733432913],[80.701169337144989,7.0612658918255304],[80.701173912801963,7.0612728132801692],[80.70118139226156,7.0612805599380133],[80.701183355111411,7.0612840572375504],[80.701184758045073,7.0612850006636299],[80.701185511792673,7.0612868437774647],[80.701185520496864,7.061288995142144],[80.701188570585003,7.0612920431730348],[80.701188745860392,7.061294124932413],[80.701190857175717,7.061297561666839],[80.701191917003271,7.06129868409172],[80.701194074135245,7.0612986844398922],[80.701195783915736,7.0612997626582779],[80.701197941047724,7.061299763006434],[80.701201177024146,7.0613008405667967],[80.701202851487466,7.0613020037849905],[80.701203843323142,7.0613037483669761],[80.701205675429776,7.0613040733114056],[80.701206533315172,7.0613056831289756],[80.701208464054787,7.061306228741957],[80.701209541993876,7.0613073068583185],[80.701211393113141,7.061307612815205],[80.701212688318819,7.0613086014395332],[80.701213549794687,7.0613103993549879],[80.701215566595437,7.0613105398491074],[80.701218462934904,7.0613127350868101],[80.701222062659284,7.0613147369147313],[80.701222176375964,7.0613168439849696],[80.701224333159658,7.0613189993134684],[80.701224332462914,7.0613233092744139],[80.70122474219346,7.061325367559423],[80.701226777415584,7.0613291470164663],[80.701230035745382,7.0613319400640986],[80.701239145822811,7.061337706536186],[80.701245924155216,7.0613428920623234],[80.701247643897176,7.0613439467699637],[80.701249606331857,7.0613444164255013],[80.70125113137631,7.0613459404407495],[80.701253418316284,7.061349303953758],[80.701255259404576,7.0613500665874813],[80.701256194263777,7.0613514901286525],[80.701257863293748,7.061352667814794],[80.701260913382768,7.0613557158452309],[80.70126207631624,7.0613573899181699],[80.701262075968032,7.0613595448986528],[80.701263153457333,7.0613634083022685],[80.701263962427262,7.0613652288170323],[80.701265422288614,7.0613667998460432],[80.701266387843276,7.0613687307123669],[80.701266387495679,7.0613708820755789],[80.701267466339701,7.0613719638092167],[80.701268225520252,7.0613737996892763],[80.701269622920606,7.0613753770384031],[80.701270020530316,7.0613796219529412],[80.701270700018895,7.0613816612908273],[80.701271778863685,7.0613827385028962],[80.701277125466177,7.0613859270721733],[80.701278650510886,7.0613874510873327],[80.701280527821922,7.0613881278169464],[80.701281605761523,7.0613892050288438],[80.701283762893937,7.0613892053766119],[80.701284841738627,7.0613902834929378],[80.701288982935793,7.061391344016668],[80.701291137349784,7.0613913615459349],[80.701295004263244,7.0613924401116872],[80.701296021511567,7.0613937759475807],[80.701301923138246,7.061396185991601],[80.701305210447728,7.0613989057939461],[80.701306174252224,7.0614004649868214],[80.701308445944221,7.0614029612598648],[80.701309295627553,7.0614049156195975],[80.701310656808985,7.0614065580733767],[80.70131162055408,7.0614084853220556],[80.70131167995261,7.0614106267474339],[80.701312348604802,7.0614125051156051],[80.701313836533316,7.0614140444979956],[80.701315598477748,7.0614172243503406],[80.701317287508303,7.0614178730157304],[80.701318859224301,7.061421875763247],[80.701319340679632,7.0614282268388058],[80.701320305329872,7.0614301549919407],[80.701320304981934,7.0614323099723952],[80.70132677359662,7.0614495499545358],[80.701327801757415,7.0614505783253199],[80.701327851199807,7.0614527125145967],[80.701330225016449,7.0614562324875507],[80.70133372691123,7.0614586539006261],[80.701334321330805,7.0614605630034646],[80.701334487415721,7.0614691133201033],[80.701335397777314,7.0614708913483115],[80.701336476172543,7.0614747556562163],[80.701336475476793,7.0614790656171404],[80.701337671527398,7.0614830719213213],[80.701338631679192,7.0614848300626178],[80.701341542457143,7.0614929223341516],[80.701344022211117,7.0614962777389616],[80.701344416601643,7.0614980385020463],[80.701345917254386,7.0614992631850928],[80.701347113662266,7.0615010566326815],[80.701347256345784,7.0615031682291027],[80.701348105124254,7.0615051225886116],[80.701348334710403,7.0615072233472587],[80.701347255517334,7.0615083011158291],[80.701346690405117,7.0615098908090079],[80.701343062861071,7.0615119846161258],[80.701342940321013,7.0615140645188337],[80.701341997793818,7.0615152779565218],[80.701341861685435,7.0615172963636841],[80.701340783295663,7.0615190053436176],[80.70134078016514,7.0615383992634078],[80.701342208447727,7.0615393318413373],[80.701343733145279,7.0615430108367265],[80.7013440143389,7.0615450492060141],[80.701344011556202,7.0615622890496494],[80.701344692041815,7.0615637631912573],[80.701345393522828,7.0615697589067494],[80.701346167165283,7.0615717322447429],[80.701346165774112,7.0615803512622515],[80.701346466883848,7.06158238149591],[80.701347243264465,7.0615842155699662],[80.701347241525497,7.0615949895679186],[80.701349817217448,7.0615984417497337],[80.701358731370703,7.0616179293457773],[80.701361038192829,7.0616215080882148],[80.70136239846984,7.0616231505417035],[80.701363363120791,7.0616250777904028],[80.701365173429451,7.0616258621222698],[80.701366284742775,7.0616276835898537],[80.701367913081512,7.061628599017947],[80.701370497829814,7.0616320276889466],[80.701373854858602,7.0616346516447237],[80.701376329169236,7.0616380875324278],[80.701378028989893,7.0616391910693252],[80.701379930888208,7.0616445783746595],[80.701381671459913,7.0616455815392483],[80.701381746250263,7.0616477057851288],[80.701382663828284,7.0616496438779803],[80.701382824267824,7.0616539158836273],[80.701380666551913,7.0616575246537874],[80.701380649007731,7.061659663353816],[80.701379097306813,7.0616606415718213],[80.701378508590125,7.061662657193164],[80.701375891977236,7.061665965657121],[80.701375271578911,7.0616679749431643],[80.70137342216961,7.0616682821121435],[80.701370046355606,7.0616754862389755],[80.701366641987221,7.0616801329608858],[80.701369872019526,7.0617124572842016],[80.701372028832594,7.0617144462182351],[80.70137202709401,7.0617252211204242],[80.701372939352908,7.0617264646992171],[80.701373103991472,7.0617327632734179],[80.701374074620162,7.0617369160400569],[80.70137418199613,7.0617390538558658],[80.701374180953152,7.0617455178928621],[80.701373101759586,7.0617465956614902],[80.701373101064164,7.0617509056223691],[80.701372022295445,7.0617549603930456],[80.70137202055686,7.0617657352952339],[80.701373098048009,7.0617695986985689],[80.701373097700269,7.0617717536790012],[80.701373885849847,7.0617735832333413],[80.701375254283064,7.0617751714292538],[80.701375410200868,7.0617794163047183],[80.701377195594759,7.0617831414619552],[80.701382273656691,7.0617900575695085],[80.701382801976422,7.061792087839728],[80.701380643912159,7.0617978515902893],[80.701380398274793,7.0617998555107713],[80.701378486297244,7.0618008300534933],[80.701378471467095,7.0618029787014036],[80.701377406654174,7.0618046931094742],[80.701377406306477,7.0618068480898986],[80.701376632932124,7.0618088202744076],[80.701376327537659,7.0618109028605911],[80.701376326146857,7.0618195227823337],[80.701376606435403,7.0618215620557336],[80.701378482382211,7.0618250955129822],[80.70138330224033,7.0618389684672529],[80.701383872194867,7.0618410312994664],[80.701383871847213,7.0618431862798881],[80.701384950693324,7.0618442634916656],[80.701384950345656,7.0618464184721024],[80.701385963004654,7.0618481540139015],[80.701387051311286,7.0618523113210037],[80.701387099925498,7.0618932478191736],[80.701389990689862,7.0618963618380031],[80.701390752586804,7.0618982013355227],[80.701393802680244,7.0619012493650448],[80.701394647862813,7.0619030545120385],[80.701395077510142,7.0619051082785198],[80.70139643331801,7.0619064034745547],[80.70139882858264,7.0619116597336467],[80.701400920062596,7.0619146307421161],[80.701401116364963,7.0619210486908202],[80.70140219385668,7.0619249120940681],[80.701403091545458,7.0619266955459379],[80.701403272253486,7.0619287764017526],[80.701404350092815,7.0619304848245781],[80.701404349397649,7.0619347947854134],[80.701405377446648,7.061936523999444],[80.701406956899092,7.0619374746877792],[80.701408117100627,7.0619392617991759],[80.701409642147524,7.0619407858138787],[80.701409740475469,7.0619428992117275],[80.701413473272027,7.0619449046768779],[80.701414482927362,7.061948428047069],[80.701415806139252,7.0619497747837174],[80.701417289140323,7.0619538154977413],[80.701418367081558,7.0619548927093083],[80.701418363606436,7.0619764425134992],[80.701415575186658,7.0619785970452114],[80.701415127733483,7.0619803043181948],[80.70141512669089,7.0619867692594438],[80.701412711024076,7.0619901446751294],[80.701411120816388,7.0619941396788217],[80.701410810548467,7.0619983763403837],[80.701409731354531,7.0619994532047654],[80.701409557769281,7.0620037224436425],[80.701406717322001,7.0620085419805321],[80.701406494305616,7.0620106046850646],[80.701406492567898,7.062021378682811],[80.701408026304236,7.0620251535366858],[80.701409841093209,7.0620262317711884],[80.701410805745198,7.0620281590197767],[80.701412962880568,7.0620281593669736],[80.701411880384967,7.0620497080931033],[80.701413979074573,7.0620528825733322],[80.701414740971842,7.0620547220708172],[80.701416193596856,7.0620562759162047],[80.701416239417213,7.0620584200522831],[80.701417203163913,7.0620603482050166],[80.701418564347762,7.0620619897541621],[80.701419427611441,7.0620639414028812],[80.701419586593033,7.0620660303940097],[80.7014211116404,7.0620675544086797],[80.701422846808839,7.0620683938913844],[80.701423851295232,7.0620702922083076],[80.701428018159987,7.0620750124940717],[80.701431753658298,7.0620771111038376],[80.70143327870575,7.0620786351184792],[80.701434040603132,7.0620804746159331],[80.701435565650584,7.0620819986305383],[80.701438838167562,7.062086669939335],[80.701439465160334,7.0620886776174885],[80.701440727664135,7.0620903896871781],[80.701440994373982,7.0620924343842413],[80.701442152780288,7.0620941301595304],[80.7014428349854,7.0620961749234352],[80.701443150220172,7.0621004333891673],[80.701443968244973,7.0621022493834564],[80.701444227712642,7.0621042967922962],[80.701444226323048,7.0621129167139234],[80.701443148033974,7.0621139944828357],[80.701442346598668,7.0621159603327062],[80.701441611855842,7.0621197474818791],[80.70143914104294,7.0621226716360912],[80.7014388320367,7.0621246981542241],[80.701437465899033,7.0621257080532436],[80.701435595124664,7.0621293846933018],[80.701434576570492,7.0621305212522225],[80.701434515445939,7.0621390814794882],[80.701436671683396,7.062144654209817],[80.701441927439618,7.0621499163547865],[80.701445348755271,7.0621524643580118],[80.701449199828986,7.0621563824661786],[80.7014500830728,7.0621579307939752],[80.7014592333595,7.0621670748813026],[80.701459996162356,7.0621689143788364],[80.701470670592116,7.0621795824803391],[80.701474327420087,7.0621811683310378],[80.701475877824038,7.0621826308562419],[80.701476669605199,7.0621844007262364],[80.701478728056571,7.0621844996275085],[80.701480536178451,7.0621876342708774],[80.701485197096744,7.0621991984845343],[80.701486275038533,7.0622002766002536],[80.701487863962527,7.0622042495074977],[80.701488431202336,7.0622063123391294],[80.701488685796662,7.062210516536231],[80.701489509253435,7.0622123307226845],[80.701489508559035,7.062216640683487],[80.701491398033227,7.0622205051213642],[80.701499564657439,7.0622221161134364],[80.701501721793704,7.0622221164602346],[80.70150345965115,7.0622231259541293],[80.701506509747446,7.0622261739829071],[80.701510301383422,7.0622281948300811],[80.701513513550225,7.0622310177106584],[80.701517049938033,7.0622328929221716],[80.701517958537963,7.0622343815691933],[80.701519483586196,7.062235905583524],[80.701524063429744,7.0622394051107849],[80.70152872006247,7.062243864127586],[80.701530487783529,7.0622449278850254],[80.701531378231223,7.0622467140484257],[80.701533457488509,7.0622469024798944],[80.701534801607679,7.0622477147699332],[80.701536138357966,7.0622493165249889],[80.701537955905422,7.0622501361255914],[80.701540113041816,7.0622501364722146],[80.701541764853133,7.0622514597491373],[80.701547320673285,7.062254025276534],[80.701548852059673,7.0622555402486613],[80.701552710697243,7.0622574679618868],[80.701556797657418,7.0622581070642187],[80.701557605739524,7.0622598362425473],[80.701558684586999,7.0622609134539447],[80.701560795539393,7.0622610250236724],[80.701563374910606,7.0622641471302261],[80.701563919593099,7.0622657578010912],[80.701564997433806,7.0622674662235276],[80.70156505760535,7.062276060834205],[80.701566074792183,7.0622777954720002],[80.701569948448196,7.0622820255711662],[80.701570845276038,7.062283542249931],[80.701574265751333,7.0622856977797488],[80.701575275755985,7.062287062551917],[80.701579147981832,7.0622889305823797],[80.701581305118424,7.0622889309288128],[80.701583334531975,7.0622894729388612],[80.701585263398314,7.062290437247424],[80.701593322110853,7.062293242819444],[80.701595449354571,7.062293371573606],[80.701597363735104,7.0622943503488163],[80.701598328388414,7.0622962775970102],[80.701602519519867,7.0622964772190189],[80.701604425813542,7.0622970825111882],[80.701609000959763,7.0623016545533632],[80.701609211543214,7.0623037218491387],[80.701610290390903,7.062304799060418],[80.701610289697641,7.0623091090211929],[80.701609210503278,7.0623101867903371],[80.701609208770208,7.062320960788008],[80.70161244452062,7.0623234933868693],[80.701613261641114,7.0623253102850159],[80.701618143731537,7.062329418463265],[80.701620299492845,7.0623323424567044],[80.701626399688465,7.0623384385127181],[80.701626458206192,7.062368581118978],[80.701627535669815,7.0623726371405429],[80.701628614416194,7.0623743455629686],[80.701629707269134,7.0623783979697503],[80.701630671017554,7.0623803252177169],[80.701632139031133,7.0623818908209923],[80.701632927182885,7.0623837194705548],[80.701640547908767,7.062391299749792],[80.701642367268406,7.0623921130200991],[80.701643967479967,7.0623934552789622],[80.701646049454638,7.0623936373801799],[80.701648658710866,7.0623966880502156],[80.701650815847955,7.0623966883963352],[80.701653996348341,7.0623994226480873],[80.70165475824713,7.0624012621451584],[80.70165657760667,7.0624020763197173],[80.701657583005769,7.0624039384637065],[80.701657728964108,7.0624082131797659],[80.701658807333274,7.0624122692014053],[80.701659027522339,7.0624165267474091],[80.701660956829798,7.0624203821478453],[80.701660962820242,7.0624225353206196],[80.701662316763944,7.0624241786764861],[80.701664294055945,7.0624279852516398],[80.701666223828227,7.0624289495600125],[80.701667917868534,7.0624322469608964],[80.701669910143551,7.0624329463152469],[80.701670831396342,7.0624345660895482],[80.701673880589894,7.0624376141170719],[80.701673901623906,7.062441915038197],[80.701677414048646,7.0624464633970705],[80.701682458187321,7.0624504956382257],[80.7016845854411,7.0624505665158912],[80.701688246706453,7.0624527220835214],[80.70169234172792,7.0624539064873373],[80.701695391826945,7.0624569545148717],[80.701697108405924,7.0624608252543801],[80.701700549175769,7.0624662634466286],[80.70170122562665,7.0624703284468611],[80.701705174280093,7.0624754212725458],[80.701706565898562,7.0624792105716399],[80.70170764643413,7.0624810546412862],[80.701708408679451,7.0624807391578823],[80.701712720704364,7.0624947467698878],[80.701712720336829,7.0624970346844425],[80.701713576385046,7.0624988353110103],[80.701713797832269,7.0625008989912264],[80.701718423269426,7.0625079886507676],[80.701719948319209,7.0625095126644428],[80.701720267536686,7.0625115356661965],[80.701721971992029,7.0625119880964604],[80.70172367271698,7.0625131223789293],[80.701725719308499,7.0625138036554791],[80.701729922132301,7.0625144861819527],[80.70173196872382,7.0625151674584714],[80.701735060474206,7.0625181494774978],[80.701738992524938,7.0625195328039085],[80.701739680255798,7.0625210015201771],[80.701741149316547,7.0625216881299888],[80.701743192352168,7.0625219651775035],[80.701744717402065,7.0625234891911131],[80.701751510502461,7.0625270451382747],[80.701752522307132,7.0625284813511504],[80.701754568898764,7.0625291626275857],[80.701756246970433,7.0625304397879214],[80.701758292656692,7.062531121968501],[80.701763701763994,7.0625341351053121],[80.701764890971248,7.0625356988548678],[80.70177085240006,7.0625378547903308],[80.701775166675574,7.0625378554814287],[80.701781551019849,7.0625389027954384],[80.701783498000864,7.0625398119429326],[80.701802864232022,7.0625400148977757],[80.7018049543383,7.0625402973784519],[80.701810742752372,7.0625431893973545],[80.701811529098293,7.062544995438456],[80.701813054148502,7.0625465194518418],[80.701814780235196,7.0625475587850719],[80.701816937372968,7.0625475591304303],[80.701818893474325,7.0625480441559265],[80.701820418524576,7.0625495681692794],[80.701822514989175,7.0625497150037786],[80.701826257850456,7.062551092873278],[80.701827782900736,7.0625526168866166],[80.701836797959942,7.0625583923749495],[80.701838323010264,7.0625599163882624],[80.701840188549866,7.0625606500855502],[80.701843638831519,7.0625632369759863],[80.701851036484825,7.0625676349348741],[80.701852965352856,7.062568599242339],[80.701855001108868,7.0625691141227964],[80.701857157341536,7.0625691144678262],[80.701859021074668,7.0625698237482748],[80.70186057782027,7.0625712699955567],[80.70186262540895,7.0625713806494819],[80.701865523593781,7.0625734257673178],[80.70186763852189,7.0625769800599905],[80.701869259622342,7.0625779009110747],[80.701873408488439,7.0625820180124732],[80.701874487236211,7.0625837264343234],[80.701875990609039,7.0625849538290231],[80.701876643896853,7.0625867046855912],[80.701876889787371,7.06258875842218],[80.701878414837921,7.0625902824353401],[80.701879520723637,7.0625921075180393],[80.701879877953402,7.0625941784544182],[80.701880837204257,7.062595936594434],[80.701880956355822,7.0625980418566492],[80.701882441663727,7.0625990232750038],[80.701883576519677,7.0626008284674198],[80.701885101224903,7.0626045074609527],[80.701885268356307,7.0626065928359294],[80.701886347205331,7.0626076700465648],[80.701888020263013,7.062606347302669],[80.70188878306827,7.0626081867995074],[80.701890607862694,7.0626089865050128],[80.701892765000764,7.0626089868500159],[80.701894305446274,7.062610472884395],[80.701898139741374,7.0626118136910758],[80.701899933695032,7.0626130085768484],[80.701903602312953,7.0626144868127163],[80.701904443877595,7.0626162937668058],[80.701906284066879,7.0626170554935133],[80.701910859219197,7.0626216275327227],[80.701911622024554,7.06262346702953],[80.701914158912459,7.0626262292103315],[80.701915248520507,7.0626279539114796],[80.701918625492311,7.062630465731579],[80.701920466586756,7.0626312283626929],[80.701922970838766,7.0626342907705109],[80.701924730393642,7.0626354892679561],[80.701935405749992,7.0626461573589667],[80.701937189751249,7.0626473224006432],[80.701938145411248,7.0626488951555766],[80.70193986968772,7.0626499372009901],[80.701941054368305,7.0626515099925014],[80.701941345514911,7.0626535962916135],[80.701943171678892,7.0626571505377846],[80.701944728508892,7.0626580731869648],[80.701945657497461,7.0626622693527326],[80.701945652321029,7.0626945931540854],[80.701946730825298,7.0626978253449506],[80.701946730480202,7.0626999803253208],[80.7019478079782,7.0627038437272365],[80.701947818496038,7.0627059969007213],[80.701948885992749,7.0627101343081984],[80.701950751030921,7.0627140041661773],[80.701952105881276,7.0627156502343063],[80.701952119675653,7.0627199538671714],[80.701953630242372,7.0627214842079695],[80.701955355461422,7.0627222947490846],[80.701955470992317,7.062724400915009],[80.701957229680346,7.0627253624819071],[80.701957511809027,7.0627272353614288],[80.701959152837162,7.0627280802530006],[80.701965232032478,7.0627297080853984],[80.701969462894354,7.0627305533907272],[80.701973757225133,7.0627307521216096],[80.701974767633786,7.0627296065171095],[80.701975846764128,7.0627232746823898],[80.701975847453909,7.0627189656259581],[80.70197692674941,7.0627172566447838],[80.701976927094378,7.0627151016644145],[80.701977494016134,7.0627135137794754],[80.701979205053931,7.0627124361104388],[80.701981326875327,7.0627125214549311],[80.701982851926644,7.0627140454677466],[80.701984693021501,7.0627148080986064],[80.701986218072861,7.0627163321114308],[80.701988202248032,7.0627167475085351],[80.70199898794101,7.0627167492312353],[80.702001777267824,7.0627145946962608],[80.702021188797218,7.0627146113606578],[80.702026987256431,7.0627169770677023],[80.702029774984837,7.0627191551010435],[80.702031931576812,7.0627225728481919],[80.702032235406179,7.062724601273163],[80.702034794815901,7.0627280507356103],[80.702035165629255,7.0627300936402904],[80.702036427340104,7.0627311283769885],[80.702037431830419,7.0627330266925821],[80.702038956881978,7.0627345507052182],[80.702039719688045,7.062736390201807],[80.702041244739618,7.062737914214436],[80.702043317092958,7.0627416656399946],[80.70204380286998,7.0627437040414405],[80.702044869850013,7.0627454178869096],[80.702047491907251,7.0627476971768735],[80.702050209388375,7.0627532871758723],[80.702052301895293,7.0627555464863851],[80.702053330838652,7.0627573697477528],[80.702053496155486,7.0627594858690701],[80.702054294244846,7.0627614528795375],[80.702055652718172,7.0627630890004864],[80.702056730172671,7.0627672309308851],[80.702058886865984,7.0627700174667138],[80.702058886176957,7.0627743265231411],[80.702059964925709,7.0627760358488905],[80.70205996423654,7.0627803458096254],[80.702060453634402,7.0627823851159572],[80.702064387041105,7.0627922925042625],[80.702066188740332,7.0627960050010206],[80.702068280644895,7.0628020334923871],[80.702069424561614,7.0628037925657905],[80.702069666487532,7.0628080021863742],[80.702070873438146,7.0628118348619813],[80.702072900548814,7.0628154750495469],[80.701924661488917,7.062862200793977],[80.701717030497036,7.062821323304612],[80.701407087001556,7.0628987090210016],[80.701304957988455,7.0630180855355142],[80.70113136605363,7.0631444941872177],[80.700487697077236,7.063184127107176],[80.700296021614776,7.0633249816263657],[80.700111577848375,7.0634658372491472],[80.699721018367796,7.0636030461791295],[80.69946426090857,7.0636933158723743],[80.699400469789026,7.0637488971297504],[80.699342697765644,7.0637917972746616],[80.699280482979376,7.0638287788460259],[80.699236043611748,7.0638628035342625],[80.699184198940486,7.0638894287980625],[80.699133839633333,7.0638894204473441],[80.699086447547145,7.0638627787286277],[80.69907608676526,7.0638169074913089],[80.699058321843481,7.063762157374085],[80.699009446368777,7.0637503117865279],[80.698954639153143,7.0637754570750522],[80.698893908160429,7.0638006013714421],[80.698816885308645,7.0638183438497428],[80.698772448462535,7.0638316533739118],[80.698728020513897,7.0637916951855013],[80.698671746353099,7.0637384180888301],[80.698630274366337,7.0637339718895236],[80.698591762694107,7.063744323470468],[80.698536959088557,7.0637531919632561],[80.698486597068907,7.0637694602893593],[80.698412540969684,7.0637635291618528],[80.698337001285267,7.063767955786056],[80.69831922178993,7.0638005053957471],[80.698323661299,7.0638256596326059],[80.698268854694689,7.0638522852020387],[80.698222935484367,7.0638685533402485],[80.698179980714258,7.0638803835988373],[80.698125173937825,7.063902568969648],[80.698088143839954,7.0639144002152356],[80.698049632141178,7.0639247517510464],[80.698018526311571,7.0639336241679507],[80.697975569377135,7.0639528525995781],[80.697953347768475,7.0639809621696719],[80.697888172710563,7.0640075859475129],[80.697831888713168,7.0640075764574348],[80.697812629480651,7.0640327267007788],[80.697830396265957,7.0640756402986113],[80.697854086984918,7.0641229932674667],[80.697858525316363,7.0641496278698925],[80.697747429122217,7.0642087964707807],[80.697713363133161,7.0642073103553695],[80.6976911490123,7.064191030760111],[80.697648194296789,7.0641969422344468],[80.697562286018936,7.0642072848095223],[80.697507476161718,7.0642472263101181],[80.697480808260593,7.0642901323925029],[80.697476357488213,7.0643315627806897],[80.697482274384001,7.0643774332981319],[80.697497078257584,7.0644262642361042],[80.69749410792781,7.0644706537901278],[80.697477806428466,7.0645253981926119],[80.697451131220433,7.0646112148706903],[80.697417048458377,7.0647029481209378],[80.69738593149809,7.0647769256678812],[80.697341483345951,7.0648612589611348],[80.697307403313019,7.0649367163609798],[80.697299985085891,7.0650106979249783],[80.697289604962492,7.0650846798898357],[80.697289591111371,7.0651660609026727],[80.697291058711045,7.0652444832518455],[80.697298451258476,7.065321427149601],[80.697326579038389,7.0654028138448455],[80.697369517767029,7.0654916003392687],[80.697409497230282,7.0655596721141221],[80.697433255444807,7.065604211792694],[80.697418300621649,7.0655911835197047],[80.697249100248115,7.065581711948405],[80.696701497703472,7.065545507497756],[80.696463747244792,7.0655315665428535],[80.696286493896991,7.0655176358774154],[80.696163687304733,7.0655079449082505],[80.696005150455122,7.0654937460660339],[80.695961291307498,7.0654890351566442],[80.695925114505215,7.0654860582359591],[80.69589537937,7.0654825877663523],[80.695881503519459,7.0654806049202907],[80.695875061972316,7.0654699591283361],[80.695869612466097,7.0654598090718315],[80.695859588020667,7.0654492702734757],[80.695829343772274,7.0654218797061459],[80.69554967822458,7.0653174661893168],[80.695507937388513,7.0653071850319229],[80.695428082977799,7.0652968963418399],[80.695346413762849,7.0652908386067388],[80.695069922845462,7.065208156921881],[80.694480815613119,7.0646627587672128],[80.694361656939677,7.0645527442937812],[80.69434471936458,7.0645473018625617],[80.694333224094393,7.0645515311219027],[80.694319913851771,7.0645557591568195],[80.694309628651311,7.0645611958877792],[80.694292689210542,7.0645611929021381],[80.694238678311393,7.0645603622614104],[80.694197250074296,7.0645591938131522],[80.694144206987545,7.0645576380725892],[80.694110134746239,7.0645607257121581],[80.694078385032967,7.0645653619450179],[80.694055927860433,7.0645727073341575],[80.693979338319338,7.0646056940089279],[80.693925066304885,7.0646326673188238],[80.693887150448148,7.0646512261668244],[80.693859223115354,7.0646732376434063],[80.693828632182928,7.0646925718771323],[80.693799975665257,7.0647223494679787],[80.693777222743847,7.0647587277865016],[80.693758460632836,7.0648070726924441],[80.693736675194643,7.064844539069969],[80.693715932250129,7.0648685403986349],[80.693696958369031,7.064880914373342],[80.693671015306663,7.0648925139211816],[80.693643524644742,7.0648971499761837],[80.693607903537583,7.0649002382078327],[80.693566089293185,7.0648959759770245],[80.693528921278514,7.0648882338652683],[80.693503756187255,7.0648824273098292],[80.693481300638297,7.0648754610007796],[80.693461555950833,7.064865014469456],[80.693436391690014,7.0648545669720439],[80.693406193757866,7.0648425703911668],[80.693378319121805,7.064832895596016],[80.693353153268419,7.064826315844039],[80.693324503140829,7.0648201225156084],[80.693310564576564,7.064819732983084],[80.69329868330901,7.0648208910981234],[80.69326601263981,7.0648323682450176],[80.693212772178811,7.0648510943131555],[80.693170422204417,7.0648661951185838],[80.693151666480631,7.0648734443635695],[80.69313714532403,7.0648861329080272],[80.693122622611583,7.0649024486544194],[80.693110518842431,7.064927829674482],[80.693071786996597,7.0650088067610879],[80.693053025197429,7.0650498990405799],[80.693028212085352,7.0651054963337385],[80.693002795649534,7.0651484005689067],[80.69297798552553,7.0651822409740079],[80.692935701155619,7.0652350778794419],[80.692924470181666,7.0652493875367792],[80.692908205603217,7.0652667899490105],[80.692890005790687,7.0652783899364344],[80.69287103180163,7.0652911509231684],[80.692850896477992,7.0653035246544968],[80.692833084585487,7.0653124171937431],[80.692821854719185,7.0653205386294928],[80.692809850398746,7.0653313665371096],[80.692802878778977,7.0653441287705983],[80.692793009360855,7.0653679222076518],[80.692790776972529,7.0653785664844415],[80.692789535196482,7.0653976273874282],[80.69279126600037,7.065417679047588],[80.692792997605991,7.065433274249572],[80.692795503513594,7.0654520419232574],[80.692798208747817,7.06547989165598],[80.692798588809097,7.0655158626133234],[80.692797420518104,7.0655541546661524],[80.692798963931779,7.0655843246593601],[80.692798572529981,7.0656063717588911],[80.692797795501491,7.0656233899003222],[80.692789661150798,7.0656435021870232],[80.692781286143827,7.0656578358653652],[80.692760109083792,7.065674149500432],[80.692726834195142,7.065682604283217],[80.692687511317175,7.0656819931353461],[80.692633670620083,7.0656753358443591],[80.692584670566674,7.0656614268219196],[80.692545350852896,7.0656432882532503],[80.692510266112677,7.0656233381993188],[80.692478206746983,7.0656027846062868],[80.692436469122299,7.0655749766700167],[80.69241045916381,7.0655556323260837],[80.692385657823465,7.0655405185785343],[80.692354201629456,7.065528425845466],[80.692325770589662,7.0655169377379421],[80.692299759108096,7.065506055051519],[80.692270118441655,7.0654909404240245],[80.692238662910654,7.0654752213851024],[80.692220326602524,7.0654656242066478],[80.69219008222764,7.0654401225170487],[80.692144715293125,7.0654089516600331],[80.692108798715026,7.0653938358869937],[80.692065315217604,7.0653994944455896]]]},"properties":{"OBJECTID":3,"Area_ha":69.17538459928663,"Area_ac":170.93541425173774,"Shape_Length":4413.6940188929848,"Shape_Area":691753.84599304583}},{"type":"Feature","id":4,"geometry":{"type":"Polygon","coordinates":[[[80.691211404203884,7.0623503953129703],[80.691297010096648,7.062309431068849],[80.691175692631205,7.0622109227850682],[80.691133050257704,7.0621332615518293],[80.69117950767243,7.0620849742639411],[80.69099279384578,7.0619315286561095],[80.690727434451759,7.0615934058186109],[80.690688755259302,7.061550074836493],[80.69065617506584,7.0615234340861353],[80.690654701496157,7.0614834830361408],[80.690697664953177,7.0614243044996723],[80.690733221817482,7.0613754826088133],[80.69078062406048,7.0613429387329711],[80.690799885191055,7.0613089093221779],[80.690793968717969,7.0612645181790974],[80.690799903709404,7.0612082926482884],[80.690819164288271,7.0611772230557079],[80.690847310646305,7.0611550336474895],[80.69088730265895,7.0611476418910399],[80.690948029647103,7.061144694114855],[80.69099394711381,7.0611328650630369],[80.691020610263664,7.0611180735644563],[80.691053197238404,7.0611077215219051],[80.691072452095597,7.0611077250477443],[80.69113317971167,7.0611062567050586],[80.691176133041367,7.0611018252849913],[80.691255921885542,7.0611443806043823],[80.691313774141506,7.0611698231906779],[80.691366995918386,7.0612068238653922],[80.691420218548444,7.0612392016815271],[80.691459555162112,7.061271576056531],[80.691512775274305,7.0613178251327984],[80.691542698595711,7.0613549146874188],[80.691575984122451,7.0614155875502469],[80.691713685088047,7.0616627163697796],[80.691749232977472,7.0616627228286362],[80.691777375723916,7.0616553297480467],[80.691814404817663,7.0616538570133525],[80.691846989122894,7.0616583012994587],[80.691904749731378,7.0616805072568853],[80.691953624531848,7.0616938330430727],[80.692006942779642,7.0617086390864818],[80.69206322273466,7.0617293643943695],[80.692095803828792,7.0617515657704821],[80.692140232885194,7.0617811665746197],[80.692177255824802,7.0618137258554006],[80.692208353481576,7.0618448046052054],[80.692258701315154,7.0619069599594511],[80.692298679456655,7.0619765107244934],[80.692320889103428,7.0620209047890548],[80.692356424884139,7.0620830574597102],[80.692396404391573,7.0621452100244433],[80.692434900834598,7.0622192006916702],[80.69247339675573,7.0622961502705968],[80.692498563771636,7.0623656983500425],[80.692520772388079,7.0624160111390069],[80.69254298410668,7.062444128447285],[80.692566678738402,7.0624663281912214],[80.692596297126215,7.0624885280951348],[80.692636285229227,7.0625033325738862],[80.692674791863709,7.0625210947937669],[80.692754766592898,7.0625640197562589],[80.69282585522356,7.0625995440150406],[80.69287620683393,7.0626365449079742],[80.692905825355552,7.0626631840692555],[80.692873391933546,7.0626699723662654],[80.692858725108735,7.0626725271363799],[80.692826011075383,7.062669197916005],[80.692788860661793,7.0626653135528201],[80.692766127578849,7.0626619861192408],[80.692729531966137,7.0626586561953459],[80.692693491353253,7.0626547720238744],[80.692659668029677,7.0626536581615671],[80.692637597595763,7.0626552069012885],[80.692620298633642,7.0626564209975244],[80.692599227242596,7.0626597405616529],[80.692556529566403,7.0626713650696358],[80.692520485856505,7.0626846529005398],[80.692487213326757,7.0627012654855434],[80.692318079369002,7.0627915253083842],[80.692263735324048,7.0628120117719426],[80.692223806391894,7.0628252997823253],[80.692210501575445,7.0628297276120398],[80.692175658446317,7.0628414629259941],[80.692164476489225,7.0628452291803674],[80.692120117302352,7.0628490988562103],[80.692088811547706,7.0628420829511773],[80.692087957960084,7.0628418919864959],[80.69205746291513,7.0628319155024748],[80.69202863176578,7.062821385877708],[80.691995920644516,7.0628019923681089],[80.691947133128153,7.0627609918842946],[80.691906106769693,7.0627310724564047],[80.691871179484252,7.0626978307779851],[80.691862174743235,7.0626857683102351],[80.691845125466841,7.0626629276741255],[80.691807983628209,7.0626119592286747],[80.691783593312209,7.0625776116721184],[80.691761973775087,7.0625438171533812],[80.691743680112012,7.0625194407625598],[80.691725386854301,7.0624928488020853],[80.691693234401541,7.0624529600033474],[80.691669395576241,7.0624274748169835],[80.691643339771446,7.0624025435705367],[80.691623935510307,7.0623875835933436],[80.691591777824328,7.0623715135097616],[80.691583827915935,7.0623680657225414],[80.691562393124514,7.0623587681866544],[80.69151415483303,7.0623443572985289],[80.691475897481382,7.0623349328026919],[80.691444846470688,7.0623310503487806],[80.691411578276359,7.0623288278086678],[80.691371655717944,7.0623271593006667],[80.691348366750233,7.0623293706192403],[80.691311214958333,7.0623332415342421],[80.691269188312035,7.0623384815911834],[80.69126685550998,7.0623387723540265],[80.691246931784946,7.0623429484521063],[80.691211404203884,7.0623503953129703]]]},"properties":{"OBJECTID":4,"Area_ha":2.0042689024080143,"Area_ac":4.952636506317635,"Shape_Length":704.31868634058856,"Shape_Area":20042.689024132404}},{"type":"Feature","id":5,"geometry":{"type":"Polygon","coordinates":[[[80.707378976666774,7.0416316129327425],[80.707370657728561,7.0415911436077652],[80.707358171177205,7.0415151594083039],[80.707354014508169,7.0414790856689145],[80.707341765984651,7.0414278128153995],[80.707331645938865,7.0413860554785996],[80.707311935956668,7.0413353123537297],[80.707292230191612,7.041286680804105],[80.707283176704394,7.041267651772718],[80.707266133609437,7.0412581394741105],[80.707236312222676,7.0412295966868426],[80.707203822996291,7.0411846673146803],[80.70717239941655,7.0411624662470933],[80.707141508791167,7.0411355076551798],[80.707101561348495,7.0410937513157021],[80.7070269981416,7.041033494782921],[80.706972141261616,7.0409996643476251],[80.706926870927873,7.0409732362457262],[80.706906633085865,7.0409663631544159],[80.706866156930275,7.0409557911147793],[80.706843252751881,7.0409468060483187],[80.706823017000389,7.0409320057284113],[80.706811830546314,7.0409156205872314],[80.706810765314373,7.0409024056733998],[80.706819290279952,7.0408902475237189],[80.706835796389583,7.0408828490679776],[80.706864024348235,7.0408828487490869],[80.706908761129441,7.0408876048685727],[80.706963619330125,7.0409002915223509],[80.707028599662095,7.0409161492970558],[80.707087714369806,7.0409325334081485],[80.707135647302636,7.0409436355586266],[80.70718677689095,7.0409515640321887],[80.707235242229928,7.0409616054898807],[80.707293298406185,7.0409806345397579],[80.707326853037202,7.0409949077847758],[80.707354014757755,7.0410128787308981],[80.707375847307716,7.0410334931051226],[80.70742005328529,7.0410837090129244],[80.707479707157006,7.0411698673873033],[80.707516985766901,7.0412327670902863],[80.707575056018428,7.0413284449427778],[80.707598692236758,7.041363878582211],[80.707616532433946,7.0414004444736538],[80.707623125406613,7.0414150700266172],[80.707643178288109,7.0414548981069967],[80.707668221837139,7.0415041960032072],[80.707691075948262,7.041546101705177],[80.707731436925769,7.0416201014062185],[80.70775112920596,7.0416562135984915],[80.707850658379002,7.04182708044695],[80.707897905662279,7.0419034531620079],[80.707944985523795,7.0420043391138645],[80.707970969057257,7.0420697728231998],[80.707983277011635,7.0421175794289947],[80.707988956792306,7.0421561067919178],[80.707992745514872,7.0421955743653326],[80.707988957880886,7.0422350408289773],[80.707979489826855,7.0422773270187751],[80.707946350048843,7.042346676790725],[80.707923323495976,7.0423875719638804],[80.707899084460308,7.0424314756138635],[80.707877875236491,7.0424741742551653],[80.707860909937594,7.0425138666709737],[80.707853635723865,7.0425397281069193],[80.707854244198003,7.042569195299154],[80.707862725887949,7.0426112933094975],[80.70787128591239,7.0426439186319927],[80.707897133661731,7.0426726100073518],[80.707938346533368,7.0426973725768232],[80.70798895153743,7.0427100069421043],[80.708018129368384,7.042708463932386],[80.708053341581149,7.0426977095475465],[80.708088558726416,7.0426779933995221],[80.708127388251057,7.0426287057733985],[80.708150863869349,7.0425623885539306],[80.70817524446376,7.042466499461506],[80.708210459451081,7.0423499998981738],[80.708219491107656,7.0422711368121353],[80.708225485356067,7.0421649240843625],[80.708227799104051,7.0420960997218005],[80.708231262779321,7.0420496428536961],[80.708230689237197,7.041985405659271],[80.708217974875794,7.0419125657526696],[80.708201213108268,7.0418483280030877],[80.708182003925927,7.0417951957877474],[80.708162770921007,7.0417316919793818],[80.708125976995703,7.0415971127748342],[80.708097757958583,7.041486492838164],[80.708082883276646,7.0414424441919019],[80.708130592189249,7.0414138133196902],[80.708141319584229,7.0414005974192957],[80.708196015433387,7.0413480909320292],[80.708260122866776,7.0412862568974779],[80.708298048342996,7.0412530975794958],[80.708317010702814,7.0412297970500566],[80.708335068557886,7.0411894708491456],[80.708365771654243,7.0412056019717806],[80.708373897428075,7.0412118736755884],[80.708448448441843,7.0411770846760318],[80.708541449276268,7.0410642722359782],[80.708658565984123,7.0409377846051511],[80.708768794850585,7.0408694126569848],[80.70893413095402,7.0408318080165184],[80.709147693473355,7.0407600181109977],[80.709378479585936,7.0407326677162114],[80.709523154208426,7.0407189953126377],[80.709716048046431,7.0406642964542536],[80.709916693844022,7.0406472036569872],[80.71011583334591,7.040700619101532],[80.710325737065091,7.0408448409732944],[80.710503347055621,7.0408662078988824],[80.710610525786578,7.0408449327170874],[80.710634099644324,7.0408362347171485],[80.710656216353115,7.0408326259961473],[80.71066742789543,7.0408389405975162],[80.71067984995058,7.0408496168805526],[80.71069833272054,7.0408563828530886],[80.7107133294043,7.0408584865904897],[80.710727267353633,7.0408518707726229],[80.710735902857692,7.0408446546480521],[80.71074635500517,7.0408442030554097],[80.710759232583484,7.0408469096716315],[80.710777109203207,7.0408514192897691],[80.710793167765814,7.0408527734966002],[80.710801347537071,7.0408550291028984],[80.710811951771305,7.0408608923623204],[80.710820590590671,7.0408687095704465],[80.710836431555137,7.0408790336464522],[80.71085434889865,7.0408836228471099],[80.710863592571414,7.0408836232398215],[80.71087399454899,7.0408859171378664],[80.710897113706764,7.0408922261695359],[80.710913869286927,7.0408933733818158],[80.710930628407496,7.0408950930254512],[80.710950856248701,7.0408962416273857],[80.710966458552647,7.0408979611076177],[80.710998244304676,7.0409077113628404],[80.711023093239064,7.0409077121285337],[80.71103985280385,7.0409191829977837],[80.711056611604164,7.0409231977885103],[80.711074526879287,7.0409231966771362],[80.7111132463328,7.0409197557458887],[80.711128852236797,7.0409151676235631],[80.711157166673033,7.04091172704321],[80.711170458059854,7.0409134470981796],[80.711194730579876,7.0409186087004096],[80.711218424324997,7.0409134465596823],[80.711237494743088,7.0409059913340624],[80.711260033664388,7.0409059917649071],[80.711277370073645,7.040915740890223],[80.711295285476766,7.0409277852472663],[80.711318979670381,7.0409323743310228],[80.711353653004181,7.0409352413181043],[80.711385438501651,7.0409404039566539],[80.711436871865658,7.040944993277396],[80.711487149026382,7.0409581842768949],[80.711522400958714,7.0409662122580636],[80.71155418622088,7.0409730957967271],[80.711576724639102,7.0409702286291527],[80.711601573788073,7.0409621990462439],[80.711613709476751,7.0409558904189975],[80.711628735346466,7.0409564631257124],[80.71164607290936,7.0409644931346262],[80.711661676232268,7.0409719477581136],[80.711683635792824,7.0409788317347006],[80.711715998830343,7.0409903029328893],[80.711751250769183,7.040998330896878],[80.711799216089659,7.0410052139452075],[80.711821754857027,7.0410063619248593],[80.711841403423492,7.0410138180059727],[80.711859317701794,7.0410275823486712],[80.711881856169754,7.041050524318929],[80.711904394210919,7.0410700244648421],[80.711921731353698,7.0410746126402941],[80.711950626647663,7.0410665826930989],[80.711983567021932,7.0410597008778568],[80.712015351867805,7.0410631416576894],[80.712040201264386,7.0410860839389189],[80.712050603672068,7.0411050108783089],[80.712070830452319,7.0411204964431446],[80.712091634544251,7.0411308211603822],[80.712115328826812,7.0411480272079885],[80.712139601089191,7.041161791510719],[80.712162716140014,7.0411784250447891],[80.712180054424692,7.0411944844477095],[80.712224551665287,7.0412369255491436],[80.712246515057544,7.0412621607659087],[80.71230892594771,7.0413034567436901],[80.712346489230299,7.0413350025981778],[80.712372495318476,7.041359089883259],[80.712394455458366,7.0413751499118202],[80.71242392862105,7.0413975176618901],[80.712441268654302,7.0414141521997644],[80.712463226046111,7.0414502844021927],[80.712474207950606,7.0414680647398873],[80.712485763856606,7.0414783872694251],[80.712512925949156,7.0414887110294133],[80.712538353129489,7.0414967412075598],[80.712571294042476,7.0415059181784772],[80.712594412547887,7.0415173898612595],[80.712620415069338,7.0415214031459765],[80.712648154550578,7.0415259927150853],[80.712690919851397,7.041544918630791],[80.712729639006014,7.0415638457996339],[80.712766625338205,7.0415850669765492],[80.712788585502508,7.0416011260823277],[80.712814590957592,7.041623495144167],[80.712834817193453,7.04163668642859],[80.712902803385731,7.0415834722129391],[80.71299663603827,7.0415369118298665],[80.713134029456285,7.0414772854560459],[80.71330879349189,7.0414351047121633],[80.713509541823385,7.0414311654619617],[80.71362176643332,7.0414404154264192],[80.713699674981072,7.0414551960709115],[80.713773670413886,7.0414836928291455],[80.713817844762815,7.0415187680901825],[80.713899568676752,7.0415604182229448],[80.713977980824666,7.0415932996596364],[80.714078479842897,7.0416360455873113],[80.714190023610172,7.0416875593954344],[80.714368936219373,7.0417938781993463],[80.714476060388421,7.0418497754719729],[80.714575454963921,7.0419078673739604],[80.714648344707783,7.0419681514277963],[80.71472454731871,7.0420361063084487],[80.714753261393724,7.0420569319549164],[80.714821733361944,7.0420733723942677],[80.714876954079784,7.0420854287670549],[80.714926650782957,7.042122695806607],[80.714966408540491,7.0421468091747803],[80.715009479433093,7.0421490014730068],[80.715063594885677,7.0421270798475364],[80.715096726595775,7.0421040621445377],[80.71511108359698,7.0420700852936706],[80.715094517290353,7.0420196657437941],[80.715060281655965,7.0419571911609742],[80.715038195363988,7.0419221162067878],[80.715049238252561,7.0418969071613011],[80.715085683128208,7.0418859462229468],[80.715123232627448,7.0419001959231604],[80.715181764767891,7.0419100588260104],[80.715236984139295,7.0419254041501382],[80.715301038498623,7.0419374616298098],[80.715334171437178,7.0419670551539388],[80.715368407175887,7.0419944567600474],[80.715413686740092,7.0420032236804451],[80.715433565142192,7.0420328190835884],[80.715445714019694,7.0420777569912874],[80.71548215983205,7.0421358477147775],[80.71551639558686,7.0421840747824485],[80.715531855759977,7.0422695671299387],[80.715536273128563,7.0423035437281545],[80.715549525916884,7.0423309462027062],[80.715579345078126,7.0423879418333986],[80.715617997856953,7.0424383597197844],[80.71563235640393,7.042496450268362],[80.715638982376021,7.0425655010133985],[80.71564339923178,7.0426312642853786],[80.715651130289388,7.0426805875401612],[80.715667694915211,7.0427167586809682],[80.715679843738243,7.0427693678864047],[80.715678738707112,7.0428164997402032],[80.715677635200834,7.0428658209409125],[80.715682052870577,7.0428976081902626],[80.715703035412275,7.0429359701551517],[80.715725123469809,7.0429721383943491],[80.715737273348736,7.0430028279049974],[80.715764882022384,7.0430466699728624],[80.715796908701194,7.0430850333675288],[80.715821204980884,7.0431036663152389],[80.715844398282613,7.0431398346920959],[80.715870902743532,7.0431760053056731],[80.715888573963454,7.0432088866834093],[80.715910661711831,7.0432406726028072],[80.715937166093283,7.0432845154215382],[80.715963671706987,7.0433119159824411],[80.715968026354133,7.0433273016582616],[80.715974811437405,7.043356484783458],[80.715985668879611,7.0433861133585154],[80.715998785949395,7.0434134995242967],[80.716014617837615,7.0434395395156848],[80.716032260093144,7.0434655770276917],[80.716048998313383,7.0435037376697798],[80.716062568338671,7.0435423464420674],[80.716068902649994,7.0435715286031302],[80.716079757445371,7.0436007104438492],[80.716084733045747,7.0436231561862606],[80.716091066870106,7.0436631132607017],[80.716099663677767,7.0436958858442233],[80.716105541505499,7.0437062120726077],[80.716117303488517,7.0437129444084174],[80.716128612149092,7.043718331968928],[80.716135851338819,7.0437219248428242],[80.716152136010948,7.0437466165540856],[80.716162992011107,7.0437735520743114],[80.716167968057903,7.0437995915637748],[80.716176562239156,7.043824731726434],[80.716178823398508,7.0438386503309847],[80.716168872671474,7.0438530168047038],[80.716168871835862,7.0438664838642193],[80.716171586410937,7.0438880331375922],[80.716173847663384,7.0439082358273399],[80.716173847732975,7.0439217037912751],[80.71617656154254,7.0439351730095847],[80.716183347297246,7.0439383154753603],[80.716195110540141,7.0439423565677988],[80.716210941317783,7.0439351720174619],[80.716224964755497,7.0439185624622613],[80.716231298404765,7.0439109299553326],[80.716241249911633,7.0439185618481517],[80.7162457737426,7.0439347234452061],[80.716232202571263,7.0439468449437497],[80.716219083932941,7.0439594159448147],[80.716208227579784,7.0439701903632068],[80.716199632004063,7.0439908401931079],[80.716200084701157,7.0440110435537484],[80.716202798814493,7.0440361838617811],[80.716208227538758,7.0440545918943513],[80.71621501242565,7.0440644678893092],[80.716223607448399,7.0440761400871716],[80.716237179961254,7.0440887118154993],[80.716251202177688,7.0441026274135483],[80.716300095037099,7.0441357045114108],[80.716320593017144,7.0441350026884644],[80.716343211389869,7.0441307942037028],[80.716375723422033,7.0441265860857483],[80.716423080106111,7.0441181675735329],[80.716495174461173,7.0440964226278755],[80.716527687838024,7.0440746771179139],[80.716566561663583,7.0440480201816005],[80.716606143233264,7.0440010216700397],[80.716644312174424,7.0439652464282076],[80.716665515536633,7.0439413969280942],[80.716741852136821,7.0438796672924804],[80.716792741411922,7.0438382805800135],[80.716869077709873,7.0437786534555764],[80.716930569482159,7.0437505949706702],[80.716997009436156,7.0437260431367532],[80.717081826767071,7.0436986866347731],[80.717151799456786,7.0436755378201941],[80.717210466418379,7.0436594032381068],[80.717496374748222,7.0435524453620362],[80.717791279485155,7.0434604593753942],[80.718039841248924,7.0434353740668119],[80.71817886608406,7.0434019236283483],[80.718414788891579,7.043339207992509],[80.718612795493456,7.0432681289607482],[80.718722332765765,7.0432221372842712],[80.718873995762308,7.0431510569345859],[80.719059363923137,7.0430590720063604],[80.719236305886142,7.0429210952178511],[80.719396395670742,7.0428374737817094],[80.719569126255053,7.0427538502117546],[80.719703938291673,7.0427036771126126],[80.71988509372288,7.0426911327138031],[80.719990416600979,7.0427914810252608],[80.720049398624013,7.0429378208067597],[80.720226339455579,7.0431217888725319],[80.720356938409154,7.0432555853323819],[80.720474901089801,7.0433893802418686],[80.720550733608917,7.0435106326578287],[80.720563372012933,7.0436067981352046],[80.720495964968876,7.043673697629778],[80.720441197784851,7.0437489563099778],[80.720378005035855,7.0438325788870175],[80.720297958453926,7.0438952943774771],[80.720373791511761,7.0440876277951325],[80.720441197366711,7.0442799574761708],[80.720508605075707,7.0444346585959021],[80.720580224831039,7.0445350045424204],[80.720677120856706,7.0445684540751277],[80.720795081825671,7.0445684536743434],[80.720921469204569,7.0446060837004953],[80.721060494972903,7.0446269898837741],[80.721203734237221,7.0446186283663259],[80.721321695881215,7.0445977227809768],[80.721405955428551,7.0446478941705957],[80.721494425170391,7.0446813443500647],[80.721646089906898,7.044672981879704],[80.721780902544751,7.0446437132405242],[80.721911502705439,7.0446353509312409],[80.722058954619385,7.0446353509409665],[80.722223258645997,7.0446562579129139],[80.722379137096468,7.0446938864468702],[80.72252237424,7.0447273355340254],[80.722549342620866,7.0447490955636143],[80.72255702918811,7.0447670525311139],[80.722563817425851,7.0447805203746965],[80.72257829286022,7.0447908475141281],[80.722730778500477,7.0448385007770691],[80.722829138418518,7.044864189201145],[80.722908516293231,7.0448847398237673],[80.722951656449297,7.0448933032046703],[80.722982717103037,7.0449001542349396],[80.723041388510623,7.0449001537124341],[80.723082802389712,7.0448778914949912],[80.723117315327627,7.0448539139045545],[80.723191516676977,7.0448487768176102],[80.723245009903593,7.0448453510377886],[80.723272620134935,7.0448350757363123],[80.723267443470988,7.0448025360807609],[80.723293326766068,7.0447511594596861],[80.723331290390249,7.0447100581348741],[80.723384783362519,7.0446689549539823],[80.723448631057082,7.0446329912603387],[80.723481417770444,7.0446090143509599],[80.723531458592248,7.0446055899552711],[80.723572876031781,7.0446552551101709],[80.723602210033306,7.044722044814101],[80.723624644139761,7.0447699977563145],[80.723655703761921,7.04481794986369],[80.723693668920077,7.0448590516576672],[80.723733356522203,7.0448933043602748],[80.72376614390086,7.0449275553769812],[80.723790302157283,7.0449857824294009],[80.723804106773187,7.0450371590310246],[80.723828265426263,7.0450919632486659],[80.723859326139078,7.0451707416354781],[80.723907643983637,7.0452597967897717],[80.723959411972771,7.0453608363102376],[80.724004276242013,7.0454447536519131],[80.724062945166281,7.0455560714762182],[80.724126795328488,7.0456519749183482],[80.724164826825046,7.0457078739885004],[80.724191332336702,7.0457659647300748],[80.724216733112598,7.0458196703226328],[80.72425649087198,7.0458832417872888],[80.724281892397457,7.0459303730056186],[80.72430950209565,7.0459818858755847],[80.724349261126989,7.0460586087863408],[80.724390122934892,7.0461331406610714],[80.724427671180479,7.0461967118643516],[80.72445749086468,7.0462284973381539],[80.72449835240441,7.0462569941402666],[80.724542527843099,7.0462854913071595],[80.724581181292038,7.0463008364025868],[80.724607687586584,7.0463282382836434],[80.724629773884629,7.0463797514253468],[80.724650757615194,7.0464235940432669],[80.724682785449019,7.0464520916579483],[80.724724752028209,7.0464663401745913],[80.724794329467244,7.0464652437071269],[80.724841816937499,7.0464455149940211],[80.724874949617515,7.0464367458938595],[80.724893724431055,7.0464422254032932],[80.724911394301401,7.0464696271958536],[80.724920230317053,7.0464981249472336],[80.724923541782118,7.0465364863575886],[80.724922437187956,7.0465880014475086],[80.72492464733115,7.0466482842375324],[80.724944524597333,7.0466954130008581],[80.724959986481835,7.0467250075118342],[80.724974344643044,7.0467491199427679],[80.724996431852858,7.0467765204101331],[80.725018520391757,7.0468083059002726],[80.725049441832468,7.0468313223143024],[80.725081470564163,7.0468521485970337],[80.725121228227849,7.0468773571336074],[80.725149941680058,7.046902565357966],[80.725183073426166,7.0469354471788472],[80.725226144099381,7.0469770974221007],[80.7252592762798,7.0470143633569515],[80.725292407256674,7.0470461491401188],[80.725315601242499,7.0470680677556974],[80.725324435059207,7.0470921822836772],[80.725326643976501,7.0471228722652226],[80.725328852653846,7.0471557524977211],[80.725322225899149,7.0472039788934051],[80.725324436033063,7.0472565876628988],[80.725325540201624,7.0472993347556807],[80.725323332025496,7.0473113899376791],[80.725324434991791,7.0473650964241408],[80.72532664386037,7.0474209959955205],[80.725328854108895,7.0474560682874241],[80.725341002091227,7.047510871108134],[80.725353148746706,7.0475612898090256],[80.725365296366022,7.0476029393667909],[80.72538738643695,7.0476708938227288],[80.725398427373776,7.0477092551690284],[80.7254050530955,7.0477530961813804],[80.725408369374591,7.0477892664318089],[80.725417205030112,7.0478298195960143],[80.725428247063263,7.0478747589289439],[80.725450334789215,7.0479229839403068],[80.72548457187969,7.0479723063066997],[80.725513285125729,7.0480084757103887],[80.72552543524678,7.0480523173232257],[80.725547523058125,7.0481082154426211],[80.725577338804598,7.0481695927432924],[80.725606053059607,7.0482298757008444],[80.725634768397839,7.0482802934842592],[80.725672317223456,7.048341671620169],[80.725702136701244,7.0483690737983018],[80.725737475638425,7.0484085310930311],[80.72577833837488,7.0484534682291908],[80.7258147835892,7.0484918296083041],[80.725867795002245,7.048544439358178],[80.725916386801032,7.0486014336470175],[80.725955041716091,7.0486639097178978],[80.72598817205639,7.0487198053925022],[80.726019094831742,7.0487822815263854],[80.726055538464323,7.0488524259408747],[80.726082046435366,7.0489083254151899],[80.726101923913362,7.0489554559347889],[80.726144650476641,7.0490511542479766],[80.726164530845381,7.0490967763676187],[80.726182545133355,7.0491300697593413],[80.726203667793243,7.0491639766104628],[80.726239698160128,7.0491972692257718],[80.726283182719655,7.0492145327521589],[80.726331017468908,7.0492250134749224],[80.726378849527208,7.0492268625060763],[80.726442215375286,7.0492225475771146],[80.726499987296506,7.0491997360867753],[80.726562730319614,7.0491874052268209],[80.726608079937648,7.0491929553304082],[80.726658399203188,7.0491972697611276],[80.726700213897374,7.0492041678123751],[80.726747777373348,7.049220543693],[80.726818635542458,7.0492243972835587],[80.726863283840288,7.0492195793165857],[80.726900169005972,7.0492080206617933],[80.726945791187603,7.0492041667900622],[80.726984616543902,7.0492147631471758],[80.72702344340567,7.0492282505962098],[80.727070034322722,7.0492398090552113],[80.727124391398405,7.0492552216164066],[80.727179717227187,7.0492773795590153],[80.727221456291034,7.0493062795392873],[80.727263194444859,7.0493438482791708],[80.727298138328436,7.0493717853453761],[80.727331137960761,7.0493987563959983],[80.727373606690335,7.0494185047718245],[80.727423654159551,7.0494425883215266],[80.727470672309238,7.0494546287854423],[80.727552570590404,7.0494726911158825],[80.727616269553167,7.049477206698624],[80.72770120174097,7.0494982788807112],[80.727772483131474,7.0495238675817182],[80.727854382812879,7.0495374155191319],[80.727925665229833,7.0495359073027686],[80.728019333300054,7.0495586677869468],[80.728134840279822,7.0495972008623982],[80.72821928793789,7.049638622700436],[80.728309559245616,7.0496925680777487],[80.728391094913562,7.0497253217253135],[80.728471657496229,7.0497494046866258],[80.728511454293653,7.0497503673494801],[80.728558046249034,7.0497262847984246],[80.728596870850623,7.0497185785907952],[80.72865414144502,7.0497291748914863],[80.728705584923986,7.0497522935430572],[80.728760912025805,7.0497898626349382],[80.728800706677902,7.0498206902752854],[80.728930776568276,7.0498592228321755],[80.72903172595673,7.0499016083944994],[80.729142379619944,7.0499295448696566],[80.729274389403216,7.0499680766233705],[80.729367571432846,7.0500008294692673],[80.729428663644754,7.0500220825084678],[80.729534827065123,7.0500642270354579],[80.729637960063172,7.0500958368692217],[80.729751708607168,7.0501334659587176],[80.729898674415082,7.0501874049426076],[80.730030995613959,7.0502361082489511],[80.730181948694153,7.0502827596660245],[80.730261327878566,7.0502844730666476],[80.730318661488042,7.0502722641547244],[80.730412204557794,7.0501886694709945],[80.730470624015283,7.0501160297982084],[80.730506061140105,7.0500556548888831],[80.730532920972706,7.0500284693018722],[80.730672025998032,7.0500744438718499],[80.73089052660157,7.0501766655071094],[80.730972747939333,7.0502076969563374],[80.731026016139168,7.0502341298452365],[80.731079287284416,7.0502582657682913],[80.731115186574058,7.0502663095214428],[80.731149925627165,7.0502720552948581],[80.731190457823743,7.050278952820503],[80.731247198934184,7.0502996372905971],[80.731290049453122,7.0503053865521386],[80.73132710706723,7.0503168767455637],[80.731363005920571,7.0503295198257359],[80.731391956077175,7.0503651481108074],[80.731409326189748,7.0504088209670472],[80.731424382290527,7.0504559399437738],[80.731433646375223,7.0504996129211639],[80.731442908967679,7.0505306435746578],[80.731469544981763,7.0505524808280038],[80.731507760366242,7.0505639729273604],[80.731550608308169,7.0505685709718433],[80.731592296955156,7.0505892566645825],[80.731652514207653,7.0506179898229941],[80.731717364485405,7.0506444228404401],[80.731770634210861,7.0506559154567956],[80.731816956003016,7.0506731543243371],[80.731879488528662,7.0506949904645699],[80.73191191525315,7.0507248712232196],[80.731933915263994,7.0507616500040902],[80.731954760742511,7.0507742906982944],[80.732004554943018,7.0507719930574675],[80.732060140374472,7.0507719920179639],[80.732115727864937,7.0507788890867573],[80.732181736781428,7.0507869320004311],[80.732230373473513,7.0508202615231435],[80.732272062817657,7.0508627845535612],[80.732323016032765,7.0508949649015671],[80.732422608257124,7.050936338580053],[80.732509460713288,7.0509685195804606],[80.732566204535033,7.0509811618177087],[80.732642631229353,7.0510006985850824],[80.732717907208112,7.0510225358094267],[80.73277001843509,7.0510524156399521],[80.732825603621308,7.0510650586416199],[80.732891609077527,7.0510719547834722],[80.732943721241199,7.0510822968695885],[80.732996989666091,7.0510891927131709],[80.733060684577353,7.051111028803815],[80.733127851562131,7.051145507531551],[80.733198489986364,7.0511995233922518],[80.733214703194662,7.0512167620425874],[80.733252918781986,7.0512466432445011],[80.73333861419367,7.0513018080533163],[80.733457891040786,7.0513627201504345],[80.733514634089047,7.051384557347288],[80.733570219783175,7.0513431837184113],[80.733683707039773,7.0514236329509439],[80.733753190748459,7.0514753498532041],[80.733829618460277,7.0515247695150931],[80.73390141950857,7.0515764866069182],[80.733941947151834,7.0516052176746076],[80.733982482251321,7.0516316499707985],[80.734016065047413,7.0516523383268561],[80.734036906373547,7.0516718761381254],[80.734068176146806,7.0517052047947866],[80.734098284589749,7.0517281915979622],[80.734131865378885,7.0517511760011846],[80.734158503086476,7.0517764603499895],[80.734176959574711,7.0517921437484166],[80.734204471176128,7.0518133280096906],[80.734213957371679,7.0518265083548251],[80.734219648068077,7.0518396883562389],[80.734275146246944,7.0518749942151793],[80.734354359674995,7.0519211277622667],[80.734478632513017,7.0519931522717139],[80.734557371911208,7.0520364588531308],[80.734629174964653,7.0520777083873636],[80.734771473139631,7.0521799475970353],[80.734864117779779,7.0522490871254728],[80.73496713331177,7.0523285249921113],[80.735021239593237,7.0523719215443963],[80.73507830627166,7.0524212045389509],[80.73518132233481,7.0524954913802702],[80.735236912474505,7.0525366815102659],[80.735405150088368,7.0526624585179798],[80.735517804253504,7.0527330700925361],[80.735603729562257,7.0527843730805593],[80.735754276354996,7.0528763143736413],[80.735888608745185,7.0529843455885501],[80.736007884061792,7.0530716919682588],[80.736148006525951,7.0531659319031741],[80.736284656183955,7.0532555748641537],[80.736410877900127,7.0533354738010114],[80.736511677137898,7.0534038766849285],[80.736585791396521,7.0534575712978391],[80.736685846484377,7.053527446305158],[80.736773301092839,7.0535877607062583],[80.736869645719025,7.0536480740367944],[80.73720321893812,7.0538446903407763],[80.737264248457393,7.0538789988499833],[80.737297944982259,7.0538964748526691],[80.737314334228529,7.0539115375930779],[80.737347731534499,7.0539350381130141],[80.737375655934699,7.0539591395414876],[80.737399942679687,7.0539790229389645],[80.737418158733391,7.0539928812811965],[80.737437284016181,7.0540019206046329],[80.737461873031492,7.0540118619859928],[80.737483426774844,7.0540233106054524],[80.737501338835699,7.0540353611935362],[80.737521678426106,7.0540501249283016],[80.73752592823017,7.0540516309673285],[80.737536553684151,7.0540495211829892],[80.737547480344148,7.054050123463961],[80.737565089440366,7.0540697078718519],[80.737581785389239,7.0540868794907938],[80.73760698220606,7.0541028463654287],[80.73763673199737,7.054121224521209],[80.737657070514871,7.0541380971123244],[80.737680748304996,7.0541552693084002],[80.737690766320853,7.0541646090011234],[80.737703213098996,7.0541727416350444],[80.737711410723335,7.0541715386728834],[80.737722034672416,7.0541766597862443],[80.737738121779628,7.0541896136242697],[80.737755122162994,7.0542034727567335],[80.737767267310119,7.0542140162674585],[80.737778499891107,7.0542369144524422],[80.737781536028081,7.0542577012866179],[80.737790641602729,7.0542670409015429],[80.737811286186314,7.0542718617065328],[80.737829196954621,7.0542778886403177],[80.737847714665719,7.054289335182875],[80.737893552780818,7.054328201003468],[80.737923000666328,7.0543526027575592],[80.737942427564107,7.0543706807126441],[80.737865374146892,7.0545312662010655],[80.737777361096946,7.054705955366023],[80.737699774471011,7.0548657033844959],[80.737578179591949,7.0551426758678906],[80.737463534296026,7.0553817237401901],[80.737362783076179,7.0555862930295943],[80.737172869188086,7.0559804923274267],[80.73706517007767,7.0561977014734047],[80.736988739617914,7.0563597491313459],[80.736872936764044,7.0565999434164102],[80.736771030780233,7.0568056627552735],[80.736676072109248,7.0570228737903831],[80.736473343717151,7.0574180754695996],[80.736181127852532,7.0580097678830054],[80.736011939108124,7.0583356881639894],[80.735867182320746,7.0586661004281401],[80.735794805955891,7.0588331011539474],[80.735726049518249,7.0589480272211507],[80.735679003677149,7.0590216515073623],[80.73564643465842,7.0591186210356032],[80.735619292186868,7.0591868573414169],[80.735575864318577,7.0592928048531363],[80.735541486757739,7.0593987522503481],[80.735525201104011,7.059501106582446],[80.73547272923372,7.0595962792836433],[80.735384067281117,7.059666314269224],[80.735324353948329,7.0597273674265795],[80.735275501156252,7.0598009924137939],[80.735213978395819,7.0599320791413636],[80.735125314169792,7.0601080581552367],[80.735071035871627,7.0602175965903591],[80.735016749822549,7.0603630489695712],[80.734953421969877,7.0604833614938141],[80.734897329660328,7.0605408247868526],[80.734862950653238,7.0605893083580584],[80.734859330840663,7.06061803901519],[80.734852094572005,7.0606683200714198],[80.73483580904238,7.060767082435218],[80.734805047078623,7.060847891050714],[80.734767049968454,7.0609358792748234],[80.734732671962121,7.0610130956237409],[80.734692864477537,7.0610597854393111],[80.734640388823536,7.0610723534203998],[80.734611439562357,7.0610669683417244],[80.734553536000121,7.0610418268107322],[80.734473922314535,7.0609699971713926],[80.734372593085325,7.0609017629217519],[80.734309264989676,7.0608622558329754],[80.734218790096051,7.0607958148828027],[80.734110228024932,7.0607401471808862],[80.734048707112549,7.0606970509961444],[80.733992613887963,7.0606539543934552],[80.733947379063977,7.0605875120837593],[80.733905760429778,7.060542620821491],[80.73388284362558,7.0605267317296665],[80.733844305066967,7.0605156982827504],[80.733805762821689,7.0605054027530363],[80.73376425988728,7.0604921615962635],[80.73370719355222,7.060469360403177],[80.733643455689489,7.060437732479671],[80.733601950296503,7.0604119900628648],[80.733560447464569,7.0603781567396293],[80.733529316916446,7.0603605034609815],[80.733497449299051,7.060335496225794],[80.733475842975068,7.0603130138767565],[80.733459261693895,7.0602982747321184],[80.733440956200241,7.0602811353767505],[80.733408145613637,7.0602533716974065],[80.733380166911985,7.0602273203298722],[80.733367042749592,7.0602115523913227],[80.733347699949519,7.0601937274659008],[80.733293105141726,7.0601489072937422],[80.733253470892379,7.0601229633569531],[80.73321468245085,7.0601129209637836],[80.733186853966544,7.0601070629443106],[80.733155652573572,7.0601020411009463],[80.733116863183071,7.0600827927765915],[80.733094097241235,7.0600610346580215],[80.733070485393725,7.0600342557047524],[80.733046874063717,7.060011661014145],[80.733009768853918,7.0599873911785433],[80.732963391129857,7.0599480600190025],[80.732927972892782,7.059917931279716],[80.732904364682938,7.0598911523183094],[80.732865571528649,7.0598350820891893],[80.732841962735193,7.059804955351713],[80.732808231559275,7.0597681339284231],[80.732763540602861,7.059725455133977],[80.732707886368374,7.0596852847796612],[80.732658871211086,7.0596427086612028],[80.732606164900076,7.0595969435769454],[80.732560052878739,7.0595629460498523],[80.732521839267719,7.0595341780098853],[80.732491538423943,7.0595119489079563],[80.732450692914369,7.0594687983937483],[80.732386131105855,7.0594034184848553],[80.732326839332458,7.059368113858234],[80.732285412690331,7.0593346385369422],[80.732259273251984,7.0593112061713157],[80.732227812963998,7.0593354641413892],[80.732185763393943,7.0593701749812876],[80.732138998150603,7.0594091754377715],[80.732101662833642,7.059435305676323],[80.7320639379234,7.0594555867675872],[80.732020314859895,7.0594735251187144],[80.731994772610179,7.0594906865754865],[80.731981409208529,7.0594973166401651],[80.731961753761411,7.0595218641943145],[80.731962547838521,7.0595386582973365],[80.731966870442363,7.0595554283205697],[80.731958618680309,7.0595725896163239],[80.731942898396895,7.0595760986650591],[80.731924820702375,7.0595725881978542],[80.731912637417011,7.059563227377434],[80.731899275879471,7.0595503577032961],[80.731884736144863,7.0595523078244531],[80.7318764817595,7.0595495787179585],[80.731868229969663,7.0595386583295543],[80.731863120327517,7.0595261773944671],[80.731856440961707,7.0595051179804837],[80.73184504539482,7.0594844469703961],[80.731822644650279,7.059459485742213],[80.731796314980627,7.0594376458307631],[80.73176802018169,7.0594337464276897],[80.73173399621659,7.0594305599776233],[80.731719348767811,7.0594324766236847],[80.731705183904111,7.0594427003499352],[80.731692305164032,7.0594548431549065],[80.731686834265247,7.0594620301223667],[80.731629366891951,7.0594419026953243],[80.73162276722428,7.0594393464675429],[80.731607798550229,7.0594305605154126],[80.731593955149819,7.0594208170018851],[80.731583170575249,7.0594099542408379],[80.731568845036335,7.0593966938005055],[80.73154389295216,7.059376565875076],[80.731524095614517,7.0593610712490715],[80.731508482221955,7.0593450968345106],[80.731485624863524,7.0593337545246779],[80.731457953449663,7.0593237636995196],[80.73142179869113,7.0593198635168175],[80.731389966893133,7.0593194752029715],[80.731362851825196,7.0593132337144811],[80.731329446504475,7.0593062139050211],[80.731306655567366,7.0593007541596373],[80.731274823361801,7.0592859329761684],[80.731255567061879,7.0592734524719214],[80.731232773453968,7.0592582433064814],[80.731218309229845,7.0592470627656283],[80.73120256747643,7.0592386981361415],[80.731188382936352,7.0592278079064856],[80.731172252867054,7.0592192433847298],[80.731154959790587,7.0592087127693661],[80.731140812476866,7.0592059821729558],[80.731125095865181,7.0591997426827122],[80.731112911320452,7.0591942821503544],[80.731090119851842,7.0592036413984722],[80.731066538998078,7.0592133921368596],[80.731049640284596,7.059215342002422],[80.731027689174937,7.0592213906333985],[80.731006984257803,7.0592303648426826],[80.730973402765699,7.0592477126529882],[80.730946287163221,7.0592562928572633],[80.730925852389134,7.0592520044107561],[80.730912490430043,7.0592438127279955],[80.73089362673683,7.0592340632774215],[80.73087240394382,7.0592254828742744],[80.730857862798956,7.0592141729977778],[80.73084803947404,7.0592044217164602],[80.730834285598348,7.0591958420421363],[80.730815815816612,7.0591938932450784],[80.730802454523555,7.0591974024863955],[80.730784768312162,7.0591989634099459],[80.730771451326149,7.0592029618889498],[80.730750664202191,7.0592009730723806],[80.730734467992235,7.059193112085854],[80.730719927066986,7.059188822399638],[80.730694381617184,7.0591829725945905],[80.730686129984193,7.0591892115556449],[80.730679448397282,7.0592005211629045],[80.730658621248566,7.0592005227348453],[80.730638579073585,7.0591989626316156],[80.730617750268266,7.0591974033545002],[80.730597708055328,7.0591962312004899],[80.730582735900782,7.0591954809550979],[80.730560765547793,7.059194672144284],[80.730544654020548,7.0591818003520856],[80.730530506055388,7.0591673724272486],[80.730517537738223,7.059151381962498],[80.730503784833388,7.0591330492451565],[80.730486491948724,7.0591116008144379],[80.730470774887706,7.0590917106726092],[80.730462128658829,7.0590788405180875],[80.730455841165892,7.0590593401611459],[80.730445623701328,7.0590351595880074],[80.730438861739003,7.0590170653932569],[80.730433440886728,7.0590031782025138],[80.730428658653082,7.0589939618598976],[80.730418506879346,7.0589828983765601],[80.730408630457035,7.0589793027505383],[80.730399042136654,7.0589732410867496],[80.730392961676387,7.0589747081887477],[80.730381959911966,7.0589727573993555],[80.730370563187293,7.0589645695125185],[80.730361131200169,7.0589520890380228],[80.730353662697453,7.0589388283339503],[80.730340303186196,7.0589243977682896],[80.730328513739948,7.0589056772888732],[80.730312794456864,7.0588900763058113],[80.730300218514245,7.0588791563660029],[80.730288035303161,7.0588604367508818],[80.73027899783817,7.058849517160855],[80.730264850603348,7.0588370353130614],[80.730250399752848,7.05882828192407],[80.73016117232649,7.0588890981809849],[80.73011944497803,7.0588502971290383],[80.730085255672577,7.0588081752753524],[80.730077002877252,7.058798814797929],[80.73006080933591,7.0587916808572508],[80.730027093563379,7.0587758031618666],[80.729990151315405,7.0587629347016945],[80.729945352652734,7.0587508449742149],[80.729926882104607,7.0587477232458706],[80.729894262961196,7.0587368040075775],[80.729873828571314,7.0587290040613349],[80.729859286802409,7.0587243245886704],[80.729838460105157,7.0587200342468552],[80.729811344266224,7.0587130140533914],[80.729788156027283,7.0587071635303138],[80.729766151571965,7.0587036525866367],[80.729750825220535,7.0586966344743436],[80.729733828200281,7.0586861038360436],[80.729720932680564,7.0586757445236978],[80.729709880589212,7.0586702596517803],[80.729698213259894,7.0586617280818604],[80.729686546972175,7.0586428366830933],[80.729677337016057,7.0586190712744745],[80.729674372059222,7.0585959060528696],[80.729660233018976,7.0585741866134075],[80.729636757433354,7.0585543499235488],[80.729618086310381,7.0585385352023895],[80.72960536773445,7.0585239961622728],[80.729591044395079,7.058507703494393],[80.729576396391622,7.0584883732005155],[80.729537400419531,7.058446919111752],[80.729519542677707,7.0584351892577901],[80.729503950858501,7.0584217097824258],[80.729475278380761,7.0583937545283977],[80.729459182336072,7.0583805245915823],[80.729449875806168,7.058372038469086],[80.729433778353354,7.0583638003481637],[80.729415922579335,7.0583505711367138],[80.729139995736986,7.0583171197503329],[80.729047442193163,7.0583011446745534],[80.728854281467818,7.0583929988436589],[80.72873758031804,7.0581933169532638],[80.728705385943115,7.0581014615134299],[80.728645218431339,7.0580303346176638],[80.728646867167512,7.057982898056669],[80.728668294462125,7.05792073675845],[80.728661701083979,7.057874933449102],[80.728632031805645,7.0578405818233048],[80.728566099562812,7.0577996864693864],[80.728472146557436,7.0577849636120211],[80.728404566407704,7.0577571544033706],[80.728358413611801,7.0577195310596181],[80.728308964783224,7.0576835432762586],[80.72822819771639,7.0576017532332918],[80.728170507650972,7.057559221866212],[80.728126003167191,7.0575314131972382],[80.728089740345453,7.0574888813272549],[80.728061719921826,7.0574332639720661],[80.728022159039625,7.0573858258473372],[80.727994139024446,7.0573351162037463],[80.727934800521467,7.0572762273921041],[80.727878758072009,7.0572157012022796],[80.727860625889775,7.0571977061640423],[80.727799638250545,7.057129002635941],[80.727761729184451,7.0571011946201434],[80.727664477229411,7.0570570276744053],[80.72751613244246,7.0569883231011437],[80.727367784078652,7.0569196184804452],[80.727232623531521,7.0568443715835301],[80.727097463163886,7.0567593083115261],[80.727046365592415,7.0567200484091535],[80.726990322666083,7.0566742461641985],[80.726952412467838,7.0566578885152369],[80.726853514823759,7.0564795842268122],[80.726797472806879,7.0564681341612419],[80.726769450535841,7.0564403244042984],[80.726736483911253,7.0564305090769537],[80.726715024034888,7.0564146170753395],[80.726697469175207,7.0563992065847794],[80.726675190010781,7.0563925068529008],[80.726648858661889,7.0563817851998074],[80.726626579310974,7.0563683853979686],[80.726615101231729,7.0563603457182476],[80.726615102092637,7.0563523045520027],[80.726608350390563,7.0563415849883304],[80.726595522360711,7.0563362237440357],[80.726582694331057,7.0563308634036783],[80.726565816143278,7.0563194744679958],[80.726560415846237,7.0563094233367352],[80.726545562178529,7.0563020524871005],[80.726535435390673,7.056287311978056],[80.72652260677431,7.0562705617922834],[80.726511129016146,7.0562511313619973],[80.726476317986808,7.056187100343478],[80.726441505733277,7.0561682561195305],[80.726401419073824,7.056164068459835],[80.726324410293643,7.0561731413182063],[80.726265804339505,7.0562749255834563],[80.726207197950828,7.0563301792322077],[80.726018009028536,7.0565688282600716],[80.725880650771671,7.0569368857388604],[80.725772229191278,7.0570799284114072],[80.725658496568499,7.0572157015978352],[80.725562894481229,7.057333479968193],[80.725449162228713,7.0572582330864551],[80.725411249681372,7.0572386016934727],[80.725345319295883,7.0572418735181595],[80.725351912941377,7.0571502680704272],[80.72535026456093,7.0569523342097904],[80.725353561199768,7.0568051121431266],[80.725366747955633,7.0566513448249051],[80.72536532504688,7.0565598994644754],[80.725284840741139,7.0565638931387413],[80.725156066534311,7.0564999936834818],[80.725027293617913,7.0564001522058994],[80.72489047201114,7.0562643651029866],[80.724962907010138,7.0562044604479617],[80.724987052225416,7.0561006251782983],[80.724983025995598,7.0559848073424059],[80.72495759545609,7.0559407562710339],[80.72489813080108,7.0558817386468915],[80.724782029187637,7.0558227228836845],[80.724685746261443,7.055746844726591],[80.72456398288692,7.0557018786184438],[80.724433722049653,7.0556597239498169],[80.724351601450067,7.055654103512274],[80.724320451725404,7.055668153986896],[80.724243994063372,7.0556063291959434],[80.724164704621472,7.0555473119721839],[80.724122229212981,7.0555107783210929],[80.724125060154591,7.0553786935281986],[80.724119016701067,7.0553491443670895],[80.72409621135543,7.0553133110506669],[80.724060103154642,7.0552529593630711],[80.724043001618412,7.0552001526972816],[80.72403540058535,7.0551360295996695],[80.724041100808108,7.0550945384721686],[80.724048700843298,7.0550549330541266],[80.724048702853864,7.0550209841753668],[80.724039200691436,7.054990809742848],[80.724008794954287,7.0549738350513804],[80.72397078795214,7.05498326549281],[80.723925179194836,7.0549832657857037],[80.723885270939832,7.054979493011138],[80.723816857725922,7.0549681777461242],[80.723780751605474,7.054938002114687],[80.723769825484993,7.0548926205595395],[80.723731223359408,7.0548336847211486],[80.723716375528213,7.0547835885287373],[80.72366886791913,7.0547334913547557],[80.723597604173236,7.0547069705874303],[80.723526340770619,7.054677501743277],[80.72350852493615,7.0546421410159326],[80.72348773979968,7.0546008838187424],[80.723484770661756,7.0545537343201463],[80.72346398539726,7.054497745834726],[80.723422414975957,7.0544564889862666],[80.723368966065181,7.0544505949148402],[80.723291764938864,7.0544417545870832],[80.723229409371626,7.0544152320656677],[80.723193778145969,7.0543887125873246],[80.723175960999356,7.0543651368765845],[80.723167053651139,7.0543268281828109],[80.723161115372505,7.054288519827927],[80.723148670009621,7.0542386020412282],[80.723137795889215,7.0541666553265188],[80.723097923862085,7.0541396786771973],[80.723036304695214,7.0541252903094458],[80.723001870520264,7.0541037057989682],[80.722976498848624,7.0540461513970634],[80.722972873686075,7.0540209694331173],[80.722963811588116,7.0539903944170526],[80.722951125678463,7.0539544211305181],[80.722929378275239,7.0539220468812598],[80.722898566095182,7.0538824768624773],[80.722856885356748,7.0538411096242637],[80.722802515079238,7.0538033382875138],[80.722755392863476,7.0537961444690511],[80.72273236014324,7.0537790321827414],[80.722711683851628,7.0537524782163397],[80.722660602853651,7.0537090245279881],[80.72260100773768,7.053671607961121],[80.722562088215184,7.0536510872789506],[80.722514654708164,7.0536353946502661],[80.722464789345139,7.0536160826677614],[80.722363840970061,7.0536100491451403],[80.722260461848762,7.05360642712587],[80.722188248933691,7.0536253632234054],[80.72214453996699,7.0536517659376843],[80.722112234076249,7.0536838273689844],[80.722066625761883,7.0537818986068768],[80.722019116792836,7.0539007155024693],[80.721949106660574,7.0539851649004159],[80.721840997642232,7.0540752907348852],[80.721711266076923,7.0541954562468288],[80.721585859149158,7.0543263519243249],[80.72135830829113,7.0545774117066431],[80.721203324143644,7.0547724251220485],[80.721095160540884,7.0549306185385889],[80.721006571210197,7.0548971899739135],[80.720851606488992,7.0547833599113128],[80.720773130650812,7.0547305982595319],[80.720671237724559,7.0546582770859949],[80.720599008709172,7.0546057955850117],[80.720527424044477,7.054562275004387],[80.720506142476552,7.0546243563695326],[80.72048550546215,7.054663396776883],[80.720462289227001,7.054697318452618],[80.720437138449896,7.0547171588108872],[80.720415856765015,7.0547273985234682],[80.720255096874595,7.0548331803882043],[80.720170898464303,7.0548921641111004],[80.720127973816702,7.0549282103398498],[80.720071840858253,7.0549904701465769],[80.720010757142063,7.0550691155291085],[80.719911023076747,7.0551914273843153],[80.71986774501778,7.055245115820151],[80.71982852249991,7.0552820269942371],[80.719777129560882,7.0553108837646219],[80.719731148022689,7.055346453010559],[80.719698011429486,7.0553813501002143],[80.719687868036502,7.0554008115260176],[80.719664200058176,7.055441749682684],[80.719643914416579,7.0554786604324899],[80.719622274575329,7.0555008053668651],[80.719594549027661,7.0555155712553868],[80.719561413639084,7.05553301867978],[80.719530984403804,7.0555538241522342],[80.719511372956362,7.0555773131403949],[80.719496496560865,7.055608853819006],[80.719491087633486,7.0556410675589234],[80.719485676977285,7.0556726084884334],[80.719474181112147,7.0557075054905782],[80.719451189614475,7.0557309940631248],[80.719421436796267,7.0557424037817729],[80.719398444305554,7.0557517995123371],[80.719357870481588,7.0557719318266141],[80.719313916447931,7.0557934075348454],[80.71928078061687,7.0558142126590511],[80.719246293884908,7.0558377007166966],[80.719210453535226,7.055863874420095],[80.719195576543044,7.0558705835132196],[80.719183404310598,7.0558699137305787],[80.719163794163038,7.0558605182068037],[80.719128630676039,7.0558444116611057],[80.719091437470212,7.055830317867553],[80.71905086398182,7.0558108556435251],[80.719019758455275,7.0558028034149745],[80.718997442237338,7.0557967634626424],[80.718967013393069,7.055792065416874],[80.718935230104904,7.0557967630310543],[80.718904799768097,7.0558041457200789],[80.718882484102053,7.0558229373375205],[80.718856111282264,7.0558564904848193],[80.718825681960624,7.0559068244958079],[80.718797955488313,7.0559652099517383],[80.718778346517595,7.0560048047518249],[80.718756706517865,7.0560350052796377],[80.718735743630148,7.0560504411455494],[80.718715457190839,7.0560564803610939],[80.718687731914756,7.056068561284925],[80.718651892171692,7.0560967461405806],[80.71862890054183,7.0561135237530968],[80.718561277925787,7.056171909673064],[80.71853963748687,7.0562054651975625],[80.718509884158323,7.0562423756248132],[80.718485542336566,7.0562705618953361],[80.718452405849703,7.0562960639697376],[80.718428061556921,7.0563222372325498],[80.718413184675825,7.0563423708505679],[80.718396955968416,7.0563725702255962],[80.718380050467147,7.0564148493500385],[80.718366525176236,7.0564557868918465],[80.718348267237062,7.0564839721037007],[80.718321217798803,7.056527594677898],[80.718297551889478,7.0565577949308791],[80.718259005411497,7.0565940332435328],[80.718236013425098,7.0566061138260867],[80.718194763220993,7.0566195359390154],[80.718166362379804,7.0566262469268848],[80.718122407978683,7.0566423536054614],[80.718099416511308,7.0566430244442637],[80.718062224158146,7.0566363133932768],[80.718041936905692,7.0566269177378507],[80.718016916636202,7.0566222194029073],[80.717983782879998,7.0566255765882779],[80.717947265854633,7.0566329584511456],[80.717913455569544,7.0566389968393635],[80.717887082872764,7.0566490630718013],[80.717853271004429,7.0566604730840279],[80.717826222706094,7.0566658422182291],[80.717799848618355,7.0566725525341347],[80.717765361545659,7.0566832896449991],[80.71774759027663,7.0566850345445751],[80.717733880523582,7.0566879962578506],[80.717712962282349,7.0566934493539994],[80.717691868208007,7.0567006631275371],[80.717675559197616,7.0567068203593406],[80.717661732356774,7.056712275250991],[80.71764099208427,7.05672054168895],[80.717621670227601,7.0567291637005045],[80.717603409979958,7.0567393656827289],[80.717588740900183,7.0567479313080543],[80.717582648082811,7.0567539794992769],[80.717573785469241,7.0567732212903342],[80.717570737043758,7.056792188903521],[80.717566859933953,7.0568073067449761],[80.717552837421522,7.0568138865759487],[80.717536825424048,7.0568048667290446],[80.717517349120627,7.0568035792377115],[80.717452864939219,7.0568237653344763],[80.717397036553493,7.056849536660609],[80.717339908118532,7.0568765955591495],[80.717314806333192,7.0568864720139679],[80.717278019839668,7.0568984992538706],[80.717244262500486,7.0569079486745663],[80.717179344752523,7.056927706937441],[80.717116159514305,7.0569478922480746],[80.717043883615403,7.0569723736951273],[80.716938718122336,7.0570088828408091],[80.716870769653312,7.0570290693188635],[80.716827491418968,7.0570376583941883],[80.716758678827873,7.0570479669176365],[80.716698522338532,7.0570544087866001],[80.716638365494063,7.0570565569623023],[80.716590758488195,7.0570655768185562],[80.716538826668142,7.057072449271713],[80.716503336248849,7.0570715892302331],[80.71645789555059,7.0570724488169203],[80.716402064604722,7.0570823285034781],[80.716367875173233,7.0570939237432606],[80.716337580521639,7.0571080985875376],[80.716313344415695,7.0571153987076034],[80.716285214154638,7.0571222714876329],[80.716259246492982,7.0571287140913306],[80.716223325000286,7.0571433177513834],[80.716169228174707,7.0571690873444455],[80.716052484462097,7.0572302373635889],[80.715973365364491,7.0572664783680112],[80.715886809435432,7.0573067434971959],[80.715771850910372,7.057366471190293],[80.715683265611077,7.0574194895648352],[80.71561699546713,7.0574590844758314],[80.71556289764132,7.0574919673355128],[80.715482427475393,7.0575382740040453],[80.715416373835765,7.0575833011315678],[80.715393384156712,7.0576044681250556],[80.715365686802727,7.0576231602963801],[80.715345189740319,7.0576399281238267],[80.715335494907052,7.0576470745553772],[80.7153224779521,7.0576542223599574],[80.715302534983735,7.0576701655232892],[80.715283423358215,7.0576833596787205],[80.71524938254565,7.0577069306920546],[80.715232477486452,7.0577226590240931],[80.715247271158248,7.0577446783105335],[80.715272628930265,7.0577782353222851],[80.715294816580695,7.0578054978881335],[80.71533391071209,7.0578338098647961],[80.715381458667224,7.0578547817201756],[80.715461760191914,7.0578663159073383],[80.715532552290981,7.0578862390685888],[80.715576928840832,7.057883094231018],[80.715752325621096,7.0578726080520751],[80.715963644954087,7.0578537335244826],[80.716136928275162,7.0578484892379043],[80.716339796816058,7.0578484892035407],[80.716581757953193,7.0578401011578746],[80.716695870234162,7.0578359071123815],[80.716749756546591,7.0578285673621943],[80.716770888085264,7.0578191290231782],[80.716806812409473,7.0577897687178153],[80.716840624774022,7.0577541159193036],[80.716857193184197,7.0577302088651281],[80.716872744300787,7.0577120892932994],[80.71689100259583,7.0576892721526896],[80.716909937346429,7.0576785340267563],[80.716932252408469,7.0576657824229914],[80.716962007696083,7.0576577305854267],[80.717008665543673,7.0576530313857928],[80.717059383428804,7.0576469925043774],[80.717123624125705,7.0576490064499913],[80.71718110269785,7.0576597434496984],[80.717221000314382,7.0576630990034683],[80.717261574413072,7.0576570588117633],[80.717312967261307,7.0576677968315291],[80.717343398159315,7.0576785330938741],[80.717371123832692,7.0577000086508992],[80.717388028136,7.0577396043947731],[80.717410343171323,7.0577698040907491],[80.717441449984378,7.0577899371645074],[80.717466469909866,7.0578120833748725],[80.717482699533477,7.0578469802116519],[80.717486756342169,7.0578711403913017],[80.717485404177822,7.0578979838925688],[80.717476613161864,7.0579234853547819],[80.717457678833114,7.0579523441579815],[80.717434687177459,7.0579825417367523],[80.717413724266308,7.0580113993770199],[80.717407638834501,7.0580375721816262],[80.717417781064782,7.0580570343138351],[80.717421163180148,7.0580764973988632],[80.717412373519366,7.0580912601249741],[80.717414347255868,7.0581097020606505],[80.717427762781966,7.0581359026543611],[80.717448969482405,7.0581548009894624],[80.717506313100372,7.0581667054023853],[80.717589957181573,7.058167858115973],[80.717637589767946,7.0581505636844142],[80.717725882202402,7.0581079047302229],[80.717779323595494,7.0580756238109696],[80.717818821358946,7.0580629412456206],[80.71785321797141,7.0580597144529147],[80.71787433262557,7.0580548790227278],[80.717893823533842,7.058048430090623],[80.717916562229917,7.0580500417206338],[80.717943634495327,7.0580634750926379],[80.717976659660224,7.0580822799334317],[80.717984780430996,7.0580957145437528],[80.717994526449601,7.0581204306812744],[80.718005355844056,7.0581392354503283],[80.718004270984949,7.0581569671134341],[80.717996150987332,7.0581806093987822],[80.718001564706881,7.0581978020005733],[80.718013475397726,7.0582128467651577],[80.71803405087806,7.0582198324596259],[80.718082775916727,7.0582252047627732],[80.718143956993288,7.0582423998177006],[80.718208925277239,7.0582612050174678],[80.718238702536823,7.0582730254131061],[80.718264150708919,7.0582805488684581],[80.718301507875992,7.0582950551155941],[80.718312877866509,7.0583052653397349],[80.718325329722404,7.0582853837286095],[80.718340489398898,7.0582773236539227],[80.718359980041797,7.0582730251623067],[80.718385968526334,7.0582741009158259],[80.718426574198048,7.0582837721876945],[80.718467179603692,7.0582955930116151],[80.71850886878137,7.0582982803900158],[80.718537562343187,7.0583041900323114],[80.718562467498487,7.0583181602622078],[80.718595494450099,7.0583375040310221],[80.71862039870382,7.0583514733534152],[80.718659380246791,7.0583772629056662],[80.718691866423384,7.0583923092980605],[80.718727598491498,7.0584089648654986],[80.718759002106196,7.0584234721477852],[80.718767664382639,7.0584283076847356],[80.718740592936541,7.0584955048514226],[80.718725365303584,7.0585332843228201],[80.71871690565753,7.0585660275997446],[80.718726212542904,7.0586138805542431],[80.718752437147799,7.0586600562899386],[80.718771047736993,7.0587011940506006],[80.718790505014965,7.0587398133992592],[80.718805731033569,7.0588027790834289],[80.718826881273856,7.0588397193277075],[80.718856489883436,7.058861547711798],[80.718878485064465,7.0588808566382051],[80.718878485169498,7.0589312287645551],[80.718873407297735,7.0589648107608491],[80.718870869942094,7.0590529639290196],[80.71885902632755,7.059131881087942],[80.718850568266262,7.0591956866650598],[80.718848028916682,7.0592779617878021],[80.718846336758446,7.0593316923281968],[80.718852259791788,7.0593518411865928],[80.718870871055259,7.0593585571159219],[80.718897094408646,7.0593787066714864],[80.718915705275364,7.0594106104702723],[80.718938546018677,7.0594660197320263],[80.718956311733393,7.0594954031004216],[80.718979152701024,7.0595197500620683],[80.719011299214756,7.0595592083596337],[80.719034138616877,7.0595449365685994],[80.719045983029503,7.0595474556384827],[80.719066286819967,7.059563406627869],[80.719100124801102,7.0595986672996887],[80.719104791349849,7.0596046273060482],[80.719113798244393,7.0596118484605039],[80.719135282285905,7.0596290430244304],[80.719156766980333,7.0596482994244409],[80.719176169387751,7.0596699637571501],[80.719200426138883,7.0597015996565009],[80.719220176550266,7.0597273922256729],[80.71923126408862,7.0597456173317443],[80.719239233435673,7.059769000264696],[80.719244085936495,7.0598013246766014],[80.719242005612145,7.0598319291359886],[80.719227800345067,7.0598518747613781],[80.719208372825108,7.0598870999467715],[80.719202958498187,7.0599037567545002],[80.719201334746671,7.0599241759757829],[80.719191589541808,7.0599435180655163],[80.719178055396654,7.0599752198597061],[80.719183468717418,7.0599961734907586],[80.719204041400573,7.059997248534132],[80.719232737481079,7.059998322764967],[80.719259265374134,7.0600010100250863],[80.719268469314358,7.0600106818928703],[80.719274425834485,7.0600310984267001],[80.719279297577415,7.0600542033543094],[80.719285253608078,7.0600638757278009],[80.719297164161418,7.0600660249348453],[80.719315572611336,7.060066023573814],[80.719340478117914,7.0600633380983],[80.719362135383903,7.0600633371333643],[80.719379459056455,7.0600660250681955],[80.719396785181672,7.0600708598452346],[80.719385775922618,7.0601154366793093],[80.719376241203292,7.0601530694628112],[80.719373137222561,7.0601678148343971],[80.719368258263984,7.0601887228916711],[80.719364710174489,7.0602153527094078],[80.71936537549621,7.0602375808402256],[80.719363214599369,7.0602535444387353],[80.719354555304804,7.0602830972790551],[80.719347516033139,7.0603078122352949],[80.71933993710222,7.0603411253470689],[80.719337769925858,7.060378737328274],[80.719337229091892,7.0604190344182216],[80.719337229085383,7.0604485856057622],[80.719337769888014,7.0604749156914508],[80.719338311452717,7.0604802882899333],[80.719367548750526,7.0604824369045218],[80.719377292936016,7.0604861982369886],[80.719380542133109,7.0604904968412985],[80.719385416026114,7.0605109132408481],[80.71939245325315,7.0605324069436124],[80.719401114521304,7.0605458388816977],[80.719418574955171,7.0605702285699463],[80.719441046016996,7.0605925280952677],[80.719463515313478,7.0606292586691755],[80.719484188203069,7.0606623672431361],[80.719503646873804,7.0606833560456757],[80.71952648634219,7.0606984690249996],[80.719551019471723,7.0607135794969844],[80.719562862703768,7.0607186170694289],[80.719593316263101,7.0606867156667183],[80.71959839287176,7.0606632077275648],[80.719611082310735,7.0606548118109247],[80.719632232648195,7.0606699236748449],[80.719644920172428,7.0607068637530315],[80.719653380185562,7.0607228150819354],[80.719663532663077,7.0607337295853974],[80.719680450505521,7.0607538779629744],[80.719686902496349,7.0608312735956158],[80.719663108231259,7.0608811201267958],[80.719659143683941,7.0609453983138435],[80.719681613804113,7.0610201697679225],[80.719672362311314,7.0610883828872515],[80.719663108051122,7.0611421649562329],[80.719684257154583,7.0611972601754749],[80.719686983852725,7.0612625221664453],[80.719695162225264,7.0612721143209818],[80.719707058595418,7.0612794922619484],[80.719715981692374,7.0612912991728027],[80.719723415037151,7.0613754166917477],[80.719726450600817,7.0614095060974043],[80.719734064122832,7.0614265081348071],[80.719745007826049,7.0614444519685229],[80.719764042736543,7.061474204419274],[80.719767373247052,7.0614798703540913],[80.719797457184058,7.0615175775921433],[80.719780759792528,7.061552645779738],[80.719738518176499,7.0615941522911205],[80.719694187822668,7.0616240362954956],[80.719667000835855,7.0616510141090982],[80.719622257549347,7.0616746609997234],[80.719570866983162,7.0616930222615562],[80.719496175943803,7.0617052620800953],[80.719435875224264,7.0617243031869501],[80.719382428632443,7.0617521838940691],[80.719328891924462,7.061769336702282],[80.719299844436307,7.0617762303476841],[80.719280898874487,7.0617856310855469],[80.719253113142827,7.0618081930339853],[80.719229114033496,7.0618226084772084],[80.719189961316374,7.0618464224060169],[80.719153965863484,7.0618639707252031],[80.719102814048995,7.0618765054667678],[80.719068714085495,7.0618796392411474],[80.719030189491548,7.0618821448738105],[80.719011247045799,7.0618808927775136],[80.718996090842879,7.0618746258195397],[80.71897398786372,7.0618620911058576],[80.718946201924993,7.0618495565943951],[80.718906416622119,7.0618353376710434],[80.718852146003982,7.06184317137392],[80.718825504570518,7.0618647142757363],[80.718817612559477,7.0618891958033778],[80.718824518508612,7.0619254280129811],[80.718843266285575,7.0619636177180922],[80.718857079718774,7.0620018077170625],[80.718880762311201,7.062080146875779],[80.718901483099046,7.0621506524963067],[80.718918257265301,7.062205490382099],[80.718926150878488,7.0622485765103296],[80.718901483708024,7.0622701196596127],[80.718807744784286,7.0622397629034639],[80.718699204284704,7.062197656346874],[80.718647893716778,7.0621761119313105],[80.718605465145544,7.0621692573907966],[80.718556561481805,7.0621265387429037],[80.718516475102717,7.0621311294878941],[80.718490265060652,7.0621556105410779],[80.718436304755599,7.0622443532401169],[80.718380802276528,7.0623086159505446],[80.718316047394865,7.0623667580048872],[80.718248209598528,7.0624371404641426],[80.71819389890392,7.0624968961975148],[80.718158139656254,7.0625286494380468],[80.718111088107747,7.0625650693331279],[80.718070624571695,7.0625884172803888],[80.718048980368863,7.0626276392036136],[80.718035806755722,7.0626416480948961],[80.71801322425307,7.0626631263470223],[80.717975581535867,7.0626995483119224],[80.717952057833671,7.0627191590337901],[80.71792947331268,7.0627350341498314],[80.717812996172583,7.0628839347606283],[80.717773786846806,7.0629461945805474],[80.71776855958889,7.0630292036474289],[80.71774241964853,7.0630784927206145],[80.71766400212492,7.0631148091424016],[80.717551604248243,7.0631666908374147],[80.717467958467708,7.0632004138959967],[80.717421560235962,7.0632378665291888],[80.717395094183502,7.0632743459285958],[80.717362746620836,7.0632845596759939],[80.717387743433136,7.0633341717188216],[80.717420090895061,7.0633604371045884],[80.71746419934594,7.0633910799537336],[80.717520074405527,7.063424641604664],[80.717266685060181,7.0636647564872996],[80.717222248453467,7.0636803204211418],[80.717138602523747,7.0636362217483954],[80.717107236190074,7.0636180627416527],[80.717068703915487,7.0636298953076055],[80.717035916479418,7.0636393565864006],[80.717008710138131,7.0636527423944679],[80.716977550239449,7.0636767425375382],[80.716965921995978,7.0636961259345226],[80.71695154889332,7.0637172705849913],[80.716932292959186,7.0637389056540831],[80.716911581823737,7.063764506858873],[80.716875247864579,7.0638081353796327],[80.716842184485117,7.0638445551223583],[80.716803672270885,7.0638903473827304],[80.716783323977012,7.0639170301878691],[80.716768427511212,7.0639462376314448],[80.716745901617941,7.0639700362977607],[80.716716106878536,7.063993113292776],[80.716695034393553,7.0640057330098198],[80.716672508490618,7.0640154695855655],[80.716661607501123,7.0640248441174736],[80.716641261443272,7.0640410694262368],[80.716608925548613,7.0640655893737012],[80.716579494231823,7.0640922710031377],[80.716556602867612,7.064107054504154],[80.716537709383559,7.0641185929341388],[80.716518089978678,7.06413662243778],[80.716496652001751,7.0641615027914426],[80.716475943492654,7.0641874647978327],[80.716456686357787,7.0642040510598516],[80.716440336958399,7.0642264063161617],[80.716397098105062,7.0642822955059499],[80.716376025193128,7.064319075772147],[80.716354227247763,7.0643414303228456],[80.716331699270611,7.0643670321707699],[80.716322251122051,7.0643836187880718],[80.716309536022095,7.064400204983551],[80.716289551997292,7.0644236413250132],[80.716277197173852,7.0644402284703824],[80.716263027301991,7.0644643872041835],[80.716244133861039,7.0644824167896019],[80.716214340910255,7.0645191950169544],[80.716182002606061,7.064554893161926],[80.71617110465408,7.0645685948260164],[80.716155481310778,7.0645902303315751],[80.71614022008562,7.0646046530730562],[80.71612387110811,7.0646165517321986],[80.716114059374675,7.0646306134525796],[80.716102069501275,7.0646529692608491],[80.716089716147906,7.0646720803422109],[80.716080996018505,7.0646868638460028],[80.716071187809376,7.0647016481129397],[80.716063193652872,7.0647095797215007],[80.71605193068568,7.0647178735362406],[80.716042845499459,7.0647276091099149],[80.716035942807565,7.0647373458706779],[80.716032672794441,7.0647539314740468],[80.716030856866908,7.0647752052308892],[80.716032047852664,7.0647913645763136],[80.716029766241306,7.0648087379654614],[80.716032309248391,7.0648278491678083],[80.716027950234576,7.0648375853539012],[80.716016995595581,7.0648416027057062],[80.715998519119623,7.0648411915590286],[80.715971995476181,7.0648386668892043],[80.71596763587003,7.0648390271447168],[80.715964730157168,7.0648664311059015],[80.715968726825395,7.0648934751416084],[80.715974176754287,7.0649176336991966],[80.715977084049356,7.0649407103669013],[80.71597635576191,7.064958377859373],[80.715978173650214,7.064984700873687],[80.715980715404498,7.0650203981031341],[80.715985075632588,7.0650431150421875],[80.715980354713636,7.0650514078952753],[80.715990741479487,7.0650914929708755],[80.716004602413747,7.0651740206760127],[80.716036480211017,7.0652482988496841],[80.716072517109467,7.0652909383186735],[80.716114255412847,7.0653243599441131],[80.716236066092364,7.0654573722885399],[80.71621250393288,7.0655206450122234],[80.716201416502102,7.0655852939053903],[80.716216662753467,7.0656238070012582],[80.716240225552653,7.065688454947435],[80.716266558319305,7.0657393495355052],[80.716348209591786,7.0657751437883887],[80.71640911739938,7.0657986493415761],[80.71641926996594,7.0658792449395884],[80.716427099812208,7.0659942276893144],[80.716472353050676,7.0660568627007683],[80.716544306141557,7.0661180895072651],[80.716635662799348,7.0661721783294658],[80.716700383093126,7.0661987617153788],[80.716743349659197,7.0662482793298844],[80.716748891635021,7.0663032985150753],[80.71667959237206,7.0663706972083302],[80.716613064005827,7.066381701406149],[80.716547920887706,7.0664188404522656],[80.716474460726758,7.0664614802658905],[80.716391300440932,7.0664807377744587],[80.716345561681351,7.0664903646301891],[80.716287350310893,7.0664889888889535],[80.716194485521569,7.0664628548679254],[80.716105780784801,7.066425717672538],[80.71613350181012,7.0663679473430525],[80.716145975502783,7.0662867921867143],[80.716133501536788,7.0662235211349129],[80.716107166794032,7.0661877575248724],[80.716033707921014,7.0661368649586302],[80.715976881506919,7.0660804699796254],[80.715975495193916,7.0660488323680708],[80.715985196977144,7.0660034433855357],[80.716001829350176,7.0659566753185423],[80.71603093699926,7.0659071579450279],[80.716042023424507,7.0658713955650994],[80.716042024283027,7.0658438845189311],[80.716039251505464,7.0658026203028923],[80.716018461659715,7.0657641064825851],[80.716014304626839,7.0657310957623682],[80.716025392703642,7.0657104643678617],[80.716017076706422,7.065680202223354],[80.715997671706546,7.0656568186624318],[80.715983812277955,7.0656183057395667],[80.715957975336764,7.0655764905145251],[80.715932252744935,7.065532475106389],[80.715895882667922,7.0654902199171774],[80.715843546221237,7.0654550063518613],[80.715810725188661,7.0654224359184266],[80.715799193692575,7.0653933851323449],[80.715785001167021,7.0653687362010658],[80.715767261626269,7.0653467292134975],[80.715737988126875,7.0653423259114421],[80.715709601948973,7.0653502485258324],[80.715689199625487,7.0653599328794536],[80.715274916494479,7.0657216794046978],[80.715259271859338,7.0656912571254749],[80.715247697570291,7.0656436660712858],[80.715234467923949,7.0656075641109641],[80.715209664714536,7.0655665384470581],[80.715171632665431,7.0655452061008592],[80.715136906423851,7.0655107444488916],[80.715100528328492,7.0654680777341801],[80.715077631540225,7.0654476462612479],[80.715049118660573,7.065434645701143],[80.715029082921802,7.0654101723184288],[80.715018293954785,7.065393347939164],[80.714989779885357,7.0653619916058217],[80.714977449125001,7.0653398143865349],[80.714965890214799,7.0653268124405644],[80.714911417899913,7.0653366595611624],[80.714878907014111,7.0653414399926096],[80.714693174189506,7.0652161172552574],[80.714505033523096,7.0653561524627442],[80.714485395104802,7.0652985043437004],[80.714414843444032,7.0652459913785783],[80.714356049077054,7.0652664129089819],[80.714306074033757,7.0653160087838369],[80.714285496290458,7.065371438689656],[80.714253159931772,7.0654181177852493],[80.714191426393867,7.0654443726329381],[80.714123813656684,7.0654822995733344],[80.714050320711479,7.0655056382243968],[80.713932481839407,7.0655748540080534],[80.713848998602842,7.0656534557337691],[80.713806184943991,7.0657214354138249],[80.713752669737474,7.0657957890645102],[80.713675608526046,7.0658913854935532],[80.71364135673673,7.0659572402683386],[80.71359854624086,7.0660549619163033],[80.713553592839943,7.0661208170488257],[80.713482950734701,7.0661611788029672],[80.71330742106133,7.0662270343315603],[80.713163998542313,7.0662950138682685],[80.713067670308448,7.06634387443024],[80.712941374105043,7.0664288491937857],[80.712868591753733,7.0664904556132644],[80.712825780556884,7.0665520624978448],[80.712789388382021,7.0666264165627801],[80.712761561654531,7.066679524031362],[80.712669990936817,7.0666377457569975],[80.712473111464547,7.0664909874680886],[80.712406645583954,7.0664418514721152],[80.712344996579446,7.0663653741923227],[80.712311087428716,7.0662950147917041],[80.712314169712016,7.0662032418022829],[80.71230492310815,7.066096174259151],[80.712255602081797,7.0660288729307945],[80.712169294371222,7.0659554560452129],[80.712049076456452,7.0658330920729382],[80.711987426938379,7.0657352023949889],[80.711916527707515,7.0656709600522438],[80.711824052404481,7.0656526068402066],[80.711722331239457,7.065594482398696],[80.711599031150072,7.0654078790231489],[80.711441824232764,7.0651753877942314],[80.711367842945023,7.0650071379592694],[80.71125687316102,7.0648144140061664],[80.711099665531208,7.0646798146666967],[80.710939375536341,7.0645849820560542],[80.710840241934363,7.0645005512872547],[80.710745549836858,7.0644770574289604],[80.710595616000916,7.064437900261737],[80.710485140046131,7.0644300695541489],[80.710356907373949,7.0644085341343716],[80.710210918980422,7.0643282618560033],[80.710128062546431,7.0642616970715872],[80.710002297446252,7.0643677868579546],[80.709915985916837,7.064395318143748],[80.709715622860301,7.0646859333465617],[80.709641642916225,7.0647715866154668],[80.709509095878929,7.0648633599994319],[80.709401208699617,7.064900069589755],[80.708921367085409,7.0651335801147663],[80.708691207064192,7.0651172654332814],[80.70830840536722,7.0650949282186506],[80.708128835060407,7.0650704257605463],[80.707825815035761,7.0650013712186635],[80.707074122056895,7.0648568264897582],[80.707002915989733,7.0648281382756819],[80.706900400801885,7.0648125669764799],[80.706790563704203,7.0648001081137695],[80.706700602116527,7.0647969946691678],[80.706634701291421,7.0648125661325976],[80.706583549092755,7.0648293542918505],[80.706560604432013,7.0648531144165787],[80.706541649835373,7.0648719240191573],[80.706514713417832,7.0648877653687085],[80.706478799707924,7.0648867751797004],[80.706463837821644,7.0648649943372046],[80.706422934326739,7.0648412327662395],[80.706407362519599,7.0648361825448962],[80.706390607729432,7.064836183643612],[80.706366500954999,7.0648345612966841],[80.706347704591067,7.0648305062382102],[80.70633094975183,7.0648248300510499],[80.706317058723954,7.064827262374207],[80.706296217386608,7.0648296945550371],[80.70628068971331,7.0648321284393534],[80.70626843141558,7.0648305060626306],[80.706252497737864,7.0648240188265996],[80.706238603468989,7.0648179361256744],[80.706225526250449,7.0648142852479916],[80.706210407384489,7.0648130693800022],[80.706194473633417,7.0648130696911133],[80.706179352603499,7.0648082031058959],[80.706153202401538,7.0647968491161599],[80.706127867822119,7.0647794119272946],[80.706111113723537,7.0647688687140509],[80.706101716426218,7.0647640011816],[80.706091909108807,7.0647648126793818],[80.706079649525051,7.0647717062230821],[80.706071886770815,7.06478671033413],[80.70606657438033,7.0648082032685426],[80.706080239491257,7.0648271353385148],[80.706095560682897,7.0648372741081342],[80.70610577745623,7.0648524789785094],[80.706106414148252,7.0648683208483751],[80.706100029539741,7.0648866946420421],[80.706084708366475,7.0649063385519186],[80.706062999090875,7.0649076058347013],[80.7060419294789,7.0649050714767947],[80.706017028863272,7.0649031686544959],[80.705983191738284,7.0648961994165997],[80.705953822183019,7.0648873299839394],[80.705921898511875,7.0648816261664127],[80.705904659961931,7.064872121929354],[80.705882313329653,7.0648619857069708],[80.705861243200445,7.0648569156442385],[80.705831873593226,7.0648543818282183],[80.705796121060033,7.0648531130823411],[80.705755897085979,7.0648613516134757],[80.705718228038378,7.0648670539279541],[80.705688219863134,7.0648670529896522],[80.705310047898095,7.0650515523455306],[80.705089325846046,7.0651950639824745],[80.704902852004267,7.065349907305543],[80.704659299645868,7.0655009725808675],[80.704385298161085,7.0656104951633996],[80.703890576623607,7.0656482630275583],[80.703587221076191,7.065619416004628],[80.70355147396269,7.0656063466938424],[80.703543948092531,7.0654551089488411],[80.703560880285039,7.0653225427829289],[80.703630492821972,7.0652310551753281],[80.703687877325009,7.065152635697995],[80.703770187698424,7.0650476097570927],[80.703790767631318,7.0649455014447824],[80.703764307587605,7.0648492285695665],[80.703717272760613,7.0647237811201347],[80.703646719764848,7.0646245903673011],[80.703582046645849,7.0645458208381537],[80.703523253888036,7.0644612166817229],[80.7035061713419,7.0644213210991396],[80.703482088106412,7.0643794973266756],[80.703471251345135,7.06434125761524],[80.703453190751972,7.0642982392810767],[80.703435128351671,7.0642552209458769],[80.703419475127419,7.0642098128854274],[80.703418271941487,7.0641703791788251],[80.703432721610639,7.0641440894163487],[80.703420679256865,7.0641106315272353],[80.703384556962462,7.0640664175694754],[80.70335445428276,7.0640114495460233],[80.703333982918636,7.0639696245233203],[80.70332194218166,7.0639086818148673],[80.703297861892295,7.0638656643382927],[80.703258496527468,7.063761955040019],[80.703162037192214,7.0636343194662636],[80.703060987210648,7.0635431505183721],[80.703009628548713,7.0634572850436568],[80.702981406789718,7.0633807322194819],[80.702930609085442,7.0632911112078718],[80.702836538123364,7.0632593703108091],[80.702748114048362,7.0632612355026856],[80.702648398494262,7.0632444329436117],[80.702561855252455,7.0631678808040261],[80.702509174037885,7.0631342726614061],[80.70243203593995,7.0630017042546465],[80.702403815125933,7.0628915452758214],[80.702354898877957,7.0627776509016922],[80.702260827630369,7.0626861600495072],[80.702147944179657,7.062611474666066],[80.702054156896651,7.0625731122696722],[80.701989938817619,7.0625731110599723],[80.701893609827039,7.0624605194130066],[80.701795142437618,7.0623160611839895],[80.701700955161442,7.0622268364115879],[80.701602487142409,7.0621376127415578],[80.701555392902378,7.0620547618691516],[80.701533986300362,7.061959163387332],[80.701531844820479,7.0618338251097361],[80.701523282047603,7.0617233572449765],[80.701500079085022,7.0616135688791415],[80.701472677409157,7.0615170379856895],[80.701439799618981,7.0614177860325373],[80.701389108160711,7.061334850461856],[80.701349379994681,7.0612899828499138],[80.701321979025295,7.0612342383221867],[80.701249368585522,7.0611295495449475],[80.701178127755284,7.0610697258095119],[80.701108259251129,7.0610099040935976],[80.701058768089069,7.0609500811408843],[80.701018096444969,7.0608736030478711],[80.700945315204848,7.060756762022069],[80.700881096952529,7.0606590395732116],[80.700793330497333,7.0605443230414044],[80.700694860240418,7.0604720930494667],[80.700581408859776,7.0604211083645607],[80.700433704087772,7.060359499613118],[80.700328815394045,7.0602851460727019],[80.700286001146281,7.0602150402674351],[80.700264597044082,7.0601173192983824],[80.700243188282442,7.0599983532750974],[80.70020037866648,7.0598836367411479],[80.700138299502228,7.0597816651667182],[80.700048394500783,7.0597158091419319],[80.699985313700523,7.0596776439807902],[80.699945848492931,7.0596537690407279],[80.699835173660773,7.05966342160752],[80.699709647134966,7.0597215565072409],[80.699584117917297,7.0597464722967089],[80.699499443856055,7.0597814462469177],[80.699413749963739,7.0597814447596381],[80.699295492957106,7.0597423244755975],[80.699192660912786,7.0596589830431169],[80.699127532866768,7.0596028541315929],[80.699082972760905,7.0595705374060733],[80.699031556065293,7.0595195110873128],[80.699028128645693,7.0594667826738684],[80.699052209473962,7.0594102869319046],[80.699034383364122,7.0593597716981407],[80.699001231366367,7.0592804289054767],[80.698962232748627,7.059216566092859],[80.69894858243056,7.0591604448016332],[80.69893298325438,7.059098518393454],[80.698936881455168,7.0590365907037675],[80.698927132535232,7.0589591816003576],[80.698901782558465,7.0589127363326156],[80.698870582522844,7.0588643557624735],[80.698839382108247,7.0588237161193614],[80.698814033052741,7.0587772708469023],[80.698788681153886,7.0587153437140691],[80.69877893239719,7.0586534164653685],[80.698765283272337,7.0585469782233066],[80.698765283003226,7.0584889230620922],[80.698757483110327,7.0584328018339955],[80.698773081638649,7.0583844191019258],[80.698815983205222,7.0583302343128542],[80.698870581254454,7.0582799174082353],[80.698923232765736,7.0582315372144739],[80.698970032721874,7.0581792873865403],[80.698987582853647,7.058130905874922],[80.699001232932602,7.0580631731998844],[80.699003182457361,7.0580051156479469],[80.698997333071034,7.057939318584407],[80.698981731812964,7.0579064197561099],[80.698948582396085,7.0578502970320862],[80.698882282109523,7.0577632132149359],[80.69881988129525,7.0576664511623202],[80.698769182082899,7.0575484034934544],[80.698739931314776,7.0574226130365449],[80.698724331893118,7.0573084344378749],[80.698725916683003,7.0571634125433649],[80.698692400969392,7.0569487236652506],[80.698691182853779,7.0568710727120498],[80.698686307044795,7.0568352700988441],[80.698675581392195,7.0567530227397821],[80.69871652428732,7.0567076483617752],[80.698756459913255,7.0566988397586679],[80.698798613638687,7.0566988395420438],[80.698862955749931,7.0567318685682174],[80.698920410938484,7.0567818586633901],[80.698943033191,7.0568785670740954],[80.698956965713549,7.0569410638325332],[80.698990995143276,7.0570394380732626],[80.698981854643634,7.0571029375008969],[80.698987948706204,7.0571724847986053],[80.699015369797323,7.0571966752348922],[80.699064118923246,7.0572238896174806],[80.699109823732186,7.057229936207194],[80.699230783063243,7.0572143459722652],[80.699308441801207,7.0573348243273815],[80.699413177348504,7.0574434922762164],[80.699589325270892,7.0574623916566503],[80.699703584200734,7.0574198688136445],[80.699813080433742,7.057330100167003],[80.699903535564374,7.0571741859218315],[80.70006063882542,7.0570655167174046],[80.700303438853339,7.0569190529791621],[80.700436738280189,7.056767862519612],[80.70057956081304,7.056630846886649],[80.70073190590918,7.05648910680741],[80.700869967709224,7.0563804387541627],[80.700903291818548,7.0562812191692572],[80.700960421395834,7.0561016804283447],[80.700974703885038,7.0559835639166746],[80.700986100611047,7.0559489730246643],[80.701013557924753,7.0559118164765247],[80.701034773439702,7.0558882842216821],[80.70106846972611,7.0558436961191209],[80.701091661093884,7.0558214410726006],[80.701248732964928,7.0555999229687103],[80.701372738158668,7.0554194264223504],[80.701513277884644,7.0552717482555458],[80.701670348051351,7.0550584348447343],[80.701810886926182,7.0549599838409458],[80.701872352907017,7.0549381942661151],[80.702024089576895,7.0545760776591493],[80.702266707647709,7.0545483945322713],[80.702368002341643,7.0545561940575352],[80.702573892531078,7.05460340297022],[80.70259055231945,7.0546007912343844],[80.70260195104504,7.0545868693095475],[80.702626501003792,7.0545816489696103],[80.702718563453004,7.0545842580023237],[80.702795721444559,7.0545886099915531],[80.702898308072392,7.0545894798445792],[80.702978973239055,7.0545912197919831],[80.703033336141473,7.0545799081399991],[80.70307717511443,7.0545859992621649],[80.703139428736321,7.0545973120719179],[80.703171868721725,7.0545903503288008],[80.703209573204234,7.0545729454825903],[80.703258673412876,7.054572076905413],[80.703300760220444,7.0545877398998504],[80.703350736379278,7.0546060130734682],[80.703392824220515,7.0546382087358595],[80.703429649533533,7.0546625722082563],[80.703470858840944,7.0546921587790949],[80.703509436637532,7.0547165234236022],[80.703571691225619,7.0547565517758652],[80.703618160693281,7.0547861364422664],[80.703661123498549,7.0548035385377261],[80.703739932246592,7.0548393336408353],[80.703967374063112,7.0549024024519413],[80.704084437584171,7.0549156805829991],[80.70428512120229,7.0549289580593637],[80.704462392076593,7.0549223188347856],[80.704602870594059,7.0548824846357778],[80.704816932881926,7.0548326952464979],[80.704947376970026,7.0548824860059787],[80.705047718959378,7.0549588327431376],[80.705178163394308,7.0550185817489846],[80.705435708042543,7.0550285395359147],[80.705623013068603,7.0549687910110235],[80.705713319343516,7.0548891237554168],[80.705833729780366,7.05473311157807],[80.705883900631079,7.0545605036244172],[80.70595414101696,7.0543978533896459],[80.706017690699454,7.0542551187549281],[80.706054482963907,7.0541754532968035],[80.706124720868573,7.0541123825258198],[80.70624513165302,7.0540659125608718],[80.706375575183955,7.054022759288082],[80.706495984701107,7.0539663291378467],[80.706559535149893,7.0538833442923696],[80.70661973999465,7.0538302338709995],[80.706730117605289,7.0537339707213347],[80.706763563934686,7.0536310692471984],[80.706850527662453,7.0535580425496507],[80.706991005668513,7.0534750573525464],[80.707121449460416,7.0534285850339469],[80.707281996694988,7.0533754740464154],[80.707445887416952,7.0533854322018019],[80.707586367371491,7.0533555590252774],[80.707773670134813,7.0532924889815778],[80.707950941192536,7.0532493367264388],[80.708037904245529,7.0532161430514808],[80.70814493496799,7.0531563925791474],[80.708268690119212,7.0530103394567378],[80.708282070382836,7.0528709232348223],[80.708275379450001,7.0527945773087666],[80.708262001251356,7.0527281887175457],[80.708138244927923,7.0525555794721297],[80.708014490702197,7.0525788148888209],[80.707984184888531,7.0525706996470277],[80.707933496037896,7.0525054377737302],[80.707921164677586,7.0524796042176021],[80.707837594245277,7.0523912277461198],[80.707763614343548,7.052321886684247],[80.707688264790363,7.0522348696760888],[80.707671825844699,7.0521709674814881],[80.707579007106588,7.0520763878113062],[80.707450569446749,7.0519531695462208],[80.707334977514961,7.0519276769996102],[80.707155165112795,7.0518490735432087],[80.706974281735611,7.0518020702273674],[80.706817079798057,7.0517456401823191],[80.70664649842972,7.0516692932683664],[80.706469228661305,7.051556432684122],[80.706305337276177,7.0514170170367221],[80.706191615426818,7.0512311280191113],[80.706081238746293,7.0509888102463778],[80.705964173873497,7.0507033384476046],[80.705827500441373,7.0503902938120131],[80.705739973927464,7.050076820699605],[80.705694306474228,7.0498048927011485],[80.705679084796117,7.0495480713655017],[80.705671473810881,7.0490004380531008],[80.705682889968386,7.0486794107858417],[80.705630444178425,7.0483804671464796],[80.705603430767923,7.0482657760510996],[80.705610736360967,7.048195679205346],[80.70563509370983,7.048067569539441],[80.705678931662803,7.0479394601107073],[80.705678932543563,7.0478621113604678],[80.705644834424277,7.0477460889446117],[80.705620478494168,7.0476445677855537],[80.705537670049978,7.0475599683345225],[80.705430506664669,7.0475164590359753],[80.705328212887437,7.0474632815214697],[80.705240532688876,7.0474149388706824],[80.705169900471432,7.0473158350982814],[80.705143109999526,7.04723606864159],[80.705140674490835,7.0471804746174262],[80.705129198046706,7.0471656656158421],[80.7051286523253,7.0471649601670245],[80.705102910408698,7.0471658415599689],[80.705073617067384,7.0471632001029345],[80.705037224403569,7.0471482236101446],[80.705022136513321,7.0471376516726396],[80.704994616750909,7.0471270796416876],[80.704973316546514,7.04711650946519],[80.704954671304819,7.0470997695547126],[80.704940472084488,7.0470847928335303],[80.704920053254966,7.0470583665350581],[80.704904965276256,7.0470425088741564],[80.704899639536308,7.0470222459825074],[80.704895198666222,7.0470046265383051],[80.704897860951476,7.0469861273796059],[80.704911177178658,7.0469685070379162],[80.704918277969824,7.0469535335776365],[80.704912066967125,7.046950891123144],[80.704892358202201,7.0469514189371285],[80.704867326019752,7.0469519459345573],[80.704847620294601,7.0469503621722112],[80.704830044305737,7.0469440184228445],[80.704802349195802,7.0469318628986573],[80.70474720896317,7.0468948010459824],[80.704721203739382,7.0468715733467731],[80.704702999127292,7.0468444745685987],[80.704691300461775,7.0467915658379194],[80.704700399633509,7.046696068886086],[80.70470950123557,7.0466612279412288],[80.704689998171858,7.046625095763007],[80.704658790627079,7.0465915426995842],[80.704617185343992,7.0465334729669005],[80.70460027892814,7.0464702406797279],[80.704613281057235,7.0464173312232932],[80.704622381734197,7.0463708734522683],[80.704609379440228,7.0463308718027253],[80.7045560687734,7.0463166758072857],[80.70450275711427,7.0463089320914172],[80.704471549131739,7.0462960290427095],[80.704461151437968,7.0462947360790977],[80.704381829976043,7.0462586064221524],[80.704309014218353,7.0462276323506012],[80.704245301742404,7.0461979546535387],[80.704202392203399,7.0461747234080638],[80.704142579290064,7.0461450435871882],[80.704124379474706,7.0461282684441997],[80.70408796667887,7.0461037495455052],[80.704042457347214,7.0460637446526775],[80.704030754773555,7.0460482591615143],[80.70395144132921,7.0460018030629588],[80.703892926483576,7.0459372792598538],[80.703839616479314,7.0458727580669809],[80.703803206634134,7.0458353345750266],[80.703813608134283,7.0458004920402955],[80.703827913101037,7.0457695196749208],[80.703830515508173,7.0457346786402519],[80.703821413147949,7.0457101594434581],[80.703788903062787,7.0456830593095319],[80.703773299655253,7.0456585400049763],[80.703765499560916,7.0456417664656028],[80.70377330347641,7.0456224072047817],[80.703783701554244,7.045586274212674],[80.703809709768009,7.0455140090379125],[80.703848718461543,7.0454520659219471],[80.703886424173788,7.0453694770937147],[80.703920234759352,7.045293339039044],[80.703941036525194,7.0452662399536905],[80.703946237205386,7.0452288175020366],[80.703937135143192,7.0451849405447389],[80.70393323368566,7.04516816580424],[80.703893764046114,7.0450862160965073],[80.703874716792342,7.0450011523847875],[80.703868366465841,7.0448877313325209],[80.703858843581116,7.0448026663859711],[80.70387471679139,7.0446986979702713],[80.703906464481676,7.0446104824692908],[80.703969952526393,7.0445159670072472],[80.704023921774365,7.0444088493380077],[80.704077885547406,7.0443426862706602],[80.704154076871944,7.0442481700361848],[80.704227087761197,7.0441977612529536],[80.704328671943898,7.0441631055117071],[80.704449305500162,7.0441473510551731],[80.704522320554901,7.0441694058781064],[80.704611203423454,7.0441977625865704],[80.704725485406485,7.0442166649485198],[80.704744533381728,7.0441977595528611],[80.704719137021939,7.0441599561990937],[80.704706439132408,7.0441126965647918],[80.704677872051477,7.0440622883816379],[80.704627075611583,7.0439992760575763],[80.704614378257673,7.0439016099110434],[80.704627077210432,7.0438007916088887],[80.704658821301706,7.0437346304816781],[80.704715961805249,7.0436527155646642],[80.704808022173083,7.0435960056327964],[80.704884210985952,7.0435455972311098],[80.704928654788986,7.0435203935451236],[80.704988969694668,7.0434857367657235],[80.705068336997726,7.0434857371391928],[80.705134997831522,7.0434825849273235],[80.705169920791349,7.0434699822973013],[80.705211186224346,7.043422723668149],[80.705255629856694,7.0433628647958226],[80.705315946695748,7.0433093041755628],[80.705350864907885,7.0432683476421083],[80.705417532796901,7.0432305402355375],[80.705487368918213,7.0431801334810169],[80.705541338998671,7.0431297243087876],[80.705601651894881,7.0431076690767007],[80.705639746878788,7.0430572620075109],[80.705639745752336,7.043028905405003],[80.705651372400425,7.0430017831452849],[80.705649707688835,7.0429844372289434],[80.705651374671362,7.042962965428412],[80.70565886138543,7.0429274532118642],[80.705662191102249,7.042888635094541],[80.705666352081082,7.0428597292987334],[80.705665522113165,7.0428233892784311],[80.705708444386033,7.0428088706710863],[80.705734853986883,7.0427907241631456],[80.7057551747384,7.0427705592061463],[80.705771424640034,7.0427221663468753],[80.705793772741856,7.0426737744088594],[80.705822218452852,7.0426173169020201],[80.705842531993127,7.0425729560898285],[80.7058693548463,7.0425394833070296],[80.705883658208379,7.0425175467867209],[80.705900560147413,7.0424969002112539],[80.705927862945074,7.0424620556516269],[80.70596037381199,7.0424414078115554],[80.705983776430017,7.0424168908411078],[80.706009781118979,7.0423884992721311],[80.70602278340516,7.0423626902746683],[80.706039688059619,7.0423239745776538],[80.706044889694098,7.0422968766598339],[80.706050090686318,7.0422620341887043],[80.706057891928509,7.0422413862363529],[80.706056593269011,7.0422155759880924],[80.706056592763701,7.0421949295736033],[80.706059192772031,7.0421807349335488],[80.706064397577208,7.0421446020052185],[80.706064393908662,7.0421149214838952],[80.706073495521665,7.042060720025205],[80.706073495609672,7.0420181340257306],[80.70607349905552,7.0419832907712818],[80.706081297965412,7.0419600637116604],[80.706094302629808,7.041930382435333],[80.706117704758512,7.0419148977550323],[80.706137209243323,7.0419110256998607],[80.706167115338815,7.0419058638462504],[80.706190520562856,7.0419058646520103],[80.706226928689304,7.0419058646973145],[80.706245135534019,7.0418994115278082],[80.706264639371369,7.0418877985311692],[80.706286740815131,7.0418658595511499],[80.706308849821227,7.0418477928478431],[80.706340056265518,7.0418271429759249],[80.70637255950642,7.0418206919455075],[80.706411568657273,7.0418116591641589],[80.706453177544461,7.0417961726729885],[80.706506492661887,7.0417897211320453],[80.706559800149975,7.0417858495944925],[80.706598808593299,7.0417935909356606],[80.706628715328009,7.0417961717972544],[80.706656020843852,7.0418090768325019],[80.70667552552608,7.0418219834147058],[80.706722335328848,7.0418323059207024],[80.706753541845359,7.0418413401598201],[80.706853372558029,7.0418575467942475],[80.706875740841397,7.0418427464881983],[80.706892251077917,7.0418321738861627],[80.70691089269566,7.0418237158890209],[80.706919948306705,7.0418163163224259],[80.706928468091249,7.0418025747150557],[80.70693645921213,7.0417830164750228],[80.706948710695556,7.0417655731567015],[80.706962021866829,7.0417560599335953],[80.706973210314089,7.0417470736102121],[80.706985357079503,7.0417216361309531],[80.707001999065781,7.0416894250957318],[80.707024469988539,7.0416539105587077],[80.707034454927395,7.0416423485659836],[80.707045271938341,7.0416415227240066],[80.707114343532751,7.0417199841077975],[80.707155121472695,7.041801748367563],[80.707172596944545,7.0418438685235891],[80.707204219184419,7.0419305897807103],[80.707236674727085,7.0419710581611454],[80.707290765170555,7.0420040944632953],[80.707291275665028,7.0420042754018191],[80.707329095495538,7.0420190900581421],[80.707359322159803,7.0420190900055397],[80.70738633366561,7.0420127077251822],[80.707414631226399,7.0419954738535528],[80.707434568868834,7.041969942560292],[80.70745257659398,7.0419265399086965],[80.70745193354432,7.0418984554078694],[80.707453502813394,7.041869963387529],[80.707441565678792,7.0418246201765839],[80.707429217593869,7.0417854036385785],[80.707413988445879,7.0417331419310933],[80.707410686383497,7.041720698973533],[80.707400613408808,7.0416910784569824],[80.707378976666774,7.0416316129327425]]]},"properties":{"OBJECTID":5,"Area_ha":620.9702727892776,"Area_ac":1534.4448235759339,"Shape_Length":17010.88037700058,"Shape_Area":6209398.99766149}}]
}