{
  "type" : "FeatureCollection",
  "features" : [{"type":"Feature","id":1,"geometry":{"type":"Polygon","coordinates":[[[80.708086102227966,7.0428065857225262],[80.708070580026614,7.0428138125454325],[80.708067706007398,7.0428081077062048],[80.708071921826544,7.0428054451155182],[80.708064064564056,7.0427888986194773],[80.708070005769798,7.04278547575238],[80.708078245784748,7.0428029727393131],[80.708082844411933,7.0428008799229351],[80.708086102227966,7.0428065857225262]]]},"properties":{"OBJECTID":1,"Shape_Length":9.3549239515375167,"Shape_Area":2.9529544733653195}},{"type":"Feature","id":2,"geometry":{"type":"Polygon","coordinates":[[[80.705935046167596,7.043793249870375],[80.705922935582848,7.0438121373718978],[80.705852867139583,7.043764489292724],[80.705911257828191,7.04368636440039],[80.70598262410374,7.0437352995067108],[80.705940669615771,7.0437962548529045],[80.705935046167596,7.043793249870375]]]},"properties":{"OBJECTID":2,"Shape_Length":41.073351486765617,"Shape_Area":103.42925676897219}},{"type":"Feature","id":3,"geometry":{"type":"Polygon","coordinates":[[[80.706385844735607,7.0437738532033789],[80.706338537707964,7.0439086667966482],[80.706244598206098,7.0438758016463252],[80.706301367647555,7.0437195246649766],[80.706377734806281,7.0437463535803095],[80.706369624762559,7.0437678162779696],[80.706385844735607,7.0437738532033789]]]},"properties":{"OBJECTID":3,"Shape_Length":58.569496855598921,"Shape_Area":195.40467594999782}},{"type":"Feature","id":4,"geometry":{"type":"Polygon","coordinates":[[[80.706604809966819,7.0439998851235774],[80.706514250181414,7.0440287255538205],[80.706496678458919,7.0439703729104348],[80.706486541913065,7.0439723853021299],[80.706461536230762,7.0438818379344532],[80.706560205627525,7.0438523268209927],[80.706604809966819,7.0439998851235774]]]},"properties":{"OBJECTID":4,"Shape_Length":57.191067296083084,"Shape_Area":190.40164991398461}},{"type":"Feature","id":5,"geometry":{"type":"Polygon","coordinates":[[[80.705970080903668,7.0440293428308847],[80.705903040150858,7.0440542393546464],[80.705860057478532,7.0439348253198286],[80.705934397703842,7.0439093375772739],[80.705970080903668,7.0440293428308847]]]},"properties":{"OBJECTID":5,"Shape_Length":44.460537689386442,"Shape_Area":115.48437397739664}},{"type":"Feature","id":6,"geometry":{"type":"Polygon","coordinates":[[[80.706380113192935,7.0441709985002445],[80.706292743629405,7.0442031925648489],[80.706272674845451,7.0441427189203729],[80.706266584479835,7.0441446414834008],[80.70625274408178,7.0441094769293775],[80.706260217774499,7.044106180015719],[80.706243055322119,7.0440592018971762],[80.706303954812526,7.0440374984428207],[80.706310875008441,7.0440611247076488],[80.70633994087008,7.0440523337030161],[80.706380113192935,7.0441709985002445]]]},"properties":{"OBJECTID":6,"Shape_Length":55.722032034625833,"Shape_Area":166.67908451019807}},{"type":"Feature","id":7,"geometry":{"type":"Polygon","coordinates":[[[80.707354087794243,7.0444124699095338],[80.707309645034684,7.0444248226069108],[80.707284744567943,7.0443376972263971],[80.70726685111471,7.0443422686021062],[80.707275886964055,7.0443707522412708],[80.70723000194161,7.0443851692684696],[80.707211465446662,7.0443250883632187],[80.707192463079309,7.0443300864083795],[80.707183161109157,7.0443016199101471],[80.707150988932952,7.0443085440004944],[80.707118041890496,7.044297388006326],[80.707100320309266,7.044247932917366],[80.707124879626534,7.0442183889772441],[80.707117436841074,7.0441964772276897],[80.70712884887196,7.0441634858966395],[80.707206417666299,7.0441392816536172],[80.707199440927155,7.0441242789400746],[80.707236651693393,7.0441088912051741],[80.70724517849132,7.0441335115365886],[80.707272311496325,7.0441265866935705],[80.707290529768784,7.0441900605392602],[80.707305258464331,7.0441931382939051],[80.707313398753982,7.0442177576624925],[80.7073351048154,7.0442377616058742],[80.707347896482943,7.0442342990674192],[80.707337818092356,7.0441981385461858],[80.707409914139092,7.0441800583846659],[80.707433558589187,7.0442708442403674],[80.707412239916792,7.0442754612358298],[80.707428907514071,7.0443458582815746],[80.707353323261401,7.0443612457844722],[80.707355261425008,7.0443662469323689],[80.70733989275989,7.04436926778419],[80.707354087794243,7.0444124699095338]]]},"properties":{"OBJECTID":7,"Shape_Length":148.96890544483364,"Shape_Area":700.72449861986672}},{"type":"Feature","id":8,"geometry":{"type":"Polygon","coordinates":[[[80.707574504808406,7.0444975216150656],[80.70747699594601,7.0445504159820702],[80.707413403350841,7.0444326060132694],[80.70745216409685,7.0444091637579689],[80.707444291128056,7.0443947378687071],[80.707508488967491,7.0443616792628134],[80.707549673439033,7.0444386163087884],[80.707544222435914,7.0444446273903161],[80.707574504808406,7.0444975216150656]]]},"properties":{"OBJECTID":8,"Shape_Length":59.143530053171119,"Shape_Area":202.55741398185467}},{"type":"Feature","id":9,"geometry":{"type":"Polygon","coordinates":[[[80.707497587904228,7.0446183375898901],[80.707434600333784,7.0446447849263407],[80.707410980111476,7.0445858797920691],[80.707391599678559,7.0445948956603033],[80.707374036291583,7.0445588307956948],[80.707458221166249,7.0445221660308537],[80.707497587904228,7.0446183375898901]]]},"properties":{"OBJECTID":9,"Shape_Length":42.997265305162877,"Shape_Area":96.970017904469714}},{"type":"Feature","id":10,"geometry":{"type":"Polygon","coordinates":[[[80.706505464154347,7.0446464562978051],[80.706438558721175,7.0447101742496168],[80.706343943707509,7.0446115788926553],[80.706373003866148,7.0445807262204498],[80.706356784472248,7.0445646287918882],[80.706393954578289,7.0445310924239664],[80.706505464154347,7.0446464562978051]]]},"properties":{"OBJECTID":10,"Shape_Length":55.793192539207304,"Shape_Area":169.29484243884298}},{"type":"Feature","id":11,"geometry":{"type":"Polygon","coordinates":[[[80.711648443947723,7.0448840099365233],[80.711611016710776,7.0448944106957763],[80.711600237006962,7.0448542937892595],[80.711638563788497,7.0448453789450376],[80.711648443947723,7.0448840099365233]]]},"properties":{"OBJECTID":11,"Shape_Length":17.641446647741411,"Shape_Area":19.437884944539668}},{"type":"Feature","id":12,"geometry":{"type":"Polygon","coordinates":[[[80.706125654373622,7.0448845605497681],[80.706089835678469,7.044899987290008],[80.706082401611766,7.044880536166966],[80.706065506425702,7.0448859016350633],[80.706019550897878,7.0447732216028465],[80.706035770211003,7.044765843933976],[80.706026984707549,7.0447463926063048],[80.706058072289068,7.0447349911676476],[80.706064154512475,7.0447510879837871],[80.706087132738801,7.0447443805242047],[80.706131737035918,7.0448617564536384],[80.706118896175482,7.044867121629534],[80.706125654373622,7.0448845605497681]]]},"properties":{"OBJECTID":12,"Shape_Length":52.048227671758411,"Shape_Area":127.27646048258862}},{"type":"Feature","id":13,"geometry":{"type":"Polygon","coordinates":[[[80.706358487491585,7.0448994507155023],[80.706319992368392,7.0449496732983272],[80.706247761290868,7.0448955871367307],[80.706288418969251,7.0448449344306567],[80.706358487491585,7.0448994507155023]]]},"properties":{"OBJECTID":13,"Shape_Length":33.958287413335512,"Shape_Area":70.093680545951045}},{"type":"Feature","id":14,"geometry":{"type":"Polygon","coordinates":[[[80.721557846549103,7.0449923683719016],[80.721555654051443,7.0450319798275691],[80.721518372321029,7.0450306741354742],[80.721520565778391,7.0449906268002458],[80.721557846549103,7.0449923683719016]]]},"properties":{"OBJECTID":14,"Shape_Length":17.066350207473878,"Shape_Area":18.180796063735322}},{"type":"Feature","id":15,"geometry":{"type":"Polygon","coordinates":[[[80.707095242959596,7.0450281777419796],[80.707027661375577,7.0450554255634525],[80.70698954006231,7.04496040534515],[80.707029331914825,7.0449428060575752],[80.707016788518203,7.0449140451727743],[80.70703538766864,7.0449058892077332],[80.707046101009823,7.0449331161022162],[80.70705617186556,7.0449286186316638],[80.707095242959596,7.0450281777419796]]]},"properties":{"OBJECTID":15,"Shape_Length":46.170748522068152,"Shape_Area":100.56338334771684}},{"type":"Feature","id":16,"geometry":{"type":"Polygon","coordinates":[[[80.706680977038388,7.045049961598596],[80.706605683762334,7.0450918960887989],[80.706586583401617,7.045055906928428],[80.706662984388672,7.0450155216979873],[80.706680977038388,7.045049961598596]]]},"properties":{"OBJECTID":16,"Shape_Length":27.872694722077551,"Shape_Area":41.95464550905848}},{"type":"Feature","id":17,"geometry":{"type":"Polygon","coordinates":[[[80.707209667660763,7.0452950390337286],[80.707095454556722,7.045333940186767],[80.707076909804655,7.0452866417674818],[80.70703279197663,7.0453046699654207],[80.707022411325397,7.0452802030893329],[80.707065231370549,7.0452604565014028],[80.707041875400506,7.0452020777006554],[80.707166874757675,7.0451625858336211],[80.707209667660763,7.0452950390337286]]]},"properties":{"OBJECTID":17,"Shape_Length":69.188932647791134,"Shape_Area":232.05639899423568}},{"type":"Feature","id":18,"geometry":{"type":"Polygon","coordinates":[[[80.706220356411691,7.0453429945894168],[80.70620042585368,7.0453501374888035],[80.706182155748749,7.0453429942715369],[80.706174988949201,7.0453279037964913],[80.70614322596073,7.0453399770465923],[80.706122087042331,7.0452866762624486],[80.706108523366922,7.0452471158729724],[80.706217034537687,7.0452037088078514],[80.706255235735853,7.0452962910661148],[80.706223401198301,7.0453086536916922],[80.706227830672205,7.0453240385612412],[80.706220356411691,7.0453429945894168]]]},"properties":{"OBJECTID":18,"Shape_Length":52.855069013225453,"Shape_Area":161.30663050378888}},{"type":"Feature","id":19,"geometry":{"type":"Polygon","coordinates":[[[80.706119734002883,7.0453557519958627],[80.706054856003817,7.0453956731502148],[80.70600535871138,7.0453111357664815],[80.706065506243732,7.0452769291758415],[80.706074751961523,7.0452939389217653],[80.706079941846255,7.0452909337609899],[80.706119734002883,7.0453557519958627]]]},"properties":{"OBJECTID":19,"Shape_Length":38.105273550261018,"Shape_Area":87.462583617264869}},{"type":"Feature","id":20,"geometry":{"type":"Polygon","coordinates":[[[80.706738676257146,7.0453952439455412],[80.706675959935936,7.045416706634744],[80.706661898515989,7.0453760863297337],[80.706644952611342,7.0453271422796169],[80.706589455223849,7.0451668785444923],[80.706654334132438,7.0451445570903761],[80.706738676257146,7.0453952439455412]]]},"properties":{"OBJECTID":20,"Shape_Length":73.382046487613763,"Shape_Area":217.88210479568471}},{"type":"Feature","id":21,"geometry":{"type":"Polygon","coordinates":[[[80.706578435579601,7.0454079410053225],[80.706547365096668,7.0454197919249912],[80.7065277661046,7.0453768665933252],[80.706567176794451,7.0453601480914507],[80.706644952611342,7.0453271422796169],[80.706661898515989,7.0453760863297337],[80.70658522848538,7.04540534844626],[80.706578435579601,7.0454079410053225]]]},"properties":{"OBJECTID":21,"Shape_Length":38.554192206705949,"Shape_Area":75.44419911587012}},{"type":"Feature","id":22,"geometry":{"type":"Polygon","coordinates":[[[80.723348676692424,7.0454137339152956],[80.723315781148372,7.0454389804600925],[80.723300868623113,7.0454193922030255],[80.723329377732327,7.0453932743049741],[80.723348676692424,7.0454137339152956]]]},"properties":{"OBJECTID":22,"Shape_Length":14.686090394409607,"Shape_Area":12.87721207374034}},{"type":"Feature","id":23,"geometry":{"type":"Polygon","coordinates":[[[80.720206336738968,7.0455006831539455],[80.720193589563493,7.0455259852579699],[80.720167684352944,7.0455157832723181],[80.720178374945618,7.0454904809212273],[80.720206336738968,7.0455006831539455]]]},"properties":{"OBJECTID":23,"Shape_Length":12.534172022708885,"Shape_Area":9.7857378975317069}},{"type":"Feature","id":24,"geometry":{"type":"Polygon","coordinates":[[[80.705851136514752,7.0455218748111674],[80.705797936492004,7.0455424797208019],[80.705792746234266,7.0455240209663632],[80.705760738960748,7.0455351816995719],[80.705733489953246,7.0454587738264527],[80.705849839657262,7.0454184237138398],[80.705873628543856,7.0454922564735041],[80.70584594638494,7.0455025587668629],[80.705851136514752,7.0455218748111674]]]},"properties":{"OBJECTID":24,"Shape_Length":48.796567104459015,"Shape_Area":132.19057552293563}},{"type":"Feature","id":25,"geometry":{"type":"Polygon","coordinates":[[[80.706104094137217,7.0455781595398532],[80.706064232319278,7.0456089282734284],[80.70602160302532,7.045563873406917],[80.706011914391354,7.0455726645991845],[80.705995029273481,7.0455531595999803],[80.70601073800691,7.0455403333587343],[80.70600511499137,7.0455343233390035],[80.706009440490973,7.0455308894035449],[80.705982624098041,7.045502558602478],[80.706085131953699,7.0454184239415651],[80.706166446633006,7.0455145775064674],[80.706101049013554,7.0455726644645527],[80.706104094137217,7.0455781595398532]]]},"properties":{"OBJECTID":25,"Shape_Length":63.728942077858292,"Shape_Area":223.7522343265212}},{"type":"Feature","id":26,"geometry":{"type":"Polygon","coordinates":[[[80.706677689803342,7.0456038629846418],[80.706656063546305,7.0456128775817826],[80.706646548465045,7.045593131350441],[80.70667033746885,7.0455824006872501],[80.706677689803342,7.0456038629846418]]]},"properties":{"OBJECTID":26,"Shape_Length":10.404183245038666,"Shape_Area":6.7328934399618454}},{"type":"Feature","id":27,"geometry":{"type":"Polygon","coordinates":[[[80.722862311294151,7.0455760526619295],[80.722829116092242,7.0456249379336393],[80.722796991767822,7.0456026202702349],[80.722828045960284,7.0455558607997224],[80.722862311294151,7.0455760526619295]]]},"properties":{"OBJECTID":27,"Shape_Length":21.455167143602537,"Shape_Area":27.734304530028435}},{"type":"Feature","id":28,"geometry":{"type":"Polygon","coordinates":[[[80.705909888055743,7.0456567468655109],[80.705869276871809,7.0456685972033757],[80.7058455136346,7.0455927026100884],[80.705877953654252,7.0455811123869649],[80.705873195747145,7.0455648005420732],[80.705926395700459,7.0455506352496444],[80.705931586418231,7.0455660889645824],[80.705966620373999,7.0455566450658207],[80.705990409802098,7.0456330524036712],[80.705909888055743,7.0456567468655109]]]},"properties":{"OBJECTID":28,"Shape_Length":49.168003715747972,"Shape_Area":135.92573929335273}},{"type":"Feature","id":29,"geometry":{"type":"Polygon","coordinates":[[[80.705909888055743,7.0456567468655109],[80.70586930310948,7.0456686813086087],[80.705869276871809,7.0456685972033757],[80.705909888055743,7.0456567468655109]]]},"properties":{"OBJECTID":29,"Shape_Length":9.3574903332650408,"Shape_Area":0.022762387811672724}},{"type":"Feature","id":30,"geometry":{"type":"Polygon","coordinates":[[[80.705864372453547,7.0456693678429474],[80.705744787473151,7.0457042581201073],[80.705719597294646,7.0456309062379781],[80.705754476665177,7.0456201917695198],[80.705749493646422,7.0456020604079912],[80.705803472824968,7.0455888737161692],[80.705808455564807,7.0456028841145573],[80.705841119731645,7.0455935438631254],[80.705864372453547,7.0456693678429474]]]},"properties":{"OBJECTID":30,"Shape_Length":48.754887316190022,"Shape_Area":132.42995383052073}},{"type":"Feature","id":31,"geometry":{"type":"Polygon","coordinates":[[[80.706704939050908,7.0456918614068158],[80.706492569613076,7.0457759960426554],[80.706405443426519,7.0455539348159064],[80.706391251106496,7.0455593007006634],[80.706346646976584,7.045451986204978],[80.706387871679865,7.0454352182532629],[80.706327723821047,7.0452970507238932],[80.706379086293452,7.0452762591888574],[80.706370976436034,7.0452601620728847],[80.706467618213821,7.0452205892724793],[80.706472349518933,7.0452272963799425],[80.706508843998307,7.045214552813996],[80.706567176794451,7.0453601480914507],[80.7065277661046,7.0453768665933252],[80.706547365096668,7.0454197919249912],[80.706578435579601,7.0454079410053225],[80.70658522848538,7.04540534844626],[80.706656496389755,7.0455815422336281],[80.706619299183529,7.0455961368380571],[80.706634437368848,7.045639491952894],[80.706663849394857,7.0456287603216943],[80.706670337340654,7.045649793844837],[80.706688503461947,7.0456442133180879],[80.706704939050908,7.0456918614068158]]]},"properties":{"OBJECTID":31,"Shape_Length":188.38878092980954,"Shape_Area":1334.9175320037784}},{"type":"Feature","id":32,"geometry":{"type":"Polygon","coordinates":[[[80.706420770570361,7.0457674105726955],[80.706294041046959,7.0458017510002549],[80.706242138909232,7.0456248972080955],[80.706316964864214,7.0456034336827722],[80.70630355671473,7.0455587910733222],[80.706354161807766,7.0455424794034283],[80.706420770570361,7.0457674105726955]]]},"properties":{"OBJECTID":32,"Shape_Length":80.453657652527582,"Shape_Area":327.38280814911843}},{"type":"Feature","id":33,"geometry":{"type":"Polygon","coordinates":[[[80.705954336871329,7.0457789834762714],[80.705760289582926,7.0458364007527603],[80.705744233829435,7.0457916202716797],[80.705756413786077,7.0457872253363378],[80.705807347906102,7.0457682686551859],[80.705802918764377,7.0457567307372404],[80.705846502624055,7.0457446638189891],[80.705829183476311,7.0456802911694938],[80.705869276871809,7.0456685972033757],[80.70586930310948,7.0456686813086087],[80.705909888055743,7.0456567468655109],[80.705924717636449,7.0456932689533893],[80.705945755621855,7.0456896973723158],[80.705961430115678,7.0457417358198979],[80.705943859627624,7.0457471011812158],[80.705954336871329,7.0457789834762714]]]},"properties":{"OBJECTID":33,"Shape_Length":76.550288638965938,"Shape_Area":231.18461483670538}},{"type":"Feature","id":34,"geometry":{"type":"Polygon","coordinates":[[[80.706213591520338,7.0458086189393923],[80.706054423163096,7.0458644228570106],[80.70602890428259,7.045803468193589],[80.70604231268976,7.045798317428793],[80.706033229407481,7.045772561174239],[80.706183315220258,7.0457219086831673],[80.706213591520338,7.0458086189393923]]]},"properties":{"OBJECTID":34,"Shape_Length":58.204709101454391,"Shape_Area":189.42656569854347}},{"type":"Feature","id":35,"geometry":{"type":"Polygon","coordinates":[[[80.708035517842831,7.0458557572240847],[80.708012540532366,7.0458745373820131],[80.707992265563746,7.0458477088161793],[80.708017947080435,7.045832282254751],[80.708035517842831,7.0458557572240847]]]},"properties":{"OBJECTID":35,"Shape_Length":13.548890317624274,"Shape_Area":11.42929303092059}},{"type":"Feature","id":36,"geometry":{"type":"Polygon","coordinates":[[[80.706423365729833,7.0458880320878938],[80.706327778684866,7.0459133584596279],[80.706310909991956,7.0458506860072205],[80.70633729360695,7.0458438180793399],[80.706328643243481,7.0458103363340046],[80.706395684294165,7.0457910193756268],[80.706423365729833,7.0458880320878938]]]},"properties":{"OBJECTID":36,"Shape_Length":43.800696326350923,"Shape_Area":108.1972530654382}},{"type":"Feature","id":37,"geometry":{"type":"Polygon","coordinates":[[[80.706366921335487,7.0460422156275175],[80.706325021111425,7.0460482519713503],[80.706319614143311,7.0460080091512287],[80.706360839295655,7.0460006316076988],[80.706366921335487,7.0460422156275175]]]},"properties":{"OBJECTID":37,"Shape_Length":18.440826440039714,"Shape_Area":21.244249680345771}},{"type":"Feature","id":38,"geometry":{"type":"Polygon","coordinates":[[[80.706222029122188,7.0460346464574677],[80.706173274139616,7.0460511880864685],[80.706165790370349,7.0460310460615103],[80.706123611997342,7.0460447744470889],[80.70611034577496,7.0460074152057057],[80.70610909889146,7.0460043349217623],[80.706059096519681,7.0460211431239257],[80.706027173708151,7.0459283818401284],[80.706110650855635,7.0458991922827092],[80.70611411151296,7.0459103529526521],[80.706201480891892,7.0458815926101002],[80.706241616299309,7.0460057411704451],[80.70621521891222,7.0460138290113727],[80.706222029122188,7.0460346464574677]]]},"properties":{"OBJECTID":38,"Shape_Length":75.515032581888121,"Shape_Area":282.84924123409087}},{"type":"Feature","id":39,"geometry":{"type":"Polygon","coordinates":[[[80.70664654815802,7.046103089845098],[80.706609783915965,7.0461215477455825],[80.706589455050832,7.0460803396021578],[80.706718779448423,7.0460180968494877],[80.706745596398818,7.0460734711426625],[80.706653901334633,7.046118972520258],[80.70664654815802,7.046103089845098]]]},"properties":{"OBJECTID":39,"Shape_Length":45.532461756219782,"Shape_Area":100.51596131010091}},{"type":"Feature","id":40,"geometry":{"type":"Polygon","coordinates":[[[80.70649910937793,7.0461394221506399],[80.706409421164423,7.0461421695855053],[80.706408822452545,7.0460784342932765],[80.706383141276888,7.0460791050610814],[80.706379680984298,7.045999209233992],[80.706496462564928,7.0459949167710372],[80.70649910937793,7.0461394221506399]]]},"properties":{"OBJECTID":40,"Shape_Length":57.534746607004756,"Shape_Area":183.45753006122555}},{"type":"Feature","id":41,"geometry":{"type":"Polygon","coordinates":[[[80.7065263880137,7.046218546544492],[80.706468358049449,7.0462378766268268],[80.706442829459832,7.0461747760458229],[80.706503382881607,7.0461507375772516],[80.7065263880137,7.046218546544492]]]},"properties":{"OBJECTID":41,"Shape_Length":29.3996644519708,"Shape_Area":53.839117615225284}},{"type":"Feature","id":42,"geometry":{"type":"Polygon","coordinates":[[[80.705143707302199,7.0462662399984595],[80.705084234836491,7.0462709351623509],[80.70508085627614,7.0461730109216134],[80.7051362732835,7.0461696571420944],[80.705137624300264,7.0461783767513344],[80.705143707302199,7.0462662399984595]]]},"properties":{"OBJECTID":42,"Shape_Length":34.27395028985687,"Shape_Area":68.916056011092365}},{"type":"Feature","id":43,"geometry":{"type":"Polygon","coordinates":[[[80.718753257576992,7.0462784745644269],[80.718729509971524,7.0463003714263355],[80.718711152193549,7.0462829882232541],[80.718709299459903,7.0462814832140923],[80.718732878167657,7.0462565776763393],[80.718753257576992,7.0462784745644269]]]},"properties":{"OBJECTID":43,"Shape_Length":13.725359320065948,"Shape_Area":11.668930060656146}},{"type":"Feature","id":44,"geometry":{"type":"Polygon","coordinates":[[[80.706549392247211,7.0462863555103405],[80.706458843981437,7.0463198902227244],[80.706432476271345,7.046256844678835],[80.706468358049449,7.0462378766268268],[80.7065263880137,7.046218546544492],[80.706549392247211,7.0462863555103405]]]},"properties":{"OBJECTID":44,"Shape_Length":37.38409070346767,"Shape_Area":87.035992068383862}},{"type":"Feature","id":45,"geometry":{"type":"Polygon","coordinates":[[[80.719472800025159,7.0463058252796227],[80.719428325862552,7.0463243682569754],[80.719415693408152,7.0462992954855794],[80.719464641913731,7.0462807521510156],[80.719472800025159,7.0463058252796227]]]},"properties":{"OBJECTID":45,"Shape_Length":17.126643252857921,"Shape_Area":16.662516434898677}},{"type":"Feature","id":46,"geometry":{"type":"Polygon","coordinates":[[[80.717084355117052,7.0463064637764852],[80.717075933987957,7.0463361794000496],[80.717052541310181,7.0463282862778156],[80.717062834310497,7.0462990348062347],[80.717084355117052,7.0463064637764852]]]},"properties":{"OBJECTID":46,"Shape_Length":12.086971538124594,"Shape_Area":8.9642265576141078}},{"type":"Feature","id":47,"geometry":{"type":"Polygon","coordinates":[[[80.70624197061548,7.0463398059589757],[80.706241793451923,7.0463561577522658],[80.706226734823048,7.046355630081953],[80.706227797208015,7.0463396302001851],[80.70624197061548,7.0463398059589757]]]},"properties":{"OBJECTID":47,"Shape_Length":6.8120058111599455,"Shape_Area":2.8909305559952907}},{"type":"Feature","id":48,"geometry":{"type":"Polygon","coordinates":[[[80.70620537382834,7.0463520593485915],[80.706188938134289,7.0463653656775334],[80.706182882750014,7.0463572105603571],[80.706184007161852,7.0463560939007266],[80.706195858750775,7.04634433235654],[80.70620537382834,7.0463520593485915]]]},"properties":{"OBJECTID":48,"Shape_Length":6.8351965895502547,"Shape_Area":2.6718500450608489}},{"type":"Feature","id":49,"geometry":{"type":"Polygon","coordinates":[[[80.718643045078863,7.046442420477967],[80.718625939146392,7.0464617471888662],[80.718595412450981,7.0464335405372651],[80.718615676294334,7.0464165636288287],[80.718643045078863,7.046442420477967]]]},"properties":{"OBJECTID":49,"Shape_Length":14.529553255143599,"Shape_Area":12.589421383257111}},{"type":"Feature","id":50,"geometry":{"type":"Polygon","coordinates":[[[80.706089457233006,7.0464422029917424],[80.70603322906608,7.0464640952145876],[80.70599257180767,7.0463670832381187],[80.706049665583748,7.0463434738566537],[80.706089457233006,7.0464422029917424]]]},"properties":{"OBJECTID":50,"Shape_Length":36.892561378480259,"Shape_Area":78.924709893412796}},{"type":"Feature","id":51,"geometry":{"type":"Polygon","coordinates":[[[80.706255235125553,7.0464548060458494],[80.70621592751742,7.0464715643250324],[80.706206792290757,7.0464539821678747],[80.706211498736877,7.0464515095746139],[80.706199595243746,7.0464292571195424],[80.706227830706354,7.0464177186909582],[80.706219249460673,7.0463940921772927],[80.70624001020343,7.0463863995792098],[80.706251360291731,7.0464168938750502],[80.706241117425662,7.0464212900184977],[80.706255235125553,7.0464548060458494]]]},"properties":{"OBJECTID":51,"Shape_Length":27.735382736431294,"Shape_Area":30.776232852212594}},{"type":"Feature","id":52,"geometry":{"type":"Polygon","coordinates":[[[80.706297484277258,7.0464882711349981],[80.706276619033787,7.0464986242139549],[80.706270079354454,7.0464845620410328],[80.706290166065855,7.046474671854603],[80.706297484277258,7.0464882711349981]]]},"properties":{"OBJECTID":52,"Shape_Length":8.4696718464591907,"Shape_Area":4.3164013904702516}},{"type":"Feature","id":53,"geometry":{"type":"Polygon","coordinates":[[[80.706383141295447,7.0464825533479027],[80.706348972060496,7.0465078798871588],[80.706288851507793,7.0464220278765488],[80.706351567263638,7.046375239001673],[80.706391791386466,7.0464336176508269],[80.706404334963864,7.0464250330629765],[80.706420338249799,7.0464520762829501],[80.706383141295447,7.0464825533479027]]]},"properties":{"OBJECTID":53,"Shape_Length":43.239154158583119,"Shape_Area":104.87958696228941}},{"type":"Feature","id":54,"geometry":{"type":"Polygon","coordinates":[[[80.70649989591962,7.046507906128431],[80.706468753924128,7.0465373640396729],[80.70645026353516,7.0465199794348878],[80.706481648410985,7.0464885899448539],[80.70649989591962,7.046507906128431]]]},"properties":{"OBJECTID":54,"Shape_Length":15.38610148879429,"Shape_Area":13.835598450545806}},{"type":"Feature","id":55,"geometry":{"type":"Polygon","coordinates":[[[80.706779593068887,7.0465483952145886],[80.706704704355545,7.0465891415066162],[80.706688738288136,7.0465491503228286],[80.70666402827014,7.0464959539320997],[80.706664028318329,7.0464653944225448],[80.706702423513207,7.0464484171251138],[80.706713827704476,7.0464684132276716],[80.706723711963122,7.0464650171924594],[80.706779593068887,7.0465483952145886]]]},"properties":{"OBJECTID":55,"Shape_Length":43.48022258768961,"Shape_Area":108.65616954669618}},{"type":"Feature","id":56,"geometry":{"type":"Polygon","coordinates":[[[80.706833194471301,7.0466227188905499],[80.706803922560169,7.0466585606608474],[80.706787196647056,7.0466453560753157],[80.706781113726379,7.0466517694728807],[80.706712687781859,7.0465974415952752],[80.70672599217896,7.0465797099684009],[80.706758685542596,7.0465631098189885],[80.706833194471301,7.0466227188905499]]]},"properties":{"OBJECTID":56,"Shape_Length":35.150511909328323,"Shape_Area":69.051165841228183}},{"type":"Feature","id":57,"geometry":{"type":"Polygon","coordinates":[[[80.717835997857932,7.0467035258462865],[80.717815936180486,7.0467249212286838],[80.717797073194092,7.0467085769846243],[80.717817433434533,7.0466883699103642],[80.717835997857932,7.0467035258462865]]]},"properties":{"OBJECTID":57,"Shape_Length":11.81942394350105,"Shape_Area":8.6441892983546644}},{"type":"Feature","id":58,"geometry":{"type":"Polygon","coordinates":[[[80.706175875657536,7.0467177516682362],[80.706136900355489,7.0467336689776179],[80.706115733350146,7.0466921378482903],[80.706154417581999,7.0466735455337384],[80.706175875657536,7.0467177516682362]]]},"properties":{"OBJECTID":58,"Shape_Length":19.980511109301851,"Shape_Area":24.827555176005095}},{"type":"Feature","id":59,"geometry":{"type":"Polygon","coordinates":[[[80.706716901297924,7.0466588741359839],[80.70665286313772,7.0467776942464981],[80.706527630886384,7.0467191808207499],[80.706531281041961,7.0467102476414514],[80.706421767182249,7.0466533480288378],[80.70648487805606,7.0465372913968052],[80.706716901297924,7.0466588741359839]]]},"properties":{"OBJECTID":59,"Shape_Length":88.449652630201058,"Shape_Area":432.98828267869163}},{"type":"Feature","id":60,"geometry":{"type":"Polygon","coordinates":[[[80.706392222947173,7.0467181703076793],[80.706240163643969,7.0467800433019541],[80.706196750754032,7.0466781331609152],[80.706176070626952,7.0466853772288447],[80.706155147089419,7.0466320149876909],[80.706172664521915,7.046624529897116],[80.706159770098708,7.0465945897122104],[80.706143955735243,7.0465573467456775],[80.706184595387214,7.0465372580817318],[80.706190824052428,7.0465488478124296],[80.706221567031633,7.0465363982121945],[80.706217674079241,7.0465226348603469],[80.706251491742336,7.0465117691755381],[80.706256844477252,7.0465214280617019],[80.706281173846051,7.046511287113673],[80.706293824851812,7.0465407443547319],[80.706325940036763,7.0465286711486304],[80.706337618001911,7.0465639239958504],[80.706334698587526,7.0465651317222058],[80.706363331386555,7.0466442237720353],[80.706385380312824,7.0466359236614027],[80.70639906561982,7.046679688218723],[80.706378917644741,7.0466876106115635],[80.706392222947173,7.0467181703076793]]]},"properties":{"OBJECTID":60,"Shape_Length":103.93633040185479,"Shape_Area":510.34338300694316}},{"type":"Feature","id":61,"geometry":{"type":"Polygon","coordinates":[[[80.720004127972729,7.0467568762051238],[80.719977022119508,7.0467939634074499],[80.719945442509044,7.0467738530483954],[80.719974653212887,7.046734414883427],[80.720004127972729,7.0467568762051238]]]},"properties":{"OBJECTID":61,"Shape_Length":18.735838746476425,"Shape_Area":21.591453972652694}},{"type":"Feature","id":62,"geometry":{"type":"Polygon","coordinates":[[[80.706628175712211,7.0467851366848979],[80.706613919870989,7.0468275803762941],[80.706515319300792,7.0467863153064316],[80.706533732593329,7.0467444618535522],[80.706628175712211,7.0467851366848979]]]},"properties":{"OBJECTID":62,"Shape_Length":33.17787894505426,"Shape_Area":57.874727499924361}},{"type":"Feature","id":63,"geometry":{"type":"Polygon","coordinates":[[[80.706712049041471,7.046801035311816],[80.706708885563941,7.0468362877423472],[80.706684313556636,7.0468345975260149],[80.706686259448574,7.0468000692699562],[80.706712049041471,7.046801035311816]]]},"properties":{"OBJECTID":63,"Shape_Length":13.310182042648375,"Shape_Area":10.774320410414303}},{"type":"Feature","id":64,"geometry":{"type":"Polygon","coordinates":[[[80.706414270999105,7.0468181483246486],[80.706331778687968,7.0468404074132724],[80.706313151857501,7.0467672157098207],[80.706394892679299,7.0467460914266367],[80.706414270999105,7.0468181483246486]]]},"properties":{"OBJECTID":64,"Shape_Length":35.369120435161847,"Shape_Area":77.889636300355235}},{"type":"Feature","id":65,"geometry":{"type":"Polygon","coordinates":[[[80.706490681109969,7.0468155074194438],[80.706427576422342,7.0468419166157812],[80.706394892679299,7.0467460914266367],[80.706463690427043,7.0467234522714666],[80.706490681109969,7.0468155074194438]]]},"properties":{"OBJECTID":65,"Shape_Length":37.362455447807299,"Shape_Area":84.625062651208296}},{"type":"Feature","id":66,"geometry":{"type":"Polygon","coordinates":[[[80.7068354750769,7.0468622893972972],[80.706808104706866,7.0468634211368197],[80.706798600891588,7.0468468210221253],[80.706758685107332,7.0468385215977971],[80.706762430376926,7.046810935130055],[80.706833900613233,7.0468100080125442],[80.7068354750769,7.0468622893972972]]]},"properties":{"OBJECTID":66,"Shape_Length":26.403860682011704,"Shape_Area":37.254418258746398}},{"type":"Feature","id":67,"geometry":{"type":"Polygon","coordinates":[[[80.706487259659596,7.0468687032232769],[80.706448104403393,7.0468834168885754],[80.706432138348219,7.0468434256966361],[80.706472813583758,7.0468275800582365],[80.706487259659596,7.0468687032232769]]]},"properties":{"OBJECTID":67,"Shape_Length":19.025033318566759,"Shape_Area":22.614804677699947}},{"type":"Feature","id":68,"geometry":{"type":"Polygon","coordinates":[[[80.707515354029269,7.0468894337596835],[80.707505957280858,7.0469137846656684],[80.707424516814541,7.0468811440564521],[80.707419958615958,7.0468788907347433],[80.707447486828016,7.0468143077357821],[80.707477766351303,7.0468262238420962],[80.707471501125681,7.0468412490114556],[80.707477766384059,7.0468443580665125],[80.70746836911276,7.0468661181098504],[80.707515354029269,7.0468894337596835]]]},"properties":{"OBJECTID":68,"Shape_Length":35.488390698671573,"Shape_Area":50.925336675398981}},{"type":"Feature","id":69,"geometry":{"type":"Polygon","coordinates":[[[80.708153661950803,7.0469186690679981],[80.708135272358774,7.0469418005599094],[80.708083311296647,7.0469019036320679],[80.708098065121305,7.0468823798261742],[80.708153661950803,7.0469186690679981]]]},"properties":{"OBJECTID":69,"Shape_Length":20.548278020434367,"Shape_Area":21.723653260519963}},{"type":"Feature","id":70,"geometry":{"type":"Polygon","coordinates":[[[80.70660322810896,7.0469401741052922],[80.706561056049395,7.0469596268425656],[80.706549176416118,7.0469289733159766],[80.70658481473005,7.0469101092157782],[80.70660322810896,7.0469401741052922]]]},"properties":{"OBJECTID":70,"Shape_Length":17.119589389441959,"Shape_Area":17.974066094925956}},{"type":"Feature","id":71,"geometry":{"type":"Polygon","coordinates":[[[80.708109621460636,7.0469640863587184],[80.708017245843124,7.0469897644175301],[80.708007186499231,7.0469649322681667],[80.708083516082155,7.0469374884491591],[80.708088569265712,7.046953160964093],[80.708105763662914,7.0469509262054233],[80.708109621460636,7.0469640863587184]]]},"properties":{"OBJECTID":71,"Shape_Length":27.769717400576894,"Shape_Area":32.122842157660614}},{"type":"Feature","id":72,"geometry":{"type":"Polygon","coordinates":[[[80.722526553151553,7.0469838381106626],[80.722513131841552,7.0470078660192446],[80.722494446317512,7.0469974190223326],[80.722507341743309,7.0469731297064877],[80.722526553151553,7.0469838381106626]]]},"properties":{"OBJECTID":72,"Shape_Length":10.878981938896343,"Shape_Area":7.2925858511804691}},{"type":"Feature","id":73,"geometry":{"type":"Polygon","coordinates":[[[80.707175592925594,7.0469942387935776],[80.707143974975295,7.047010406868794],[80.707129347248994,7.0469851598469582],[80.707160754497963,7.0469675855319682],[80.707175592925594,7.0469942387935776]]]},"properties":{"OBJECTID":73,"Shape_Length":14.499148798670888,"Shape_Area":13.026536326269985}},{"type":"Feature","id":74,"geometry":{"type":"Polygon","coordinates":[[[80.705509772046241,7.0469891452644555],[80.705485134991051,7.0470163424053816],[80.70545385482788,7.0469954633549508],[80.705480429490592,7.0469649693784655],[80.705509772046241,7.0469891452644555]]]},"properties":{"OBJECTID":74,"Shape_Length":16.884973072035379,"Shape_Area":17.728143779326086}},{"type":"Feature","id":75,"geometry":{"type":"Polygon","coordinates":[[[80.706997705948254,7.0470130130821005],[80.706968972801562,7.0470232926765428],[80.706949259928294,7.0469602897510324],[80.706979330134743,7.0469493474938716],[80.706928565800681,7.0467821845894267],[80.706948925407929,7.0467754495697053],[80.706942139062249,7.0467521344205801],[80.706958844266353,7.0467464352013423],[80.706952580347362,7.0467283009494706],[80.706992778090125,7.0467153480974503],[80.706998521084913,7.0467303732371409],[80.707018359068698,7.0467251926538896],[80.707102283818529,7.0469917916916325],[80.707075692680789,7.0469998705085253],[80.707000713365147,7.0470226291082154],[80.706997705948254,7.0470130130821005]]]},"properties":{"OBJECTID":75,"Shape_Length":95.10515958048039,"Shape_Area":380.94895921057093}},{"type":"Feature","id":76,"geometry":{"type":"Polygon","coordinates":[[[80.707149205272898,7.0470279106572393],[80.70713363493833,7.0470351573341325],[80.707114312206258,7.0470024019938622],[80.707130015708643,7.0469944436416281],[80.70714304637437,7.0470156662257279],[80.707149205272898,7.0470279106572393]]]},"properties":{"OBJECTID":76,"Shape_Length":12.315738021846679,"Shape_Area":8.2896952344245189}},{"type":"Feature","id":77,"geometry":{"type":"Polygon","coordinates":[[[80.706197168015024,7.0470567833794515],[80.706189694596176,7.0470579452041742],[80.70617489372006,7.0470107287042483],[80.706252854040216,7.0469867806071225],[80.706270487231919,7.0470402038424131],[80.706197168015024,7.0470567833794515]]]},"properties":{"OBJECTID":77,"Shape_Length":29.842642758784873,"Shape_Area":53.160782438599846}},{"type":"Feature","id":78,"geometry":{"type":"Polygon","coordinates":[[[80.7073227162373,7.0470479750788124],[80.707249106495311,7.0470889061263806],[80.707182283854621,7.046977511771118],[80.707245452055673,7.0469438354087011],[80.707290871221531,7.0470205153683185],[80.707307054751567,7.0470106715848848],[80.7073227162373,7.0470479750788124]]]},"properties":{"OBJECTID":78,"Shape_Length":47.996528556620902,"Shape_Area":120.19845617045652}},{"type":"Feature","id":79,"geometry":{"type":"Polygon","coordinates":[[[80.707063370475694,7.0470597686801097],[80.706980248573842,7.0471034130249164],[80.706958844326252,7.04705574702691],[80.707075692680789,7.0469998705085253],[80.707096666850262,7.047042276038515],[80.707092918167106,7.0470442514096794],[80.707063370475694,7.0470597686801097]]]},"properties":{"OBJECTID":79,"Shape_Length":39.848685545857172,"Shape_Area":79.319350890617997}},{"type":"Feature","id":80,"geometry":{"type":"Polygon","coordinates":[[[80.706849920930708,7.0471052085833641],[80.70681998402776,7.0471083918312125],[80.706818915322643,7.0470759222502579],[80.706847996724449,7.0470733755125856],[80.706849920930708,7.0471052085833641]]]},"properties":{"OBJECTID":80,"Shape_Length":13.669996839035402,"Shape_Area":11.642724440092987}},{"type":"Feature","id":81,"geometry":{"type":"Polygon","coordinates":[[[80.708182017179922,7.0471028947965459],[80.708155391777723,7.0471101480305203],[80.708147039546475,7.0470795800650849],[80.70817523009562,7.0470718079836629],[80.708182017179922,7.0471028947965459]]]},"properties":{"OBJECTID":81,"Shape_Length":13.301889187402374,"Shape_Area":11.016500800737962}},{"type":"Feature","id":82,"geometry":{"type":"Polygon","coordinates":[[[80.707948375105474,7.0471274317270964],[80.707945264682422,7.0471287361971697],[80.707935664641298,7.0471136996515025],[80.707919861860049,7.0470889471419236],[80.707972652474908,7.0470707094290566],[80.707989024248775,7.0471103352855504],[80.707952894996211,7.0471255315202628],[80.707948375105474,7.0471274317270964]]]},"properties":{"OBJECTID":82,"Shape_Length":21.375093666243949,"Shape_Area":28.092884489549174}},{"type":"Feature","id":83,"geometry":{"type":"Polygon","coordinates":[[[80.706245321932016,7.0471131999651213],[80.706245483304016,7.047129584364094],[80.706189651341035,7.0471287331479591],[80.706188273661326,7.0471045841195581],[80.706245321932016,7.0471131999651213]]]},"properties":{"OBJECTID":83,"Shape_Length":17.029316091651431,"Shape_Area":13.929223408096766}},{"type":"Feature","id":84,"geometry":{"type":"Polygon","coordinates":[[[80.723970181758844,7.0470904847672022],[80.723934216135817,7.0471361902312513],[80.7239035130346,7.0471118136787672],[80.723936409062347,7.0470669787272104],[80.723970181758844,7.0470904847672022]]]},"properties":{"OBJECTID":84,"Shape_Length":21.455871003201395,"Shape_Area":27.898851493514627}},{"type":"Feature","id":85,"geometry":{"type":"Polygon","coordinates":[[[80.706607078306661,7.0471246232417197],[80.706545899604336,7.0471464804208432],[80.706526322870047,7.0470995272770303],[80.70658505442016,7.0470744313831934],[80.706607078306661,7.0471246232417197]]]},"properties":{"OBJECTID":85,"Shape_Length":25.919401560078235,"Shape_Area":41.541515476215338}},{"type":"Feature","id":86,"geometry":{"type":"Polygon","coordinates":[[[80.706674313088499,7.0471486943929804],[80.706664928042258,7.0471489651896846],[80.706662923374111,7.0471105007661539],[80.70667294673612,7.0471091747295187],[80.706671276479454,7.0470680570963795],[80.706656241171956,7.0470627519482969],[80.706647848486568,7.0468919292521024],[80.706710072870308,7.0468867134155957],[80.706709547285485,7.0468784560389492],[80.706736261125997,7.0468730666932791],[80.706736972065542,7.0468645644319095],[80.706800661994407,7.046865082157673],[80.706800662347064,7.0469111940722939],[80.70681475795223,7.0469111943651823],[80.706811938635994,7.0471088427891964],[80.706800912572035,7.0471085110703466],[80.706801246568844,7.047144985751804],[80.706728654572515,7.0471471082005186],[80.706674313088499,7.0471486943929804]]]},"properties":{"OBJECTID":86,"Shape_Length":98.237630583184995,"Shape_Area":505.98703583049087}},{"type":"Feature","id":87,"geometry":{"type":"Polygon","coordinates":[[[80.707942582223055,7.0471436597106045],[80.707927212597966,7.0471526128853998],[80.707912511351267,7.0471284067433251],[80.707935664641298,7.0471136996515025],[80.707945264682422,7.0471287361971697],[80.707948375105474,7.0471274317270964],[80.707950600384876,7.0471313911435569],[80.707940577102633,7.0471383538016807],[80.707942582223055,7.0471436597106045]]]},"properties":{"OBJECTID":87,"Shape_Length":12.950340530628656,"Shape_Area":9.2691344660340214}},{"type":"Feature","id":88,"geometry":{"type":"Polygon","coordinates":[[[80.708220649043326,7.047157296784337],[80.708173141818605,7.047164549681459],[80.70816687710979,7.047126727608358],[80.708214384103314,7.0471210283245878],[80.708220649043326,7.047157296784337]]]},"properties":{"OBJECTID":88,"Shape_Length":18.904401961383339,"Shape_Area":21.995323110237901}},{"type":"Feature","id":89,"geometry":{"type":"Polygon","coordinates":[[[80.708005395120281,7.0471499602369922],[80.707969656042437,7.0471648807141101],[80.707952894996211,7.0471255315202628],[80.707989024248775,7.0471103352855504],[80.708005395120281,7.0471499602369922]]]},"properties":{"OBJECTID":89,"Shape_Length":18.078983635052595,"Shape_Area":20.381619499787671}},{"type":"Feature","id":90,"geometry":{"type":"Polygon","coordinates":[[[80.706204518414253,7.0471691917130386],[80.70620451841998,7.0471751610947093],[80.706183254665007,7.047174797979153],[80.70619189643979,7.0471692603512395],[80.706204518414253,7.0471691917130386]]]},"properties":{"OBJECTID":90,"Shape_Length":5.5381623814570755,"Shape_Area":1.1986305239582178}},{"type":"Feature","id":91,"geometry":{"type":"Polygon","coordinates":[[[80.706183254665007,7.047174797979153],[80.706168528523762,7.0471842268621607],[80.706166095238132,7.0471731197022756],[80.7061502425003,7.0471741265319281],[80.706149146727327,7.0471473857798363],[80.706161852518264,7.0471437378776089],[80.706157290961485,7.0471037465842237],[80.706188083133682,7.0471014831956076],[80.70619189643979,7.0471692603512395],[80.706183254665007,7.047174797979153]]]},"properties":{"OBJECTID":91,"Shape_Length":25.867163379544312,"Shape_Area":30.937977163711238}},{"type":"Feature","id":92,"geometry":{"type":"Polygon","coordinates":[[[80.706736161962837,7.0471790605701727],[80.706682702954893,7.047193279268158],[80.706674313088499,7.0471486943929804],[80.706728654572515,7.0471471082005186],[80.706736161962837,7.0471790605701727]]]},"properties":{"OBJECTID":92,"Shape_Length":20.763403060625919,"Shape_Area":25.965834907621641}},{"type":"Feature","id":93,"geometry":{"type":"Polygon","coordinates":[[[80.707560772481528,7.0471733573200011],[80.707547445082668,7.0471937033409384],[80.707493986383895,7.0471631440816402],[80.707503609093266,7.0471472277534728],[80.707457207197606,7.0471170927508773],[80.707417220570576,7.047183516901816],[80.70738086861337,7.0471620828850092],[80.707386642485346,7.0471521082425115],[80.707368134721804,7.0471416235930953],[80.707384840347132,7.0471148113218529],[80.707320105971405,7.0470764714596914],[80.707383274351145,7.0469744035608191],[80.70760201501561,7.047110148180713],[80.707560772481528,7.0471733573200011]]]},"properties":{"OBJECTID":93,"Shape_Length":96.389978577186213,"Shape_Area":363.65141527031113}},{"type":"Feature","id":94,"geometry":{"type":"Polygon","coordinates":[[[80.70792353702673,7.0471744976681983],[80.70789079385699,7.0471973774531351],[80.707849029674591,7.0471333801986358],[80.707883443919187,7.0471098377991277],[80.70792353702673,7.0471744976681983]]]},"properties":{"OBJECTID":94,"Shape_Length":25.881022108935383,"Shape_Area":37.993628067889951}},{"type":"Feature","id":95,"geometry":{"type":"Polygon","coordinates":[[[80.708035759356449,7.0472078553005382],[80.708031664999567,7.0472091071768013],[80.707978938209251,7.0470453850149255],[80.70796693049121,7.0470479750207637],[80.707953878843156,7.0470091165092317],[80.708017245843124,7.0469897644175301],[80.708109621460636,7.0469640863587184],[80.708163223048501,7.0471686945147622],[80.708062953386602,7.0471995016056601],[80.708035759356449,7.0472078553005382]]]},"properties":{"OBJECTID":95,"Shape_Length":81.41422459272151,"Shape_Area":379.95981868590462}},{"type":"Feature","id":96,"geometry":{"type":"Polygon","coordinates":[[[80.706977993319882,7.0472156146396712],[80.706964962980962,7.0472225786380545],[80.706953269020289,7.0471970453796047],[80.706945918336174,7.0472006931959363],[80.706930883010187,7.0471711813590607],[80.706951264031588,7.0471605704496136],[80.706977993319882,7.0472156146396712]]]},"properties":{"OBJECTID":96,"Shape_Length":18.610391466801413,"Shape_Area":14.141496681201035}},{"type":"Feature","id":97,"geometry":{"type":"Polygon","coordinates":[[[80.706729532867001,7.0472240501443073],[80.706716488845188,7.0472316905611354],[80.70670985977435,7.047215986145642],[80.706721834512805,7.0472100438725001],[80.706729532867001,7.0472240501443073]]]},"properties":{"OBJECTID":97,"Shape_Length":6.7992264030232352,"Shape_Area":2.8645142901086573}},{"type":"Feature","id":98,"geometry":{"type":"Polygon","coordinates":[[[80.706777859266211,7.0472352979877],[80.706762035009518,7.0472395422891614],[80.706748564126727,7.0471900959654263],[80.706763745697188,7.0471858515684893],[80.706777859266211,7.0472352979877]]]},"properties":{"OBJECTID":98,"Shape_Length":14.904200450409139,"Shape_Area":10.079716959273783}},{"type":"Feature","id":99,"geometry":{"type":"Polygon","coordinates":[[[80.708631859969444,7.0472162782052648],[80.708621502163368,7.0472454580352411],[80.7085205998752,7.0472073246945186],[80.708524113154482,7.0471994793703416],[80.708532628328612,7.0471804664857762],[80.708631859969444,7.0472162782052648]]]},"properties":{"OBJECTID":99,"Shape_Length":30.251230484785612,"Shape_Area":39.30750607550938}},{"type":"Feature","id":100,"geometry":{"type":"Polygon","coordinates":[[[80.708070881927966,7.0472428049754319],[80.708043150854522,7.0472467844214961],[80.708035759356449,7.0472078553005382],[80.708062953386602,7.0471995016056601],[80.708070881927966,7.0472428049754319]]]},"properties":{"OBJECTID":100,"Shape_Length":15.487616417363398,"Shape_Area":14.371205603198872}},{"type":"Feature","id":101,"geometry":{"type":"Polygon","coordinates":[[[80.707777425068002,7.0471920099685486],[80.707620808943062,7.0472547011457811],[80.707580611103822,7.0471578141701956],[80.707736704994602,7.0470883875926225],[80.707741402905768,7.0471008226119345],[80.707777425068002,7.0471920099685486]]]},"properties":{"OBJECTID":101,"Shape_Length":61.423222532972801,"Shape_Area":224.02577866372596}},{"type":"Feature","id":102,"geometry":{"type":"Polygon","coordinates":[[[80.707697341781724,7.0472550741432034],[80.707663596721389,7.0472706586572658],[80.707656580423802,7.0472534159584761],[80.707691328335599,7.0472384944552573],[80.707697341781724,7.0472550741432034]]]},"properties":{"OBJECTID":102,"Shape_Length":12.293651015575382,"Shape_Area":8.2890278473699563}},{"type":"Feature","id":103,"geometry":{"type":"Polygon","coordinates":[[[80.708252639438498,7.0472742592003055],[80.708235788177589,7.0472759432866621],[80.708226913031424,7.0471567786226164],[80.708265545548315,7.0471510789416936],[80.708266589244445,7.0471324266972255],[80.708349074270245,7.0471288006723087],[80.708348030032369,7.0471821659443954],[80.70829530265749,7.0471826836605631],[80.708292692865243,7.0472702535063139],[80.708252639438498,7.0472742592003055]]]},"properties":{"OBJECTID":103,"Shape_Length":56.448378412743423,"Shape_Area":133.94888626651888}},{"type":"Feature","id":104,"geometry":{"type":"Polygon","coordinates":[[[80.707067202486954,7.0472703271866068],[80.707040138759382,7.0472849169973122],[80.706954271537924,7.0471270805040573],[80.707067535977103,7.0470670625974972],[80.707063370475694,7.0470597686801097],[80.707092918167106,7.0470442514096794],[80.707097188585379,7.0470521195822542],[80.70713363493833,7.0470351573341325],[80.707149205272898,7.0470279106572393],[80.707156181145351,7.0470246597762287],[80.707165055584213,7.0470370945164742],[80.707192202481579,7.0470231060798731],[80.707260591790416,7.0471604047622591],[80.707145719446856,7.0472162780022316],[80.707148726406501,7.0472229097885624],[80.707136698262957,7.0472288782898955],[80.707142378167191,7.0472421418130518],[80.707103620609715,7.0472607106857836],[80.707105291607462,7.047266679411309],[80.707074218597938,7.0472825961628134],[80.707067202486954,7.0472703271866068]]]},"properties":{"OBJECTID":104,"Shape_Length":101.09686175408964,"Shape_Area":552.5408671840712}},{"type":"Feature","id":105,"geometry":{"type":"Polygon","coordinates":[[[80.707393057647565,7.0473104230561354],[80.707365686326042,7.0473116968053295],[80.707364403360231,7.0472832595334234],[80.707390491246542,7.0472811373472668],[80.707393057647565,7.0473104230561354]]]},"properties":{"OBJECTID":105,"Shape_Length":12.317315639491738,"Shape_Area":9.4642857732653667}},{"type":"Feature","id":106,"geometry":{"type":"Polygon","coordinates":[[[80.708219228570059,7.0472454582252393],[80.708167775559716,7.0473210604650749],[80.708124006514993,7.0472928756158915],[80.708172118862521,7.0472146196329408],[80.708219228570059,7.0472454582252393]]]},"properties":{"OBJECTID":106,"Shape_Length":32.240050692082455,"Shape_Area":60.651424502807849}},{"type":"Feature","id":107,"geometry":{"type":"Polygon","coordinates":[[[80.707025145887201,7.0473106569930826],[80.706996954687611,7.0473225734792129],[80.70698129288904,7.0472935589240109],[80.707008439729634,7.0472800886707692],[80.707025145887201,7.0473106569930826]]]},"properties":{"OBJECTID":107,"Shape_Length":14.226816378990092,"Shape_Area":12.579509091241862}},{"type":"Feature","id":108,"geometry":{"type":"Polygon","coordinates":[[[80.706527619760763,7.0473546418979183],[80.706457917727747,7.0473585950699258],[80.706453935662694,7.0473052308598483],[80.706527620226808,7.047303254212296],[80.706527619760763,7.0473546418979183]]]},"properties":{"OBJECTID":108,"Shape_Length":27.45577187589884,"Shape_Area":45.944472589064759}},{"type":"Feature","id":109,"geometry":{"type":"Polygon","coordinates":[[[80.708437300837289,7.0473738665569039],[80.708395537178433,7.0473738658995204],[80.70839658087219,7.0473489973950842],[80.708348029498353,7.0473469248636134],[80.708349074018145,7.0473350079557111],[80.708251450259553,7.0473344900083932],[80.708252639438498,7.0472742592003055],[80.708292692865243,7.0472702535063139],[80.708292718210544,7.0472702535100025],[80.708417961289314,7.0472695347523837],[80.708417463251436,7.0472831970676246],[80.708439389590453,7.0472837148159106],[80.708437300837289,7.0473738665569039]]]},"properties":{"OBJECTID":109,"Shape_Length":63.696925058615008,"Shape_Area":170.87430129401054}},{"type":"Feature","id":110,"geometry":{"type":"Polygon","coordinates":[[[80.70757696250719,7.0473830042879433],[80.707531621086346,7.0473860523751917],[80.707527945858956,7.0473320027478925],[80.707579408795908,7.047324711614384],[80.70757696250719,7.0473830042879433]]]},"properties":{"OBJECTID":110,"Shape_Length":23.204939386618989,"Shape_Area":33.252628858818596}},{"type":"Feature","id":111,"geometry":{"type":"Polygon","coordinates":[[[80.708059040329601,7.0473593920245481],[80.707995415555573,7.0473893444611591],[80.707961292749133,7.0473144287358602],[80.707955612292565,7.0473170811624559],[80.707939574881493,7.0472935385924531],[80.707888508606317,7.0472195943231801],[80.707975966905664,7.0471656910010436],[80.708019802890931,7.0472433626916207],[80.707998204909671,7.0472567316295445],[80.708002481590313,7.0472652210591091],[80.708019375208892,7.04725864193147],[80.70803375345298,7.047312729296042],[80.708059040329601,7.0473593920245481]]]},"properties":{"OBJECTID":111,"Shape_Length":69.777434021510189,"Shape_Area":208.39067494019721}},{"type":"Feature","id":112,"geometry":{"type":"Polygon","coordinates":[[[80.708497880246043,7.0473830677339899],[80.70849052953956,7.0474241849533428],[80.708459791347636,7.0474162270313512],[80.70846714191164,7.0473761045587544],[80.708497880246043,7.0473830677339899]]]},"properties":{"OBJECTID":112,"Shape_Length":16.119146529708981,"Shape_Area":15.923042509623022}},{"type":"Feature","id":113,"geometry":{"type":"Polygon","coordinates":[[[80.708350388268286,7.0473789696018097],[80.708342859937872,7.047433804343699],[80.708281708345126,7.0474314803768774],[80.708277698433434,7.0473628404912967],[80.708351243753569,7.0473660244604428],[80.708350388268286,7.0473789696018097]]]},"properties":{"OBJECTID":113,"Shape_Length":30.051255391085789,"Shape_Area":56.502039476103647}},{"type":"Feature","id":114,"geometry":{"type":"Polygon","coordinates":[[[80.708769514806875,7.0473041496409792],[80.708723386476692,7.0474339672897779],[80.708476977585462,7.0473521054758992],[80.708523961866206,7.0472189510543837],[80.708769514806875,7.0473041496409792]]]},"properties":{"OBJECTID":114,"Shape_Length":88.249627794332611,"Shape_Area":442.62088836681795}},{"type":"Feature","id":115,"geometry":{"type":"Polygon","coordinates":[[[80.708453322752362,7.0474417802167837],[80.708453113932322,7.0474460738729539],[80.708449872456981,7.0474460001515293],[80.708409005969997,7.0474450754162339],[80.708411344965413,7.0473893681578605],[80.708455781506999,7.0473903630448973],[80.708453322752362,7.0474417802167837]]]},"properties":{"OBJECTID":115,"Shape_Length":22.117532617910829,"Shape_Area":30.161397783399281}},{"type":"Feature","id":116,"geometry":{"type":"Polygon","coordinates":[[[80.708391667247838,7.047381731065621],[80.708388958432252,7.0474470647007896],[80.708345858430633,7.0474427538799604],[80.708342859937872,7.047433804343699],[80.708350388268286,7.0473789696018097],[80.708391667247838,7.047381731065621]]]},"properties":{"OBJECTID":116,"Shape_Length":23.750618034938054,"Shape_Area":34.845921216123912}},{"type":"Feature","id":117,"geometry":{"type":"Polygon","coordinates":[[[80.718897261210088,7.0474150390003976],[80.71888726103262,7.0474487307341249],[80.718858313075302,7.0474411562403505],[80.718869102645073,7.0474069428148542],[80.718897261210088,7.0474150390003976]]]},"properties":{"OBJECTID":117,"Shape_Length":14.395611708801651,"Shape_Area":12.83818222165837}},{"type":"Feature","id":118,"geometry":{"type":"Polygon","coordinates":[[[80.707707470085879,7.0473278196185793],[80.707690285375634,7.0474545188226934],[80.707585934680779,7.0474447567446461],[80.707589783588247,7.0473832141706971],[80.70757696250719,7.0473830042879433],[80.707579408795908,7.047324711614384],[80.707615149634094,7.0473286868247929],[80.707616152047081,7.0473200661398243],[80.707707470085879,7.0473278196185793]]]},"properties":{"OBJECTID":118,"Shape_Length":55.461215717651896,"Shape_Area":177.27718168595135}},{"type":"Feature","id":119,"geometry":{"type":"Polygon","coordinates":[[[80.708509139816385,7.0474519980532442],[80.708507342151592,7.0474579138190441],[80.708486181820547,7.0474496416861072],[80.708503707267155,7.0473995542401733],[80.708523593582584,7.0474044359109236],[80.708509139816385,7.0474519980532442]]]},"properties":{"OBJECTID":119,"Shape_Length":16.820061772539084,"Shape_Area":14.339815415459539}},{"type":"Feature","id":120,"geometry":{"type":"Polygon","coordinates":[[[80.706284372248717,7.0474470643686749],[80.706283703932513,7.0474609916195936],[80.706186396163062,7.0474598239902981],[80.706188748387291,7.0473541397932484],[80.706183188806392,7.0473535032236594],[80.706183188589179,7.0473189113760286],[80.706192169883408,7.0473189118227291],[80.706192263723594,7.0472608367438472],[80.706189149634071,7.0472564006115999],[80.706183254665007,7.047174797979153],[80.70620451841998,7.0471751610947093],[80.706204518414253,7.0471691917130386],[80.70619189643979,7.0471692603512395],[80.706189651341035,7.0471287331479591],[80.706245483304016,7.047129584364094],[80.706274014606592,7.0471313909507201],[80.706275017186968,7.0471158061408907],[80.706319948997731,7.0471157179359967],[80.706318284276264,7.0473148016742311],[80.706318387889894,7.0473781842060319],[80.706318212535777,7.0474126060161248],[80.706306089328748,7.047412579779186],[80.706306089620995,7.0474467330341186],[80.706284372248717,7.0474470643686749]]]},"properties":{"OBJECTID":120,"Shape_Length":110.74269958012097,"Shape_Area":523.94325996012753}},{"type":"Feature","id":121,"geometry":{"type":"Polygon","coordinates":[[[80.709265800530403,7.0474552093062321],[80.709238131215884,7.0474640169687],[80.709214639226531,7.0473795650548379],[80.709154602591909,7.0473976996763188],[80.709120278416393,7.0473181050802189],[80.709210822114443,7.0472849134927902],[80.709251705389192,7.0473702396690427],[80.709265800530403,7.0474552093062321]]]},"properties":{"OBJECTID":121,"Shape_Length":60.05334932728087,"Shape_Area":143.33652633880587}},{"type":"Feature","id":122,"geometry":{"type":"Polygon","coordinates":[[[80.708515635001348,7.0474613658905021],[80.708515261972281,7.0474681997430366],[80.708514251815544,7.0474679554311095],[80.708515635001348,7.0474613658905021]]]},"properties":{"OBJECTID":122,"Shape_Length":1.6161638580281332,"Shape_Area":0.042722910149593049}},{"type":"Feature","id":123,"geometry":{"type":"Polygon","coordinates":[[[80.70616147277012,7.0474710771502389],[80.706109651426573,7.0474718018439839],[80.706109650611069,7.0474532100371672],[80.706078266258373,7.047450553858968],[80.706078022816726,7.0474322034676176],[80.706069264160618,7.0474324445042882],[80.706058547355141,7.0471164328148861],[80.706147645054443,7.0471111270538751],[80.706150614909873,7.047183634553261],[80.706152349509651,7.0472659753850539],[80.706159191725703,7.0472667297089417],[80.706161092631717,7.047326716809315],[80.706181240292253,7.0473270942270529],[80.706179963610765,7.0474075744298519],[80.706159769725204,7.0474075741043034],[80.70616147277012,7.0474710771502389]]]},"properties":{"OBJECTID":123,"Shape_Length":103.99545506604404,"Shape_Area":408.77551354767837}},{"type":"Feature","id":124,"geometry":{"type":"Polygon","coordinates":[[[80.707824931746401,7.0473852970518447],[80.70781188051545,7.0474727279032807],[80.707702575322926,7.0474532989025462],[80.707713995729719,7.0473699155272076],[80.707824931746401,7.0473852970518447]]]},"properties":{"OBJECTID":124,"Shape_Length":43.719680657020291,"Shape_Area":117.49723046743674}},{"type":"Feature","id":125,"geometry":{"type":"Polygon","coordinates":[[[80.707535713713526,7.0474883680557747],[80.707430781633846,7.0474925133139772],[80.707428046023068,7.0474566812459516],[80.707438069439632,7.0474550233094764],[80.707437321153691,7.0474407250782045],[80.707437320653142,7.0473768469961824],[80.707526660192926,7.0473768638051482],[80.707526813962673,7.0473837474718568],[80.707530404851582,7.0473837480017227],[80.707535713713526,7.0474883680557747]]]},"properties":{"OBJECTID":125,"Shape_Length":47.956189357509011,"Shape_Area":135.69752734370147}},{"type":"Feature","id":126,"geometry":{"type":"Polygon","coordinates":[[[80.708385951763034,7.0474507122684669],[80.708377264597274,7.0474944825506221],[80.708281039959616,7.0474772395113305],[80.708289392682389,7.0474364543253003],[80.708385951763034,7.0474507122684669]]]},"properties":{"OBJECTID":126,"Shape_Length":31.121015916505918,"Shape_Area":51.423669099668388}},{"type":"Feature","id":127,"geometry":{"type":"Polygon","coordinates":[[[80.708576396806791,7.0474861927391208],[80.708572053438132,7.0475004504390606],[80.708522938791205,7.0474875188318853],[80.708527950481638,7.0474712708327694],[80.708515261972281,7.0474681997430366],[80.708515635001348,7.0474613658905021],[80.708530957882388,7.0473880417548562],[80.708562698070835,7.0473963317012993],[80.708564369112352,7.0473896996995649],[80.708659591519961,7.0474268374603239],[80.708643219934217,7.0474974665899346],[80.708576396806791,7.0474861927391208]]]},"properties":{"OBJECTID":127,"Shape_Length":50.798502906586457,"Shape_Area":143.31911670100638}},{"type":"Feature","id":128,"geometry":{"type":"Polygon","coordinates":[[[80.706602778273435,7.04749571358336],[80.706571937713107,7.0475005705664922],[80.706570192737487,7.0474929894349092],[80.706561845052491,7.0474931256417772],[80.706560886844699,7.0474784575132361],[80.706570329891022,7.0474777779771012],[80.70656991925101,7.0474696291354828],[80.706602461265803,7.0474667817942853],[80.706608289202663,7.0474948399350854],[80.706602778273435,7.04749571358336]]]},"properties":{"OBJECTID":128,"Shape_Length":16.199349389657307,"Shape_Area":14.437401113411667}},{"type":"Feature","id":129,"geometry":{"type":"Polygon","coordinates":[[[80.720748520816116,7.047463258191609],[80.720716395916142,7.0475060989932663],[80.720694310507895,7.0474881655996695],[80.720723423601953,7.0474473175502945],[80.720748520816116,7.047463258191609]]]},"properties":{"OBJECTID":129,"Shape_Length":17.893965065720714,"Shape_Area":18.394834848200187}},{"type":"Feature","id":130,"geometry":{"type":"Polygon","coordinates":[[[80.706352544919682,7.0475247633798048],[80.706325174265132,7.0475275219528219],[80.706324532387342,7.0475101201279102],[80.706350192327008,7.0475067246606136],[80.706352544919682,7.0475247633798048]]]},"properties":{"OBJECTID":130,"Shape_Length":9.8358248965196022,"Shape_Area":5.7962213888541649}},{"type":"Feature","id":131,"geometry":{"type":"Polygon","coordinates":[[[80.708515040532689,7.0474721325758161],[80.708501141386677,7.0475338880188101],[80.70841026240376,7.0475130909223154],[80.70842195420478,7.0474485770004796],[80.708448366842717,7.047454145095557],[80.708449872456981,7.0474460001515293],[80.708453113932322,7.0474460738729539],[80.708453322752362,7.0474417802167837],[80.708486181820547,7.0474496416861072],[80.708507342151592,7.0474579138190441],[80.708507359349284,7.0474579201517447],[80.70850698976939,7.0474597196843982],[80.708515635001348,7.0474613658905021],[80.708514251815544,7.0474679554311095],[80.708515261972281,7.0474681997430366],[80.708515040532689,7.0474721325758161]]]},"properties":{"OBJECTID":131,"Shape_Length":37.996233495881299,"Shape_Area":85.666411185521127}},{"type":"Feature","id":132,"geometry":{"type":"Polygon","coordinates":[[[80.706608716510331,7.0475307051217655],[80.706568729805511,7.0475362226953218],[80.706562956192542,7.0475020559161203],[80.706602778273435,7.04749571358336],[80.706608716510331,7.0475307051217655]]]},"properties":{"OBJECTID":132,"Shape_Length":16.670558936593899,"Shape_Area":17.281035711609494}},{"type":"Feature","id":133,"geometry":{"type":"Polygon","coordinates":[[[80.708161427138435,7.047521008959742],[80.70815541299541,7.0475584792672397],[80.708109972892686,7.0475491943511894],[80.708117323956657,7.0475120561234181],[80.708161427138435,7.047521008959742]]]},"properties":{"OBJECTID":133,"Shape_Length":18.478433155993216,"Shape_Area":21.147810831188771}},{"type":"Feature","id":134,"geometry":{"type":"Polygon","coordinates":[[[80.706778286249914,7.0475580814461418],[80.706703017303482,7.047567843141894],[80.706700879227157,7.0475498044564038],[80.706630314031131,7.04755702029252],[80.706623899208665,7.0474948404603541],[80.706616201438877,7.0474950527277755],[80.706613635371994,7.0474638561983109],[80.706601660229239,7.0474664027666201],[80.706598105420426,7.0474430853835814],[80.706617818193578,7.0474401013796086],[80.70661280618873,7.0474036269034857],[80.706589947921302,7.047406345472603],[80.706581791310754,7.0473334863261101],[80.706746564916244,7.0473148666871053],[80.706769305920702,7.0474789236280158],[80.70674920507588,7.0474801975212724],[80.706751771008314,7.0475063000450682],[80.706774651756945,7.0475046024427899],[80.706778286249914,7.0475580814461418]]]},"properties":{"OBJECTID":134,"Shape_Length":100.56068447273445,"Shape_Area":443.94912926264874}},{"type":"Feature","id":135,"geometry":{"type":"Polygon","coordinates":[[[80.707898019882848,7.0474935497410396],[80.707878703219791,7.0475790381105732],[80.707763142914317,7.0475488115915157],[80.707764921788936,7.0475414769560603],[80.707779587008005,7.0474723234493659],[80.707898019882848,7.0474935497410396]]]},"properties":{"OBJECTID":135,"Shape_Length":44.831945043259935,"Shape_Area":121.27902815278235}},{"type":"Feature","id":136,"geometry":{"type":"Polygon","coordinates":[[[80.708361227295782,7.0475133831047456],[80.708340511897603,7.0476009222760503],[80.708171450753085,7.0475674316153105],[80.708190828698562,7.0474772399009558],[80.708361227295782,7.0475133831047456]]]},"properties":{"OBJECTID":136,"Shape_Length":58.432376316654164,"Shape_Area":192.78679281852305}},{"type":"Feature","id":137,"geometry":{"type":"Polygon","coordinates":[[[80.706803251633815,7.0475989330665687],[80.706748457342684,7.0476015853867038],[80.706746118254046,7.0475657741737621],[80.706801247051686,7.0475598057815469],[80.706803251633815,7.0475989330665687]]]},"properties":{"OBJECTID":137,"Shape_Length":20.487257591831302,"Shape_Area":25.272260012927777}},{"type":"Feature","id":138,"geometry":{"type":"Polygon","coordinates":[[[80.708510242761321,7.0475671003029703],[80.708493202216857,7.0476128597687691],[80.70838862455949,7.0475700849213592],[80.708411010793938,7.0475206782323099],[80.708510242761321,7.0475671003029703]]]},"properties":{"OBJECTID":138,"Shape_Length":35.984920360114003,"Shape_Area":69.976690155760053}},{"type":"Feature","id":139,"geometry":{"type":"Polygon","coordinates":[[[80.708575777594689,7.047598521204983],[80.708559766027435,7.047633427236816],[80.708497719894822,7.0476075276818388],[80.708510763269544,7.0475731484358999],[80.708575777594689,7.047598521204983]]]},"properties":{"OBJECTID":139,"Shape_Length":23.451273990081795,"Shape_Area":31.436052543514148}},{"type":"Feature","id":140,"geometry":{"type":"Polygon","coordinates":[[[80.708289393042563,7.0476135227753272],[80.708275025680521,7.0476456871547537],[80.708206532516087,7.0476155128285853],[80.708218560238791,7.0475876589779984],[80.708289393042563,7.0476135227753272]]]},"properties":{"OBJECTID":140,"Shape_Length":23.850559659022348,"Shape_Area":30.055899730709367}},{"type":"Feature","id":141,"geometry":{"type":"Polygon","coordinates":[[[80.708035979627184,7.0476189966188185],[80.708015094198402,7.0476619376586456],[80.707933561041131,7.0476244653702826],[80.70797900041957,7.0475339410826283],[80.708056857810419,7.0475760564811889],[80.708035979627184,7.0476189966188185]]]},"properties":{"OBJECTID":141,"Shape_Length":41.452500028691688,"Shape_Area":107.07064692548421}},{"type":"Feature","id":142,"geometry":{"type":"Polygon","coordinates":[[[80.708062466395717,7.0477054566065354],[80.708032709775196,7.0477567495033808],[80.707989024322004,7.0477385329156608],[80.708015094198402,7.0476619376586456],[80.708035979627184,7.0476189966188185],[80.708056857810419,7.0475760564811889],[80.708115715680279,7.0476215222866108],[80.708160612945264,7.0476598627562321],[80.708136075615968,7.0476868041307013],[80.708147039577284,7.0476971664684775],[80.708115716157295,7.047747940969221],[80.708062466395717,7.0477054566065354]]]},"properties":{"OBJECTID":142,"Shape_Length":65.853349747367844,"Shape_Area":202.36257527402375}},{"type":"Feature","id":143,"geometry":{"type":"Polygon","coordinates":[[[80.708646899561018,7.0478022121601995],[80.708646866964813,7.0478022763618222],[80.708660761036725,7.0477379906416191],[80.708646899561018,7.0478022121601995]]]},"properties":{"OBJECTID":143,"Shape_Length":14.545463909835265,"Shape_Area":0.0073508523800321669}},{"type":"Feature","id":144,"geometry":{"type":"Polygon","coordinates":[[[80.708670951104068,7.0476921099018917],[80.708609474724881,7.0478313772070464],[80.708400987389354,7.0477454957544801],[80.708438407964877,7.0476649195246477],[80.70840790940791,7.0476523062216865],[80.708437257294548,7.0475916562958112],[80.708670951104068,7.0476921099018917]]]},"properties":{"OBJECTID":144,"Shape_Length":90.768668703665412,"Shape_Area":447.70090207620581}},{"type":"Feature","id":145,"geometry":{"type":"Polygon","coordinates":[[[80.708646866964813,7.0478022763618222],[80.708631505039037,7.0478329114114384],[80.708612766172806,7.0478239641126619],[80.70865174477008,7.0477356625309824],[80.708660761036725,7.0477379906416191],[80.708646866964813,7.0478022763618222]]]},"properties":{"OBJECTID":145,"Shape_Length":25.056624813406984,"Shape_Area":21.313032310496464}},{"type":"Feature","id":146,"geometry":{"type":"Polygon","coordinates":[[[80.708974265756666,7.0478127369617072],[80.708811939658716,7.0478378335373062],[80.708802151836665,7.0477941175436714],[80.708838042924043,7.0477860227934048],[80.708836411270852,7.0477520212260094],[80.708908193286362,7.0477431168771751],[80.70891227226231,7.0477730692767029],[80.70896937161578,7.0477674029549098],[80.708974265756666,7.0478127369617072]]]},"properties":{"OBJECTID":146,"Shape_Length":53.643744750650619,"Shape_Area":125.20871722733715}},{"type":"Feature","id":147,"geometry":{"type":"Polygon","coordinates":[[[80.708726414647458,7.0477309058168043],[80.70871323933855,7.0478572620004396],[80.708636562573844,7.0478499765654679],[80.708646866964813,7.0478022763618222],[80.708646899561018,7.0478022121601995],[80.708660761036725,7.0477379906416191],[80.708665939501728,7.0477139944963962],[80.708726414647458,7.0477309058168043]]]},"properties":{"OBJECTID":147,"Shape_Length":44.87844714274113,"Shape_Area":113.0209246385554}},{"type":"Feature","id":148,"geometry":{"type":"Polygon","coordinates":[[[80.72319242300766,7.047904726947432],[80.723158705013532,7.0479251307766857],[80.723146780107569,7.0479006459915956],[80.723178031174427,7.0478826898623952],[80.72319242300766,7.047904726947432]]]},"properties":{"OBJECTID":148,"Shape_Length":14.258423172561029,"Shape_Area":12.314009657024815}},{"type":"Feature","id":149,"geometry":{"type":"Polygon","coordinates":[[[80.710837530950869,7.0479202351869077],[80.710828104028948,7.0479478091336532],[80.710807513779315,7.0479404234140288],[80.710816444553529,7.0479135882231638],[80.710837530950869,7.0479202351869077]]]},"properties":{"OBJECTID":149,"Shape_Length":11.208845042837451,"Shape_Area":7.7121510712729755}},{"type":"Feature","id":150,"geometry":{"type":"Polygon","coordinates":[[[80.707752471074429,7.0479149381288364],[80.707702687426149,7.0479514135733803],[80.707679633967615,7.0479149382613366],[80.707729751091449,7.047882110873946],[80.707752471074429,7.0479149381288364]]]},"properties":{"OBJECTID":150,"Shape_Length":22.624430778269936,"Shape_Area":30.832777976012107}},{"type":"Feature","id":151,"geometry":{"type":"Polygon","coordinates":[[[80.708343434081044,7.0479277176419277],[80.708339519190488,7.0479520793106145],[80.70830142966679,7.0479457788192637],[80.708306494852749,7.0479166235462065],[80.708343434081044,7.0479277176419277]]]},"properties":{"OBJECTID":151,"Shape_Length":14.527073739419924,"Shape_Area":12.740128663138687}},{"type":"Feature","id":152,"geometry":{"type":"Polygon","coordinates":[[[80.70842031206999,7.047889777468809],[80.708400853623857,7.047954927799621],[80.708350174920767,7.047940921620345],[80.708353876812907,7.0479308544238997],[80.708343434081044,7.0479277176419277],[80.708306494852749,7.0479166235462065],[80.708303091483643,7.0479156011739477],[80.708249883361248,7.0478852400823335],[80.708271288080809,7.0478194407438988],[80.708294817557075,7.0478260185464121],[80.708314250994789,7.0477586264197933],[80.708407054563281,7.0477910958062093],[80.70840128105938,7.0478110441487738],[80.708438488357842,7.0478273851102982],[80.708431003796122,7.0478490315071518],[80.708457946472635,7.0478575206156631],[80.708444903155183,7.0478976295979496],[80.70842031206999,7.047889777468809]]]},"properties":{"OBJECTID":152,"Shape_Length":76.064699336661022,"Shape_Area":284.15999144957027}},{"type":"Feature","id":153,"geometry":{"type":"Polygon","coordinates":[[[80.7086160345374,7.0479316313990994],[80.708600531540114,7.0479612725850602],[80.708588356661096,7.0479554488377438],[80.708604122252964,7.0479251990864791],[80.7086160345374,7.0479316313990994]]]},"properties":{"OBJECTID":153,"Shape_Length":10.456698860563545,"Shape_Area":5.5762344052459998}},{"type":"Feature","id":154,"geometry":{"type":"Polygon","coordinates":[[[80.710828441468806,7.0479556342170318],[80.710854559472068,7.047964798595082],[80.710828273938034,7.0479561342795831],[80.710828441468806,7.0479556342170318]]]},"properties":{"OBJECTID":154,"Shape_Length":6.1743053215975738,"Shape_Area":0.089154326641430331}},{"type":"Feature","id":155,"geometry":{"type":"Polygon","coordinates":[[[80.70873055022598,7.0479755443606447],[80.708724441867048,7.0479764287990543],[80.708722264453257,7.0479606906934587],[80.708713989754003,7.0479007831617713],[80.708825187492465,7.047885240540257],[80.70883510563587,7.0479603661169472],[80.70873055022598,7.0479755443606447]]]},"properties":{"OBJECTID":155,"Shape_Length":41.581608725610351,"Shape_Area":104.12893633357719}},{"type":"Feature","id":156,"geometry":{"type":"Polygon","coordinates":[[[80.711179063946076,7.047940746783893],[80.71117635055019,7.0479769072408045],[80.711135263498107,7.0479734452052254],[80.711137589367496,7.0479380542662859],[80.711179063946076,7.047940746783893]]]},"properties":{"OBJECTID":156,"Shape_Length":17.078552857471671,"Shape_Area":18.136376845528776}},{"type":"Feature","id":157,"geometry":{"type":"Polygon","coordinates":[[[80.708511182899144,7.0479483921015227],[80.708494349836911,7.0479803092506703],[80.708460957918888,7.0479638748002609],[80.70851974450332,7.0478469093355125],[80.708580900814766,7.04787937860503],[80.708537869418706,7.0479630603509511],[80.708511182899144,7.0479483921015227]]]},"properties":{"OBJECTID":157,"Shape_Length":43.993894905151642,"Shape_Area":95.626235473303154}},{"type":"Feature","id":158,"geometry":{"type":"Polygon","coordinates":[[[80.708598448537501,7.0479623556515225],[80.708586754287936,7.0479815878230969],[80.708577733972817,7.0479759508227096],[80.708588091110414,7.0479577132033091],[80.708598448537501,7.0479623556515225]]]},"properties":{"OBJECTID":158,"Shape_Length":7.2365871341374497,"Shape_Area":2.9097909055716724}},{"type":"Feature","id":159,"geometry":{"type":"Polygon","coordinates":[[[80.710854559472068,7.047964798595082],[80.710847205018368,7.0479889246809027],[80.710816444384108,7.0479790768923491],[80.710824382791827,7.0479542102552459],[80.710828441468806,7.0479556342170318],[80.710828273938034,7.0479561342795831],[80.710854559472068,7.047964798595082]]]},"properties":{"OBJECTID":159,"Shape_Length":12.834943459476955,"Shape_Area":9.9832545739510135}},{"type":"Feature","id":160,"geometry":{"type":"Polygon","coordinates":[[[80.712558589289259,7.0479778146047307],[80.71255067679931,7.0479991752470035],[80.712533642884338,7.0479927513764338],[80.712543100402442,7.0479723685101918],[80.712558589289259,7.0479778146047307]]]},"properties":{"OBJECTID":160,"Shape_Length":8.8283925157971179,"Shape_Area":4.7759572398341676}},{"type":"Feature","id":161,"geometry":{"type":"Polygon","coordinates":[[[80.71091672784118,7.047985292765957],[80.710911207865152,7.0479990185857071],[80.710854895203042,7.0479783380434275],[80.710859478053038,7.0479664207223323],[80.71091672784118,7.047985292765957]]]},"properties":{"OBJECTID":161,"Shape_Length":16.335576269215771,"Shape_Area":10.114159489571815}},{"type":"Feature","id":162,"geometry":{"type":"Polygon","coordinates":[[[80.712610635570215,7.0479609698154162],[80.712597009139955,7.0480181088935332],[80.712554424130701,7.0480069510586203],[80.712566688694807,7.047953193028599],[80.712610635570215,7.0479609698154162]]]},"properties":{"OBJECTID":162,"Shape_Length":22.386607373818446,"Shape_Area":30.804556950730383}},{"type":"Feature","id":163,"geometry":{"type":"Polygon","coordinates":[[[80.708331490798457,7.0480157418986007],[80.70833015462371,7.0480227049273427],[80.708222569534342,7.0480067886567017],[80.708232259226619,7.0479351656305456],[80.70830142966679,7.0479457788192637],[80.708339519190488,7.0479520793106145],[80.708342517410983,7.0479567188825634],[80.708359891069463,7.0479606976878069],[80.708348865364229,7.0480197207043949],[80.708331490798457,7.0480157418986007]]]},"properties":{"OBJECTID":163,"Shape_Length":43.975947382695644,"Shape_Area":110.07514059212124}},{"type":"Feature","id":164,"geometry":{"type":"Polygon","coordinates":[[[80.708734433581554,7.0480372680235233],[80.708677980798299,7.0480408761896776],[80.708671566354639,7.0479243687706692],[80.708714119008803,7.0479207613023416],[80.708716898515419,7.0479604457502862],[80.708722264453257,7.0479606906934587],[80.708724441867048,7.0479764287990543],[80.70873055022598,7.0479755443606447],[80.708730797913745,7.0479778476862602],[80.708734433581554,7.0480372680235233]]]},"properties":{"OBJECTID":164,"Shape_Length":38.140564381841109,"Shape_Area":72.802389861982675}},{"type":"Feature","id":165,"geometry":{"type":"Polygon","coordinates":[[[80.711074408903656,7.0480149908600058],[80.711058904442837,7.0480561521947784],[80.710928592592495,7.048021019386864],[80.710937968981085,7.0479922942383109],[80.71091672784118,7.047985292765957],[80.710859478053038,7.0479664207223323],[80.710854559472068,7.047964798595082],[80.710828441468806,7.0479556342170318],[80.710852305972409,7.0478845828427064],[80.710906572081129,7.0479045866705849],[80.710920913433711,7.0478630408436862],[80.711001925049118,7.0478907378012394],[80.710998436051383,7.0478999703664469],[80.711037197431438,7.0479115103324252],[80.711023832896686,7.0479458398675927],[80.711104642687971,7.0479734445390463],[80.7110899133869,7.0480188372723758],[80.711074408903656,7.0480149908600058]]]},"properties":{"OBJECTID":165,"Shape_Length":90.982393988813271,"Shape_Area":339.09479300189679}},{"type":"Feature","id":166,"geometry":{"type":"Polygon","coordinates":[[[80.722934604575613,7.0480626559761852],[80.722920623967042,7.0480777555294205],[80.722907465697546,7.0480655123088951],[80.722949407411775,7.0480132775531379],[80.722971200412218,7.0480324578574418],[80.722940360985135,7.0480679613475674],[80.722934604575613,7.0480626559761852]]]},"properties":{"OBJECTID":166,"Shape_Length":20.937853645032796,"Shape_Area":20.741197965317603}},{"type":"Feature","id":167,"geometry":{"type":"Polygon","coordinates":[[[80.707870747202179,7.04801176240505],[80.707736767158721,7.0480790752752842],[80.707706028590678,7.0480243633271007],[80.707723736651346,7.0480134201075586],[80.707710372013665,7.0479915355325096],[80.707725407703876,7.0479822513371255],[80.707718889876702,7.0479730272718921],[80.707873058994082,7.0478953114211906],[80.707920530411783,7.0479905409237649],[80.707872515483601,7.0480149051584489],[80.707870747202179,7.04801176240505]]]},"properties":{"OBJECTID":167,"Shape_Length":69.031234075355115,"Shape_Area":249.67268969316575}},{"type":"Feature","id":168,"geometry":{"type":"Polygon","coordinates":[[[80.716913499429822,7.0480539501406252],[80.716894996192025,7.0480981597362513],[80.716851135323097,7.0480825158230491],[80.716872380563203,7.048036946489395],[80.716913499429822,7.0480539501406252]]]},"properties":{"OBJECTID":168,"Shape_Length":20.919123579540194,"Shape_Area":27.263983126193967}},{"type":"Feature","id":169,"geometry":{"type":"Polygon","coordinates":[[[80.708317244932047,7.0481022067800652],[80.708259723355397,7.0481041173408885],[80.708258226361764,7.0480718602151295],[80.708315961590571,7.0480697380759709],[80.708317244932047,7.0481022067800652]]]},"properties":{"OBJECTID":169,"Shape_Length":19.90476658234266,"Shape_Area":22.817938667333745}},{"type":"Feature","id":170,"geometry":{"type":"Polygon","coordinates":[[[80.713641695451457,7.04812929771321],[80.713606963136556,7.0481435613201313],[80.713596782391875,7.0481171141668764],[80.713632413440152,7.0481037423360116],[80.713641695451457,7.04812929771321]]]},"properties":{"OBJECTID":170,"Shape_Length":14.493012536956559,"Shape_Area":12.817757720831148}},{"type":"Feature","id":171,"geometry":{"type":"Polygon","coordinates":[[[80.708613617022436,7.0481289461983678],[80.708565932928266,7.0481442258063449],[80.708545324654992,7.048068132862535],[80.708533964973171,7.0480711172580675],[80.70852895319554,7.0480568591027577],[80.708542651179599,7.048052548417596],[80.708536303497155,7.0480309949609623],[80.708577065639332,7.0480091101392306],[80.708613617022436,7.0481289461983678]]]},"properties":{"OBJECTID":171,"Shape_Length":40.254244368654838,"Shape_Area":73.152809609100089}},{"type":"Feature","id":172,"geometry":{"type":"Polygon","coordinates":[[[80.711121309602021,7.048156939578381],[80.711087587539396,7.0481573237152375],[80.711087199660994,7.0481153932967233],[80.711121309993914,7.0481153935479854],[80.711121309602021,7.048156939578381]]]},"properties":{"OBJECTID":172,"Shape_Length":16.725052273479928,"Shape_Area":17.293878422510403}},{"type":"Feature","id":173,"geometry":{"type":"Polygon","coordinates":[[[80.713387430487359,7.0480977806300844],[80.713369184795766,7.0481627839334537],[80.713285440136133,7.0481423540892676],[80.713288715172368,7.0481219242515012],[80.713295265012874,7.0481228529643465],[80.713309300087928,7.0480754931813321],[80.713387430487359,7.0480977806300844]]]},"properties":{"OBJECTID":173,"Shape_Length":34.445732274325437,"Shape_Area":70.349619922634446}},{"type":"Feature","id":174,"geometry":{"type":"Polygon","coordinates":[[[80.71313385765427,7.0481623198241428],[80.713057130661511,7.0481706770401757],[80.713052452546918,7.0481047455238466],[80.713127775851262,7.0481010308705061],[80.71313385765427,7.0481623198241428]]]},"properties":{"OBJECTID":174,"Shape_Length":30.977621555714364,"Shape_Area":59.474473373333979}},{"type":"Feature","id":175,"geometry":{"type":"Polygon","coordinates":[[[80.713445911567263,7.0481493190959172],[80.713439829125363,7.0481794988785706],[80.713386494927391,7.0481683559464239],[80.71339772338348,7.0481047452441405],[80.713479596203754,7.0481177458694537],[80.713474449696719,7.0481548908116833],[80.713445911567263,7.0481493190959172]]]},"properties":{"OBJECTID":175,"Shape_Length":33.083839664476429,"Shape_Area":57.140556406020316}},{"type":"Feature","id":176,"geometry":{"type":"Polygon","coordinates":[[[80.71279971123748,7.0481648444633063],[80.712777225897483,7.0481874971973655],[80.712748949852923,7.0481651829902079],[80.712766665276675,7.048145910840188],[80.712748950548487,7.0481269774975983],[80.712797326341075,7.0480766001932027],[80.712866823565903,7.0481411777392049],[80.712823558319784,7.0481861452314032],[80.71279971123748,7.0481648444633063]]]},"properties":{"OBJECTID":176,"Shape_Length":41.904038694996849,"Shape_Area":90.196033845225529}},{"type":"Feature","id":177,"geometry":{"type":"Polygon","coordinates":[[[80.70855331680518,7.0481660839729265],[80.708487455660773,7.0481930356333145],[80.708453456247696,7.0481338270061977],[80.708522310350716,7.0481041167214871],[80.70855331680518,7.0481660839729265]]]},"properties":{"OBJECTID":177,"Shape_Length":31.357514764892784,"Shape_Area":61.104731695704665}},{"type":"Feature","id":178,"geometry":{"type":"Polygon","coordinates":[[[80.712478453750322,7.0482010219923339],[80.71240180222992,7.0482067692583961],[80.712398053951233,7.0481729591262585],[80.712437572740114,7.0481668730802074],[80.71243382510859,7.0481415155789868],[80.712471981116892,7.0481388105763054],[80.712478453750322,7.0482010219923339]]]},"properties":{"OBJECTID":178,"Shape_Length":30.647539251892713,"Shape_Area":45.880638029688477}},{"type":"Feature","id":179,"geometry":{"type":"Polygon","coordinates":[[[80.707939617576073,7.0482102017757464],[80.707918859449961,7.0482120426279229],[80.707911070737296,7.0481411857119616],[80.70804397817362,7.0481290349300529],[80.708049816142022,7.0482004115392805],[80.708039980200965,7.048201287283927],[80.707939617576073,7.0482102017757464]]]},"properties":{"OBJECTID":179,"Shape_Length":45.070227851303969,"Shape_Area":115.61373085552229}},{"type":"Feature","id":180,"geometry":{"type":"Polygon","coordinates":[[[80.710973386909302,7.04820132252748],[80.710965513396218,7.0482217589378289],[80.710910400134054,7.0482007213660127],[80.710918273142155,7.0481838913639301],[80.710794164345927,7.0481373207110778],[80.710829824747378,7.048044611753058],[80.710969752855249,7.0480961592504388],[80.710962775652391,7.04811539304783],[80.710994172410736,7.0481269337932755],[80.710990684640336,7.0481338585471205],[80.711037972985849,7.0481515535703849],[80.711013166147453,7.0482100258027032],[80.711011011984368,7.0482150968982298],[80.710973386909302,7.04820132252748]]]},"properties":{"OBJECTID":180,"Shape_Length":77.550919228336966,"Shape_Area":269.37505051720643}},{"type":"Feature","id":181,"geometry":{"type":"Polygon","coordinates":[[[80.708512915496655,7.0482150268464636],[80.708484849627922,7.048223980000528],[80.708479169348735,7.0482067375088135],[80.708507569183851,7.0481981162871872],[80.708512915496655,7.0482150268464636]]]},"properties":{"OBJECTID":181,"Shape_Length":10.502203178658192,"Shape_Area":6.4815481145097769}},{"type":"Feature","id":182,"geometry":{"type":"Polygon","coordinates":[[[80.708098241202293,7.04823729748865],[80.708053330122084,7.0482434158372032],[80.708049816142022,7.0482004115392805],[80.70804397817362,7.0481290349300529],[80.708037832076201,7.0480539822359392],[80.708194447824525,7.0480386001493072],[80.708201789962146,7.0482231772884107],[80.708098241202293,7.04823729748865]]]},"properties":{"OBJECTID":182,"Shape_Length":75.382710160146274,"Shape_Area":350.95505498651227}},{"type":"Feature","id":183,"geometry":{"type":"Polygon","coordinates":[[[80.70798568268107,7.0482478542493858],[80.707943250230471,7.0482524962047339],[80.707939617576073,7.0482102017757464],[80.708039980200965,7.048201287283927],[80.708041479907266,7.0482272955956082],[80.707983010031242,7.0482329326643436],[80.70798568268107,7.0482478542493858]]]},"properties":{"OBJECTID":183,"Shape_Length":31.587465567982015,"Shape_Area":40.286690518505544}},{"type":"Feature","id":184,"geometry":{"type":"Polygon","coordinates":[[[80.712629649448417,7.0481766786294457],[80.712612083524562,7.0482543360722847],[80.712536496820661,7.0482379594439468],[80.71255299810629,7.048161358098028],[80.712629649448417,7.0481766786294457]]]},"properties":{"OBJECTID":184,"Shape_Length":34.648801355794276,"Shape_Area":75.019978265062292}},{"type":"Feature","id":185,"geometry":{"type":"Polygon","coordinates":[[[80.713377132804965,7.0482399022629245],[80.713375202570262,7.0482559825285378],[80.713376202273551,7.0482398596344602],[80.713377132804965,7.0482399022629245]]]},"properties":{"OBJECTID":185,"Shape_Length":3.6801214042717643,"Shape_Area":0.091900029549044818}},{"type":"Feature","id":186,"geometry":{"type":"Polygon","coordinates":[[[80.707810862346506,7.048252285955825],[80.707718401091526,7.0482859870194821],[80.707692998518979,7.0482196689764347],[80.707815952256837,7.0481722521365224],[80.707843015578476,7.0482405590052224],[80.707810862346506,7.048252285955825]]]},"properties":{"OBJECTID":186,"Shape_Length":45.190369226219289,"Shape_Area":116.67003633314988}},{"type":"Feature","id":187,"geometry":{"type":"Polygon","coordinates":[[[80.7132190641276,7.0482900052492692],[80.713116722753142,7.0482994369492245],[80.713112317926758,7.0482273606515848],[80.713199749398271,7.0482214175885103],[80.71320184551378,7.0482437038070254],[80.713215409122569,7.0482421230929155],[80.7132190641276,7.0482900052492692]]]},"properties":{"OBJECTID":187,"Shape_Length":38.314474103728408,"Shape_Area":84.891007129663677}},{"type":"Feature","id":188,"geometry":{"type":"Polygon","coordinates":[[[80.71797048592974,7.0482792680632205],[80.717948555499589,7.0483036447415763],[80.717927941141951,7.0482853623371229],[80.717952064524539,7.0482635975958834],[80.71797048592974,7.0482792680632205]]]},"properties":{"OBJECTID":188,"Shape_Length":12.933411896260484,"Shape_Area":10.276425526396924}},{"type":"Feature","id":189,"geometry":{"type":"Polygon","coordinates":[[[80.713466964387663,7.0482440389671295],[80.713463221409086,7.0483043987643175],[80.713372459283136,7.048300220335121],[80.713375202570262,7.0482559825285378],[80.713377132804965,7.0482399022629245],[80.713466964387663,7.0482440389671295]]]},"properties":{"OBJECTID":189,"Shape_Length":33.351643244099407,"Shape_Area":67.025347314979697}},{"type":"Feature","id":190,"geometry":{"type":"Polygon","coordinates":[[[80.713375202570262,7.0482559825285378],[80.71336745897699,7.0483204754075164],[80.713242456963002,7.0483103193271184],[80.713247956474774,7.0482133937995899],[80.713379102911887,7.0482234973536713],[80.713377132804965,7.0482399022629245],[80.713376202273551,7.0482398596344602],[80.713375202570262,7.0482559825285378]]]},"properties":{"OBJECTID":190,"Shape_Length":50.020726178172808,"Shape_Area":152.65891481732731}},{"type":"Feature","id":191,"geometry":{"type":"Polygon","coordinates":[[[80.707979668416655,7.048285987415932],[80.707974991342923,7.0483287626259434],[80.707932224569717,7.0483231251855836],[80.70793857223444,7.0482707337381676],[80.707963965141275,7.0482737180839674],[80.707963631474186,7.0482836664014759],[80.707979668416655,7.048285987415932]]]},"properties":{"OBJECTID":191,"Shape_Length":21.075067325033821,"Shape_Area":25.715396030713052}},{"type":"Feature","id":192,"geometry":{"type":"Polygon","coordinates":[[[80.707836667912233,7.0483174881273625],[80.707776527164754,7.0483406993771762],[80.707764165123507,7.0483088665849056],[80.707733426619939,7.0483211354226727],[80.707718401091526,7.0482859870194821],[80.707810862346506,7.048252285955825],[80.707836667912233,7.0483174881273625]]]},"properties":{"OBJECTID":192,"Shape_Length":37.407831717367785,"Shape_Area":71.030263736980871}},{"type":"Feature","id":193,"geometry":{"type":"Polygon","coordinates":[[[80.712025393123469,7.0483479832118521],[80.711891545231367,7.048366616220294],[80.711878827101074,7.048276456084654],[80.712013885948252,7.0482590250810508],[80.712025393123469,7.0483479832118521]]]},"properties":{"OBJECTID":193,"Shape_Length":49.961396078366668,"Shape_Area":149.77113753790991}},{"type":"Feature","id":194,"geometry":{"type":"Polygon","coordinates":[[[80.712855418004111,7.0483744541418778],[80.71284168234358,7.0483831092768767],[80.712828600017673,7.0483601722623535],[80.712842336612482,7.0483513009966092],[80.712855418004111,7.0483744541418778]]]},"properties":{"OBJECTID":194,"Shape_Length":9.4603094084864043,"Shape_Area":5.2675347391168907}},{"type":"Feature","id":195,"geometry":{"type":"Polygon","coordinates":[[[80.713780434902077,7.0483729378650022],[80.713737031226714,7.0483842730504236],[80.713726731814916,7.0483382004437525],[80.713770447411875,7.0483295836714852],[80.713780434902077,7.0483729378650022]]]},"properties":{"OBJECTID":195,"Shape_Length":20.018362953750874,"Shape_Area":25.029854565718139}},{"type":"Feature","id":196,"geometry":{"type":"Polygon","coordinates":[[[80.713093394950747,7.0483800887195818],[80.713070015675342,7.0483865550153011],[80.7130642671885,7.0483703887033489],[80.713088795151876,7.0483639225637642],[80.713093394950747,7.0483800887195818]]]},"properties":{"OBJECTID":196,"Shape_Length":9.2380258578376679,"Shape_Area":5.1393592282586402}},{"type":"Feature","id":197,"geometry":{"type":"Polygon","coordinates":[[[80.7076225002169,7.0483801581794516],[80.707587560306521,7.0484012769165387],[80.707533724144596,7.048314655519123],[80.707664237244771,7.0482361295996121],[80.70769934651112,7.0483002452581767],[80.707721397918732,7.0483430207821067],[80.707697342199452,7.0483569473054617],[80.707703690360447,7.0483688842901149],[80.707659253335734,7.048395080266026],[80.707649229166663,7.0483771742620567],[80.707627177783351,7.0483894434681131],[80.7076225002169,7.0483801581794516]]]},"properties":{"OBJECTID":197,"Shape_Length":62.492638094954216,"Shape_Area":216.0447389946693}},{"type":"Feature","id":198,"geometry":{"type":"Polygon","coordinates":[[[80.713222505447177,7.0484050616902927],[80.713144954626671,7.0484338861661175],[80.713142557565362,7.0484280493932978],[80.713116218832027,7.048364058313811],[80.71319645534787,7.0483352296848141],[80.713222505447177,7.0484050616902927]]]},"properties":{"OBJECTID":198,"Shape_Length":35.150570010066367,"Shape_Area":76.945720097478102}},{"type":"Feature","id":199,"geometry":{"type":"Polygon","coordinates":[[[80.712862735960925,7.0484180829023924],[80.712794600799157,7.0484478355245415],[80.712767005832319,7.048382920044836],[80.712793578780392,7.0483687195950324],[80.712801755233258,7.0483896818226315],[80.712833437897672,7.0483761575901394],[80.712843317508685,7.0484001630684032],[80.712853537773682,7.0483954294679894],[80.712862735960925,7.0484180829023924]]]},"properties":{"OBJECTID":199,"Shape_Length":32.454900816553945,"Shape_Area":50.100654778470037}},{"type":"Feature","id":200,"geometry":{"type":"Polygon","coordinates":[[[80.713128462798494,7.0484415172515309],[80.71310163504883,7.0484523572519491],[80.713083798212367,7.0484125830662183],[80.713109529687443,7.048402368703953],[80.713097833276251,7.0483721883231283],[80.713116218832027,7.048364058313811],[80.713142557565362,7.0484280493932978],[80.713126163661144,7.0484344804661552],[80.713128462798494,7.0484415172515309]]]},"properties":{"OBJECTID":200,"Shape_Length":27.290658252632905,"Shape_Area":31.914112008238671}},{"type":"Feature","id":201,"geometry":{"type":"Polygon","coordinates":[[[80.712898992010736,7.0484484285042157],[80.712874343418022,7.0484632296869769],[80.712868718256445,7.0484521356912975],[80.712891847910129,7.0484375260168175],[80.712898992010736,7.0484484285042157]]]},"properties":{"OBJECTID":201,"Shape_Length":9.0163355603188329,"Shape_Area":4.3566620418850697}},{"type":"Feature","id":202,"geometry":{"type":"Polygon","coordinates":[[[80.71288528883403,7.0484843776745816],[80.712873951320319,7.0484908691115473],[80.712866973911346,7.048478967378629],[80.71287852936959,7.0484739906988167],[80.71288528883403,7.0484843776745816]]]},"properties":{"OBJECTID":202,"Shape_Length":5.7289863173732956,"Shape_Area":2.0394825487543167}},{"type":"Feature","id":203,"geometry":{"type":"Polygon","coordinates":[[[80.707351573330243,7.0484975678557245],[80.707308379367859,7.048497567793012],[80.707309448509051,7.0484602179447382],[80.707351573215945,7.0484617027338947],[80.707351573330243,7.0484975678557245]]]},"properties":{"OBJECTID":203,"Shape_Length":17.526242402243657,"Shape_Area":19.08244110780533}},{"type":"Feature","id":204,"geometry":{"type":"Polygon","coordinates":[[[80.713531508776313,7.0485078788059043],[80.713488391932017,7.0485132274425357],[80.713485397449517,7.0484939126828108],[80.713529711861568,7.0484885633034873],[80.713531508776313,7.0485078788059043]]]},"properties":{"OBJECTID":204,"Shape_Length":14.037492265181204,"Shape_Area":10.471657340583821}},{"type":"Feature","id":205,"geometry":{"type":"Polygon","coordinates":[[[80.713440211829337,7.0485023103856284],[80.713385100102983,7.0485156632931956],[80.713360763527263,7.0484255839194789],[80.713448718408557,7.0484116548766442],[80.713465560761392,7.0484961599429825],[80.713440211829337,7.0485023103856284]]]},"properties":{"OBJECTID":205,"Shape_Length":38.830328753162547,"Shape_Area":94.00562083446205}},{"type":"Feature","id":206,"geometry":{"type":"Polygon","coordinates":[[[80.713440211829337,7.0485023103856284],[80.713380977661984,7.0485171042142643],[80.713385100102983,7.0485156632931956],[80.713440211829337,7.0485023103856284]]]},"properties":{"OBJECTID":206,"Shape_Length":13.492591240598799,"Shape_Area":0.14882555739505055}},{"type":"Feature","id":207,"geometry":{"type":"Polygon","coordinates":[[[80.713005478950706,7.0485073410077517],[80.712930870737566,7.0485438561406015],[80.71290338484819,7.0484887054752043],[80.712909489966577,7.0484850266489669],[80.712898370347375,7.0484668502166983],[80.712921699649712,7.0484551651220446],[80.712919301598149,7.0484499722201273],[80.712965742834811,7.0484274683315471],[80.713005478950706,7.0485073410077517]]]},"properties":{"OBJECTID":207,"Shape_Length":38.214985058290111,"Shape_Area":86.821505484445481}},{"type":"Feature","id":208,"geometry":{"type":"Polygon","coordinates":[[[80.713380977661984,7.0485171042142643],[80.713285440041716,7.0485504840302244],[80.713259240723346,7.0484594792854596],[80.713354213556642,7.0484255839388439],[80.713385100102983,7.0485156632931956],[80.713380977661984,7.0485171042142643]]]},"properties":{"OBJECTID":208,"Shape_Length":43.805756684735385,"Shape_Area":119.62119921095432}},{"type":"Feature","id":209,"geometry":{"type":"Polygon","coordinates":[[[80.713145554231616,7.0485578017938364],[80.713146663362124,7.0485624799647129],[80.713144830948721,7.048558053095296],[80.713145554231616,7.0485578017938364]]]},"properties":{"OBJECTID":209,"Shape_Length":1.145960262404798,"Shape_Area":0.022370274956914037}},{"type":"Feature","id":210,"geometry":{"type":"Polygon","coordinates":[[[80.713173879161673,7.0485537244600369],[80.71314669955791,7.0485625676881636],[80.713146663362124,7.0485624799647129],[80.713145554231616,7.0485578017938364],[80.713144830948721,7.048558053095296],[80.71313058246551,7.0485236284200363],[80.713158728199801,7.0485126330545054],[80.713154236640989,7.0484992612468522],[80.713212923422375,7.048482619857686],[80.713216516991579,7.0484962890627809],[80.71322490025976,7.0484942093694869],[80.713236877109722,7.0485390803792267],[80.713175220942375,7.0485582887187253],[80.713173879161673,7.0485537244600369]]]},"properties":{"OBJECTID":210,"Shape_Length":34.85496368828472,"Shape_Area":64.458926393175346}},{"type":"Feature","id":211,"geometry":{"type":"Polygon","coordinates":[[[80.713451525653014,7.048550483858274],[80.713394915686948,7.0485648774311542],[80.713380977661984,7.0485171042142643],[80.713440211829337,7.0485023103856284],[80.713451525653014,7.048550483858274]]]},"properties":{"OBJECTID":211,"Shape_Length":24.172855797937832,"Shape_Area":36.196563398767793}},{"type":"Feature","id":212,"geometry":{"type":"Polygon","coordinates":[[[80.714029754946282,7.0485736703700272],[80.714001976654515,7.0485852780584004],[80.713987355931877,7.0485519059814683],[80.714015865617455,7.0485402983917282],[80.714029754946282,7.0485736703700272]]]},"properties":{"OBJECTID":212,"Shape_Length":14.752396736693166,"Shape_Area":13.495206098044079}},{"type":"Feature","id":213,"geometry":{"type":"Polygon","coordinates":[[[80.712916509016296,7.0485898874279922],[80.712910207970367,7.048589894709492],[80.712900626533738,7.0485631501037878],[80.712906922632598,7.0485595897688489],[80.712916509016296,7.0485898874279922]]]},"properties":{"OBJECTID":213,"Shape_Length":8.1502520598471051,"Shape_Area":2.4034123703809334}},{"type":"Feature","id":214,"geometry":{"type":"Polygon","coordinates":[[[80.712859669622489,7.0485938948490423],[80.712830031191714,7.0486050527697284],[80.712820491744921,7.0485823992883594],[80.712851153087939,7.0485709041981401],[80.712859669622489,7.0485938948490423]]]},"properties":{"OBJECTID":214,"Shape_Length":12.545493084260075,"Shape_Area":9.6550038449790669}},{"type":"Feature","id":215,"geometry":{"type":"Polygon","coordinates":[[[80.712948053857332,7.0485980884281707],[80.7129215858631,7.0486059415151949],[80.712916509016296,7.0485898874279922],[80.712906922632598,7.0485595897688489],[80.712933559057632,7.0485512420453427],[80.712948053857332,7.0485980884281707]]]},"properties":{"OBJECTID":215,"Shape_Length":16.931931662047901,"Shape_Area":16.557499207526536}},{"type":"Feature","id":216,"geometry":{"type":"Polygon","coordinates":[[[80.713773170045798,7.0485867295756561],[80.713714689062741,7.0486077678414691],[80.713684718217991,7.0485265138401294],[80.713716882171028,7.0485149058554946],[80.713713227270887,7.0485062004299701],[80.713759280980696,7.0484909652928414],[80.713780479951765,7.0485562587644264],[80.713764397619798,7.0485613370465137],[80.713773170045798,7.0485867295756561]]]},"properties":{"OBJECTID":216,"Shape_Length":39.048128964138044,"Shape_Area":84.693085679051293}},{"type":"Feature","id":217,"geometry":{"type":"Polygon","coordinates":[[[80.713140463370848,7.0485982149326842],[80.713067704044988,7.0486178277897551],[80.713048541566522,7.0485479949029415],[80.713119204497048,7.0485280851491421],[80.713121947546341,7.048539080180678],[80.713133253812742,7.0485360377901616],[80.713134403537168,7.0485417432682089],[80.713139565195902,7.0485598818102755],[80.713144830948721,7.048558053095296],[80.713146663362124,7.0485624799647129],[80.71315034448115,7.0485780084533944],[80.713136271793843,7.0485821682023566],[80.713140463370848,7.0485982149326842]]]},"properties":{"OBJECTID":217,"Shape_Length":36.084335184284555,"Shape_Area":73.37181244029118}},{"type":"Feature","id":218,"geometry":{"type":"Polygon","coordinates":[[[80.713438893275736,7.0486071302427504],[80.713415033608925,7.0486182736070404],[80.713404273104771,7.0485950574886962],[80.713427665628444,7.0485843788797249],[80.713438893275736,7.0486071302427504]]]},"properties":{"OBJECTID":218,"Shape_Length":11.385082533305663,"Shape_Area":8.0990626708195457}},{"type":"Feature","id":219,"geometry":{"type":"Polygon","coordinates":[[[80.713020694730275,7.0486041581142835],[80.712955720176055,7.0486228794524983],[80.712948053857332,7.0485980884281707],[80.712933559057632,7.0485512420453427],[80.712932365632255,7.0485474012580127],[80.712998238329931,7.0485271942556995],[80.713020694730275,7.0486041581142835]]]},"properties":{"OBJECTID":219,"Shape_Length":32.684171599967684,"Shape_Area":66.361372663542426}},{"type":"Feature","id":220,"geometry":{"type":"Polygon","coordinates":[[[80.713294665689205,7.048617827793743],[80.713281191997723,7.0486237709368869],[80.713271910297678,7.0486026720165942],[80.71328538394836,7.0485970263932867],[80.713294665689205,7.048617827793743]]]},"properties":{"OBJECTID":220,"Shape_Length":8.3081770291595234,"Shape_Area":4.1053754347899059}},{"type":"Feature","id":221,"geometry":{"type":"Polygon","coordinates":[[[80.713654746286068,7.0486280815471387],[80.713582376188015,7.0486679837440231],[80.713557521728958,7.0486186509281978],[80.713629892433204,7.0485809254208762],[80.713654746286068,7.0486280815471387]]]},"properties":{"OBJECTID":221,"Shape_Length":30.150352215826963,"Shape_Area":54.437715055189351}},{"type":"Feature","id":222,"geometry":{"type":"Polygon","coordinates":[[[80.713361101418045,7.0486577541344255],[80.713324308939804,7.0486712569125247],[80.713297660369008,7.0486089125589979],[80.713352454771012,7.0485860317581315],[80.713368383517135,7.0486256130567302],[80.71335094501201,7.0486320792645616],[80.713361101418045,7.0486577541344255]]]},"properties":{"OBJECTID":222,"Shape_Length":28.212566838670853,"Shape_Area":43.173944239308504}},{"type":"Feature","id":223,"geometry":{"type":"Polygon","coordinates":[[[80.713463839329052,7.0486618066734241],[80.713439585921293,7.0486728016781663],[80.713428507949146,7.0486543783861064],[80.713452760892906,7.0486401142838195],[80.713463839329052,7.0486618066734241]]]},"properties":{"OBJECTID":223,"Shape_Length":11.120993009283914,"Shape_Area":7.6520291669120031}},{"type":"Feature","id":224,"geometry":{"type":"Polygon","coordinates":[[[80.712693855771136,7.0486915726025812],[80.71267103334101,7.0487033906891092],[80.712644490211758,7.048651689194446],[80.712664335326707,7.0486408564056271],[80.712678971435622,7.0486669533125905],[80.712693855771136,7.0486915726025812]]]},"properties":{"OBJECTID":224,"Shape_Length":18.251854911137261,"Shape_Area":17.052694049611272}},{"type":"Feature","id":225,"geometry":{"type":"Polygon","coordinates":[[[80.713774807851664,7.0487055639975278],[80.7137022912341,7.0487311011523044],[80.713667203300432,7.0486433462476796],[80.713740655157594,7.0486164156745996],[80.713774807851664,7.0487055639975278]]]},"properties":{"OBJECTID":225,"Shape_Length":38.143063293192718,"Shape_Area":89.958293537751757}},{"type":"Feature","id":226,"geometry":{"type":"Polygon","coordinates":[[[80.713424390652136,7.0487315647170572],[80.713346727739051,7.0487589594887705],[80.713329885158714,7.0486962773442121],[80.713390705884848,7.0486767767780343],[80.713392576629715,7.0486855986216739],[80.713408951099908,7.048682348012151],[80.713424390652136,7.0487315647170572]]]},"properties":{"OBJECTID":226,"Shape_Length":31.877241711838685,"Shape_Area":60.959336605898145}},{"type":"Feature","id":227,"geometry":{"type":"Polygon","coordinates":[[[80.713936215155897,7.0487552451777855],[80.713856681107885,7.0487701032676116],[80.71383983848753,7.0486869908604808],[80.713917968879386,7.0486698121135598],[80.713936215155897,7.0487552451777855]]]},"properties":{"OBJECTID":227,"Shape_Length":36.813673539209503,"Shape_Area":84.590971891737539}},{"type":"Feature","id":228,"geometry":{"type":"Polygon","coordinates":[[[80.713252638717464,7.0487631147513543],[80.713231176391275,7.0487712922779462],[80.713226577723361,7.0487600718215022],[80.713248614872398,7.0487517035624938],[80.713252638717464,7.0487631147513543]]]},"properties":{"OBJECTID":228,"Shape_Length":7.8206908752755506,"Shape_Area":3.4423390309639825}},{"type":"Feature","id":229,"geometry":{"type":"Polygon","coordinates":[[[80.712963804287583,7.0487702703003698],[80.712903919931719,7.0487866139751292],[80.712887153084012,7.0487265877980629],[80.712945240787093,7.0487090556113579],[80.712963804287583,7.0487702703003698]]]},"properties":{"OBJECTID":229,"Shape_Length":27.526062888645747,"Shape_Area":47.337752739958567}},{"type":"Feature","id":230,"geometry":{"type":"Polygon","coordinates":[[[80.721739429817859,7.0487684492265323],[80.721703376626223,7.0487937830005274],[80.721679428964038,7.0487619193681521],[80.721712587531712,7.0487350180788413],[80.721739429817859,7.0487684492265323]]]},"properties":{"OBJECTID":230,"Shape_Length":18.733728256777876,"Shape_Area":21.904356037922653}},{"type":"Feature","id":231,"geometry":{"type":"Polygon","coordinates":[[[80.717980546764409,7.0487728615720462],[80.717981232288238,7.0487993870219547],[80.71795450474049,7.0487987072468021],[80.717955189680382,7.0487721810642281],[80.717980546764409,7.0487728615720462]]]},"properties":{"OBJECTID":231,"Shape_Length":11.624401799830604,"Shape_Area":8.4389303129574884}},{"type":"Feature","id":232,"geometry":{"type":"Polygon","coordinates":[[[80.7136873204295,7.048770103142683],[80.713578312032269,7.0488077124961128],[80.713552923125206,7.0487410538407911],[80.713640498216108,7.0487111952058594],[80.713646246983473,7.04872545883235],[80.713690130634419,7.0487127166064569],[80.713712583644423,7.048768710275505],[80.713690127337401,7.0487775315618366],[80.7136873204295,7.048770103142683]]]},"properties":{"OBJECTID":232,"Shape_Length":47.812776767403811,"Shape_Area":113.42135894871552}},{"type":"Feature","id":233,"geometry":{"type":"Polygon","coordinates":[[[80.71333609796126,7.0487864229972361],[80.713269379576658,7.0488082106746281],[80.713267975306835,7.0488038616347133],[80.713256646128713,7.0487688866308007],[80.713250351335205,7.0487494692356325],[80.713319517662626,7.0487253994012118],[80.71333609796126,7.0487864229972361]]]},"properties":{"OBJECTID":233,"Shape_Length":29.665365006909202,"Shape_Area":54.687037057067741}},{"type":"Feature","id":234,"geometry":{"type":"Polygon","coordinates":[[[80.713267975306835,7.0488038616347133],[80.713251905717328,7.048808322253695],[80.713240374470999,7.0487749053564643],[80.713256646128713,7.0487688866308007],[80.713267975306835,7.0488038616347133]]]},"properties":{"OBJECTID":234,"Shape_Length":11.733093209003689,"Shape_Area":7.4868788005437876}},{"type":"Feature","id":235,"geometry":{"type":"Polygon","coordinates":[[[80.712847362976746,7.0487836753908928],[80.712755806349705,7.0488100897027657],[80.712749418792583,7.048787373348004],[80.712715350702851,7.0487958258513581],[80.712701510759672,7.0487461671322142],[80.712752080471645,7.0487313749213891],[80.71275580668366,7.0487414124196448],[80.712817554146284,7.0487234511985282],[80.712827134937612,7.0487482804668922],[80.712835120075923,7.0487451110270838],[80.712847362976746,7.0487836753908928]]]},"properties":{"OBJECTID":235,"Shape_Length":45.190660369796312,"Shape_Area":97.735392204126029}},{"type":"Feature","id":236,"geometry":{"type":"Polygon","coordinates":[[[80.712775839280923,7.0488225593186771],[80.712766789271257,7.0488350077863666],[80.712754088551122,7.048828074481162],[80.71276313784945,7.0488142089523249],[80.712775839280923,7.0488225593186771]]]},"properties":{"OBJECTID":236,"Shape_Length":6.8103609787116932,"Shape_Area":2.886268731784901}},{"type":"Feature","id":237,"geometry":{"type":"Polygon","coordinates":[[[80.713262757505518,7.0488325539331802],[80.71321161445664,7.0488499586870681],[80.713204256515937,7.048827197895533],[80.713256134579339,7.0488097923375648],[80.713262757505518,7.0488325539331802]]]},"properties":{"OBJECTID":237,"Shape_Length":17.280597880506043,"Shape_Area":15.809234231041998}},{"type":"Feature","id":238,"geometry":{"type":"Polygon","coordinates":[[[80.713536299351361,7.0488543658645124],[80.713509650714101,7.0488659555891457],[80.713502165405686,7.0488478284941118],[80.713469528715436,7.0488609031984302],[80.713436890903054,7.0487952310710744],[80.713500668311653,7.0487667040192674],[80.713536299351361,7.0488543658645124]]]},"properties":{"OBJECTID":238,"Shape_Length":35.553849542656309,"Shape_Area":67.896856837763096}},{"type":"Feature","id":239,"geometry":{"type":"Polygon","coordinates":[[[80.713278456320523,7.0488655508872364],[80.713234817812818,7.0488793158874117],[80.713224661071507,7.048849456750407],[80.713269645005198,7.0488333922606339],[80.713278456320523,7.0488655508872364]]]},"properties":{"OBJECTID":239,"Shape_Length":17.507248459919854,"Shape_Area":18.513698338060667}},{"type":"Feature","id":240,"geometry":{"type":"Polygon","coordinates":[[[80.713362711128667,7.0488763715528977],[80.713288021288605,7.0489004713929928],[80.713278456320523,7.0488655508872364],[80.713269645005198,7.0488333922606339],[80.713265286844361,7.0488175064770564],[80.713337531547424,7.0487948749172089],[80.713362711128667,7.0488763715528977]]]},"properties":{"OBJECTID":240,"Shape_Length":35.978688934273414,"Shape_Area":80.637055551582264}},{"type":"Feature","id":241,"geometry":{"type":"Polygon","coordinates":[[[80.714648277035636,7.0488843232912641],[80.714557514767122,7.0489075385959286],[80.714540672471912,7.0488550716343568],[80.714634709780839,7.0488313919485828],[80.714648277035636,7.0488843232912641]]]},"properties":{"OBJECTID":241,"Shape_Length":33.198782540444299,"Shape_Area":63.841135116585377}},{"type":"Feature","id":242,"geometry":{"type":"Polygon","coordinates":[[[80.713385091385589,7.0489948289635711],[80.713319592540216,7.0490212948328645],[80.713308748686757,7.0489985742659478],[80.713300163289276,7.049002590975582],[80.713275802285509,7.0489524280513232],[80.713351256656622,7.0489176610192059],[80.713354849971694,7.0489265753357868],[80.71338479203034,7.0489126095255665],[80.713411883189067,7.0489755471638125],[80.713381989345194,7.0489877188216363],[80.713385091385589,7.0489948289635711]]]},"properties":{"OBJECTID":242,"Shape_Length":43.694227883759282,"Shape_Area":105.96979569538298}},{"type":"Feature","id":243,"geometry":{"type":"Polygon","coordinates":[[[80.706111982302986,7.0492952912988809],[80.70608657603411,7.0493145765031509],[80.706068360079072,7.0492955035703178],[80.706093378375868,7.0492738580472789],[80.706111982302986,7.0492952912988809]]]},"properties":{"OBJECTID":243,"Shape_Length":13.233482965686626,"Shape_Area":10.840637057489253}},{"type":"Feature","id":244,"geometry":{"type":"Polygon","coordinates":[[[80.716074279693217,7.0492937231700159],[80.716041898439855,7.0493197388323043],[80.716024936977931,7.0492983143235124],[80.716055390118271,7.0492726809381407],[80.716074279693217,7.0492937231700159]]]},"properties":{"OBJECTID":244,"Shape_Length":15.135885489848942,"Shape_Area":13.804522288330126}},{"type":"Feature","id":245,"geometry":{"type":"Polygon","coordinates":[[[80.718194175407973,7.0494358369845438],[80.718174438165832,7.0494606489210732],[80.718153384981036,7.0494475897948643],[80.718171367433257,7.0494197310034128],[80.718194175407973,7.0494358369845438]]]},"properties":{"OBJECTID":245,"Shape_Length":12.993511091218156,"Shape_Area":10.415279316914063}},{"type":"Feature","id":246,"geometry":{"type":"Polygon","coordinates":[[[80.716852977161921,7.0495707108533558],[80.716807874306298,7.0495756842513364],[80.716807103571753,7.0495577027567666],[80.71685297735776,7.0495550246082859],[80.716852977161921,7.0495707108533558]]]},"properties":{"OBJECTID":246,"Shape_Length":13.814246418242664,"Shape_Area":9.3725441576120936}},{"type":"Feature","id":247,"geometry":{"type":"Polygon","coordinates":[[[80.720900113204863,7.0495351006455298],[80.720857164413985,7.0496036326544154],[80.720835269419652,7.0495897035973529],[80.720876252869274,7.0495225640014061],[80.720900113204863,7.0495351006455298]]]},"properties":{"OBJECTID":247,"Shape_Length":23.482953347899457,"Shape_Area":25.742798097481881}},{"type":"Feature","id":248,"geometry":{"type":"Polygon","coordinates":[[[80.716084302543166,7.0496319237416314],[80.71606656957222,7.0496544958593388],[80.71603727195675,7.049634219139695],[80.716055005027485,7.0496108819727832],[80.716084302543166,7.0496319237416314]]]},"properties":{"OBJECTID":248,"Shape_Length":14.336598962173619,"Shape_Area":12.691061008867823}},{"type":"Feature","id":249,"geometry":{"type":"Polygon","coordinates":[[[80.715757379557232,7.0497099219177333],[80.715717023227413,7.0497726887780114],[80.715661006303463,7.0497368217884562],[80.715703772421591,7.0496728597423104],[80.715757379557232,7.0497099219177333]]]},"properties":{"OBJECTID":249,"Shape_Length":31.307396355114996,"Shape_Area":60.942619244000205}},{"type":"Feature","id":250,"geometry":{"type":"Polygon","coordinates":[[[80.715895314340216,7.0497284529610615],[80.715841706746048,7.0498061646284658],[80.715800145585803,7.0497786662524957],[80.715854355137978,7.0497009555722316],[80.715895314340216,7.0497284529610615]]]},"properties":{"OBJECTID":250,"Shape_Length":31.86940119428926,"Shape_Area":57.278979637371563}},{"type":"Feature","id":251,"geometry":{"type":"Polygon","coordinates":[[[80.715678192642685,7.0498801868606344],[80.71564291217544,7.049918628306413],[80.715610345898554,7.0498914503082855],[80.715649079908928,7.0498512947338146],[80.715678192642685,7.0498801868606344]]]},"properties":{"OBJECTID":251,"Shape_Length":21.155113132881585,"Shape_Area":27.479823240078147}},{"type":"Feature","id":252,"geometry":{"type":"Polygon","coordinates":[[[80.71553731807073,7.0499007543242458],[80.715513386621765,7.049927688026246],[80.715469964467516,7.0498926745222299],[80.715510672382834,7.0498412559762889],[80.715552367030085,7.0498723517595181],[80.71556174292553,7.0498593742563642],[80.71557753258088,7.0498706377475449],[80.715549900003509,7.0499098135826719],[80.71553731807073,7.0499007543242458]]]},"properties":{"OBJECTID":252,"Shape_Length":34.070742548734167,"Shape_Area":56.161190295522488}},{"type":"Feature","id":253,"geometry":{"type":"Polygon","coordinates":[[[80.716401237337735,7.0498713222755747],[80.716379591305184,7.0499282985586893],[80.716342885879897,7.0499124203965762],[80.716364532339639,7.0498591798396877],[80.716401237337735,7.0498713222755747]]]},"properties":{"OBJECTID":253,"Shape_Length":21.783806053019831,"Shape_Area":28.4154622024029}},{"type":"Feature","id":254,"geometry":{"type":"Polygon","coordinates":[[[80.715404676738331,7.0498691230587598],[80.71532873517441,7.0499536728867227],[80.715273084873516,7.0499039373272971],[80.715341425192577,7.0498287678751064],[80.71536728448396,7.0498519063445606],[80.715377307100908,7.0498427252432556],[80.715404676738331,7.0498691230587598]]]},"properties":{"OBJECTID":254,"Shape_Length":41.579968361750204,"Shape_Area":98.283223188120786}},{"type":"Feature","id":255,"geometry":{"type":"Polygon","coordinates":[[[80.715527890201017,7.0499789229695873],[80.715484522298638,7.0500273433657652],[80.715443563441923,7.0499902810037334],[80.715489341410461,7.0499454474384864],[80.715527890201017,7.0499789229695873]]]},"properties":{"OBJECTID":255,"Shape_Length":26.014533996409995,"Shape_Area":41.848508848213179}},{"type":"Feature","id":256,"geometry":{"type":"Polygon","coordinates":[[[80.715939284725209,7.0500100080341292],[80.715898928697584,7.0501122283553608],[80.715817010662121,7.0500817414105308],[80.715855560246226,7.0499771298535574],[80.715939284725209,7.0500100080341292]]]},"properties":{"OBJECTID":256,"Shape_Length":44.073645108301221,"Shape_Area":119.90258110297488}},{"type":"Feature","id":257,"geometry":{"type":"Polygon","coordinates":[[[80.7064267045142,7.0504645252009004],[80.706423363335389,7.0505374748563439],[80.706367900904141,7.0505325009429285],[80.706368569080936,7.050525537820624],[80.706342508027902,7.0505225532870881],[80.706350538555114,7.0504648592197912],[80.706380931068068,7.0504671779230339],[80.706382276330771,7.0504602176152353],[80.7064267045142,7.0504645252009004]]]},"properties":{"OBJECTID":257,"Shape_Length":33.422138440170535,"Shape_Area":65.418571372320102}},{"type":"Feature","id":258,"geometry":{"type":"Polygon","coordinates":[[[80.706715713896159,7.0505417851694725],[80.706636194172759,7.0505421169252553],[80.706634189986545,7.0504701630234532],[80.706715045060349,7.0504685048377755],[80.706715713896159,7.0505417851694725]]]},"properties":{"OBJECTID":258,"Shape_Length":33.782652734133386,"Shape_Area":71.151173864728264}},{"type":"Feature","id":259,"geometry":{"type":"Polygon","coordinates":[[[80.706876359671114,7.0504467647634215],[80.706863831022972,7.0505426148216452],[80.706758376157595,7.0505332882690706],[80.706765162961105,7.0504327756149578],[80.706876359671114,7.0504467647634215]]]},"properties":{"OBJECTID":259,"Shape_Length":45.906023410490782,"Shape_Area":131.30218515237806}},{"type":"Feature","id":260,"geometry":{"type":"Polygon","coordinates":[[[80.706981668609899,7.0504754680172699],[80.706973650369122,7.0505484169814894],[80.706892126461952,7.0505371434129085],[80.706902149427606,7.0504661833366651],[80.706981668609899,7.0504754680172699]]]},"properties":{"OBJECTID":260,"Shape_Length":33.976456977704956,"Shape_Area":71.912312892273661}},{"type":"Feature","id":261,"geometry":{"type":"Polygon","coordinates":[[[80.706553334514439,7.0504744735498601],[80.706551329126583,7.0505494119942211],[80.70647080769848,7.0505474221962414],[80.706473814445275,7.0504711572728604],[80.706553334514439,7.0504744735498601]]]},"properties":{"OBJECTID":261,"Shape_Length":34.420400895384475,"Shape_Area":73.985887014761985}},{"type":"Feature","id":262,"geometry":{"type":"Polygon","coordinates":[[[80.706201344076959,7.0504773335197877],[80.70618933740424,7.0505503858654954],[80.706135565475819,7.0505420960572023],[80.706142874617598,7.0505022024141146],[80.706155404107363,7.0505037570089071],[80.706160102472793,7.0504711155756663],[80.706201344076959,7.0504773335197877]]]},"properties":{"OBJECTID":262,"Shape_Length":28.330963208376204,"Shape_Area":43.681609823852625}},{"type":"Feature","id":263,"geometry":{"type":"Polygon","coordinates":[[[80.706317762838708,7.0504794056243414],[80.70631202037562,7.050550904397439],[80.706227447022414,7.0505446871822679],[80.706229535341762,7.050538469429025],[80.706238932264668,7.0504778510158355],[80.706272344158819,7.0504825141636962],[80.706274431962115,7.0504737064530545],[80.706317762838708,7.0504794056243414]]]},"properties":{"OBJECTID":263,"Shape_Length":34.364644688802429,"Shape_Area":69.503765826103034}},{"type":"Feature","id":264,"geometry":{"type":"Polygon","coordinates":[[[80.707084910400312,7.0504777893694239],[80.707075555102037,7.0505514019038271],[80.706999042950969,7.0505361483055156],[80.707009400328701,7.0504685043983422],[80.707084910400312,7.0504777893694239]]]},"properties":{"OBJECTID":264,"Shape_Length":32.796635558281622,"Shape_Area":67.060590570742733}},{"type":"Feature","id":265,"geometry":{"type":"Polygon","coordinates":[[[80.706078139419404,7.0504788875694411],[80.706076573617608,7.0505555668829398],[80.706024368707332,7.0505524590208042],[80.706026456452832,7.0505141191088807],[80.706035853450317,7.0505130823729782],[80.706035330966429,7.0504783692732049],[80.706078139419404,7.0504788875694411]]]},"properties":{"OBJECTID":265,"Shape_Length":28.117460848579768,"Shape_Area":43.515020704711212}},{"type":"Feature","id":266,"geometry":{"type":"Polygon","coordinates":[[[80.707465065038718,7.05048763309098],[80.70745490558086,7.0505578678994745],[80.707389040965282,7.0505505657682566],[80.707402003022892,7.0504796359577639],[80.707465065038718,7.05048763309098]]]},"properties":{"OBJECTID":266,"Shape_Length":30.163961004066902,"Shape_Area":56.663896999368745}},{"type":"Feature","id":267,"geometry":{"type":"Polygon","coordinates":[[[80.718476199187748,7.050537121381554],[80.718462876380173,7.050567237931828],[80.718436970908826,7.050557198627299],[80.71844782711868,7.0505265925369596],[80.718476199187748,7.050537121381554]]]},"properties":{"OBJECTID":267,"Shape_Length":13.644971387539117,"Shape_Area":11.58463956423568}},{"type":"Feature","id":268,"geometry":{"type":"Polygon","coordinates":[[[80.707215882688246,7.0505179115463719],[80.707205191142947,7.0505928505148541],[80.707126340612021,7.0505792551035196],[80.70713636420156,7.0505099535352267],[80.707215882688246,7.0505179115463719]]]},"properties":{"OBJECTID":268,"Shape_Length":33.781896321187247,"Shape_Area":71.128212353269902}},{"type":"Feature","id":269,"geometry":{"type":"Polygon","coordinates":[[[80.707321463566188,7.0505504065555105],[80.707321797279377,7.0506256772338496],[80.707240941816124,7.0506236875189696],[80.707241610020404,7.0505494117353047],[80.707321463566188,7.0505504065555105]]]},"properties":{"OBJECTID":269,"Shape_Length":34.294854634142453,"Shape_Area":73.402711745793255}},{"type":"Feature","id":270,"geometry":{"type":"Polygon","coordinates":[[[80.706835640141506,7.0505571212517282],[80.706829897601878,7.0506296563762092],[80.706748979331948,7.0506239570682645],[80.706755765962669,7.0505488321436154],[80.706835640141506,7.0505571212517282]]]},"properties":{"OBJECTID":270,"Shape_Length":34.220144169576265,"Shape_Area":73.046676809969085}},{"type":"Feature","id":271,"geometry":{"type":"Polygon","coordinates":[[[80.706712435127997,7.0505669653205949],[80.706708258506509,7.0506338016864998],[80.706627340521706,7.0506322468314666],[80.70663256087218,7.0505591943637009],[80.706712435127997,7.0505669653205949]]]},"properties":{"OBJECTID":271,"Shape_Length":33.310636013787857,"Shape_Area":68.962752792640558}},{"type":"Feature","id":272,"geometry":{"type":"Polygon","coordinates":[[[80.706967970110895,7.050567649099821],[80.706958280512353,7.0506369516181167],[80.706881434149906,7.0506289930568817],[80.706890121346561,7.0505560441943071],[80.706967970110895,7.050567649099821]]]},"properties":{"OBJECTID":272,"Shape_Length":33.091970951930577,"Shape_Area":68.304406056000047}},{"type":"Feature","id":273,"geometry":{"type":"Polygon","coordinates":[[[80.706549163220259,7.050565994087246],[80.706548656637764,7.0506422566722851],[80.706472291547584,7.0506362885123615],[80.706473302224197,7.05056680384115],[80.706549163220259,7.050565994087246]]]},"properties":{"OBJECTID":273,"Shape_Length":32.961039811076219,"Shape_Area":67.782931097005331}},{"type":"Feature","id":274,"geometry":{"type":"Polygon","coordinates":[[[80.70618933754541,7.0506395006452456],[80.706112595434291,7.0506426089756271],[80.706107864309359,7.0505684228132877],[80.706190250865291,7.0505676131964581],[80.70618933754541,7.0506395006452456]]]},"properties":{"OBJECTID":274,"Shape_Length":33.757107805799365,"Shape_Area":71.035799765419299}},{"type":"Feature","id":275,"geometry":{"type":"Polygon","coordinates":[[[80.706308762476866,7.0505756079748556],[80.706308281629433,7.0506490210677386],[80.706229163259792,7.0506468994088305],[80.706228908980549,7.0505742810981022],[80.706308762476866,7.0505756079748556]]]},"properties":{"OBJECTID":275,"Shape_Length":33.715030568011194,"Shape_Area":70.902058219904404}},{"type":"Feature","id":276,"geometry":{"type":"Polygon","coordinates":[[[80.707089357794871,7.0505861350624244],[80.707079961016291,7.0506586705516803],[80.707001653478684,7.0506519353307562],[80.707010006213224,7.0505757733862078],[80.707089357794871,7.0505861350624244]]]},"properties":{"OBJECTID":276,"Shape_Length":34.084089926305431,"Shape_Area":72.524683596724017}},{"type":"Feature","id":277,"geometry":{"type":"Polygon","coordinates":[[[80.706421025229616,7.0505855551055614],[80.706419019919494,7.0506598306861967],[80.706341171518005,7.0506578412666379],[80.70634284181817,7.0505842284987672],[80.706421025229616,7.0505855551055614]]]},"properties":{"OBJECTID":277,"Shape_Length":33.600121419652332,"Shape_Area":70.510554788596664}},{"type":"Feature","id":278,"geometry":{"type":"Polygon","coordinates":[[[80.73145698002044,7.0506360708765836],[80.731460629529153,7.0506667157502037],[80.731424698729171,7.050665879410853],[80.73141740074702,7.0506594725393654],[80.731415435451453,7.0506419214045737],[80.73145698002044,7.0506360708765836]]]},"properties":{"OBJECTID":278,"Shape_Length":15.044259638191196,"Shape_Area":13.823028596898768}},{"type":"Feature","id":279,"geometry":{"type":"Polygon","coordinates":[[[80.706081794172107,7.050655561354116],[80.706004529802968,7.0506643694829947],[80.705987302802797,7.0505939072103185],[80.706071875279406,7.0505819902478617],[80.706081794172107,7.050655561354116]]]},"properties":{"OBJECTID":279,"Shape_Length":34.256381128145023,"Shape_Area":72.908094777541251}},{"type":"Feature","id":280,"geometry":{"type":"Polygon","coordinates":[[[80.707488854397766,7.050580051231722],[80.707487144089257,7.0506683328871889],[80.707390490960449,7.0506674839180752],[80.707389636363047,7.0505825975851959],[80.707488854397766,7.050580051231722]]]},"properties":{"OBJECTID":280,"Shape_Length":40.793946169381151,"Shape_Area":103.58507370690187}},{"type":"Feature","id":281,"geometry":{"type":"Polygon","coordinates":[[[80.707212541545402,7.0506279986975819],[80.707203854970729,7.050691000105501],[80.707137963011434,7.0506787775588355],[80.707132354569069,7.0506777367643538],[80.707140373628917,7.0506173876135438],[80.707212541545402,7.0506279986975819]]]},"properties":{"OBJECTID":281,"Shape_Length":29.85695700562033,"Shape_Area":55.340999315969206}},{"type":"Feature","id":282,"geometry":{"type":"Polygon","coordinates":[[[80.707693840205494,7.0506319267271467],[80.707675009530092,7.0507108100327258],[80.70759891888477,7.0506912520567298],[80.707593991983842,7.050690687037795],[80.707603100887567,7.0506545266472802],[80.70758768616345,7.050649311000023],[80.707599597728276,7.0506058495864572],[80.707693840205494,7.0506319267271467]]]},"properties":{"OBJECTID":282,"Shape_Length":39.902631617549744,"Shape_Area":91.743787125285095}},{"type":"Feature","id":283,"geometry":{"type":"Polygon","coordinates":[[[80.707786134128085,7.0506803862540464],[80.707773543256266,7.0507205893268035],[80.707685409847613,7.0506950547863774],[80.707707853991749,7.0506227997343869],[80.707782302204095,7.050645074012265],[80.707772449183295,7.0506754973248489],[80.707786134128085,7.0506803862540464]]]},"properties":{"OBJECTID":283,"Shape_Length":36.888656465538496,"Shape_Area":78.748453228936725}},{"type":"Feature","id":284,"geometry":{"type":"Polygon","coordinates":[[[80.718912156083846,7.0506996237216608],[80.718896682512408,7.0507373896182157],[80.718878997649725,7.050730337399127],[80.718895734760693,7.050693512146359],[80.718912156083846,7.0506996237216608]]]},"properties":{"OBJECTID":284,"Shape_Length":13.024298930470895,"Shape_Area":9.0645517203548582}},{"type":"Feature","id":285,"geometry":{"type":"Polygon","coordinates":[[[80.707341509893979,7.0506612613158479],[80.707331068846685,7.0507379402253134],[80.707252761155956,7.0507260242278038],[80.707262157619326,7.0506493442610374],[80.707341509893979,7.0506612613158479]]]},"properties":{"OBJECTID":285,"Shape_Length":34.715457176071155,"Shape_Area":75.286688676968666}},{"type":"Feature","id":286,"geometry":{"type":"Polygon","coordinates":[[[80.708044500444757,7.050725525065225],[80.708024292626732,7.0507947609546635],[80.707936247374391,7.0507727958042299],[80.70795308648411,7.0507006954599136],[80.708044500444757,7.050725525065225]]]},"properties":{"OBJECTID":286,"Shape_Length":36.652803913699778,"Shape_Area":82.757969951405002}},{"type":"Feature","id":287,"geometry":{"type":"Polygon","coordinates":[[[80.707668987808063,7.0507254780334048],[80.707649827866732,7.0507966474852211],[80.707572096006729,7.0507776327560512],[80.707580854338929,7.0507493823545557],[80.707564979643507,7.0507450365893831],[80.707574832876475,7.0507010313798686],[80.707668987808063,7.0507254780334048]]]},"properties":{"OBJECTID":287,"Shape_Length":37.812928367264362,"Shape_Area":81.381936584313834}},{"type":"Feature","id":288,"geometry":{"type":"Polygon","coordinates":[[[80.707763142662159,7.0507689405962539],[80.70775821603074,7.0508156621915079],[80.70766679811635,7.0508053395450885],[80.707674462196181,7.0507271084148515],[80.707751646624402,7.0507385168559971],[80.707746173181192,7.0507673103330095],[80.707763142662159,7.0507689405962539]]]},"properties":{"OBJECTID":288,"Shape_Length":37.794727553276793,"Shape_Area":81.236635789410002}},{"type":"Feature","id":289,"geometry":{"type":"Polygon","coordinates":[[[80.706829803244531,7.0508189212742263],[80.706750428853695,7.0508216377483368],[80.706748239047641,7.0507499252719965],[80.706828160988977,7.050747752372863],[80.706829803244531,7.0508189212742263]]]},"properties":{"OBJECTID":289,"Shape_Length":33.412137021526902,"Shape_Area":69.569085760775891}},{"type":"Feature","id":290,"geometry":{"type":"Polygon","coordinates":[[[80.706507696853109,7.0508268663674034],[80.706497523316514,7.0508270701226161],[80.706498379079136,7.0507523702462755],[80.706579635464692,7.050748974956262],[80.706582202009329,7.0508253727435566],[80.706507696853109,7.0508268663674034]]]},"properties":{"OBJECTID":290,"Shape_Length":35.054941914608605,"Shape_Area":76.599312870627003}},{"type":"Feature","id":291,"geometry":{"type":"Polygon","coordinates":[[[80.706720320617706,7.0508248978282664],[80.706625070641039,7.0508292432932684],[80.706618501512949,7.0507575319701612],[80.706714846589563,7.05074829613645],[80.706720320617706,7.0508248978282664]]]},"properties":{"OBJECTID":291,"Shape_Length":37.681274936192025,"Shape_Area":87.283810215096665}},{"type":"Feature","id":292,"geometry":{"type":"Polygon","coordinates":[[[80.706203432737325,7.0508291275930759],[80.706153315537293,7.0508296454564716],[80.706148095316181,7.0507633276628612],[80.706196646238652,7.0507586650904077],[80.706203432737325,7.0508291275930759]]]},"properties":{"OBJECTID":292,"Shape_Length":26.109133523298848,"Shape_Area":41.407110165398386}},{"type":"Feature","id":293,"geometry":{"type":"Polygon","coordinates":[[[80.708183545227016,7.0507608589042272],[80.708152753657487,7.0508315274946121],[80.70806759445081,7.0507952384470709],[80.708097423736774,7.0507250471995357],[80.708183545227016,7.0507608589042272]]]},"properties":{"OBJECTID":293,"Shape_Length":37.488531319357804,"Shape_Area":87.032698964820412}},{"type":"Feature","id":294,"geometry":{"type":"Polygon","coordinates":[[[80.706328203837074,7.0508312000481155],[80.706249895782875,7.05083378999326],[80.706245197050777,7.0507607369438006],[80.706324549174312,7.0507555562947628],[80.706328203837074,7.0508312000481155]]]},"properties":{"OBJECTID":294,"Shape_Length":33.910105258695936,"Shape_Area":71.79628741623965}},{"type":"Feature","id":295,"geometry":{"type":"Polygon","coordinates":[[[80.70645642351613,7.050828722475738],[80.7063775963381,7.0508342848465988],[80.706370589031508,7.050769266287074],[80.706453270839191,7.0507616173370646],[80.70645642351613,7.050828722475738]]]},"properties":{"OBJECTID":295,"Shape_Length":32.563286041931917,"Shape_Area":65.581018756959082}},{"type":"Feature","id":296,"geometry":{"type":"Polygon","coordinates":[[[80.706952970931042,7.050835220000983],[80.706875238889452,7.0508357627684042],[80.706875786284556,7.0507586184824733],[80.706953518975581,7.0507597043855812],[80.706952970931042,7.050835220000983]]]},"properties":{"OBJECTID":296,"Shape_Length":34.057456465403092,"Shape_Area":72.484519214442571}},{"type":"Feature","id":297,"geometry":{"type":"Polygon","coordinates":[[[80.716128304990235,7.0508202976418302],[80.716110422396454,7.0508445825125472],[80.716086893859753,7.0508287042248599],[80.716104775669933,7.050803485197771],[80.716128304990235,7.0508202976418302]]]},"properties":{"OBJECTID":297,"Shape_Length":13.083895183587899,"Shape_Area":10.68527051181866}},{"type":"Feature","id":298,"geometry":{"type":"Polygon","coordinates":[[[80.70707394936737,7.0507879549993229],[80.707070665336886,7.0508607536472558],[80.706989100849711,7.0508602097821669],[80.706991837248836,7.0507874119577822],[80.70707394936737,7.0507879549993229]]]},"properties":{"OBJECTID":298,"Shape_Length":34.196327972443797,"Shape_Area":72.80047045324514}},{"type":"Feature","id":299,"geometry":{"type":"Polygon","coordinates":[[[80.707647091525544,7.0508145751196283],[80.707634500590828,7.0508857437299097],[80.707557862960556,7.0508737918568789],[80.707562789174247,7.0508422817404206],[80.707549103905791,7.0508395658727094],[80.70755622033117,7.0507982768210526],[80.707647091525544,7.0508145751196283]]]},"properties":{"OBJECTID":299,"Shape_Length":36.461181304214939,"Shape_Area":76.96635337019876}},{"type":"Feature","id":300,"geometry":{"type":"Polygon","coordinates":[[[80.731271002424037,7.0508268877856635],[80.7312442751779,7.0508962624333229],[80.731210693616319,7.0508833392311061],[80.731242904286304,7.050816686200343],[80.731271002424037,7.0508268877856635]]]},"properties":{"OBJECTID":300,"Shape_Length":23.683004733606353,"Shape_Area":29.786439682925412}},{"type":"Feature","id":301,"geometry":{"type":"Polygon","coordinates":[[[80.707303556460232,7.0508283739446753],[80.707302856094714,7.0508937413194746],[80.70722297766855,7.0508892205691751],[80.707222276800479,7.050823854795417],[80.707303556460232,7.0508283739446753]]]},"properties":{"OBJECTID":301,"Shape_Length":32.289124926519307,"Shape_Area":64.345055424376767}},{"type":"Feature","id":302,"geometry":{"type":"Polygon","coordinates":[[[80.707194949686283,7.050818639177348],[80.707197052055278,7.0508944364282016],[80.707119625394554,7.0508926976956934],[80.707118224643011,7.0508224638923735],[80.707194949686283,7.050818639177348]]]},"properties":{"OBJECTID":302,"Shape_Length":33.195356988974453,"Shape_Area":68.77204869882388}},{"type":"Feature","id":303,"geometry":{"type":"Polygon","coordinates":[[[80.712796598558967,7.0508732514074381],[80.712787756056414,7.0508970707556644],[80.712766282341505,7.0508884524204856],[80.712776860948466,7.0508651026487836],[80.712796598558967,7.0508732514074381]]]},"properties":{"OBJECTID":303,"Shape_Length":10.559353583778012,"Shape_Area":6.931300172180757}},{"type":"Feature","id":304,"geometry":{"type":"Polygon","coordinates":[[[80.708022849564756,7.0508329598979707],[80.707993019706223,7.0509007628452096],[80.70791748349896,7.0508716355446577],[80.707930473735843,7.0508425094768468],[80.707915077392116,7.0508353468536376],[80.707935285190388,7.0507971479520091],[80.708022849564756,7.0508329598979707]]]},"properties":{"OBJECTID":304,"Shape_Length":37.767452200586227,"Shape_Area":82.057435875471313}},{"type":"Feature","id":305,"geometry":{"type":"Polygon","coordinates":[[[80.706710535324817,7.0509103468634597],[80.706631403150681,7.0509154661172975],[80.70662495127182,7.0508405453995042],[80.706688628652174,7.0508378112281553],[80.706705869140919,7.0508370668400939],[80.706710535324817,7.0509103468634597]]]},"properties":{"OBJECTID":305,"Shape_Length":34.142991592011875,"Shape_Area":72.731202879393038}},{"type":"Feature","id":306,"geometry":{"type":"Polygon","coordinates":[[[80.70774962889071,7.0508739277285954],[80.707742546343027,7.0509188494200803],[80.707652018089107,7.0509032646947203],[80.707660639603546,7.0508329790145421],[80.707739774898187,7.0508433685826146],[80.707734540615263,7.0508708716375628],[80.70774962889071,7.0508739277285954]]]},"properties":{"OBJECTID":306,"Shape_Length":36.621536310421291,"Shape_Area":77.388222888790736}},{"type":"Feature","id":307,"geometry":{"type":"Polygon","coordinates":[[[80.713015000619023,7.0509082075790221],[80.713004977900241,7.0509242758895754],[80.712991871585345,7.0509173886558827],[80.713002665532244,7.0509013204504276],[80.713015000619023,7.0509082075790221]]]},"properties":{"OBJECTID":307,"Shape_Length":7.4305358017830372,"Shape_Area":3.3727012399553677}},{"type":"Feature","id":308,"geometry":{"type":"Polygon","coordinates":[[[80.706956256255992,7.0508509745550549],[80.706955665031288,7.0509246860560513],[80.706878588522187,7.0509239909147636],[80.706876333716636,7.0508509744077923],[80.706956256255992,7.0508509745550549]]]},"properties":{"OBJECTID":308,"Shape_Length":33.573966448356515,"Shape_Area":70.350253392543365}},{"type":"Feature","id":309,"geometry":{"type":"Polygon","coordinates":[[[80.713155320866178,7.0509131804613743],[80.713144527184113,7.0509273360447944],[80.713130648681883,7.0509208321396937],[80.71314491234817,7.0509039984469535],[80.713155320866178,7.0509131804613743]]]},"properties":{"OBJECTID":309,"Shape_Length":7.634151409742751,"Shape_Area":3.4989877756340411}},{"type":"Feature","id":310,"geometry":{"type":"Polygon","coordinates":[[[80.706338123074204,7.0509208317760743],[80.706258885602296,7.0509278735238077],[80.70625198346238,7.0508498518389464],[80.706330813817956,7.0508472610676014],[80.706338123074204,7.0509208317760743]]]},"properties":{"OBJECTID":310,"Shape_Length":34.338376572390942,"Shape_Area":73.599074451987548}},{"type":"Feature","id":311,"geometry":{"type":"Polygon","coordinates":[[[80.706586478387067,7.0509204457875425],[80.706504366573753,7.0509297832016058],[80.706500089997348,7.0508542343095488],[80.70658134600464,7.0508474433179718],[80.706586478387067,7.0509204457875425]]]},"properties":{"OBJECTID":311,"Shape_Length":34.59789134757937,"Shape_Area":74.580928690337828}},{"type":"Feature","id":312,"geometry":{"type":"Polygon","coordinates":[[[80.706844788382327,7.0509306316848352],[80.706762676825846,7.0509382717458138],[80.706758771483166,7.0508617534859166],[80.706837090885145,7.0508559323410473],[80.706844788382327,7.0509306316848352]]]},"properties":{"OBJECTID":312,"Shape_Length":34.562931557141432,"Shape_Area":74.56843428314977}},{"type":"Feature","id":313,"geometry":{"type":"Polygon","coordinates":[[[80.706452452335029,7.0509317124628588],[80.706374144312534,7.0509400014193542],[80.706364747588637,7.0508669485703601],[80.706445143216428,7.0508571045072195],[80.706452452335029,7.0509317124628588]]]},"properties":{"OBJECTID":313,"Shape_Length":34.081708585244847,"Shape_Area":72.494920617459158}},{"type":"Feature","id":314,"geometry":{"type":"Polygon","coordinates":[[[80.706214917845173,7.0509374110477747],[80.70613504367067,7.0509467369773713],[80.706124080446244,7.0508773110938554],[80.706203432701102,7.0508653942261246],[80.706214917845173,7.0509374110477747]]]},"properties":{"OBJECTID":314,"Shape_Length":33.58506824129163,"Shape_Area":70.238113972603003}},{"type":"Feature","id":315,"geometry":{"type":"Polygon","coordinates":[[[80.707075481937167,7.0509455474235239],[80.706995968304398,7.0509470638929734],[80.706994552409085,7.0508753135517344],[80.707074431658725,7.0508742700933],[80.707075481937167,7.0509455474235239]]]},"properties":{"OBJECTID":315,"Shape_Length":33.429533573877592,"Shape_Area":69.64447220259504}},{"type":"Feature","id":316,"geometry":{"type":"Polygon","coordinates":[[[80.730831025104521,7.0509187071063772],[80.730820060606064,7.0509540737926288],[80.730772087920585,7.0509350305565777],[80.730767975513857,7.0509452326354367],[80.730709038177011,7.050926188319468],[80.730755639606031,7.0507779177858003],[80.730820060409883,7.0507990018623445],[80.730783738495091,7.0509003430791166],[80.730831025104521,7.0509187071063772]]]},"properties":{"OBJECTID":316,"Shape_Length":60.038152554887752,"Shape_Area":145.95350393801994}},{"type":"Feature","id":317,"geometry":{"type":"Polygon","coordinates":[[[80.713088630393429,7.0509204493393192],[80.71307166896608,7.050952586382075],[80.713035817566436,7.0509338395907832],[80.713045454826627,7.0509166236518412],[80.713060489212054,7.0509235102415291],[80.713069741085789,7.0509112679807089],[80.713088630393429,7.0509204493393192]]]},"properties":{"OBJECTID":317,"Shape_Length":16.513127393257196,"Shape_Area":14.211658847434267}},{"type":"Feature","id":318,"geometry":{"type":"Polygon","coordinates":[[[80.713193870290382,7.0509479954731527],[80.713181919329188,7.050958707270115],[80.713161102810147,7.050936517991035],[80.71317228238749,7.0509269536654022],[80.713193870290382,7.0509479954731527]]]},"properties":{"OBJECTID":318,"Shape_Length":10.094604825204945,"Shape_Area":5.679801374076904}},{"type":"Feature","id":319,"geometry":{"type":"Polygon","coordinates":[[[80.707644685752001,7.0508926451517411],[80.707634158444407,7.0509652998548118],[80.707543629914241,7.0509515481541456],[80.707529696666228,7.0509485112175483],[80.707543167749108,7.0508754554357198],[80.707644685752001,7.0508926451517411]]]},"properties":{"OBJECTID":319,"Shape_Length":39.398830242783752,"Shape_Area":94.66203701552709}},{"type":"Feature","id":320,"geometry":{"type":"Polygon","coordinates":[[[80.708114513495204,7.0509249620178389],[80.708096962010956,7.0509662160908739],[80.708011052342229,7.0509301566190796],[80.708038457587165,7.0508595653134405],[80.708111126652511,7.0508913463382878],[80.708100656731787,7.0509188495353641],[80.708114513495204,7.0509249620178389]]]},"properties":{"OBJECTID":320,"Shape_Length":37.314604646673914,"Shape_Area":80.79939865657947}},{"type":"Feature","id":321,"geometry":{"type":"Polygon","coordinates":[[[80.731847955398408,7.0509659075590241],[80.731821395543349,7.050970700602007],[80.731816221109469,7.0509363171475199],[80.731842123638074,7.050933103880225],[80.731847955398408,7.0509659075590241]]]},"properties":{"OBJECTID":321,"Shape_Length":13.394262470632555,"Shape_Area":11.034049035514528}},{"type":"Feature","id":322,"geometry":{"type":"Polygon","coordinates":[[[80.730921214317021,7.0509754580608037],[80.73089226584969,7.050978069610192],[80.730887879911592,7.0509436817012219],[80.73091902076473,7.0509410694616825],[80.730921214317021,7.0509754580608037]]]},"properties":{"OBJECTID":322,"Shape_Length":14.307204279445406,"Shape_Area":12.726568386711753}},{"type":"Feature","id":323,"geometry":{"type":"Polygon","coordinates":[[[80.731250940813752,7.0507494556820491],[80.731155868329822,7.0509785591833802],[80.731069517888898,7.0509418319893857],[80.731121601919085,7.0508221265487743],[80.731151071031022,7.0508364103522547],[80.731170945773258,7.0507874400080635],[80.731158060846766,7.0507817542337996],[80.731195359905996,7.0507029314288827],[80.731248975375919,7.0507241039256678],[80.731239712251423,7.0507452766592067],[80.731250940813752,7.0507494556820491]]]},"properties":{"OBJECTID":323,"Shape_Length":83.13399163252501,"Shape_Area":258.05418569874018}},{"type":"Feature","id":324,"geometry":{"type":"Polygon","coordinates":[[[80.712722781496282,7.050939900182966],[80.712708224625089,7.0509825040790268],[80.71265764817673,7.0509587534833438],[80.712676151543164,7.050917373665806],[80.712722781496282,7.050939900182966]]]},"properties":{"OBJECTID":324,"Shape_Length":21.885588779651016,"Shape_Area":29.605082093025509}},{"type":"Feature","id":325,"geometry":{"type":"Polygon","coordinates":[[[80.707200401917135,7.0509145371262401],[80.707193285785479,7.0509840760564719],[80.707114457994393,7.0509753838400258],[80.707123216730523,7.0509020425119973],[80.707200401917135,7.0509145371262401]]]},"properties":{"OBJECTID":325,"Shape_Length":33.296790368856314,"Shape_Area":69.105751252089092}},{"type":"Feature","id":326,"geometry":{"type":"Polygon","coordinates":[[[80.707494841495588,7.0508177331321003],[80.707469181970311,7.0509883545214178],[80.707362265075176,7.0509730747850838],[80.707384503645059,7.0508347107030129],[80.707418717643435,7.0508389542858207],[80.707423849456276,7.0508066981417006],[80.707494841495588,7.0508177331321003]]]},"properties":{"OBJECTID":326,"Shape_Length":61.864870582314587,"Shape_Area":212.69125727459701}},{"type":"Feature","id":327,"geometry":{"type":"Polygon","coordinates":[[[80.707321927882077,7.0509900527470304],[80.707239815646673,7.0509900523374887],[80.707239815839472,7.0509156245311058],[80.707321380014747,7.0509183405161968],[80.707321927882077,7.0509900527470304]]]},"properties":{"OBJECTID":327,"Shape_Length":34.247399666717577,"Shape_Area":73.047550806885695}},{"type":"Feature","id":328,"geometry":{"type":"Polygon","coordinates":[[[80.707963190463431,7.0509704757028793],[80.707953086828184,7.0510000796730861],[80.707876587758761,7.0509690432164636],[80.707885247811589,7.050944213817175],[80.707874663211086,7.0509389618117844],[80.707894870401233,7.0508926448795588],[80.708001680035707,7.0509356191140897],[80.707983397310144,7.0509757282132171],[80.707963190463431,7.0509704757028793]]]},"properties":{"OBJECTID":328,"Shape_Length":42.281140700281696,"Shape_Area":97.076580383192265}},{"type":"Feature","id":329,"geometry":{"type":"Polygon","coordinates":[[[80.731229198023044,7.0509261883721202],[80.731196302333316,7.0510091651245856],[80.731161351201237,7.0509962426903519],[80.73119150498772,7.0509139457192838],[80.731229198023044,7.0509261883721202]]]},"properties":{"OBJECTID":329,"Shape_Length":28.055813993920918,"Shape_Area":41.513228849684516}},{"type":"Feature","id":330,"geometry":{"type":"Polygon","coordinates":[[[80.707737542817398,7.0509652228423398],[80.707732250269828,7.0510072419469418],[80.70764083631876,7.0509943501379251],[80.707650459393449,7.0509212946901432],[80.707727438647666,7.0509308438343723],[80.707720702813774,7.050963313163944],[80.707737542817398,7.0509652228423398]]]},"properties":{"OBJECTID":330,"Shape_Length":37.138820166718702,"Shape_Area":77.477448575023885}},{"type":"Feature","id":331,"geometry":{"type":"Polygon","coordinates":[[[80.713033397126168,7.0509932771555688],[80.713011685287299,7.0510182522823959],[80.712968017008322,7.0509832385147906],[80.71299466240545,7.0509565494798832],[80.713033397126168,7.0509932771555688]]]},"properties":{"OBJECTID":331,"Shape_Length":19.911711456461028,"Shape_Area":23.597176375729482}},{"type":"Feature","id":332,"geometry":{"type":"Polygon","coordinates":[[[80.731006742044556,7.0509924340589052],[80.73099840862433,7.051022033284668],[80.730964635864652,7.0510111510850821],[80.730975583855823,7.0509778751700578],[80.730996954083636,7.0509837878546104],[80.730995338707572,7.050988951335718],[80.731006742044556,7.0509924340589052]]]},"properties":{"OBJECTID":332,"Shape_Length":15.558950559060936,"Shape_Area":14.347543938830079}},{"type":"Feature","id":333,"geometry":{"type":"Polygon","coordinates":[[[80.712625821545359,7.050997684403101],[80.712622614161532,7.0510260875853339],[80.712582153321762,7.0510219249168049],[80.712584127058435,7.0509925430975633],[80.712625821545359,7.050997684403101]]]},"properties":{"OBJECTID":333,"Shape_Length":15.551706004508507,"Shape_Area":14.645888097508257}},{"type":"Feature","id":334,"geometry":{"type":"Polygon","coordinates":[[[80.713060782139706,7.0510126205495078],[80.713039564677871,7.0510432269124932],[80.713019827713183,7.0510302500278694],[80.713038330722682,7.0509979296206797],[80.713060782139706,7.0510126205495078]]]},"properties":{"OBJECTID":334,"Shape_Length":13.809362306436366,"Shape_Area":11.464190299259679}},{"type":"Feature","id":335,"geometry":{"type":"Polygon","coordinates":[[[80.731082182199032,7.0509728457981726],[80.731062305041092,7.051046427069557],[80.731007005195963,7.0510322194212902],[80.731020339227015,7.0509902577923542],[80.730996954083636,7.0509837878546104],[80.730975583855823,7.0509778751700578],[80.730947968840866,7.0509702337297897],[80.730959811178337,7.0509275756345211],[80.731018584886826,7.0509445517346565],[80.731016829680271,7.0509541282592618],[80.731082182199032,7.0509728457981726]]]},"properties":{"OBJECTID":335,"Shape_Length":48.141226395510387,"Shape_Area":90.97204397652412}},{"type":"Feature","id":336,"geometry":{"type":"Polygon","coordinates":[[[80.708070962270938,7.0510201338522762],[80.70805412271261,7.0510583332528967],[80.708025255221628,7.0510449632525036],[80.708020443671458,7.0510540355359765],[80.707956454272619,7.051023954073468],[80.707977464677441,7.0509755329154737],[80.707985802622375,7.0509805024429122],[80.707999274556528,7.0509566287033554],[80.708023812139757,7.0509661782457265],[80.708031028803731,7.0509508981946762],[80.708064225916544,7.0509637904464899],[80.708057972172838,7.0509805030735055],[80.708069519070946,7.0509852777375706],[80.708057490368191,7.0510129715155916],[80.708070962270938,7.0510201338522762]]]},"properties":{"OBJECTID":336,"Shape_Length":44.107844091330264,"Shape_Area":97.11159671770686}},{"type":"Feature","id":337,"geometry":{"type":"Polygon","coordinates":[[[80.707632176533153,7.0509805029002051],[80.707615817764278,7.0510788645990816],[80.707580695841486,7.0510745675420594],[80.707583582564439,7.0510497382012511],[80.707514300679833,7.0510368460143988],[80.707530177993277,7.0509623581541909],[80.707632176533153,7.0509805029002051]]]},"properties":{"OBJECTID":337,"Shape_Length":45.351580332495999,"Shape_Area":108.9725633902581}},{"type":"Feature","id":338,"geometry":{"type":"Polygon","coordinates":[[[80.712973287075783,7.0510761837936311],[80.712969970791335,7.0510868397872777],[80.71295560224408,7.0510827647996841],[80.712959234220847,7.0510670944239937],[80.712969339523227,7.0510694452079079],[80.712973760404381,7.0510569092941751],[80.712990971834344,7.0510634905237337],[80.712985286657698,7.0510807277979488],[80.712973287075783,7.0510761837936311]]]},"properties":{"OBJECTID":338,"Shape_Length":12.739229336611162,"Shape_Area":6.8745206069192921}},{"type":"Feature","id":339,"geometry":{"type":"Polygon","coordinates":[[[80.707951624362565,7.0510224449680043],[80.707920215721714,7.0510908978804343],[80.707841080905226,7.0510585045591547],[80.70785308967956,7.0510310015943398],[80.707839849355594,7.0510248900990486],[80.707857400864881,7.0509836351316979],[80.707951624362565,7.0510224449680043]]]},"properties":{"OBJECTID":339,"Shape_Length":38.920125828191331,"Shape_Area":87.501970354788853}},{"type":"Feature","id":340,"geometry":{"type":"Polygon","coordinates":[[[80.707725033653318,7.0510712247618486],[80.707722146656025,7.0510979640160336],[80.707627845731281,7.0510869825961384],[80.707640836307291,7.051000557353527],[80.707766891449126,7.0510182245198969],[80.707759193563689,7.0510740901364386],[80.707725033653318,7.0510712247618486]]]},"properties":{"OBJECTID":340,"Shape_Length":47.21144847311956,"Shape_Area":122.76646548788285}},{"type":"Feature","id":341,"geometry":{"type":"Polygon","coordinates":[[[80.706596605724471,7.0510291685270019],[80.706594415349429,7.051106312565449],[80.7065123040814,7.0511057694392383],[80.706512851292672,7.0510302547300947],[80.706596605724471,7.0510291685270019]]]},"properties":{"OBJECTID":341,"Shape_Length":35.209492555123191,"Shape_Area":77.326802668838866}},{"type":"Feature","id":342,"geometry":{"type":"Polygon","coordinates":[[[80.706838341272004,7.0510356279805482],[80.706838341230025,7.051108616117113],[80.706757173161719,7.0511081717448834],[80.706755827993618,7.0510358507917781],[80.706838341272004,7.0510356279805482]]]},"properties":{"OBJECTID":342,"Shape_Length":34.152367424939683,"Shape_Area":72.637986089415222}},{"type":"Feature","id":343,"geometry":{"type":"Polygon","coordinates":[[[80.706480553716091,7.0511095727505797],[80.706397347077399,7.0511095729330924],[80.706391873017708,7.0510335147319472],[80.706476722078349,7.051030798235387],[80.706480553716091,7.0511095727505797]]]},"properties":{"OBJECTID":343,"Shape_Length":35.724003244017453,"Shape_Area":79.545385444070263}},{"type":"Feature","id":344,"geometry":{"type":"Polygon","coordinates":[[[80.712679000861371,7.0510977043561445],[80.712672412727528,7.0511117149082025],[80.7126453019888,7.0510990580321158],[80.712650775882338,7.051084631343393],[80.712679000861371,7.0510977043561445]]]},"properties":{"OBJECTID":344,"Shape_Length":10.160638489800121,"Shape_Area":5.7536900091939804}},{"type":"Feature","id":345,"geometry":{"type":"Polygon","coordinates":[[[80.713079763609016,7.0510696555428751],[80.713060488844135,7.0511125038787288],[80.713013073588527,7.0510933747988327],[80.71303427552192,7.0510505267267183],[80.713079763609016,7.0510696555428751]]]},"properties":{"OBJECTID":345,"Shape_Length":21.581548181157068,"Shape_Area":29.044193266418468}},{"type":"Feature","id":346,"geometry":{"type":"Polygon","coordinates":[[[80.706716729851124,7.0510356007885182],[80.706711656594237,7.0511117315646752],[80.706629367653235,7.05110683596632],[80.706632296351117,7.0510317755789327],[80.706716729851124,7.0510356007885182]]]},"properties":{"OBJECTID":346,"Shape_Length":35.187853767088789,"Shape_Area":77.196637971350484}},{"type":"Feature","id":347,"geometry":{"type":"Polygon","coordinates":[[[80.706960087576718,7.0510416634272834],[80.706960087258039,7.0511166347259211],[80.706875786220863,7.0511106591197841],[80.706880712392646,7.0510373172259211],[80.706960087576718,7.0510416634272834]]]},"properties":{"OBJECTID":347,"Shape_Length":34.537261211501473,"Shape_Area":74.293601271189146}},{"type":"Feature","id":348,"geometry":{"type":"Polygon","coordinates":[[[80.71341283026176,7.0510681253213381],[80.713389700704042,7.0511213031375171],[80.713326988319537,7.0510968492262434],[80.71337697967958,7.0509763063093267],[80.713438273395411,7.0510023217739528],[80.713429406858481,7.0510233630763741],[80.713450609163644,7.0510310146321542],[80.713430948457983,7.0510765415117671],[80.71341283026176,7.0510681253213381]]]},"properties":{"OBJECTID":348,"Shape_Length":48.339578211679267,"Shape_Area":119.2646322653831}},{"type":"Feature","id":349,"geometry":{"type":"Polygon","coordinates":[[[80.706361480501258,7.0511152222290674],[80.706281251975838,7.0511211334381985],[80.706273894023383,7.0510463789743971],[80.706354473213366,7.0510380343084442],[80.706361480501258,7.0511152222290674]]]},"properties":{"OBJECTID":349,"Shape_Length":34.713547384812856,"Shape_Area":75.246784858553781}},{"type":"Feature","id":350,"geometry":{"type":"Polygon","coordinates":[[[80.707085992708542,7.0510514424184745],[80.707082708515969,7.0511253271474805],[80.70699676429949,7.0511209808939164],[80.707001690938142,7.0510443798488467],[80.707085992708542,7.0510514424184745]]]},"properties":{"OBJECTID":350,"Shape_Length":35.518842087776008,"Shape_Area":78.529827563445153}},{"type":"Feature","id":351,"geometry":{"type":"Polygon","coordinates":[[[80.706246917924091,7.0511326076460286],[80.706170893459188,7.0511423429104472],[80.706163185908238,7.0510689792283525],[80.706242713803221,7.0510630688383653],[80.706246917924091,7.0511326076460286]]]},"properties":{"OBJECTID":351,"Shape_Length":33.138224315199615,"Shape_Area":68.457271259250902}},{"type":"Feature","id":352,"geometry":{"type":"Polygon","coordinates":[[[80.712483091829469,7.0510638923550806],[80.712453577649427,7.051144592971478],[80.712415027838688,7.0511326371662637],[80.712425870203177,7.0511003573314337],[80.712458998108985,7.0510579151500377],[80.712483091829469,7.0510638923550806]]]},"properties":{"OBJECTID":352,"Shape_Length":26.419383402976052,"Shape_Area":37.480608389569724}},{"type":"Feature","id":353,"geometry":{"type":"Polygon","coordinates":[[[80.708038149407955,7.0511028159578393],[80.708019674429266,7.0511452925255709],[80.707934380492674,7.05110770483825],[80.707964556388717,7.0510383356733728],[80.708035686050138,7.0510679786842827],[80.708024293455722,7.051097314789903],[80.708038149407955,7.0511028159578393]]]},"properties":{"OBJECTID":353,"Shape_Length":37.425022966851024,"Shape_Area":81.262682621891898}},{"type":"Feature","id":354,"geometry":{"type":"Polygon","coordinates":[[[80.707205810694433,7.0510957517266224],[80.707197402378725,7.0511684202975742],[80.707115071390959,7.0511600748181413],[80.707122778450213,7.0510734995944597],[80.707160616288945,7.0510755851353935],[80.70715956504543,7.0510898405949947],[80.707205810694433,7.0510957517266224]]]},"properties":{"OBJECTID":354,"Shape_Length":37.760319453342625,"Shape_Area":81.949029526375128}},{"type":"Feature","id":355,"geometry":{"type":"Polygon","coordinates":[[[80.707907591622046,7.0510985374857649],[80.707879878620872,7.0511688230791654],[80.707804746171362,7.051139181264662],[80.707818602682835,7.0511101493765267],[80.707801051082512,7.0511028155172664],[80.707817062497611,7.0510640055919138],[80.707907591622046,7.0510985374857649]]]},"properties":{"OBJECTID":355,"Shape_Length":38.282912726080077,"Shape_Area":82.139374911397894}},{"type":"Feature","id":356,"geometry":{"type":"Polygon","coordinates":[[[80.713314313207576,7.0511475813764433],[80.713303470498047,7.051182850896744],[80.713218541680547,7.0511529617466682],[80.713232997943734,7.0511176927177148],[80.713314313207576,7.0511475813764433]]]},"properties":{"OBJECTID":356,"Shape_Length":27.813706399388881,"Shape_Area":40.432452867930913}},{"type":"Feature","id":357,"geometry":{"type":"Polygon","coordinates":[[[80.731864287199087,7.0511809841574875],[80.731831725796084,7.0511865552426771],[80.731827374513387,7.0511581801359542],[80.731821257066343,7.0511594401659874],[80.731814905456645,7.0511294063541481],[80.731826496874461,7.0511256328520666],[80.731816848310118,7.0510790560912193],[80.731804813456151,7.0510816864965147],[80.731801616842276,7.0510665696616748],[80.731812900518335,7.0510625157928306],[80.731809391218007,7.0510420571395835],[80.731846234287104,7.0510355278912638],[80.731864287199087,7.0511809841574875]]]},"properties":{"OBJECTID":357,"Shape_Length":44.545935971201331,"Shape_Area":66.063492773209219}},{"type":"Feature","id":358,"geometry":{"type":"Polygon","coordinates":[[[80.707325978815831,7.0511047918815866],[80.707311614066342,7.0511913679315548],[80.707270624189277,7.0511840658489806],[80.707272375794204,7.0511715494899567],[80.707225780032047,7.0511642474770708],[80.707240494205479,7.0510898408434057],[80.707325978815831,7.0511047918815866]]]},"properties":{"OBJECTID":358,"Shape_Length":38.886439536828078,"Shape_Area":87.286558902984069}},{"type":"Feature","id":359,"geometry":{"type":"Polygon","coordinates":[[[80.706595510838071,7.0511291303954797],[80.706593758936151,7.0512038843957008],[80.706513529631451,7.0512028414651979],[80.706511778015184,7.05113086861226],[80.706595510838071,7.0511291303954797]]]},"properties":{"OBJECTID":359,"Shape_Length":34.345976432380553,"Shape_Area":73.473432189577721}},{"type":"Feature","id":360,"geometry":{"type":"Polygon","coordinates":[[[80.706477794470885,7.0511350414535068],[80.706474291462911,7.0512066662621118],[80.706394412574156,7.0512049279457445],[80.706393362190497,7.0511350414515599],[80.706477794470885,7.0511350414535068]]]},"properties":{"OBJECTID":360,"Shape_Length":33.812843899161756,"Shape_Area":71.025617924113575}},{"type":"Feature","id":361,"geometry":{"type":"Polygon","coordinates":[[[80.706710423587225,7.0511367799908049],[80.706703065919783,7.0512108386405217],[80.706620735630821,7.0512038848142593],[80.70662599038161,7.0511308685261769],[80.706710423587225,7.0511367799908049]]]},"properties":{"OBJECTID":361,"Shape_Length":34.802985054381693,"Shape_Area":75.401598745549265}},{"type":"Feature","id":362,"geometry":{"type":"Polygon","coordinates":[[[80.706952861759589,7.0511423424104489],[80.706947256696424,7.0512157068116315],[80.706865275341485,7.0512118820089169],[80.706867728572135,7.0511381707865892],[80.706952861759589,7.0511423424104489]]]},"properties":{"OBJECTID":362,"Shape_Length":34.774713552355664,"Shape_Area":75.260866169129486}},{"type":"Feature","id":363,"geometry":{"type":"Polygon","coordinates":[[[80.712382405622733,7.051197054260947],[80.712375851825072,7.0512245996915039],[80.712344241672696,7.0512161825120456],[80.712369298845161,7.0511343111079769],[80.712413244865459,7.0511438757448186],[80.712401680268243,7.0512016444943599],[80.712382405622733,7.051197054260947]]]},"properties":{"OBJECTID":363,"Shape_Length":29.884360058752726,"Shape_Area":45.014488566263523}},{"type":"Feature","id":364,"geometry":{"type":"Polygon","coordinates":[[[80.706771777844764,7.0512095349318713],[80.70677232478117,7.0512263760643643],[80.706729626939961,7.051224202951917],[80.706730174419576,7.0511345628484454],[80.706821592270501,7.0511334768452789],[80.706817760228475,7.0512084484762312],[80.706771777844764,7.0512095349318713]]]},"properties":{"OBJECTID":364,"Shape_Length":39.981454809204486,"Shape_Area":90.586094836697228}},{"type":"Feature","id":365,"geometry":{"type":"Polygon","coordinates":[[[80.706357626371869,7.0511499925468089],[80.706352722167878,7.051227180487321],[80.706273894786662,7.0512216170574611],[80.706277397930251,7.0511492968327927],[80.706357626371869,7.0511499925468089]]]},"properties":{"OBJECTID":365,"Shape_Length":34.152730350642678,"Shape_Area":72.786634048072798}},{"type":"Feature","id":366,"geometry":{"type":"Polygon","coordinates":[[[80.707966403819171,7.0512113005861785],[80.707954703487843,7.0512342196281397],[80.707921139790386,7.0512210795325121],[80.70792951099854,7.0512030116507605],[80.707875876029163,7.0511798243829693],[80.707908222741551,7.051097198288458],[80.707923105240468,7.0511023297458122],[80.707920961052096,7.0511069613305963],[80.707949213227053,7.0511188526927029],[80.707946831697939,7.0511247032589042],[80.708002161303483,7.0511471456117851],[80.707991037461596,7.0511770740819335],[80.708005202177901,7.0511819639794275],[80.707989189734334,7.0512216908860168],[80.707966403819171,7.0512113005861785]]]},"properties":{"OBJECTID":366,"Shape_Length":50.970663314212743,"Shape_Area":122.19602217471102}},{"type":"Feature","id":367,"geometry":{"type":"Polygon","coordinates":[[[80.731882253185347,7.051232243350217],[80.731838660662163,7.0512417326832155],[80.731834259773123,7.0512209230708454],[80.731840989130419,7.0512197074105725],[80.7318384621137,7.0512071706506525],[80.731876077370828,7.0512002064984163],[80.731882253185347,7.051232243350217]]]},"properties":{"OBJECTID":367,"Shape_Length":17.28436120825706,"Shape_Area":17.207457038589212}},{"type":"Feature","id":368,"geometry":{"type":"Polygon","coordinates":[[[80.707028536107728,7.0512344816246806],[80.707027835222974,7.0512483898791336],[80.706988246383958,7.0512424788159986],[80.70699735546367,7.051156945573954],[80.707087394100981,7.0511659858286508],[80.707075482185076,7.0512417837093153],[80.707066023077942,7.0512403923720202],[80.707028536107728,7.0512344816246806]]]},"properties":{"OBJECTID":368,"Shape_Length":39.203993386605589,"Shape_Area":87.202647977272477}},{"type":"Feature","id":369,"geometry":{"type":"Polygon","coordinates":[[[80.712382791249368,7.0512364598269057],[80.712376237271826,7.0512521451701247],[80.712358505397106,7.0512452590924708],[80.712363901680149,7.0512291901611244],[80.712382791249368,7.0512364598269057]]]},"properties":{"OBJECTID":369,"Shape_Length":8.0917735332522849,"Shape_Area":4.0681622500944474}},{"type":"Feature","id":370,"geometry":{"type":"Polygon","coordinates":[[[80.731840618616573,7.0512510644964923],[80.731771990436769,7.0512667541255354],[80.731712424169103,7.0510093749536029],[80.731785970348767,7.0509926603104782],[80.731840618616573,7.0512510644964923]]]},"properties":{"OBJECTID":370,"Shape_Length":74.527442613926283,"Shape_Area":235.26060500679216}},{"type":"Feature","id":371,"geometry":{"type":"Polygon","coordinates":[[[80.713310674866037,7.0512303383412229],[80.713298723942856,7.0512674479918109],[80.713261331730763,7.051256353320456],[80.713271354637655,7.0512188608847586],[80.713310674866037,7.0512303383412229]]]},"properties":{"OBJECTID":371,"Shape_Length":17.436658578269547,"Shape_Area":18.992881968287094}},{"type":"Feature","id":372,"geometry":{"type":"Polygon","coordinates":[[[80.7126453019888,7.0510990580321158],[80.712579464930229,7.0512725173883544],[80.712452975144075,7.0512342593087913],[80.712528828817867,7.0510104897932813],[80.712661186692543,7.0510571940491742],[80.712650775882338,7.051084631343393],[80.7126453019888,7.0510990580321158]]]},"properties":{"OBJECTID":372,"Shape_Length":81.697194294074109,"Shape_Area":388.01126992684408}},{"type":"Feature","id":373,"geometry":{"type":"Polygon","coordinates":[[[80.731815282419589,7.0512763458157268],[80.731795965232507,7.0512790840419255],[80.731792291584554,7.0512639020508008],[80.731838283052213,7.0512526694322721],[80.731841876226966,7.0512669326313455],[80.731815646801195,7.0512712120545462],[80.731815282419589,7.0512763458157268]]]},"properties":{"OBJECTID":373,"Shape_Length":14.244621843888662,"Shape_Area":8.6364170584960682}},{"type":"Feature","id":374,"geometry":{"type":"Polygon","coordinates":[[[80.707140646115022,7.051262297817793],[80.707137844114854,7.0512772484351949],[80.707099656517784,7.0512713375895375],[80.707112968875023,7.0511826751366584],[80.707199504742363,7.0511955401003723],[80.707186191598012,7.0512713377760718],[80.707140646115022,7.051262297817793]]]},"properties":{"OBJECTID":374,"Shape_Length":39.16998032633478,"Shape_Area":86.784878072334735}},{"type":"Feature","id":375,"geometry":{"type":"Polygon","coordinates":[[[80.712468370976083,7.0512655353344602],[80.712456420563072,7.0512984371866789],[80.712430977463754,7.0512904024792391],[80.712441000607313,7.0512582663179719],[80.712468370976083,7.0512655353344602]]]},"properties":{"OBJECTID":375,"Shape_Length":13.669170436256042,"Shape_Area":11.517334390158833}},{"type":"Feature","id":376,"geometry":{"type":"Polygon","coordinates":[[[80.707323876425036,7.051218140172943],[80.707307760320447,7.0513033251271207],[80.707273426637485,7.0513001965381292],[80.707274127618263,7.0512855928653604],[80.707224379144648,7.051277595871464],[80.707237692024677,7.0512035371916228],[80.707323876425036,7.051218140172943]]]},"properties":{"OBJECTID":376,"Shape_Length":38.556132786893812,"Shape_Area":85.421880184101951}},{"type":"Feature","id":377,"geometry":{"type":"Polygon","coordinates":[[[80.71272041102003,7.0510771558421865],[80.712630061199633,7.0513368156576455],[80.712580180119005,7.05131813564123],[80.712588650786927,7.0512863781722004],[80.712612179600583,7.0512929168727814],[80.712633825891146,7.0512312708906357],[80.712599845568192,7.0512188608549824],[80.7126453019888,7.0510990580321158],[80.712672412727528,7.0511117149082025],[80.712679000861371,7.0510977043561445],[80.712650775882338,7.051084631343393],[80.712661186692543,7.0510571940491742],[80.71272041102003,7.0510771558421865]]]},"properties":{"OBJECTID":377,"Shape_Length":86.60912293787058,"Shape_Area":179.80970624533182}},{"type":"Feature","id":378,"geometry":{"type":"Polygon","coordinates":[[[80.731832281528071,7.0513383527009683],[80.731794588819042,7.0513410728920496],[80.731790476942791,7.0512798603232421],[80.731795965232507,7.0512790840419255],[80.731815282419589,7.0512763458157268],[80.731824057528073,7.0512750996046796],[80.731832281528071,7.0513383527009683]]]},"properties":{"OBJECTID":378,"Shape_Length":21.759310473637644,"Shape_Area":27.37394634216826}},{"type":"Feature","id":379,"geometry":{"type":"Polygon","coordinates":[[[80.713107222342444,7.0511593501073264],[80.713050851673003,7.0513485549343518],[80.7130150009082,7.0513382255029029],[80.713062048049409,7.051149076386106],[80.713107222342444,7.0511593501073264]]]},"properties":{"OBJECTID":379,"Shape_Length":52.622135141557692,"Shape_Area":100.13298043596519}},{"type":"Feature","id":380,"geometry":{"type":"Polygon","coordinates":[[[80.713005363605859,7.0512559704404056],[80.712956639474541,7.0513825832477215],[80.712857818431758,7.0513470899128521],[80.712947227811227,7.05111264854889],[80.71304468355325,7.051143110072366],[80.713005363605859,7.0512559704404056]]]},"properties":{"OBJECTID":380,"Shape_Length":78.839272615954542,"Shape_Area":323.00785020049267}},{"type":"Feature","id":381,"geometry":{"type":"Polygon","coordinates":[[[80.706408295012139,7.05138338204502],[80.706323445892863,7.0513920742393292],[80.70631687689162,7.0513257951318469],[80.706397346645929,7.0513111265706225],[80.706408295012139,7.05138338204502]]]},"properties":{"OBJECTID":381,"Shape_Length":33.905370572271764,"Shape_Area":71.194935024837932}},{"type":"Feature","id":382,"geometry":{"type":"Polygon","coordinates":[[[80.73274888668513,7.0513698291214464],[80.732740990946766,7.0513955118312834],[80.732708096201847,7.0513841939599358],[80.732717745269682,7.0513589472947968],[80.73274888668513,7.0513698291214464]]]},"properties":{"OBJECTID":382,"Shape_Length":13.447454492193161,"Shape_Area":11.149771840054143}},{"type":"Feature","id":383,"geometry":{"type":"Polygon","coordinates":[[[80.706535842659662,7.051390444870437],[80.70645044639366,7.0514018535669063],[80.706443877537538,7.0513344874749349],[80.706526536228893,7.0513247088487292],[80.706535842659662,7.051390444870437]]]},"properties":{"OBJECTID":383,"Shape_Length":33.539504167613813,"Shape_Area":69.341808089286033}},{"type":"Feature","id":384,"geometry":{"type":"Polygon","coordinates":[[[80.713268655415888,7.0513451118962687],[80.713244139185889,7.0514040671833307],[80.713210832179627,7.0513925516503875],[80.713233576082644,7.0513332515811529],[80.713268655415888,7.0513451118962687]]]},"properties":{"OBJECTID":384,"Shape_Length":22.066765654137079,"Shape_Area":28.072254722766104}},{"type":"Feature","id":385,"geometry":{"type":"Polygon","coordinates":[[[80.706649156889384,7.0513920742196667],[80.706568687210122,7.0514061993310859],[80.706555002324208,7.0513344878479689],[80.706636019219332,7.0513171027664594],[80.706649156889384,7.0513920742196667]]]},"properties":{"OBJECTID":385,"Shape_Length":34.669491977161343,"Shape_Area":74.923656959350055}},{"type":"Feature","id":386,"geometry":{"type":"Polygon","coordinates":[[[80.706891661292161,7.0513975073651265],[80.706815570791832,7.0514067426382621],[80.706801884962658,7.0513350311618872],[80.706880165530492,7.0513230787518495],[80.706891661292161,7.0513975073651265]]]},"properties":{"OBJECTID":386,"Shape_Length":33.616641067711114,"Shape_Area":70.528357575572826}},{"type":"Feature","id":387,"geometry":{"type":"Polygon","coordinates":[[[80.706778894228705,7.051405113017033],[80.706695687069853,7.0514203247279141],[80.706680906712108,7.0513496991665008],[80.706764113940068,7.0513339439650373],[80.706778894228705,7.051405113017033]]]},"properties":{"OBJECTID":387,"Shape_Length":34.716859426661856,"Shape_Area":74.861219528899966}},{"type":"Feature","id":388,"geometry":{"type":"Polygon","coordinates":[[[80.707019276522729,7.0514127866711993],[80.706923479070326,7.0514212756839392],[80.706919202928944,7.0513423310953565],[80.707009867640977,7.0513355405270408],[80.707019276522729,7.0514127866711993]]]},"properties":{"OBJECTID":388,"Shape_Length":38.016218372347417,"Shape_Area":89.583899772987763}},{"type":"Feature","id":389,"geometry":{"type":"Polygon","coordinates":[[[80.707120326262725,7.0513533936454591],[80.707123627670512,7.0514314618068603],[80.707036383011911,7.0514306132558771],[80.707036944462018,7.0513561746828763],[80.707120326262725,7.0513533936454591]]]},"properties":{"OBJECTID":389,"Shape_Length":35.727500459445338,"Shape_Area":79.487846265341346}},{"type":"Feature","id":390,"geometry":{"type":"Polygon","coordinates":[[[80.730682310830431,7.0513825618047967],[80.730631596410532,7.0514356129857214],[80.730604869355346,7.0514097668482858],[80.73062542854808,7.0513880029113043],[80.73060281340922,7.0513662383508144],[80.730685051467702,7.0512750996155651],[80.730738507214284,7.0513193086739649],[80.73071315001242,7.0513458342682966],[80.730723429412237,7.0513553559034428],[80.730691905062187,7.0513914033285747],[80.730682310830431,7.0513825618047967]]]},"properties":{"OBJECTID":390,"Shape_Length":52.574338745072581,"Shape_Area":127.36419984480975}},{"type":"Feature","id":391,"geometry":{"type":"Polygon","coordinates":[[[80.707183979631495,7.0514273868806914],[80.707183979341949,7.0514415122747618],[80.707144018716534,7.0514398821948774],[80.707146755467221,7.0513524154840352],[80.707232699387703,7.0513529590673869],[80.707229414973725,7.0514284733715638],[80.707183979631495,7.0514273868806914]]]},"properties":{"OBJECTID":391,"Shape_Length":38.530958047104619,"Shape_Area":84.800141596689187}},{"type":"Feature","id":392,"geometry":{"type":"Polygon","coordinates":[[[80.712605221388728,7.0513982902870431],[80.712581706174191,7.0514575893149773],[80.712498439133554,7.0514288957657216],[80.712515015503115,7.0513799257784271],[80.712534289947499,7.0513860470111442],[80.712540072850459,7.051369213984847],[80.712507690971492,7.0513577365098037],[80.712526195093787,7.0513110619366852],[80.712597125750847,7.0513355469217238],[80.712578236138768,7.0513879602259601],[80.712605221388728,7.0513982902870431]]]},"properties":{"OBJECTID":392,"Shape_Length":53.692866706725994,"Shape_Area":116.98413246654023}},{"type":"Feature","id":393,"geometry":{"type":"Polygon","coordinates":[[[80.71328359416303,7.0514165819093195],[80.713270342807334,7.0514578286226239],[80.713203482855405,7.0514327221225139],[80.713215071815284,7.0513948464711316],[80.713244139185889,7.0514040671833307],[80.71328359416303,7.0514165819093195]]]},"properties":{"OBJECTID":393,"Shape_Length":25.002953776260892,"Shape_Area":36.267728712369433}},{"type":"Feature","id":394,"geometry":{"type":"Polygon","coordinates":[[[80.706544010272566,7.0515049883883378],[80.706504771173599,7.051508813187394],[80.706504070671215,7.0514959483031081],[80.706467284763903,7.0514990771443538],[80.706466233254559,7.0514848222758566],[80.706457824870355,7.0514848219195825],[80.706453620802009,7.0514267570580937],[80.706538754958402,7.0514187603008045],[80.706544010272566,7.0515049883883378]]]},"properties":{"OBJECTID":394,"Shape_Length":37.805211970235867,"Shape_Area":81.05753798017075}},{"type":"Feature","id":395,"geometry":{"type":"Polygon","coordinates":[[[80.706660758588299,7.0514902456335351],[80.706658463022123,7.0515143109102629],[80.70657197174566,7.0515056183603084],[80.706580263436948,7.0514205959434841],[80.706663001077615,7.0514277162319248],[80.70666277676041,7.051432612157603],[80.706680041400077,7.0514339476978867],[80.706674435963606,7.0514913590806758],[80.706660758588299,7.0514902456335351]]]},"properties":{"OBJECTID":395,"Shape_Length":41.246592694386131,"Shape_Area":100.77434018439493}},{"type":"Feature","id":396,"geometry":{"type":"Polygon","coordinates":[[[80.707021880036422,7.0514420552004644],[80.70701171997159,7.0515157670851947],[80.706936045545149,7.0515088124954319],[80.70693569516348,7.0514910806426334],[80.706919229121297,7.0514882992316847],[80.706922381556367,7.051448314526974],[80.706941651202769,7.0514497046150959],[80.706943402638601,7.0514323203320064],[80.707021880036422,7.0514420552004644]]]},"properties":{"OBJECTID":396,"Shape_Length":37.667256152924161,"Shape_Area":81.373539198093638}},{"type":"Feature","id":397,"geometry":{"type":"Polygon","coordinates":[[[80.713262512397733,7.0514811417001004],[80.713249260700749,7.0515182041484881],[80.713183003927995,7.0514907067190586],[80.713198664941984,7.0514560356070826],[80.713262512397733,7.0514811417001004]]]},"properties":{"OBJECTID":397,"Shape_Length":24.064451099538445,"Shape_Area":33.147943911806038}},{"type":"Feature","id":398,"geometry":{"type":"Polygon","coordinates":[[[80.706781083298949,7.051518113782584],[80.706742764454162,7.051518113488263],[80.706744406542398,7.0515056188187151],[80.70669787689117,7.0515039886240629],[80.706699145493431,7.0514649052412119],[80.706705459249264,7.0514649052802199],[80.706705602665821,7.0514562175513467],[80.706695687214321,7.0514556373085506],[80.706697329363905,7.0514306468200889],[80.706786010534799,7.0514317334835015],[80.706781083298949,7.051518113782584]]]},"properties":{"OBJECTID":398,"Shape_Length":39.984466926939795,"Shape_Area":82.826477562440502}},{"type":"Feature","id":399,"geometry":{"type":"Polygon","coordinates":[[[80.712370304945722,7.0514339550165177],[80.71231101273213,7.051518951549868],[80.71219901614144,7.0514404931790313],[80.712259249123193,7.0513536284749057],[80.712370304945722,7.0514339550165177]]]},"properties":{"OBJECTID":399,"Shape_Length":53.399547559140174,"Shape_Area":175.03662587969191}},{"type":"Feature","id":400,"geometry":{"type":"Polygon","coordinates":[[[80.70690136079655,7.0514378828398376],[80.706896806805773,7.0515223731784271],[80.706858619369982,7.0515213302384394],[80.706857568338464,7.0515098561381828],[80.706812724233316,7.0515077695273423],[80.706815877192241,7.0514340584106936],[80.70690136079655,7.0514378828398376]]]},"properties":{"OBJECTID":400,"Shape_Length":37.421963041182977,"Shape_Area":82.101864238825982}},{"type":"Feature","id":401,"geometry":{"type":"Polygon","coordinates":[[[80.713411288873189,7.0514950819318054],[80.713404735207035,7.0515421388709738],[80.713376979217259,7.0515413736883925],[80.713383918061425,7.0514908740755988],[80.713411288873189,7.0514950819318054]]]},"properties":{"OBJECTID":401,"Shape_Length":17.017176739367699,"Shape_Area":16.62956815499485}},{"type":"Feature","id":402,"geometry":{"type":"Polygon","coordinates":[[[80.707147303022722,7.0515477547538659],[80.707108414391612,7.0515505360766131],[80.707107714415429,7.0515401056080718],[80.707061468541539,7.0515414959024838],[80.70706006735864,7.0514681322681039],[80.707144500372763,7.0514636123858487],[80.707147303022722,7.0515477547538659]]]},"properties":{"OBJECTID":402,"Shape_Length":37.339129030709273,"Shape_Area":81.874410511466706}},{"type":"Feature","id":403,"geometry":{"type":"Polygon","coordinates":[[[80.71290822942386,7.0510644884837266],[80.712728242072728,7.0515522775250439],[80.712585488823038,7.0514984775170335],[80.712758233846301,7.0510104894976768],[80.71290822942386,7.0510644884837266]]]},"properties":{"OBJECTID":403,"Shape_Length":149.19436852633504,"Shape_Area":988.54226395262162}},{"type":"Feature","id":404,"geometry":{"type":"Polygon","coordinates":[[[80.707257185431516,7.051496254059356],[80.707249785334454,7.0515578937586074],[80.707168841929146,7.0515496597245386],[80.707175120628591,7.051487130918983],[80.707257185431516,7.051496254059356]]]},"properties":{"OBJECTID":404,"Shape_Length":31.924440939065629,"Shape_Area":62.540664621613928}},{"type":"Feature","id":405,"geometry":{"type":"Polygon","coordinates":[[[80.71326704174885,7.0511827012771846],[80.713127928348001,7.0515684549419211],[80.713002755616344,7.0515226877600741],[80.713131751333108,7.0511330812839681],[80.71326704174885,7.0511827012771846]]]},"properties":{"OBJECTID":405,"Shape_Length":121.36630280531884,"Shape_Area":694.87980039066031}},{"type":"Feature","id":406,"geometry":{"type":"Polygon","coordinates":[[[80.712984836418642,7.0513956598554923],[80.712906758436972,7.0515824652768027],[80.712791938882233,7.0515469724627975],[80.712855334392913,7.0513550104669145],[80.712984836418642,7.0513956598554923]]]},"properties":{"OBJECTID":406,"Shape_Length":73.01229336731285,"Shape_Area":315.52402833334287}},{"type":"Feature","id":407,"geometry":{"type":"Polygon","coordinates":[[[80.713209058100034,7.0515784685653919],[80.713196969148271,7.0516120133854452],[80.713162922613577,7.051600260818403],[80.713175752052905,7.0515664710303225],[80.713169830711323,7.0515630437792378],[80.713184386827592,7.051525825967909],[80.71322928964031,7.0515424759636183],[80.713216706626852,7.0515814068156999],[80.713209058100034,7.0515784685653919]]]},"properties":{"OBJECTID":407,"Shape_Length":27.813159968108621,"Shape_Area":40.184240643348424}},{"type":"Feature","id":408,"geometry":{"type":"Polygon","coordinates":[[[80.713040443570435,7.0516155940342475],[80.713045619053148,7.0516188385140754],[80.713039865038169,7.0516164060302513],[80.713040443570435,7.0516155940342475]]]},"properties":{"OBJECTID":408,"Shape_Length":1.4754446243581292,"Shape_Area":0.037134284955602288}},{"type":"Feature","id":409,"geometry":{"type":"Polygon","coordinates":[[[80.71267583827472,7.0515791773477696],[80.712656564084782,7.0516240106363712],[80.712571297741292,7.0515930225804055],[80.712588500526081,7.0515439088905216],[80.712649938649804,7.0515666246336357],[80.712658371380641,7.0515474950088288],[80.712703545723699,7.0515642328105779],[80.712692703852753,7.051586350867189],[80.71267583827472,7.0515791773477696]]]},"properties":{"OBJECTID":409,"Shape_Length":40.792811926920301,"Shape_Area":71.404419843519193}},{"type":"Feature","id":410,"geometry":{"type":"Polygon","coordinates":[[[80.713112530695952,7.0515834581466734],[80.713088629796985,7.0516370183667396],[80.713045619053148,7.0516188385140754],[80.713040443570435,7.0516155940342475],[80.713039865038169,7.0516164060302513],[80.713026180131564,7.0516106210785754],[80.713050852057108,7.0515585901625624],[80.713112530695952,7.0515834581466734]]]},"properties":{"OBJECTID":410,"Shape_Length":27.785119935845291,"Shape_Area":47.597024985519873}},{"type":"Feature","id":411,"geometry":{"type":"Polygon","coordinates":[[[80.713062416292061,7.0516293670184211],[80.713053164944426,7.0516442878588048],[80.713029264045659,7.0516312796624545],[80.713039865038169,7.0516164060302513],[80.713045619053148,7.0516188385140754],[80.713062416292061,7.0516293670184211]]]},"properties":{"OBJECTID":411,"Shape_Length":9.8476151538857302,"Shape_Area":5.9218428906623446}},{"type":"Feature","id":412,"geometry":{"type":"Polygon","coordinates":[[[80.713013844179727,7.0516232454440351],[80.712999966869347,7.0516477305911627],[80.712964886491932,7.0516301323790307],[80.712979535188936,7.0516044997624832],[80.713013844179727,7.0516232454440351]]]},"properties":{"OBJECTID":412,"Shape_Length":15.032028594282759,"Shape_Area":13.78717730690426}},{"type":"Feature","id":413,"geometry":{"type":"Polygon","coordinates":[[[80.712221026006205,7.0515325970414988],[80.712161285886296,7.0516488945375384],[80.712083162621624,7.0516169696021649],[80.712140605678641,7.0514983920223226],[80.712221026006205,7.0515325970414988]]]},"properties":{"OBJECTID":413,"Shape_Length":48.002719944098381,"Shape_Area":137.39351241198091}},{"type":"Feature","id":414,"geometry":{"type":"Polygon","coordinates":[[[80.713103664778473,7.0516396962745338],[80.713097496954035,7.0516515564289941],[80.713085932170173,7.0516446703115063],[80.713090150987924,7.0516336536182509],[80.713103664778473,7.0516396962745338]]]},"properties":{"OBJECTID":414,"Shape_Length":5.9052304278383829,"Shape_Area":2.1622859894145319}},{"type":"Feature","id":415,"geometry":{"type":"Polygon","coordinates":[[[80.713354235477482,7.051599526188812],[80.713319155659519,7.0516645642804248],[80.713261717363253,7.0516366357922697],[80.713317998833517,7.0515241584150328],[80.713369269357628,7.0515501734372572],[80.713348838297975,7.0515957002080585],[80.713354235477482,7.051599526188812]]]},"properties":{"OBJECTID":415,"Shape_Length":41.733030968134578,"Shape_Area":95.473251705947035}},{"type":"Feature","id":416,"geometry":{"type":"Polygon","coordinates":[[[80.706835379742557,7.0515851062730466],[80.706827803280163,7.0516696006811497],[80.706788833804865,7.0516681316865526],[80.706789685429698,7.0516571389655232],[80.706748136537428,7.0516530154193022],[80.706754123577326,7.0515800128050987],[80.706835379742557,7.0515851062730466]]]},"properties":{"OBJECTID":416,"Shape_Length":36.614895803340403,"Shape_Area":78.724364577654967}},{"type":"Feature","id":417,"geometry":{"type":"Polygon","coordinates":[[[80.712823688191008,7.0516568211841388],[80.712811352521044,7.0516739598831455],[80.712799510141878,7.0516649006525611],[80.712811598592552,7.0516484962236712],[80.712823688191008,7.0516568211841388]]]},"properties":{"OBJECTID":417,"Shape_Length":7.8567369562612086,"Shape_Area":3.7483831907123899}},{"type":"Feature","id":418,"geometry":{"type":"Polygon","coordinates":[[[80.706936325214059,7.0515879346381976],[80.706926235630775,7.0516744959369682],[80.706888790820983,7.0516709354981204],[80.706890360418569,7.0516589191997587],[80.706843498192782,7.0516535785671444],[80.706852242814904,7.0515781428521302],[80.706936325214059,7.0515879346381976]]]},"properties":{"OBJECTID":418,"Shape_Length":38.091919032130164,"Shape_Area":83.794217637559896}},{"type":"Feature","id":419,"geometry":{"type":"Polygon","coordinates":[[[80.706717080034579,7.051611035210974],[80.706704117319404,7.0516854420872646],[80.706621786386989,7.0516701432455156],[80.706633698244886,7.0515832195962016],[80.706675388822063,7.0515901736783668],[80.706672936628024,7.0516023426732515],[80.706717080034579,7.051611035210974]]]},"properties":{"OBJECTID":419,"Shape_Length":38.317368116637773,"Shape_Area":85.05416454135802}},{"type":"Feature","id":420,"geometry":{"type":"Polygon","coordinates":[[[80.707040811921473,7.0516751640933713],[80.707037897610789,7.0516905180174794],[80.706998882843479,7.0516831746060733],[80.707014353916577,7.0515959449133367],[80.707097540319808,7.0516108540534566],[80.707084086486248,7.0516829521527269],[80.707040811921473,7.0516751640933713]]]},"properties":{"OBJECTID":420,"Shape_Length":38.214437718972569,"Shape_Area":82.912963434573498}},{"type":"Feature","id":421,"geometry":{"type":"Polygon","coordinates":[[[80.712577357349716,7.0516244962736767],[80.712559474984971,7.0516917468052505],[80.712472890131096,7.0516646597644295],[80.712496418493231,7.051602079890821],[80.712577357349716,7.0516244962736767]]]},"properties":{"OBJECTID":421,"Shape_Length":34.388845437157912,"Shape_Area":72.68538717968714}},{"type":"Feature","id":422,"geometry":{"type":"Polygon","coordinates":[[[80.712339736584923,7.0515510821792597],[80.712265649220626,7.0516993307729274],[80.712209030046978,7.0516724313786261],[80.712283719381759,7.0515241819722947],[80.712339736584923,7.0515510821792597]]]},"properties":{"OBJECTID":422,"Shape_Length":50.468365523378282,"Shape_Area":126.43962121435651}},{"type":"Feature","id":423,"geometry":{"type":"Polygon","coordinates":[[[80.707219473762009,7.0516378071626109],[80.707199854401594,7.0517236879138991],[80.7071616671291,7.0517153435625541],[80.707165170401595,7.0517021311420063],[80.707119275522274,7.0516927429684548],[80.707136442558834,7.0516200747969977],[80.707219473762009,7.0516378071626109]]]},"properties":{"OBJECTID":423,"Shape_Length":38.382571517595395,"Shape_Area":83.89782803886375}},{"type":"Feature","id":424,"geometry":{"type":"Polygon","coordinates":[[[80.711435633030845,7.0517047114264955],[80.711380820312158,7.0517387846957265],[80.711363352999555,7.0517106888211636],[80.711418767756584,7.0516760178858133],[80.711435633030845,7.0517047114264955]]]},"properties":{"OBJECTID":424,"Shape_Length":21.692072970268288,"Shape_Area":26.32569567499938}},{"type":"Feature","id":425,"geometry":{"type":"Polygon","coordinates":[[[80.713221394440978,7.0517430075825107],[80.713197462505406,7.0517785113521896],[80.713159468206797,7.0517547607069027],[80.713182166690842,7.0517168087920927],[80.713221394440978,7.0517430075825107]]]},"properties":{"OBJECTID":425,"Shape_Length":19.786196126693198,"Shape_Area":24.437191663200327}},{"type":"Feature","id":426,"geometry":{"type":"Polygon","coordinates":[[[80.713255688032419,7.0517753279121216],[80.713247792540685,7.0517912436860088],[80.713222134733783,7.0517775317047926],[80.713230769640447,7.0517625963085839],[80.713255688032419,7.0517753279121216]]]},"properties":{"OBJECTID":426,"Shape_Length":10.178037014857097,"Shape_Area":6.1003415609966911}},{"type":"Feature","id":427,"geometry":{"type":"Polygon","coordinates":[[[80.723356489067484,7.05176398368289],[80.723341686203341,7.0517970383232491],[80.723313313329271,7.0517839795003328],[80.723329350027427,7.0517505171553188],[80.723356489067484,7.05176398368289]]]},"properties":{"OBJECTID":427,"Shape_Length":14.905565713958856,"Shape_Area":13.775346843283357}},{"type":"Feature","id":428,"geometry":{"type":"Polygon","coordinates":[[[80.707082741800463,7.0517225618363293],[80.707065476644331,7.0517975522706591],[80.706983636263033,7.0517764125974516],[80.706999331585294,7.0517029791623544],[80.707082741800463,7.0517225618363293]]]},"properties":{"OBJECTID":428,"Shape_Length":35.616512393551517,"Shape_Area":79.006412818145904}},{"type":"Feature","id":429,"geometry":{"type":"Polygon","coordinates":[[[80.730995160050057,7.0517621641110422],[80.73091056530798,7.0518206134927883],[80.730889149088242,7.0517940453424748],[80.73098016882571,7.0517366591607082],[80.730995160050057,7.0517621641110422]]]},"properties":{"OBJECTID":429,"Shape_Length":30.295754524220492,"Shape_Area":40.808434030541015}},{"type":"Feature","id":430,"geometry":{"type":"Polygon","coordinates":[[[80.717652962459212,7.051810367786076],[80.717621905208276,7.0518309171384779],[80.717604964094619,7.0518047640287538],[80.717637904157812,7.0517842158190289],[80.717652962459212,7.051810367786076]]]},"properties":{"OBJECTID":430,"Shape_Length":15.186415355660133,"Shape_Area":14.239463450899503}},{"type":"Feature","id":431,"geometry":{"type":"Polygon","coordinates":[[[80.707215619807371,7.0517448973338785],[80.707194599245653,7.0518304306198809],[80.707158513732494,7.0518227810936516],[80.707161667340742,7.051811306713943],[80.707115421337051,7.05180122397425],[80.707131187389734,7.0517268175026322],[80.707215619807371,7.0517448973338785]]]},"properties":{"OBJECTID":431,"Shape_Length":38.309109977936878,"Shape_Area":84.532987068235485}},{"type":"Feature","id":432,"geometry":{"type":"Polygon","coordinates":[[[80.730742262544268,7.0518207887516482],[80.730724717914697,7.0518490821424846],[80.730704104022976,7.0518377644293126],[80.730676044135777,7.0518247106045253],[80.730699279404362,7.0517907540491107],[80.730742262544268,7.0518207887516482]]]},"properties":{"OBJECTID":432,"Shape_Length":20.04159273113655,"Shape_Area":23.905129520824083}},{"type":"Feature","id":433,"geometry":{"type":"Polygon","coordinates":[[[80.730698840376064,7.0518368939622977],[80.730688752509678,7.0518586589290475],[80.730671054965939,7.0518494150945559],[80.730663752194971,7.0518455999776783],[80.730676044135777,7.0518247106045253],[80.730698840376064,7.0518368939622977]]]},"properties":{"OBJECTID":433,"Shape_Length":11.304510740874044,"Shape_Area":7.951751137748202}},{"type":"Feature","id":434,"geometry":{"type":"Polygon","coordinates":[[[80.730785027277207,7.0518534703586662],[80.730774572394935,7.0518609968528336],[80.730718889971357,7.0517781046056012],[80.730919131774129,7.0516388886256207],[80.730981239346789,7.0517122165366581],[80.730785027277207,7.0518534703586662]]]},"properties":{"OBJECTID":434,"Shape_Length":76.753246469658066,"Shape_Area":297.74078737440726}},{"type":"Feature","id":435,"geometry":{"type":"Polygon","coordinates":[[[80.731913952514944,7.0518737538384304],[80.731914907026209,7.0518742845314497],[80.731915754985408,7.0518749727843222],[80.731916470671777,7.0518757977205846],[80.731917032376728,7.0518767343178137],[80.731917423062313,7.0518777541666235],[80.731917630878044,7.0518788263323975],[80.731917649520327,7.0518799182936087],[80.731917478423711,7.0518809969282872],[80.731917122777972,7.0518820295186879],[80.731916593370784,7.0518829847437088],[80.731915906260383,7.0518838336289358],[80.731915082288609,7.0518845504255125],[80.731914146448617,7.0518851133911689],[80.731913127126816,7.0518855054497198],[80.731912055241864,7.0518857147090284],[80.731910963306746,7.0518857348217221],[80.731909930540155,7.0518855836589438],[80.731908937349303,7.0518852626777369],[80.731908011452134,7.051884780836037],[80.731907178688544,7.0518841515810697],[80.731906462299293,7.0518833924740658],[80.731905882277346,7.0518825247001633],[80.731905454809947,7.0518815724771731],[80.73190519182684,7.0518805623797087],[80.731905100667348,7.0518795225975444],[80.73190518387554,7.0518784821488918],[80.731905439129264,7.0518774700705649],[80.731905859304902,7.0518765146076179],[80.731906432676183,7.0518756424250864],[80.7319071432415,7.0518748778638169],[80.731907971170415,7.0518742422611647],[80.731908893357087,7.0518737533555109],[80.731910146594757,7.0518734965940464],[80.731911422968764,7.0518734105679544],[80.731912699326315,7.0518734968377119],[80.731913952514944,7.0518737538384304]]]},"properties":{"OBJECTID":435,"Shape_Length":4.3474711719882828,"Shape_Area":1.5027157356923104}},{"type":"Feature","id":436,"geometry":{"type":"Polygon","coordinates":[[[80.712942672465189,7.0518260599863911],[80.712910748993409,7.0518977931170959],[80.712821603648393,7.0518613289531809],[80.712851720354706,7.0517895955823873],[80.712942672465189,7.0518260599863911]]]},"properties":{"OBJECTID":436,"Shape_Length":38.751124503075729,"Shape_Area":92.728518006429482}},{"type":"Feature","id":437,"geometry":{"type":"Polygon","coordinates":[[[80.731912007633611,7.0518885889393532],[80.731897410735598,7.0519133829570961],[80.731881972431211,7.051905304141699],[80.731884217991706,7.0518983393225403],[80.731873270247704,7.0518916535807543],[80.731881130173278,7.0518813460456027],[80.731891515868455,7.051887196146545],[80.73189600725442,7.0518799530127811],[80.731912007633611,7.0518885889393532]]]},"properties":{"OBJECTID":437,"Shape_Length":13.034068891999354,"Shape_Area":8.4863659350543141}},{"type":"Feature","id":438,"geometry":{"type":"Polygon","coordinates":[[[80.731894042779402,7.0519387342004309],[80.731892341851719,7.051939364035027],[80.731890559826809,7.0519397020200243],[80.731888746404891,7.0519397387291178],[80.731886952161815,7.0519394731385017],[80.731885227138534,7.0519389126554257],[80.731883619445483,7.0519380729116143],[80.731882173920795,7.0519369773272977],[80.731880930879768,7.0519356564580287],[80.731879924990494,7.0519341471424992],[80.731879184306933,7.0519324914751156],[80.731878729486567,7.0519307356319985],[80.731878573214217,7.0519289285831439],[80.731878719848282,7.0519271207266598],[80.731879165299148,7.0519253624831792],[80.731879899207513,7.0519237688309646],[80.7318808816092,7.0519223151336767],[80.731882086547131,7.0519210398009866],[80.731883482184358,7.0519199765298062],[80.731885031645291,7.051919153413948],[80.731886693989964,7.0519185922018259],[80.731888425295836,7.0519183077218166],[80.731890179818222,7.0519183074904692],[80.731891911199057,7.0519185915138944],[80.731893573691679,7.0519191522876099],[80.731895123369625,7.0519199749948216],[80.731896519287204,7.0519210378979116],[80.73189772416616,7.0519223123799923],[80.731898706285577,7.0519237654730027],[80.731899439616555,7.0519253586658843],[80.731899904723718,7.0519270497345357],[80.731900089280444,7.0519287938608732],[80.73189998839544,7.0519305448206335],[80.731899604742452,7.0519322562084472],[80.731898948489373,7.0519338826677167],[80.731898037028742,7.0519353810926857],[80.731896894516851,7.0519367117708711],[80.731895551233464,7.051937839435551],[80.731894042779402,7.0519387342004309]]]},"properties":{"OBJECTID":438,"Shape_Length":7.4682952793938462,"Shape_Area":4.4383474945517349}},{"type":"Feature","id":439,"geometry":{"type":"Polygon","coordinates":[[[80.722614182316207,7.0519778957056927],[80.722585655391313,7.0520368121418491],[80.722527831820216,7.0520085013148703],[80.722557899994968,7.0519522627363784],[80.722614182316207,7.0519778957056927]]]},"properties":{"OBJECTID":439,"Shape_Length":28.234793755141467,"Shape_Area":49.783181477853319}},{"type":"Feature","id":440,"geometry":{"type":"Polygon","coordinates":[[[80.717168604264572,7.0520228711260105],[80.717144672485261,7.0520380515302659],[80.717125181949612,7.0520079353723837],[80.717186814487192,7.0519633577723502],[80.717216883811716,7.0520027625828137],[80.717209559124953,7.0520084253764335],[80.717174772044501,7.0520319304301493],[80.717168604264572,7.0520228711260105]]]},"properties":{"OBJECTID":440,"Shape_Length":27.856690247361058,"Shape_Area":42.549792942872159}},{"type":"Feature","id":441,"geometry":{"type":"Polygon","coordinates":[[[80.723072848753446,7.0520789739212724],[80.72306510118031,7.0520945191112023],[80.723041088484294,7.0520828326162022],[80.723038995779902,7.0520818150225217],[80.723045901518162,7.0520662706409958],[80.723072848753446,7.0520789739212724]]]},"properties":{"OBJECTID":441,"Shape_Length":10.300529137348606,"Shape_Area":6.1741992982962506}},{"type":"Feature","id":442,"geometry":{"type":"Polygon","coordinates":[[[80.722574596609874,7.0520364771731598],[80.722537251982416,7.0521279379740198],[80.722463164590351,7.0521004400476297],[80.72248364427864,7.0520496289667882],[80.722457744221074,7.0520382704899047],[80.722477018394258,7.0519934376950077],[80.722574596609874,7.0520364771731598]]]},"properties":{"OBJECTID":442,"Shape_Length":46.015297488698252,"Shape_Area":114.42303348887322}},{"type":"Feature","id":443,"geometry":{"type":"Polygon","coordinates":[[[80.722780159933293,7.0522503360445459],[80.722778926374005,7.0522562130446511],[80.722740685614085,7.0522456842293328],[80.722759189660749,7.0521754129586665],[80.722815193601619,7.0521898585931586],[80.722804585157988,7.0522327074270068],[80.722799897269695,7.0522314833501554],[80.72279298981131,7.0522540090380277],[80.722780159933293,7.0522503360445459]]]},"properties":{"OBJECTID":443,"Shape_Length":28.966846834993074,"Shape_Area":49.183561008896966}},{"type":"Feature","id":444,"geometry":{"type":"Polygon","coordinates":[[[80.722773969260928,7.0520305000177048],[80.722687835404173,7.052262437810243],[80.722536649943294,7.0522068438934946],[80.722550691641544,7.0521578262267122],[80.722565750217242,7.052160628628644],[80.722631914903559,7.0519801910933051],[80.722773969260928,7.0520305000177048]]]},"properties":{"OBJECTID":444,"Shape_Length":90.38343854374034,"Shape_Area":460.72389486898192}},{"type":"Feature","id":445,"geometry":{"type":"Polygon","coordinates":[[[80.722383167170761,7.0522288127430564],[80.722377520799157,7.0522811176573406],[80.722273053573502,7.0522727116913222],[80.722273994440656,7.0521372779976073],[80.722353051200088,7.0521428821641079],[80.722345521363138,7.0522241421157057],[80.722383167170761,7.0522288127430564]]]},"properties":{"OBJECTID":445,"Shape_Length":54.342980332222332,"Shape_Area":146.06754505431024}},{"type":"Feature","id":446,"geometry":{"type":"Polygon","coordinates":[[[80.722953802199754,7.052253733597829],[80.722941080829003,7.0522904608855495],[80.722913710496101,7.0522808964259251],[80.722929130225154,7.0522445519735619],[80.722953802199754,7.052253733597829]]]},"properties":{"OBJECTID":446,"Shape_Length":14.77459675513132,"Shape_Area":13.22512145609182}},{"type":"Feature","id":447,"geometry":{"type":"Polygon","coordinates":[[[80.72306621332973,7.052326523918083],[80.723061665499003,7.0523353495103951],[80.723049437923819,7.0523286299565981],[80.723055197897779,7.0523191027547911],[80.72306621332973,7.052326523918083]]]},"properties":{"OBJECTID":447,"Shape_Length":5.3379065191419928,"Shape_Area":1.7479351854748302}},{"type":"Feature","id":448,"geometry":{"type":"Polygon","coordinates":[[[80.72287014986685,7.0523176237900005],[80.722826589519258,7.0523597074065743],[80.722798448171147,7.0523325448854042],[80.722845092666617,7.0522893131458675],[80.72287014986685,7.0523176237900005]]]},"properties":{"OBJECTID":448,"Shape_Length":22.22510548836788,"Shape_Area":29.143563589085428}},{"type":"Feature","id":449,"geometry":{"type":"Polygon","coordinates":[[[80.717646323468173,7.0523574122611867],[80.717602377310584,7.0524044690695327],[80.717575392773469,7.0523799840577599],[80.717621266101844,7.0523329274948248],[80.717646323468173,7.0523574122611867]]]},"properties":{"OBJECTID":449,"Shape_Length":22.279485305712193,"Shape_Area":28.391286474304906}},{"type":"Feature","id":450,"geometry":{"type":"Polygon","coordinates":[[[80.723119641792906,7.0523507249697568],[80.723073259398674,7.0524055708818114],[80.7230458731472,7.0523847585604633],[80.723051547642584,7.0523786379028417],[80.72303773190535,7.052367864123724],[80.723069804999014,7.0523279540506492],[80.723082634152149,7.0523379925080718],[80.723091269099058,7.0523279537923944],[80.723119641792906,7.0523507249697568]]]},"properties":{"OBJECTID":450,"Shape_Length":27.54384462384488,"Shape_Area":41.764910080576605}},{"type":"Feature","id":451,"geometry":{"type":"Polygon","coordinates":[[[80.722736624583689,7.0524053061776275],[80.722695665885169,7.0524070992392982],[80.722693859185867,7.052351506278411],[80.722733010539983,7.0523467242483902],[80.722736624583689,7.0524053061776275]]]},"properties":{"OBJECTID":451,"Shape_Length":21.527632248761329,"Shape_Area":28.042872721154485}},{"type":"Feature","id":452,"geometry":{"type":"Polygon","coordinates":[[[80.723031248484048,7.0523948463269619],[80.723011668726613,7.0524288517480143],[80.722919061215691,7.0523825555892987],[80.722936578485715,7.0523524384892902],[80.722953848772562,7.0523605187135772],[80.722958782759108,7.0523548872065174],[80.723031248484048,7.0523948463269619]]]},"properties":{"OBJECTID":452,"Shape_Length":31.708283000450439,"Shape_Area":50.223022020734689}},{"type":"Feature","id":453,"geometry":{"type":"Polygon","coordinates":[[[80.723207965681112,7.0524386254117335],[80.723205992102365,7.0524486648896039],[80.723191929193092,7.052446216208982],[80.723192422769856,7.0524361774665953],[80.723207965681112,7.0524386254117335]]]},"properties":{"OBJECTID":453,"Shape_Length":5.5580795088656494,"Shape_Area":1.8523191851109795}},{"type":"Feature","id":454,"geometry":{"type":"Polygon","coordinates":[[[80.723182060559679,7.0524949413732028],[80.72316207640533,7.0525270160421858],[80.723098146110857,7.0524841803882374],[80.723103373409614,7.0524783065568233],[80.723068077824024,7.0524547858140414],[80.723095956904871,7.0524168340054381],[80.723147026889265,7.0524528270494375],[80.723137898438935,7.0524643352212655],[80.723182060559679,7.0524949413732028]]]},"properties":{"OBJECTID":454,"Shape_Length":37.909469646067038,"Shape_Area":62.711320125827086}},{"type":"Feature","id":455,"geometry":{"type":"Polygon","coordinates":[[[80.723099657972654,7.0524905333726133],[80.723060923388914,7.0525314238668884],[80.723011826670529,7.0524802503068633],[80.723048094106602,7.0524435229996323],[80.723099657972654,7.0524905333726133]]]},"properties":{"OBJECTID":455,"Shape_Length":27.480755674824021,"Shape_Area":46.351414800003269}},{"type":"Feature","id":456,"geometry":{"type":"Polygon","coordinates":[[[80.723952737544053,7.0524836153515018],[80.723929246057594,7.0525374149182758],[80.723836486586237,7.0525051348991425],[80.723859375555904,7.0524483465086236],[80.723952737544053,7.0524836153515018]]]},"properties":{"OBJECTID":456,"Shape_Length":35.138310277246561,"Shape_Area":72.42898061408944}},{"type":"Feature","id":457,"geometry":{"type":"Polygon","coordinates":[[[80.723009458428578,7.0525454384727846],[80.722966194311041,7.0525775629169081],[80.722942666867667,7.052549356449715],[80.722987668135403,7.0525166055165815],[80.723009458428578,7.0525454384727846]]]},"properties":{"OBJECTID":457,"Shape_Length":20.160927981894766,"Shape_Area":24.354837227490176}},{"type":"Feature","id":458,"geometry":{"type":"Polygon","coordinates":[[[80.71059679786039,7.0525399011306558],[80.710572126824474,7.0525961405924891],[80.710543214596612,7.0525842809461921],[80.710569813347448,7.0525242156028325],[80.71059679786039,7.0525399011306558]]]},"properties":{"OBJECTID":458,"Shape_Length":20.954779645862594,"Shape_Area":24.167581039049551}},{"type":"Feature","id":459,"geometry":{"type":"Polygon","coordinates":[[[80.723485740897914,7.052644897769861],[80.723473404601009,7.0526707425910073],[80.723445307145212,7.0526551001800852],[80.723456956991768,7.0526319754606615],[80.723485740897914,7.052644897769861]]]},"properties":{"OBJECTID":459,"Shape_Length":13.0685983599467,"Shape_Area":10.599407566825759}},{"type":"Feature","id":460,"geometry":{"type":"Polygon","coordinates":[[[80.723438367720732,7.0526087650140266],[80.723389409940339,7.0526883418656645],[80.723367822563006,7.0526738034543666],[80.723362810849352,7.0526783940905018],[80.723157728626575,7.0525437272833154],[80.72321593780832,7.0524542040481606],[80.723334741931779,7.0525236662502033],[80.723325707506348,7.0525362189199914],[80.723438367720732,7.0526087650140266]]]},"properties":{"OBJECTID":460,"Shape_Length":84.596898483022528,"Shape_Area":345.95228195439199}},{"type":"Feature","id":461,"geometry":{"type":"Polygon","coordinates":[[[80.710318471615935,7.0526917848247299],[80.710311147222768,7.0527074700280812],[80.710268357386028,7.0526891063760564],[80.710279151178952,7.0526623266293216],[80.710263732069407,7.052655439895946],[80.710303822925056,7.0525567351179106],[80.710384391029564,7.0525896364513985],[80.71034391448282,7.0527017313681126],[80.710318471615935,7.0526917848247299]]]},"properties":{"OBJECTID":461,"Shape_Length":49.707444951675164,"Shape_Area":137.4730981273328}},{"type":"Feature","id":462,"geometry":{"type":"Polygon","coordinates":[[[80.723300306607257,7.0526875693881044],[80.723282306485828,7.0527211038520283],[80.723251989538454,7.0527049628991989],[80.723270464111778,7.0526703315566426],[80.723300306607257,7.0526875693881044]]]},"properties":{"OBJECTID":462,"Shape_Length":16.150567273516177,"Shape_Area":16.242324925732554}},{"type":"Feature","id":463,"geometry":{"type":"Polygon","coordinates":[[[80.728451821309989,7.0527246656667595],[80.728427209090086,7.0527316191242084],[80.728421639524512,7.0527039835929353],[80.728445533771875,7.0526984561664454],[80.728451821309989,7.0527246656667595]]]},"properties":{"OBJECTID":463,"Shape_Length":11.632750445915313,"Shape_Area":8.4286130501617649}},{"type":"Feature","id":464,"geometry":{"type":"Polygon","coordinates":[[[80.710545912910831,7.0525529088445102],[80.710446841376282,7.0527388418243842],[80.710369742367007,7.0526967585822442],[80.710400966991457,7.052634780374218],[80.710377837981753,7.0526236856819065],[80.710397728969937,7.052584556091019],[80.710423140730455,7.0525967986805069],[80.710454165314545,7.052541049359319],[80.710497726197659,7.0525670645092973],[80.710517386208622,7.0525353104704731],[80.710545912910831,7.0525529088445102]]]},"properties":{"OBJECTID":464,"Shape_Length":71.967516451485849,"Shape_Area":218.96446280205777}},{"type":"Feature","id":465,"geometry":{"type":"Polygon","coordinates":[[[80.728608916555785,7.0527474642052432],[80.72860330250758,7.0527650154768304],[80.728584214205455,7.0527594438437387],[80.728589266972492,7.0527424504770684],[80.728608916555785,7.0527474642052432]]]},"properties":{"OBJECTID":465,"Shape_Length":8.4351427872360638,"Shape_Area":4.4317194398221478}},{"type":"Feature","id":466,"geometry":{"type":"Polygon","coordinates":[[[80.710261081580683,7.0527705479177421],[80.71017073101541,7.0527944587389051],[80.71011772620264,7.052596594407829],[80.710205666664137,7.0525756729184295],[80.710261081580683,7.0527705479177421]]]},"properties":{"OBJECTID":466,"Shape_Length":65.364434663874164,"Shape_Area":228.69500677130412}},{"type":"Feature","id":467,"geometry":{"type":"Polygon","coordinates":[[[80.710767309665826,7.0527762732081678],[80.710753740704021,7.0528019818671526],[80.710732769492267,7.0527921879004811],[80.710746092171362,7.0527669684416585],[80.710767309665826,7.0527762732081678]]]},"properties":{"OBJECTID":467,"Shape_Length":11.484459313116753,"Shape_Area":8.1304447754469056}},{"type":"Feature","id":468,"geometry":{"type":"Polygon","coordinates":[[[80.727231201674428,7.052817946091734],[80.727216043121203,7.0528185033590756],[80.727215762267363,7.0527951023741027],[80.727230078865205,7.0527956600381696],[80.727231201674428,7.052817946091734]]]},"properties":{"OBJECTID":468,"Shape_Length":8.3139572428515098,"Shape_Area":4.1126736739082883}},{"type":"Feature","id":469,"geometry":{"type":"Polygon","coordinates":[[[80.710105659677083,7.0527823606162077],[80.710049011338029,7.052820330156357],[80.710017015671767,7.0527790119908413],[80.710076381482807,7.0527342505339572],[80.710110690408115,7.0527786292249202],[80.710106072488713,7.0527820785287334],[80.710105659677083,7.0527823606162077]]]},"properties":{"OBJECTID":469,"Shape_Length":28.422213388899127,"Shape_Area":49.313649126190157}},{"type":"Feature","id":470,"geometry":{"type":"Polygon","coordinates":[[[80.710122255255285,7.0528103831628242],[80.71008447693626,7.0528214782543008],[80.710073297282165,7.0528054097069974],[80.710105659677083,7.0527823606162077],[80.710106072488713,7.0527820785287334],[80.710122255255285,7.0528103831628242]]]},"properties":{"OBJECTID":470,"Shape_Length":14.564492105824378,"Shape_Area":12.440481584359377}},{"type":"Feature","id":471,"geometry":{"type":"Polygon","coordinates":[[[80.722257215041793,7.0528038799464374],[80.722247192064003,7.0528478764095057],[80.722214039972229,7.052840224767448],[80.722223290994833,7.0527946981147789],[80.722257215041793,7.0528038799464374]]]},"properties":{"OBJECTID":471,"Shape_Length":17.76830558928318,"Shape_Area":19.330007698138481}},{"type":"Feature","id":472,"geometry":{"type":"Polygon","coordinates":[[[80.723347391369174,7.0528635616432807],[80.723309227221861,7.0529029673374533],[80.723270677999182,7.0528662396262725],[80.723311154978518,7.052826451673412],[80.723347391369174,7.0528635616432807]]]},"properties":{"OBJECTID":472,"Shape_Length":23.954117086105747,"Shape_Area":35.821573223768823}},{"type":"Feature","id":473,"geometry":{"type":"Polygon","coordinates":[[[80.727264608360571,7.0528584611109819],[80.727213894454209,7.0529271547524406],[80.727125487373414,7.0528645822012539],[80.727176201141958,7.0527972486587442],[80.727264608360571,7.0528584611109819]]]},"properties":{"OBJECTID":473,"Shape_Length":42.609129902501635,"Shape_Area":111.79871695604896}},{"type":"Feature","id":474,"geometry":{"type":"Polygon","coordinates":[[[80.723747533663797,7.0528953159021333],[80.723715538367458,7.0529278350648443],[80.723691637236556,7.0529056449995204],[80.723722476721292,7.0528719781323206],[80.723747533663797,7.0528953159021333]]]},"properties":{"OBJECTID":474,"Shape_Length":17.477874635708964,"Shape_Area":18.632944748514404}},{"type":"Feature","id":475,"geometry":{"type":"Polygon","coordinates":[[[80.724070183707568,7.0529338199750775],[80.724058780325564,7.0529468788092631],[80.724047375771178,7.0529381725943452],[80.724060095315608,7.0529251139082136],[80.724070183707568,7.0529338199750775]]]},"properties":{"OBJECTID":475,"Shape_Length":6.9895573589314575,"Shape_Area":2.9971706404132323}},{"type":"Feature","id":476,"geometry":{"type":"Polygon","coordinates":[[[80.72353652427087,7.0529731942205194],[80.72352387557747,7.0529839541320873],[80.723483519294419,7.0529415118682897],[80.723460629840417,7.0529223830116319],[80.723484121622079,7.0528984719782404],[80.723507612265266,7.0529164053978146],[80.723554593941756,7.0529648250271419],[80.723543752664099,7.0529779761524596],[80.72353652427087,7.0529731942205194]]]},"properties":{"OBJECTID":476,"Shape_Length":28.874948963903222,"Shape_Area":39.694670945725996}},{"type":"Feature","id":477,"geometry":{"type":"Polygon","coordinates":[[[80.723649834743469,7.0529802326774194],[80.723633304131781,7.052994678139803],[80.72362516290228,7.0529853745319304],[80.723642185943419,7.0529709282212423],[80.723649834743469,7.0529802326774194]]]},"properties":{"OBJECTID":477,"Shape_Length":7.5916303053524707,"Shape_Area":3.3001095938095348}},{"type":"Feature","id":478,"geometry":{"type":"Polygon","coordinates":[[[80.72406184980953,7.0529956307648822],[80.724053955475512,7.0530043366214015],[80.724046060580847,7.0529938890902413],[80.72405220043899,7.0529869247471515],[80.72406184980953,7.0529956307648822]]]},"properties":{"OBJECTID":478,"Shape_Length":5.2091455706934413,"Shape_Area":1.6605651903203629}},{"type":"Feature","id":479,"geometry":{"type":"Polygon","coordinates":[[[80.727534872010111,7.0530001287395594],[80.727528942592045,7.0530120750213161],[80.727514929845455,7.0530056565337373],[80.727522295893152,7.0529929968984018],[80.727534872010111,7.0530001287395594]]]},"properties":{"OBJECTID":479,"Shape_Length":6.3942896997715799,"Shape_Area":2.5482977751155929}},{"type":"Feature","id":480,"geometry":{"type":"Polygon","coordinates":[[[80.723967988056103,7.0529843135694446],[80.723940794798125,7.0530173948670987],[80.723867109077261,7.0529499255896049],[80.723894740966074,7.0529203259575608],[80.723967988056103,7.0529843135694446]]]},"properties":{"OBJECTID":480,"Shape_Length":31.000509010108559,"Shape_Area":50.138325930557031}},{"type":"Feature","id":481,"geometry":{"type":"Polygon","coordinates":[[[80.727060382036839,7.0528101708289173],[80.726892478401581,7.0530543397363656],[80.726813666291108,7.0530019697212785],[80.726985160816398,7.0527583989745652],[80.727060382036839,7.0528101708289173]]]},"properties":{"OBJECTID":481,"Shape_Length":86.235654357890255,"Shape_Area":337.39161261927933}},{"type":"Feature","id":482,"geometry":{"type":"Polygon","coordinates":[[[80.724328243190371,7.0530530818745181],[80.724314768470265,7.0530602136043354],[80.724308121749559,7.0530505864305617],[80.724321774854062,7.0530429193665141],[80.724328243190371,7.0530530818745181]]]},"properties":{"OBJECTID":482,"Shape_Length":6.0398205481268246,"Shape_Area":2.2323164546005296}},{"type":"Feature","id":483,"geometry":{"type":"Polygon","coordinates":[[[80.72698477326341,7.0530493378173329],[80.726961419221908,7.0530819657330541],[80.726936087923463,7.0530662758961551],[80.726959442776362,7.0530345396361964],[80.72698477326341,7.0530493378173329]]]},"properties":{"OBJECTID":483,"Shape_Length":15.325630077097603,"Shape_Area":14.307781555540519}},{"type":"Feature","id":484,"geometry":{"type":"Polygon","coordinates":[[[80.717125919961404,7.0530647655791583],[80.71709486231849,7.0530946546567641],[80.717047805644185,7.0530432835943362],[80.717079804457796,7.0530152620493904],[80.717125919961404,7.0530647655791583]]]},"properties":{"OBJECTID":484,"Shape_Length":24.643114687521606,"Shape_Area":35.904725463535769}},{"type":"Feature","id":485,"geometry":{"type":"Polygon","coordinates":[[[80.723590252653423,7.0530594411947032],[80.723502744940461,7.0531478162880248],[80.723417165782649,7.0530647968020155],[80.7234059861877,7.0530758914737675],[80.723346373491111,7.0530181839838635],[80.723360498061581,7.0530039670496132],[80.723302288917083,7.0529500243761882],[80.723368979354618,7.0528807777316462],[80.723425260724781,7.0529320434060638],[80.72344106632876,7.0529171221990916],[80.723590252653423,7.0530594411947032]]]},"properties":{"OBJECTID":485,"Shape_Length":93.052102033323223,"Shape_Area":416.69876075881774}},{"type":"Feature","id":486,"geometry":{"type":"Polygon","coordinates":[[[80.724108780897993,7.0531323105530719],[80.724084657962734,7.0531584280750463],[80.724003076545429,7.0530792054578848],[80.724028077281375,7.0530552647243487],[80.724108780897993,7.0531323105530719]]]},"properties":{"OBJECTID":486,"Shape_Length":32.65607003820547,"Shape_Area":48.254446110329994}},{"type":"Feature","id":487,"geometry":{"type":"Polygon","coordinates":[[[80.727032530280241,7.0531222993815152],[80.727024197039825,7.0531645218627155],[80.726996126480955,7.0531584283278814],[80.727003582398737,7.0531179465602856],[80.727032530280241,7.0531222993815152]]]},"properties":{"OBJECTID":487,"Shape_Length":15.717917903285038,"Shape_Area":14.905579681434309}},{"type":"Feature","id":488,"geometry":{"type":"Polygon","coordinates":[[[80.724296504776262,7.0531118524600469],[80.724236853830647,7.0531762746010553],[80.724197379475228,7.0531388405927835],[80.724177642636946,7.0531614751901497],[80.724107903488175,7.0530944404638811],[80.724125009567274,7.0530739822601243],[80.724085973909567,7.0530395949281237],[80.724065359122704,7.0530613594714771],[80.724039920277363,7.0530369826181047],[80.724142114875022,7.0529233732605814],[80.724228520448108,7.0529995479487093],[80.724249134980667,7.052979960083734],[80.724288609521793,7.0530156541861793],[80.724250012465973,7.0530657118330629],[80.724296504776262,7.0531118524600469]]]},"properties":{"OBJECTID":488,"Shape_Length":98.50550402338537,"Shape_Area":401.47316382487588}},{"type":"Feature","id":489,"geometry":{"type":"Polygon","coordinates":[[[80.723795335497414,7.0531677099584327],[80.723779915165906,7.0531856914219837],[80.723752930516625,7.0531589107099766],[80.723771049037452,7.0531428430820071],[80.723795335497414,7.0531677099584327]]]},"properties":{"OBJECTID":489,"Shape_Length":13.338652240139554,"Shape_Area":10.621763534756761}},{"type":"Feature","id":490,"geometry":{"type":"Polygon","coordinates":[[[80.724338302957946,7.053188229227727],[80.724330937499616,7.0531948253815129],[80.724322493951547,7.0531851980072835],[80.724329859429872,7.0531784227992986],[80.724338302957946,7.053188229227727]]]},"properties":{"OBJECTID":490,"Shape_Length":5.0446528116243989,"Shape_Area":1.5639180999072135}},{"type":"Feature","id":491,"geometry":{"type":"Polygon","coordinates":[[[80.724347645112246,7.0532001744608275],[80.724336327024673,7.0532114074995969],[80.724330758077372,7.0532046317511305],[80.724341357374954,7.0531939339865808],[80.724347645112246,7.0532001744608275]]]},"properties":{"OBJECTID":491,"Shape_Length":5.3755719613873962,"Shape_Area":1.6653942997493751}},{"type":"Feature","id":492,"geometry":{"type":"Polygon","coordinates":[[[80.723765266454549,7.0532002293414351],[80.72374444999744,7.0532201228202522],[80.723672748595007,7.0531436078759473],[80.723692407987585,7.0531256268952314],[80.723712839535736,7.0531474340431135],[80.723722091084937,7.0531439905535995],[80.723749846746827,7.0531726839802706],[80.723745991835784,7.053177657276211],[80.723765266454549,7.0532002293414351]]]},"properties":{"OBJECTID":492,"Shape_Length":30.499694243752081,"Shape_Area":39.943627908628521}},{"type":"Feature","id":493,"geometry":{"type":"Polygon","coordinates":[[[80.723857075689324,7.0532316926713037],[80.723835857960651,7.0532539734999951],[80.72379120250929,7.0532143079288483],[80.723813654277123,7.0531898234262149],[80.723857075689324,7.0532316926713037]]]},"properties":{"OBJECTID":493,"Shape_Length":20.340563737928594,"Shape_Area":23.453603486682319}},{"type":"Feature","id":494,"geometry":{"type":"Polygon","coordinates":[[[80.724133370848179,7.0532276470807904],[80.724089466692035,7.0532765321266657],[80.72405520120239,7.0532361488161932],[80.724093750612951,7.0531915152607914],[80.724133370848179,7.0532276470807904]]]},"properties":{"OBJECTID":494,"Shape_Length":25.562126940603598,"Shape_Area":40.37026936470324}},{"type":"Feature","id":495,"geometry":{"type":"Polygon","coordinates":[[[80.724078625086207,7.0531638840334461],[80.723960567457084,7.053295395215418],[80.72374854560212,7.0530879667192847],[80.723804562506217,7.0530210157666158],[80.723822030431435,7.0530347651306107],[80.723876842658797,7.0529743893060246],[80.724078625086207,7.0531638840334461]]]},"properties":{"OBJECTID":495,"Shape_Length":104.03107445934432,"Shape_Area":610.93310418716226}},{"type":"Feature","id":496,"geometry":{"type":"Polygon","coordinates":[[[80.723909369389347,7.0532780600688882],[80.72388226363968,7.0533055572286294],[80.723853351816487,7.0532786578400923],[80.723880456593676,7.0532517575296643],[80.723909369389347,7.0532780600688882]]]},"properties":{"OBJECTID":496,"Shape_Length":17.172827371891334,"Shape_Area":18.414704662927427}},{"type":"Feature","id":497,"geometry":{"type":"Polygon","coordinates":[[[80.724337294898447,7.0532742140788542],[80.724284662010078,7.0533220961873662],[80.724246064437608,7.0532877080135536],[80.724294311136219,7.0532441796948202],[80.724300013224465,7.0532502736052463],[80.72432325994545,7.0532319918620159],[80.724337294898447,7.0532742140788542]]]},"properties":{"OBJECTID":497,"Shape_Length":29.869595178069211,"Shape_Area":49.631747275977588}},{"type":"Feature","id":498,"geometry":{"type":"Polygon","coordinates":[[[80.724331154179538,7.0533212251018336],[80.724311417291133,7.0533442955843801],[80.724293434592624,7.0533277545613959],[80.724312733168546,7.0533064257408817],[80.724331154179538,7.0533212251018336]]]},"properties":{"OBJECTID":498,"Shape_Length":11.847119579838392,"Shape_Area":8.6725184385515437}},{"type":"Feature","id":499,"geometry":{"type":"Polygon","coordinates":[[[80.723262462126598,7.0532965903411515],[80.72318476073977,7.0534053859185857],[80.723092604090851,7.0533408263050497],[80.723107662710035,7.0533199039915031],[80.723010686644244,7.0532487685380119],[80.723045019543449,7.0532057288939338],[80.723062487590099,7.0532182818776761],[80.723084773952579,7.0531919797187008],[80.723185965473959,7.0532637133902707],[80.723197410606261,7.0532499645903748],[80.723262462126598,7.0532965903411515]]]},"properties":{"OBJECTID":499,"Shape_Length":80.157056647846488,"Shape_Area":298.14273308230469}},{"type":"Feature","id":500,"geometry":{"type":"Polygon","coordinates":[[[80.723803430159393,7.0533808054168716],[80.723753701489045,7.0534251844770814],[80.723731990419978,7.0533994135749012],[80.723723361007359,7.0534084864943525],[80.723496544204963,7.0531805852393248],[80.723606658302003,7.0530853145947789],[80.723820777561016,7.0533077333133898],[80.723776060097904,7.0533521120370741],[80.723803430159393,7.0533808054168716]]]},"properties":{"OBJECTID":500,"Shape_Length":109.57617698544232,"Shape_Area":577.67175305145361}},{"type":"Feature","id":501,"geometry":{"type":"Polygon","coordinates":[[[80.724419068294509,7.0533859784268005],[80.724387910440782,7.0534255378189883],[80.724330645387028,7.0533784573194866],[80.724373313445014,7.053333883886018],[80.724383418996069,7.0533430764693339],[80.724405313952474,7.0533274758646067],[80.724418507461266,7.0533419626503981],[80.724403068687238,7.0533631345550489],[80.724419068294509,7.0533859784268005]]]},"properties":{"OBJECTID":501,"Shape_Length":33.205700924262935,"Shape_Area":57.886432185296151}},{"type":"Feature","id":502,"geometry":{"type":"Polygon","coordinates":[[[80.724613781724926,7.0534107313002181],[80.724564438451466,7.0534739844439898],[80.72453908156379,7.0534529002371729],[80.724531542434121,7.053458340660403],[80.724506185700506,7.0534358963623793],[80.724563752661609,7.0533733241839887],[80.724613781724926,7.0534107313002181]]]},"properties":{"OBJECTID":502,"Shape_Length":33.583688085915199,"Shape_Area":66.533171067414969}},{"type":"Feature","id":503,"geometry":{"type":"Polygon","coordinates":[[[80.724121938968523,7.0534539876516513],[80.724106587719575,7.0534774935925624],[80.724083342080348,7.0534618228262786],[80.724096939097137,7.0534378826182014],[80.724121938968523,7.0534539876516513]]]},"properties":{"OBJECTID":503,"Shape_Length":12.531613289600312,"Shape_Area":9.8001662713745823}},{"type":"Feature","id":504,"geometry":{"type":"Polygon","coordinates":[[[80.728959240593824,7.0534617531895414],[80.728949696247327,7.0534784684777811],[80.728930888695047,7.0534712257135705],[80.728940713062244,7.0534514457312341],[80.728959240593824,7.0534617531895414]]]},"properties":{"OBJECTID":504,"Shape_Length":9.1392242094745608,"Shape_Area":5.1994401304229658}},{"type":"Feature","id":505,"geometry":{"type":"Polygon","coordinates":[[[80.723955824523543,7.0534290352251876],[80.723919119078886,7.0534888126314526],[80.723830651917936,7.0534402436722772],[80.723901237528921,7.0533300292196586],[80.723990646739551,7.0533888721918094],[80.723966176582465,7.0534355736813117],[80.723955824523543,7.0534290352251876]]]},"properties":{"OBJECTID":505,"Shape_Length":52.385278921982355,"Shape_Area":161.00414978028815}},{"type":"Feature","id":506,"geometry":{"type":"Polygon","coordinates":[[[80.724384883648497,7.0534318152345152],[80.724311553896499,7.0535147923967854],[80.724110069268917,7.053339317396774],[80.724120520242522,7.0533275425817923],[80.724182628154679,7.0532531524695576],[80.724384883648497,7.0534318152345152]]]},"properties":{"OBJECTID":506,"Shape_Length":84.046858004019157,"Shape_Area":366.06301059577544}},{"type":"Feature","id":507,"geometry":{"type":"Polygon","coordinates":[[[80.723652774625762,7.0534771187172032],[80.72361000889822,7.053520159259425],[80.723579891891362,7.0534884767969004],[80.723567243750708,7.0535022254697219],[80.723461232942995,7.0533976149697448],[80.72347327905662,7.053384463983468],[80.723429911205258,7.0533414236215615],[80.723417864887324,7.0533563678629321],[80.72337811026857,7.0533163175715412],[80.723483518571669,7.0532105111544636],[80.723718654675366,7.0534421120032791],[80.723670845157102,7.0534932591631465],[80.723652774625762,7.0534771187172032]]]},"properties":{"OBJECTID":507,"Shape_Length":110.54921151895776,"Shape_Area":558.42903291056439}},{"type":"Feature","id":508,"geometry":{"type":"Polygon","coordinates":[[[80.724236047372074,7.0534985261820262],[80.724197096453992,7.0535394673862948],[80.724121517735114,7.0534728968265421],[80.724161378477291,7.0534311092917905],[80.724236047372074,7.0534985261820262]]]},"properties":{"OBJECTID":508,"Shape_Length":34.87874854869343,"Shape_Area":70.211076350515242}},{"type":"Feature","id":509,"geometry":{"type":"Polygon","coordinates":[[[80.724516193660591,7.0535734654591673],[80.724504491256937,7.0535892272674676],[80.72449800428366,7.0535837409717139],[80.72448054373146,7.0535684506814871],[80.724488964887158,7.0535598145088771],[80.724484473770673,7.0535553575454371],[80.724512264183559,7.0535247134116617],[80.72455212390939,7.0535567504853427],[80.724529667322187,7.0535840519632371],[80.724516193660591,7.0535734654591673]]]},"properties":{"OBJECTID":509,"Shape_Length":23.73205131035871,"Shape_Area":30.127139463912524}},{"type":"Feature","id":510,"geometry":{"type":"Polygon","coordinates":[[[80.724504491256937,7.0535892272674676],[80.724504404344401,7.053589344818695],[80.72449800428366,7.0535837409717139],[80.724504491256937,7.0535892272674676]]]},"properties":{"OBJECTID":510,"Shape_Length":1.8952646404189761,"Shape_Area":0.0075702292898674308}},{"type":"Feature","id":511,"geometry":{"type":"Polygon","coordinates":[[[80.724524218291947,7.0534678206816341],[80.724411208892363,7.0535924091039419],[80.724325873490514,7.0535210916448658],[80.724438552839814,7.0533934303444177],[80.724524218291947,7.0534678206816341]]]},"properties":{"OBJECTID":511,"Shape_Length":62.243552078348969,"Shape_Area":232.16671703054641}},{"type":"Feature","id":512,"geometry":{"type":"Polygon","coordinates":[[[80.723479603367039,7.0536102359280051],[80.723472291076632,7.0536187682119769],[80.723410612812501,7.0535594689025558],[80.723394807393532,7.0535805105103151],[80.723321177509035,7.0535154719527249],[80.723341994433696,7.0534917523374876],[80.723318479594965,7.0534714758275321],[80.723303445287826,7.0534856311630989],[80.723288411277721,7.0534733886456698],[80.723303830470414,7.0534577032538275],[80.723229258309175,7.0533926085067762],[80.723329020250702,7.0532926677711947],[80.723566189553779,7.0535149653367935],[80.723479603367039,7.0536102359280051]]]},"properties":{"OBJECTID":512,"Shape_Length":114.9455447678295,"Shape_Area":595.12912896042474}},{"type":"Feature","id":513,"geometry":{"type":"Polygon","coordinates":[[[80.723329923832566,7.0535608071523157],[80.723277521063778,7.0536295517136764],[80.723235357007553,7.053595478656554],[80.72322571955695,7.0536092276633173],[80.723177532990263,7.053576947170126],[80.72319018239142,7.0535602097478298],[80.723165486835683,7.0535428739271131],[80.72315223506402,7.0535631986966223],[80.723104048644032,7.0535297235960668],[80.7231221182452,7.0535064097139317],[80.723049838108807,7.0534567943563671],[80.723101638795029,7.0533892461597505],[80.723329923832566,7.0535608071523157]]]},"properties":{"OBJECTID":513,"Shape_Length":92.54795485622347,"Shape_Area":324.74374080897843}},{"type":"Feature","id":514,"geometry":{"type":"Polygon","coordinates":[[[80.723910648818517,7.0535635352079238],[80.723850415502667,7.0536298508671544],[80.72376853588834,7.0535616671471768],[80.723831592638106,7.05349441675527],[80.723910648818517,7.0535635352079238]]]},"properties":{"OBJECTID":514,"Shape_Length":43.473380079374977,"Shape_Area":117.3470701167046}},{"type":"Feature","id":515,"geometry":{"type":"Polygon","coordinates":[[[80.724056674932484,7.0537183287194409],[80.724055551384097,7.0537280798194564],[80.723970496828827,7.0537272437167289],[80.72397105905911,7.0537183290449423],[80.723903969188243,7.0537172146127842],[80.723904390675685,7.0536159151279847],[80.72409211392484,7.0536189620685361],[80.724095184199612,7.0536446440484131],[80.724113166854067,7.053645514208096],[80.724112658627618,7.0536894123032559],[80.724089483752081,7.0536883426116335],[80.724088956236699,7.0537186072549822],[80.724056674932484,7.0537183287194409]]]},"properties":{"OBJECTID":515,"Shape_Length":70.005405822392461,"Shape_Area":251.55298800672165}},{"type":"Feature","id":516,"geometry":{"type":"Polygon","coordinates":[[[80.724541685339588,7.0536603141661161],[80.724449577757056,7.0537621713522345],[80.724385541654769,7.0537077606338494],[80.724411419516869,7.0536759840908658],[80.724417998704453,7.0536825139773365],[80.724441244653121,7.0536550905104711],[80.724401331587785,7.0536224439133619],[80.724461420364193,7.0535527984793882],[80.72449800428366,7.0535837409717139],[80.724504404344401,7.053589344818695],[80.724504491256937,7.0535892272674676],[80.724589054538242,7.0536607489832699],[80.724569756234814,7.0536877370167836],[80.724541685339588,7.0536603141661161]]]},"properties":{"OBJECTID":516,"Shape_Length":76.357214305522234,"Shape_Area":236.10707231130095}},{"type":"Feature","id":517,"geometry":{"type":"Polygon","coordinates":[[[80.72318690713378,7.0537522080588095],[80.723166201672157,7.0537905025204442],[80.723134202335132,7.0537783602479749],[80.723153967079554,7.0537419330902846],[80.72318690713378,7.0537522080588095]]]},"properties":{"OBJECTID":517,"Shape_Length":16.988480282358744,"Shape_Area":17.590063094024885}},{"type":"Feature","id":518,"geometry":{"type":"Polygon","coordinates":[[[80.724348364182092,7.053755380412845],[80.724323275085212,7.0537921850304413],[80.724282632501499,7.053766919359024],[80.724307582264728,7.0537295278277314],[80.724348364182092,7.053755380412845]]]},"properties":{"OBJECTID":518,"Shape_Length":20.517234818791241,"Shape_Area":26.262545911034856}},{"type":"Feature","id":519,"geometry":{"type":"Polygon","coordinates":[[[80.708092791596542,7.0537372632517261],[80.708034440106573,7.0538073155648542],[80.707996795040756,7.0537792943805711],[80.708054204985061,7.0537101769953123],[80.708092791596542,7.0537372632517261]]]},"properties":{"OBJECTID":519,"Shape_Length":30.405590205903351,"Shape_Area":51.883432371889292}},{"type":"Feature","id":520,"geometry":{"type":"Polygon","coordinates":[[[80.724391681965912,7.0537939470387681],[80.724363172797496,7.0538326874147597],[80.72431799653252,7.0538030877638986],[80.724324897095684,7.053793193522627],[80.724346505946386,7.0537621707049807],[80.724391681965912,7.0537939470387681]]]},"properties":{"OBJECTID":520,"Shape_Length":22.901933549730348,"Shape_Area":32.66678856125079}},{"type":"Feature","id":521,"geometry":{"type":"Polygon","coordinates":[[[80.72467589925408,7.0538435694782535],[80.724641248967188,7.0538844867797312],[80.724524141417163,7.0538000406033818],[80.724568002161604,7.0537508534717874],[80.724557475721582,7.0537412774162567],[80.724593002806984,7.0537034077589942],[80.724653179134577,7.0537498085046044],[80.724646442498667,7.0537590019250391],[80.724666688074336,7.0537769710985279],[80.724654846279648,7.0537926406548666],[80.724682916913324,7.0538144052010781],[80.724666688684238,7.0538366052323003],[80.72467589925408,7.0538435694782535]]]},"properties":{"OBJECTID":521,"Shape_Length":59.540317169553219,"Shape_Area":182.74626874492324}},{"type":"Feature","id":522,"geometry":{"type":"Polygon","coordinates":[[[80.723788299633128,7.0537736904980406],[80.723713948977135,7.0538857728196103],[80.723661245490106,7.0538605545640021],[80.723632069897505,7.0537727558632461],[80.723677244181147,7.0537475378274914],[80.723693244037278,7.0537839645313811],[80.723728066243311,7.0537363291655861],[80.723788299633128,7.0537736904980406]]]},"properties":{"OBJECTID":522,"Shape_Length":56.025062783584161,"Shape_Area":158.79137539726077}},{"type":"Feature","id":523,"geometry":{"type":"Polygon","coordinates":[[[80.724316242006793,7.0538618517503711],[80.724285732587319,7.0539225305742397],[80.72419927434531,7.0538785142301315],[80.724231590454409,7.0538187580151321],[80.724316242006793,7.0538618517503711]]]},"properties":{"OBJECTID":523,"Shape_Length":36.235277888290241,"Shape_Area":79.650386954413165}},{"type":"Feature","id":524,"geometry":{"type":"Polygon","coordinates":[[[80.725055293792735,7.0538884039450851],[80.725024152430933,7.0539345440794641],[80.724960115707987,7.0538849217863433],[80.725009678199854,7.0538283343302535],[80.725028977252308,7.0538435696401516],[80.725018011896694,7.0538574984963738],[80.725055293792735,7.0538884039450851]]]},"properties":{"OBJECTID":524,"Shape_Length":33.450194075601956,"Shape_Area":59.031954636500494}},{"type":"Feature","id":525,"geometry":{"type":"Polygon","coordinates":[[[80.724439052010396,7.0539328035249094],[80.72440834929732,7.0539898261905218],[80.724342997186255,7.0539580503185197],[80.72437633086318,7.0538971095549252],[80.724439052010396,7.0539328035249094]]]},"properties":{"OBJECTID":525,"Shape_Length":30.842984878851706,"Shape_Area":59.335326213894355}},{"type":"Feature","id":526,"geometry":{"type":"Polygon","coordinates":[[[80.72457616396774,7.0539657665941169],[80.724547778950651,7.0539951853182892],[80.724521070998151,7.053970237727774],[80.724550896068038,7.0539419441329709],[80.72457616396774,7.0539657665941169]]]},"properties":{"OBJECTID":526,"Shape_Length":16.93955814437949,"Shape_Area":17.831168312254448}},{"type":"Feature","id":527,"geometry":{"type":"Polygon","coordinates":[[[80.724774831989464,7.0539704829386976],[80.724745637015047,7.054006366531568],[80.724696951637256,7.0539650149579574],[80.724675898574105,7.0539880844048906],[80.724611725041527,7.0539317149566161],[80.724637082127472,7.0539024695206187],[80.724688481125796,7.0539453180425227],[80.724713838735113,7.0539194728259487],[80.724774831989464,7.0539704829386976]]]},"properties":{"OBJECTID":527,"Shape_Length":49.52851665740755,"Shape_Area":85.301461552856765}},{"type":"Feature","id":528,"geometry":{"type":"Polygon","coordinates":[[[80.724111693112775,7.0539924553086291],[80.724078850267915,7.0540269991600351],[80.724040393133563,7.053991061894556],[80.724074639885998,7.0539570752612999],[80.724111693112775,7.0539924553086291]]]},"properties":{"OBJECTID":528,"Shape_Length":22.08082564348172,"Shape_Area":30.416414271227335}},{"type":"Feature","id":529,"geometry":{"type":"Polygon","coordinates":[[[80.725095562996628,7.0540412167774162],[80.725044849163837,7.0540969875189328],[80.724950274850784,7.0540194528964397],[80.724997561737823,7.0539623207933682],[80.725014009285317,7.0539786445843431],[80.725048961117508,7.0539364757167746],[80.725077059009521,7.053957560197623],[80.725063352883652,7.053969803110272],[80.725090080155709,7.0540004089696486],[80.725070205979037,7.0540208126442874],[80.725095562996628,7.0540412167774162]]]},"properties":{"OBJECTID":529,"Shape_Length":55.810411412434803,"Shape_Area":149.32723004741325}},{"type":"Feature","id":530,"geometry":{"type":"Polygon","coordinates":[[[80.724045313814599,7.0541197808015959],[80.724039720218173,7.0541228430873542],[80.724014208760266,7.0540755952005938],[80.724021574921494,7.0540709596066531],[80.724024269290155,7.0540747037725176],[80.724039720183129,7.054066858769283],[80.724063434390601,7.0541098281397545],[80.724045313814599,7.0541197808015959]]]},"properties":{"OBJECTID":530,"Shape_Length":17.737747413174489,"Shape_Area":16.680913435340294}},{"type":"Feature","id":531,"geometry":{"type":"Polygon","coordinates":[[[80.725392992871306,7.0540412168665965],[80.725337481355567,7.0541724829296237],[80.72523125643481,7.0541248735760851],[80.725288824222602,7.0539970079746608],[80.725392992871306,7.0540412168665965]]]},"properties":{"OBJECTID":531,"Shape_Length":56.626568197603149,"Shape_Area":198.21424287138262}},{"type":"Feature","id":532,"geometry":{"type":"Polygon","coordinates":[[[80.724097747503279,7.0541378196287843],[80.724081759112849,7.0541841757217822],[80.724029300170713,7.0541652768866436],[80.724045313814599,7.0541197808015959],[80.724097747503279,7.0541378196287843]]]},"properties":{"OBJECTID":532,"Shape_Length":23.041724487097284,"Shape_Area":33.034585092872703}},{"type":"Feature","id":533,"geometry":{"type":"Polygon","coordinates":[[[80.724156045454933,7.0541930345827728],[80.724154922063931,7.0542013921338356],[80.724098500482299,7.0541874629761461],[80.724111974268993,7.0541325825295793],[80.72417344959527,7.0541465113476063],[80.724160817500248,7.0541947062913115],[80.724156045454933,7.0541930345827728]]]},"properties":{"OBJECTID":533,"Shape_Length":26.633185306508885,"Shape_Area":43.207980914377387}},{"type":"Feature","id":534,"geometry":{"type":"Polygon","coordinates":[[[80.724390365938092,7.0541408700706665],[80.724300013842509,7.0542065982370517],[80.724229315614991,7.0541099109425751],[80.724304015241543,7.0540575404823418],[80.724321834294813,7.0540806648977954],[80.724339652477397,7.0540711426452205],[80.724390365938092,7.0541408700706665]]]},"properties":{"OBJECTID":534,"Shape_Length":50.659854423467436,"Shape_Area":154.79717947723483}},{"type":"Feature","id":535,"geometry":{"type":"Polygon","coordinates":[[[80.724111939971138,7.0542444390265047],[80.724107808564952,7.0542529969978398],[80.724072955342905,7.0542383775512549],[80.724091100518393,7.0542028969899873],[80.72412271944593,7.0542175169767907],[80.72411966551293,7.0542235791603636],[80.724123976797287,7.0542253620483013],[80.724120922944451,7.0542307107275501],[80.724125953765537,7.0542333853505284],[80.724122000704924,7.0542417642876769],[80.724117509324941,7.0542396250795125],[80.724114814777607,7.0542455091533549],[80.724111939971138,7.0542444390265047]]]},"properties":{"OBJECTID":535,"Shape_Length":18.686341447428127,"Shape_Area":18.976157771615981}},{"type":"Feature","id":536,"geometry":{"type":"Polygon","coordinates":[[[80.724659141570385,7.0542149063919721],[80.724582042414553,7.0542659165525814],[80.724510297911067,7.054151143793189],[80.724590609148905,7.0541043842805351],[80.724659141570385,7.0542149063919721]]]},"properties":{"OBJECTID":536,"Shape_Length":49.824611669740293,"Shape_Area":150.19316690539526}},{"type":"Feature","id":537,"geometry":{"type":"Polygon","coordinates":[[[80.72472167182687,7.0542746595969721],[80.72468770604452,7.0542975033420818],[80.724670022025805,7.0542727095905713],[80.724705110507429,7.0542476368353508],[80.72472167182687,7.0542746595969721]]]},"properties":{"OBJECTID":537,"Shape_Length":16.159499547050842,"Shape_Area":15.939218524801182}},{"type":"Feature","id":538,"geometry":{"type":"Polygon","coordinates":[[[80.724062850414569,7.0542557157477779],[80.72404600813789,7.0543205704059204],[80.72399645200062,7.0543112133180772],[80.724009796029833,7.0542431796021852],[80.724062850414569,7.0542557157477779]]]},"properties":{"OBJECTID":538,"Shape_Length":26.669677760793554,"Shape_Area":43.662388340807404}},{"type":"Feature","id":539,"geometry":{"type":"Polygon","coordinates":[[[80.724064534592642,7.0543236905637938],[80.724093440180297,7.0543342742911515],[80.724064256616558,7.0543243886635745],[80.724064534592642,7.0543236905637938]]]},"properties":{"OBJECTID":539,"Shape_Length":6.8883327664814882,"Shape_Area":0.14122474173863814}},{"type":"Feature","id":540,"geometry":{"type":"Polygon","coordinates":[[[80.724110973822107,7.0542792912087],[80.724093464619884,7.0543342824327224],[80.724093440180297,7.0543342742911515],[80.724064534592642,7.0543236905637938],[80.724064256616558,7.0543243886635745],[80.724058341335237,7.0543223849421581],[80.724072815181017,7.0542692797792563],[80.724110973822107,7.0542792912087]]]},"properties":{"OBJECTID":540,"Shape_Length":21.002772646061011,"Shape_Area":26.191382524650187}},{"type":"Feature","id":541,"geometry":{"type":"Polygon","coordinates":[[[80.724093440180297,7.0543342742911515],[80.724085026457132,7.0543571208589926],[80.724055551526718,7.054346255825295],[80.724064256616558,7.0543243886635745],[80.724093440180297,7.0543342742911515]]]},"properties":{"OBJECTID":541,"Shape_Length":12.169277266124457,"Shape_Area":9.0951203018479632}},{"type":"Feature","id":542,"geometry":{"type":"Polygon","coordinates":[[[80.724307030645065,7.0543389255908053],[80.72427939933165,7.0543628660434186],[80.724235099693189,7.0543132431456872],[80.724264486098292,7.0542901737470718],[80.724307030645065,7.0543389255908053]]]},"properties":{"OBJECTID":542,"Shape_Length":22.674119525659421,"Shape_Area":29.598595748250375}},{"type":"Feature","id":543,"geometry":{"type":"Polygon","coordinates":[[[80.724745532349488,7.0543456988792412],[80.724658793612477,7.0544053152515502],[80.724618371409832,7.0543512698169213],[80.724706794540239,7.0542933248124342],[80.724745532349488,7.0543456988792412]]]},"properties":{"OBJECTID":543,"Shape_Length":37.974891023163046,"Shape_Area":85.350500394632007}},{"type":"Feature","id":544,"geometry":{"type":"Polygon","coordinates":[[[80.724648407419949,7.0543961217389368],[80.724588055136678,7.0544496097729539],[80.724525457337094,7.0543785715991483],[80.724552685887289,7.054354055942925],[80.724571492821227,7.0543746709851707],[80.724608546854469,7.0543465346375651],[80.724648407419949,7.0543961217389368]]]},"properties":{"OBJECTID":544,"Shape_Length":38.686459874747314,"Shape_Area":78.820814485957627}},{"type":"Feature","id":545,"geometry":{"type":"Polygon","coordinates":[[[80.724747373386819,7.0544611511394937],[80.724713914906943,7.0544885364111583],[80.724648687488013,7.0544172944913752],[80.724727339982252,7.0543582198134249],[80.724799709163619,7.0544484956258069],[80.724761860885508,7.054480092713038],[80.724747373386819,7.0544611511394937]]]},"properties":{"OBJECTID":545,"Shape_Length":47.200001156663774,"Shape_Area":123.77623932681186}},{"type":"Feature","id":546,"geometry":{"type":"Polygon","coordinates":[[[80.724486859445378,7.0544677698130389],[80.724451771578202,7.0544951928655459],[80.724403337727452,7.0544303987387842],[80.724426872546871,7.0544104304768105],[80.724430115425633,7.0544146105811851],[80.724473245020761,7.0543799638556477],[80.724515369402326,7.0544303352613209],[80.724502649215367,7.0544407822977622],[80.724514491496677,7.0544534060415289],[80.72449124543283,7.0544734285989295],[80.724486859445378,7.0544677698130389]]]},"properties":{"OBJECTID":546,"Shape_Length":39.146398925241996,"Shape_Area":84.999076359533547}},{"type":"Feature","id":547,"geometry":{"type":"Polygon","coordinates":[[[80.724316049224015,7.0544922332695652],[80.724299768223062,7.0545003124064642],[80.724289100579355,7.0544824826486492],[80.724304820415739,7.0544738463915015],[80.724316049224015,7.0544922332695652]]]},"properties":{"OBJECTID":547,"Shape_Length":8.6688985115000605,"Shape_Area":4.6573119287826961}},{"type":"Feature","id":548,"geometry":{"type":"Polygon","coordinates":[[[80.724403524733603,7.0544904045648122],[80.724346505573237,7.0545178278750633],[80.724310540092048,7.0544442650867314],[80.724387734353769,7.0544094422163797],[80.724414928649495,7.0544647232980546],[80.724396506627514,7.0544747347201682],[80.724403524733603,7.0544904045648122]]]},"properties":{"OBJECTID":548,"Shape_Length":36.42745481225537,"Shape_Area":79.101621418646758}},{"type":"Feature","id":549,"geometry":{"type":"Polygon","coordinates":[[[80.724686425731093,7.0544716877866822],[80.724636424204192,7.0545274043023323],[80.724612301319098,7.0545038984821939],[80.724619318525455,7.0544951934237554],[80.724594756473536,7.054472993384393],[80.72464081014769,7.0544277239830109],[80.724686425731093,7.0544716877866822]]]},"properties":{"OBJECTID":549,"Shape_Length":31.032075717813058,"Shape_Area":55.555400141877115}},{"type":"Feature","id":550,"geometry":{"type":"Polygon","coordinates":[[[80.724755287071986,7.0545391573026643],[80.724686863698679,7.0545870386075356],[80.724650898307488,7.0545365449145221],[80.724718882701339,7.0544882285907162],[80.724755287071986,7.0545391573026643]]]},"properties":{"OBJECTID":550,"Shape_Length":32.219044295917456,"Shape_Area":63.513528548451262}},{"type":"Feature","id":551,"geometry":{"type":"Polygon","coordinates":[[[80.712231322662447,7.0546116595356132],[80.712201717021017,7.0546119041465989],[80.7122004831608,7.0545795837741183],[80.712231076445306,7.0545788500649511],[80.712231322662447,7.0546116595356132]]]},"properties":{"OBJECTID":551,"Shape_Length":13.85622344188706,"Shape_Area":11.978518146834386}},{"type":"Feature","id":552,"geometry":{"type":"Polygon","coordinates":[[[80.725493049967866,7.0546077692520175],[80.725452616109962,7.0546342938113566],[80.7254190353692,7.0545798838504874],[80.725456042195574,7.0545526779703929],[80.725493049967866,7.0546077692520175]]]},"properties":{"OBJECTID":552,"Shape_Length":24.824781781160738,"Shape_Area":37.48093856702252}},{"type":"Feature","id":553,"geometry":{"type":"Polygon","coordinates":[[[80.712173098078608,7.0546185152661769],[80.712140284437595,7.0546381027198608],[80.712111912746195,7.0545913367026278],[80.712146452643097,7.0545715044195214],[80.712173098078608,7.0546185152661769]]]},"properties":{"OBJECTID":553,"Shape_Length":20.644999541603781,"Shape_Area":25.913374210540848}},{"type":"Feature","id":554,"geometry":{"type":"Polygon","coordinates":[[[80.724801559610384,7.0546179707452783],[80.724694649003936,7.0546635399772635],[80.724669292436531,7.0545982474474611],[80.724775517488879,7.0545553983239166],[80.724801559610384,7.0546179707452783]]]},"properties":{"OBJECTID":554,"Shape_Length":40.734193901776962,"Shape_Area":97.109610651278473}},{"type":"Feature","id":555,"geometry":{"type":"Polygon","coordinates":[[[80.72573976558769,7.0546376945903484],[80.725713038511103,7.0546710211090051],[80.725686996488989,7.0546478967562081],[80.725714409118055,7.0546200115754862],[80.72573976558769,7.0546376945903484]]]},"properties":{"OBJECTID":555,"Shape_Length":16.309409907717829,"Shape_Area":16.35583676830035}},{"type":"Feature","id":556,"geometry":{"type":"Polygon","coordinates":[[[80.724828972747517,7.0547084287662667],[80.724796077236832,7.0547199913106802],[80.724778258514249,7.0546771429047617],[80.724811839412979,7.054664220348065],[80.724828972747517,7.0547084287662667]]]},"properties":{"OBJECTID":556,"Shape_Length":18.200959757772718,"Shape_Area":20.288030430257876}},{"type":"Feature","id":557,"geometry":{"type":"Polygon","coordinates":[[[80.725373283148329,7.0546997774152018],[80.725277666646335,7.0547715993700182],[80.725255243332626,7.0547431155167795],[80.725240165952741,7.0547539981942169],[80.725209326501172,7.0547131894134223],[80.725222347936409,7.0547043475495723],[80.725196990714025,7.0546689806317389],[80.725299789352405,7.054594846243452],[80.725373283148329,7.0546997774152018]]]},"properties":{"OBJECTID":557,"Shape_Length":59.649996198817654,"Shape_Area":206.27898931308835}},{"type":"Feature","id":558,"geometry":{"type":"Polygon","coordinates":[[[80.724841994043771,7.0547744017761458],[80.724758384130894,7.054813169535211],[80.724732342078639,7.0547580785078079],[80.724816935370242,7.0547162958767293],[80.724841994043771,7.0547744017761458]]]},"properties":{"OBJECTID":558,"Shape_Length":34.341497539213286,"Shape_Area":70.719993864305621}},{"type":"Feature","id":559,"geometry":{"type":"Polygon","coordinates":[[[80.724534668041898,7.0547903170754678],[80.724516684950686,7.0548173043472007],[80.724480719409343,7.0547924931801189],[80.724500017812616,7.0547650701765248],[80.724534668041898,7.0547903170754678]]]},"properties":{"OBJECTID":559,"Shape_Length":16.858211254127216,"Shape_Area":17.433829647907871}},{"type":"Feature","id":560,"geometry":{"type":"Polygon","coordinates":[[[80.724658354854384,7.0547772580497581],[80.724628968424796,7.0548329750432712],[80.724542562574769,7.0547881403640549],[80.724574142273909,7.0547328594995333],[80.724658354854384,7.0547772580497581]]]},"properties":{"OBJECTID":560,"Shape_Length":35.278026103401821,"Shape_Area":74.452677864588196}},{"type":"Feature","id":561,"geometry":{"type":"Polygon","coordinates":[[[80.724791690822755,7.0548812916366597],[80.724773707864927,7.0548908681466456],[80.724749584426874,7.0548395040139011],[80.724783795858755,7.0548220925109097],[80.724777216759236,7.0548064227207163],[80.724824586291476,7.0547885758879447],[80.724854411538047,7.0548651864022114],[80.724793445145707,7.0548891268138156],[80.724791690822755,7.0548812916366597]]]},"properties":{"OBJECTID":561,"Shape_Length":37.453051185400589,"Shape_Area":77.33782809848725}},{"type":"Feature","id":562,"geometry":{"type":"Polygon","coordinates":[[[80.72459394959418,7.0548499333834469],[80.724556615546163,7.05490481480612],[80.724502439265095,7.0548702702837831],[80.7245397732855,7.0548156682986232],[80.72459394959418,7.0548499333834469]]]},"properties":{"OBJECTID":562,"Shape_Length":28.833505834620741,"Shape_Area":51.920650033185062}},{"type":"Feature","id":563,"geometry":{"type":"Polygon","coordinates":[[[80.724730654631387,7.0548571767471708],[80.724703987664952,7.0549190225876854],[80.724648407063867,7.0548956208926246],[80.724675636137377,7.0548340545508763],[80.724730654631387,7.0548571767471708]]]},"properties":{"OBJECTID":563,"Shape_Length":28.146565751366239,"Shape_Area":49.343161312412349}},{"type":"Feature","id":564,"geometry":{"type":"Polygon","coordinates":[[[80.724888041845702,7.0550028982643997],[80.724811689492398,7.0550283933028872],[80.724797744131777,7.0549936823509123],[80.724804480884401,7.0549917324899267],[80.724796620900079,7.0549680530426766],[80.724865956140889,7.054942144863106],[80.724888041845702,7.0550028982643997]]]},"properties":{"OBJECTID":564,"Shape_Length":31.888408619059099,"Shape_Area":60.588432049836861}},{"type":"Feature","id":565,"geometry":{"type":"Polygon","coordinates":[[[80.725003976512113,7.0550227589642649],[80.724995204710751,7.0550506181251329],[80.72494081747837,7.0550323359221379],[80.724959677196225,7.0549853244897962],[80.724975467256797,7.0549883719644377],[80.724989502843201,7.0549439725636969],[80.725013187475525,7.0549526783008751],[80.725017134610638,7.0549404903820472],[80.725078977913157,7.0549596433480826],[80.725051346074508,7.0550375587750374],[80.725003976512113,7.0550227589642649]]]},"properties":{"OBJECTID":565,"Shape_Length":48.075617201429218,"Shape_Area":110.0219304280776}},{"type":"Feature","id":566,"geometry":{"type":"Polygon","coordinates":[[[80.702325544608186,7.055062696514935],[80.702233941351622,7.0550749616397006],[80.702215765868644,7.0549378755412642],[80.702223035682152,7.0549371532462004],[80.702302280599184,7.0549277736355025],[80.702325544608186,7.055062696514935]]]},"properties":{"OBJECTID":566,"Shape_Length":50.263928398402783,"Shape_Area":150.73080371182732}},{"type":"Feature","id":567,"geometry":{"type":"Polygon","coordinates":[[[80.702643046355121,7.0550326811016726],[80.702554641622413,7.0550936341772115],[80.70251183456719,7.0550303724142642],[80.702561155154527,7.0549929696448839],[80.702547661702681,7.054973113285846],[80.70258907243614,7.0549481779473009],[80.702643046355121,7.0550326811016726]]]},"properties":{"OBJECTID":567,"Shape_Length":46.231094823567688,"Shape_Area":117.02335823033972}},{"type":"Feature","id":568,"geometry":{"type":"Polygon","coordinates":[[[80.730998864827285,7.0550839426808931],[80.730994654304411,7.0551159803354384],[80.730969390266424,7.0551134729206018],[80.730972478390711,7.0550808790032544],[80.730998864827285,7.0550839426808931]]]},"properties":{"OBJECTID":568,"Shape_Length":12.932836086913046,"Shape_Area":10.319299848539265}},{"type":"Feature","id":569,"geometry":{"type":"Polygon","coordinates":[[[80.725130874182341,7.0551160412505922],[80.725083803024262,7.055136804561891],[80.725062749419138,7.0550906641054709],[80.725109688571365,7.0550684692514656],[80.725130874182341,7.0551160412505922]]]},"properties":{"OBJECTID":569,"Shape_Length":22.786419505513805,"Shape_Area":32.447409148651417}},{"type":"Feature","id":570,"geometry":{"type":"Polygon","coordinates":[[[80.725216262312316,7.0551150396127396],[80.725144769265839,7.0551472506804398],[80.725130874182341,7.0551160412505922],[80.725109688571365,7.0550684692514656],[80.725180734389355,7.0550366885936233],[80.725216262312316,7.0551150396127396]]]},"properties":{"OBJECTID":570,"Shape_Length":36.31001061496849,"Shape_Area":82.200748471736546}},{"type":"Feature","id":571,"geometry":{"type":"Polygon","coordinates":[[[80.724692127224756,7.0550858754787571],[80.724643881070662,7.055163792210271],[80.724576773699326,7.0551228753631916],[80.724629845703006,7.0550432174644726],[80.724692127224756,7.0550858754787571]]]},"properties":{"OBJECTID":571,"Shape_Length":37.74011280275456,"Shape_Area":88.127270397904979}},{"type":"Feature","id":572,"geometry":{"type":"Polygon","coordinates":[[[80.702917659904855,7.0551947794022949],[80.702892645799153,7.0552385180506141],[80.702863761038031,7.055224923459912],[80.702886987505508,7.0551802992075272],[80.702917659904855,7.0551947794022949]]]},"properties":{"OBJECTID":572,"Shape_Length":18.407325148062732,"Shape_Area":20.208489434347833}},{"type":"Feature","id":573,"geometry":{"type":"Polygon","coordinates":[[[80.704794296912937,7.0551825692123957],[80.704768397295098,7.0552465310101402],[80.704714788922175,7.0552250118447519],[80.704740689175196,7.0551628433055669],[80.704794296912937,7.0551825692123957]]]},"properties":{"OBJECTID":573,"Shape_Length":27.769621677844274,"Shape_Area":47.825199262862355}},{"type":"Feature","id":574,"geometry":{"type":"Polygon","coordinates":[[[80.724631496902305,7.0552293301400129],[80.724611376338515,7.0552587479753353],[80.724579038302423,7.055238600770168],[80.724599519139133,7.055209182976272],[80.724631496902305,7.0552293301400129]]]},"properties":{"OBJECTID":574,"Shape_Length":16.289156865096963,"Shape_Area":16.55304748709386}},{"type":"Feature","id":575,"geometry":{"type":"Polygon","coordinates":[[[80.724644791329069,7.0552648096917947],[80.724632395956093,7.0552846010513335],[80.724609040621999,7.0552694457589089],[80.72463580926194,7.0552296860147221],[80.724667607698208,7.0552507248104162],[80.724655032230373,7.0552701589462714],[80.724644791329069,7.0552648096917947]]]},"properties":{"OBJECTID":575,"Shape_Length":19.005913263924093,"Shape_Area":19.189232348313876}},{"type":"Feature","id":576,"geometry":{"type":"Polygon","coordinates":[[[80.702807293045396,7.0552617174336749],[80.702709582712956,7.0552945023892537],[80.702702603103262,7.0552746470641612],[80.70266444922099,7.0552884996502909],[80.702641650642377,7.055226161654919],[80.702782167957025,7.0551772143323541],[80.702807293045396,7.0552617174336749]]]},"properties":{"OBJECTID":576,"Shape_Length":51.72545717771483,"Shape_Area":145.56207301679405}},{"type":"Feature","id":577,"geometry":{"type":"Polygon","coordinates":[[[80.701906959659752,7.0555553997715572],[80.701807387883804,7.0556403649855657],[80.701772956077079,7.0556038857658576],[80.701874389028319,7.0555184587518704],[80.701906959659752,7.0555553997715572]]]},"properties":{"OBJECTID":577,"Shape_Length":40.110565103200422,"Shape_Area":79.937727173247964}},{"type":"Feature","id":578,"geometry":{"type":"Polygon","coordinates":[[[80.725103101350783,7.0556843927623882],[80.725052065375237,7.0557539343684956],[80.725013186863208,7.0557283569672062],[80.725062749465479,7.0556560995458986],[80.725103101350783,7.0556843927623882]]]},"properties":{"OBJECTID":578,"Shape_Length":29.810382854291511,"Shape_Area":50.862060719255034}},{"type":"Feature","id":579,"geometry":{"type":"Polygon","coordinates":[[[80.73279318534513,7.0558289077615566],[80.73277344777965,7.0558528476476354],[80.732750202341379,7.0558306481590369],[80.732768184506995,7.0558088838909097],[80.73279318534513,7.0558289077615566]]]},"properties":{"OBJECTID":579,"Shape_Length":13.64279847725942,"Shape_Area":11.598297556201144}},{"type":"Feature","id":580,"geometry":{"type":"Polygon","coordinates":[[[80.728501615268129,7.056102021606379],[80.728477629003052,7.056120384867766],[80.728459809805543,7.0560958996173868],[80.728484481796613,7.0560816175998538],[80.728501615268129,7.056102021606379]]]},"properties":{"OBJECTID":580,"Shape_Length":12.781107439564202,"Shape_Area":10.155460351188221}},{"type":"Feature","id":581,"geometry":{"type":"Polygon","coordinates":[[[80.702315948000077,7.0561122892536039],[80.702255461142244,7.0561806304289165],[80.702219168029842,7.056150614985051],[80.70228244759916,7.0560813509534022],[80.702315948000077,7.0561122892536039]]]},"properties":{"OBJECTID":581,"Shape_Length":30.702464403695529,"Shape_Area":52.370370012684539}},{"type":"Feature","id":582,"geometry":{"type":"Polygon","coordinates":[[[80.72620150043889,7.0563230408624982],[80.726185058608351,7.0563448357880008],[80.726160683336389,7.0563265786638656],[80.726178044809046,7.056305240517263],[80.72620150043889,7.0563230408624982]]]},"properties":{"OBJECTID":582,"Shape_Length":12.678268139561609,"Shape_Area":10.023164223345837}},{"type":"Feature","id":583,"geometry":{"type":"Polygon","coordinates":[[[80.73352383355045,7.0563723864857488],[80.733491832929673,7.0563790718509782],[80.733483691829846,7.0563361704076559],[80.733515131244729,7.0563292055580398],[80.73352383355045,7.0563723864857488]]]},"properties":{"OBJECTID":583,"Shape_Length":16.868562811974041,"Shape_Area":17.380389283943543}},{"type":"Feature","id":584,"geometry":{"type":"Polygon","coordinates":[[[80.727790441885176,7.056682064936866],[80.727762810387503,7.0566994755369619],[80.72774570458958,7.0566742298058553],[80.727772898056713,7.0566559474016497],[80.727790441885176,7.056682064936866]]]},"properties":{"OBJECTID":584,"Shape_Length":14.079242999182773,"Shape_Area":12.377143531363505}},{"type":"Feature","id":585,"geometry":{"type":"Polygon","coordinates":[[[80.72548907501232,7.056825708267974],[80.725457057161918,7.0568313666824309],[80.725449600914246,7.0567987210118019],[80.725482495814347,7.0567939326444042],[80.72548907501232,7.056825708267974]]]},"properties":{"OBJECTID":585,"Shape_Length":14.555252979823836,"Shape_Area":13.21898150796576}},{"type":"Feature","id":586,"geometry":{"type":"Polygon","coordinates":[[[80.69619524647041,7.0570136184927392],[80.696082735685096,7.0570381024218154],[80.696063551865166,7.0569736450282203],[80.696201657691446,7.0569422402687572],[80.696209649962299,7.0569779313068342],[80.696188320889988,7.0569811234842836],[80.69619524647041,7.0570136184927392]]]},"properties":{"OBJECTID":586,"Shape_Length":45.904667127879648,"Shape_Area":106.66080018400567}},{"type":"Feature","id":587,"geometry":{"type":"Polygon","coordinates":[[[80.696455663085615,7.0569721416315341],[80.69643468478273,7.0570411815176204],[80.696365187947933,7.0570221627176686],[80.696388498867705,7.0569379958673801],[80.696432371212623,7.0569508039613522],[80.696428485268797,7.0569659306625239],[80.696455663085615,7.0569721416315341]]]},"properties":{"OBJECTID":587,"Shape_Length":35.451974818182251,"Shape_Area":72.371559923370398}},{"type":"Feature","id":588,"geometry":{"type":"Polygon","coordinates":[[[80.696355872133211,7.0570081976031807],[80.696360901294867,7.0571144788947722],[80.696354704235972,7.0571144778308934],[80.696275187423552,7.0571124782985972],[80.696267733664456,7.0570194312275847],[80.696355872133211,7.0570081976031807]]]},"properties":{"OBJECTID":588,"Shape_Length":41.375438344477971,"Shape_Area":106.26028796958862}},{"type":"Feature","id":589,"geometry":{"type":"Polygon","coordinates":[[[80.696559318598759,7.0570454694311247],[80.696522030509072,7.0571288579938587],[80.69643273534993,7.0570916057419728],[80.696468081846845,7.057007828902754],[80.696559318598759,7.0570454694311247]]]},"properties":{"OBJECTID":589,"Shape_Length":41.74776735755988,"Shape_Area":108.77962416227273}},{"type":"Feature","id":590,"geometry":{"type":"Polygon","coordinates":[[[80.69620511322907,7.0571082458166838],[80.696109189807686,7.0571412467224919],[80.696097020785032,7.0571010279668869],[80.69619070712865,7.0570697656747505],[80.69620511322907,7.0571082458166838]]]},"properties":{"OBJECTID":590,"Shape_Length":31.308591789769341,"Shape_Area":50.788001105141959}},{"type":"Feature","id":591,"geometry":{"type":"Polygon","coordinates":[[[80.696354704235972,7.0571144778308934],[80.696354698940652,7.0571452606845639],[80.69628114529641,7.0571452480508796],[80.696275430756259,7.057144998382455],[80.696275187423552,7.0571124782985972],[80.696354704235972,7.0571144778308934]]]},"properties":{"OBJECTID":591,"Shape_Length":24.54484827240821,"Shape_Area":30.807741724660858}},{"type":"Feature","id":592,"geometry":{"type":"Polygon","coordinates":[[[80.696253306058296,7.057195140609263],[80.69621578205691,7.0572025811845362],[80.696207836306542,7.0571700597760278],[80.696245608546505,7.0571613776206714],[80.696253306058296,7.057195140609263]]]},"properties":{"OBJECTID":592,"Shape_Length":16.038986510539704,"Shape_Area":16.012770882085491}},{"type":"Feature","id":593,"geometry":{"type":"Polygon","coordinates":[[[80.696812911292781,7.0571865478198896],[80.6967987436676,7.0572088873874277],[80.696765200971896,7.057188774233536],[80.696780102979432,7.0571649327265442],[80.696761137272915,7.0571530151479873],[80.69680100090747,7.0570892334414372],[80.6968800112991,7.0571465912951012],[80.696869318232231,7.0571615151768325],[80.696839994235916,7.0572024403381022],[80.696812911292781,7.0571865478198896]]]},"properties":{"OBJECTID":593,"Shape_Length":42.998973201051669,"Shape_Area":97.196303667686834}},{"type":"Feature","id":594,"geometry":{"type":"Polygon","coordinates":[[[80.704916242298268,7.0572051186812548],[80.704903288730534,7.0572111765051],[80.70489197240336,7.0571955138536389],[80.704920560179843,7.0571813286417191],[80.70492919586583,7.0571990599527332],[80.704916242298268,7.0572051186812548]]]},"properties":{"OBJECTID":594,"Shape_Length":11.002902360369902,"Shape_Area":7.160445158664257}},{"type":"Feature","id":595,"geometry":{"type":"Polygon","coordinates":[[[80.704721044110983,7.057215609500874],[80.704686500943694,7.0572416167899767],[80.70466327371787,7.0572094033482307],[80.704697519793172,7.057184578858271],[80.704721044110983,7.057215609500874]]]},"properties":{"OBJECTID":595,"Shape_Length":18.147198467627739,"Shape_Area":20.544313073631059}},{"type":"Feature","id":596,"geometry":{"type":"Polygon","coordinates":[[[80.696772263743355,7.0571656774469762],[80.696706725479643,7.0572674865999891],[80.696657517626491,7.0572398170241728],[80.696695873375731,7.0571803215183602],[80.696598157857281,7.0571171619700586],[80.696657021916579,7.057015958485013],[80.696683712807655,7.0570323266144674],[80.696694027613617,7.0570220255264005],[80.696798363218647,7.0570887112018168],[80.696757890796363,7.057155338680885],[80.696772263743355,7.0571656774469762]]]},"properties":{"OBJECTID":596,"Shape_Length":82.578339372806596,"Shape_Area":307.41958463009934}},{"type":"Feature","id":597,"geometry":{"type":"Polygon","coordinates":[[[80.696966193751962,7.057224741444883],[80.696933181332355,7.05727981578754],[80.696890865263455,7.0572495538377158],[80.696880767655003,7.0572654553847931],[80.696797686107644,7.0572157916456435],[80.696812911292781,7.0571865478198896],[80.696839994235916,7.0572024403381022],[80.696869318232231,7.0571615151768325],[80.696949111001885,7.0572173692778177],[80.696966193751962,7.057224741444883]]]},"properties":{"OBJECTID":597,"Shape_Length":51.125293697304059,"Shape_Area":116.80178904777604}},{"type":"Feature","id":598,"geometry":{"type":"Polygon","coordinates":[[[80.705270677139339,7.0572510279647931],[80.705110007250354,7.0573736845129451],[80.70502625558413,7.0572666994498583],[80.705005317496287,7.0572823996620482],[80.704974782917176,7.0572474206274851],[80.705120185364166,7.0571377522664749],[80.705139814573414,7.0571630046283405],[80.705190705293248,7.0571283726439074],[80.705204518604702,7.0571413598034693],[80.705228510086172,7.0571247647771127],[80.705308481941543,7.0572474209959326],[80.705280128607228,7.0572676226707456],[80.705270677139339,7.0572510279647931]]]},"properties":{"OBJECTID":598,"Shape_Length":103.31113931015418,"Shape_Area":516.57953644581687}},{"type":"Feature","id":599,"geometry":{"type":"Polygon","coordinates":[[[80.702670200106013,7.0575386227058727],[80.702650844644921,7.0575631518820554],[80.702625532440152,7.0575392133907382],[80.70264548415355,7.0575164576702196],[80.702670200106013,7.0575386227058727]]]},"properties":{"OBJECTID":599,"Shape_Length":14.318746068391047,"Shape_Area":12.758997299042088}},{"type":"Feature","id":600,"geometry":{"type":"Polygon","coordinates":[[[80.703287627211338,7.0575452427704279],[80.70326094615983,7.0575797598789096],[80.70321806461024,7.0575506803486716],[80.703245222857561,7.0575152165004447],[80.703287627211338,7.0575452427704279]]]},"properties":{"OBJECTID":600,"Shape_Length":21.227548771958681,"Shape_Area":27.946097727122389}},{"type":"Feature","id":601,"geometry":{"type":"Polygon","coordinates":[[[80.703471539443257,7.0575114339465275],[80.703442475462197,7.0575948912782582],[80.703380774158376,7.057574322031817],[80.703406919910918,7.057489860458138],[80.703471539443257,7.0575114339465275]]]},"properties":{"OBJECTID":601,"Shape_Length":34.260067595533513,"Shape_Area":71.886502338907434}},{"type":"Feature","id":602,"geometry":{"type":"Polygon","coordinates":[[[80.697579912253474,7.0575750964371284],[80.697533385476845,7.0576332811862299],[80.697522516472262,7.0576181519797974],[80.697553200414987,7.057553768191787],[80.697579912253474,7.0575750964371284]]]},"properties":{"OBJECTID":602,"Shape_Length":21.957350730533264,"Shape_Area":22.664274449820727}},{"type":"Feature","id":603,"geometry":{"type":"Polygon","coordinates":[[[80.705063478642344,7.0575858069291293],[80.704987142065605,7.0576521854767282],[80.704919539786005,7.0575951915566231],[80.704982689237227,7.0575172185943522],[80.704924755078551,7.0574631054928174],[80.7049043075329,7.0574969264259408],[80.704824790398789,7.0574315395317955],[80.704822518729301,7.057411247273766],[80.704947483948587,7.0572511693484561],[80.705173256963604,7.0574386194293721],[80.705063478642344,7.0575858069291293]]]},"properties":{"OBJECTID":603,"Shape_Length":133.98599422429083,"Shape_Area":822.71950183903004}},{"type":"Feature","id":604,"geometry":{"type":"Polygon","coordinates":[[[80.709641937868099,7.0576485590978786],[80.709599354623833,7.0576636315351147],[80.70958506062388,7.0576246209801266],[80.709627643864849,7.0576095494484647],[80.709641937868099,7.0576485590978786]]]},"properties":{"OBJECTID":604,"Shape_Length":19.16893604419981,"Shape_Area":22.924851989663495}},{"type":"Feature","id":605,"geometry":{"type":"Polygon","coordinates":[[[80.697628514537215,7.0576139033474439],[80.697562626727517,7.0576958583431075],[80.697512796524848,7.0576597144235285],[80.697533385476845,7.0576332811862299],[80.697579912253474,7.0575750964371284],[80.697628514537215,7.0576139033474439]]]},"properties":{"OBJECTID":605,"Shape_Length":37.238690863565566,"Shape_Area":80.713696070322101}},{"type":"Feature","id":606,"geometry":{"type":"Polygon","coordinates":[[[80.703251179052316,7.057705743796201],[80.703224378119771,7.0577426853500249],[80.703182687772269,7.0577138709677083],[80.703207106838548,7.0576785848417289],[80.703251179052316,7.057705743796201]]]},"properties":{"OBJECTID":606,"Shape_Length":21.109705002815602,"Shape_Area":27.673612344459801}},{"type":"Feature","id":607,"geometry":{"type":"Polygon","coordinates":[[[80.697646356124622,7.0577267810492375],[80.697611405029008,7.0577644000393649],[80.69759160572832,7.0577515961255957],[80.697583839063029,7.0577620676751023],[80.697538809389158,7.0577246901810193],[80.697562626727517,7.0576958583431075],[80.697628514537215,7.0576139033474439],[80.697632398163677,7.0576069217937976],[80.697687136598034,7.0576527010927803],[80.697634709590631,7.0577166932656121],[80.697646356124622,7.0577267810492375]]]},"properties":{"OBJECTID":607,"Shape_Length":51.564158653154124,"Shape_Area":134.36552789527639}},{"type":"Feature","id":608,"geometry":{"type":"Polygon","coordinates":[[[80.703091817060681,7.0577617093806531],[80.70308832746251,7.0577790255460666],[80.702921987162298,7.0577490113899302],[80.702933037143723,7.0576739749409967],[80.703102143625458,7.0577047147880858],[80.703099378041799,7.0577172653311848],[80.703115663221212,7.0577201508456309],[80.703105775851441,7.0577645954339152],[80.703091817060681,7.0577617093806531]]]},"properties":{"OBJECTID":608,"Shape_Length":57.859169644867485,"Shape_Area":166.08320900515503}},{"type":"Feature","id":609,"geometry":{"type":"Polygon","coordinates":[[[80.697545555438992,7.0577488862479312],[80.69751711110078,7.0577858145310834],[80.69744602612964,7.0577308771675753],[80.69750386320267,7.0576532344050111],[80.697512796524848,7.0576597144235285],[80.697562626727517,7.0576958583431075],[80.697538809389158,7.0577246901810193],[80.697531338968986,7.0577337329633458],[80.697545555438992,7.0577488862479312]]]},"properties":{"OBJECTID":609,"Shape_Length":41.532629884753781,"Shape_Area":96.434953031758241}},{"type":"Feature","id":610,"geometry":{"type":"Polygon","coordinates":[[[80.70340297942623,7.0577328490923401],[80.703370408420113,7.0577888382271636],[80.703275606408454,7.0577386212617839],[80.703307594557629,7.057682055993916],[80.703273861280906,7.0576630076529945],[80.703309921152794,7.0575943206903506],[80.703446599507657,7.0576647393512637],[80.703408752403675,7.0577357329502908],[80.70340297942623,7.0577328490923401]]]},"properties":{"OBJECTID":610,"Shape_Length":65.652980977582914,"Shape_Area":234.26893771140521}},{"type":"Feature","id":611,"geometry":{"type":"Polygon","coordinates":[[[80.703551822382465,7.0577317799652688],[80.703460104012933,7.0578573206186705],[80.703405788425087,7.0578185468758443],[80.703383157188355,7.0578478639135298],[80.703359125601324,7.0578309738878975],[80.703413098992868,7.0577545062912348],[80.703402676715555,7.057746748355588],[80.70344732714409,7.0576888014598795],[80.703493932963994,7.0577223235434303],[80.703510370386581,7.0577010448857083],[80.703551822382465,7.0577317799652688]]]},"properties":{"OBJECTID":611,"Shape_Length":66.78961851603448,"Shape_Area":196.99471592812617}},{"type":"Feature","id":612,"geometry":{"type":"Polygon","coordinates":[[[80.697796601375771,7.0578160197126918],[80.697792704524389,7.0578959233520475],[80.697717381204342,7.0578951347434593],[80.697718170285526,7.0578163944327024],[80.697796601375771,7.0578160197126918]]]},"properties":{"OBJECTID":612,"Shape_Length":34.539978537146155,"Shape_Area":74.500101419362053}},{"type":"Feature","id":613,"geometry":{"type":"Polygon","coordinates":[[[80.703982147608045,7.0578531390769772],[80.703957952229331,7.0579404115942879],[80.703873269262218,7.0579205559616582],[80.703873735126933,7.0579284063865106],[80.703850005137454,7.0579219413680852],[80.703864429243367,7.0578549854696533],[80.703889089096563,7.0578600652224743],[80.703896999521632,7.0578323591672296],[80.703982147608045,7.0578531390769772]]]},"properties":{"OBJECTID":613,"Shape_Length":46.434217056267627,"Shape_Area":117.31711347294721}},{"type":"Feature","id":614,"geometry":{"type":"Polygon","coordinates":[[[80.703316318994055,7.0579354480335086],[80.703243618057186,7.0580381902434803],[80.703185545634483,7.0580064912405591],[80.703215709196826,7.0579308329059716],[80.703244780502246,7.0578875398058454],[80.703316318994055,7.0579354480335086]]]},"properties":{"OBJECTID":614,"Shape_Length":45.508680325519734,"Shape_Area":125.28844067382266}},{"type":"Feature","id":615,"geometry":{"type":"Polygon","coordinates":[[[80.703424638423016,7.0579576821972738],[80.70338071480974,7.0580389523733134],[80.703323391264632,7.0580112460523097],[80.703368803341064,7.0579281295050826],[80.703424638423016,7.0579576821972738]]]},"properties":{"OBJECTID":615,"Shape_Length":34.699587835745852,"Shape_Area":72.432199010729235}},{"type":"Feature","id":616,"geometry":{"type":"Polygon","coordinates":[[[80.703215709196826,7.0579308329059716],[80.70317053222935,7.0580440893654384],[80.703082922085002,7.0580053664210771],[80.703088327209443,7.0579931680716461],[80.703065063033762,7.0579833562195295],[80.703092398625813,7.0579256354261188],[80.703117408317581,7.0579337166937393],[80.703134274494715,7.0578973523463047],[80.703215709196826,7.0579308329059716]]]},"properties":{"OBJECTID":616,"Shape_Length":52.455078878707027,"Shape_Area":155.80297782105293}},{"type":"Feature","id":617,"geometry":{"type":"Polygon","coordinates":[[[80.704111963170263,7.057979661945236],[80.704093351375874,7.0580480026111809],[80.703945389648908,7.0580105998041152],[80.7039640011334,7.0579385650202262],[80.703998897514751,7.0579468765685816],[80.704005411740937,7.0579214799133938],[80.704085441573199,7.0579436444189643],[80.704079857835652,7.0579695033242471],[80.704111963170263,7.057979661945236]]]},"properties":{"OBJECTID":617,"Shape_Length":55.601710374193431,"Shape_Area":164.47900493599104}},{"type":"Feature","id":618,"geometry":{"type":"Polygon","coordinates":[[[80.702475076764784,7.0580396913322465],[80.702457210284379,7.0580589006549248],[80.702440831940748,7.0580441242744723],[80.702460187375394,7.0580256531090475],[80.702475076764784,7.0580396913322465]]]},"properties":{"OBJECTID":618,"Shape_Length":10.556330845513548,"Shape_Area":6.8737240793020256}},{"type":"Feature","id":619,"geometry":{"type":"Polygon","coordinates":[[[80.703160156341568,7.0581153911070542],[80.703147433869034,7.058142447999459],[80.703041108238281,7.0580937457106971],[80.703082922085002,7.0580053664210771],[80.70317053222935,7.0580440893654384],[80.703191054643412,7.0580531619569422],[80.703177423059003,7.0580820219101561],[80.703194689582077,7.058090139034161],[80.703177423007489,7.0581226066303877],[80.703160156341568,7.0581153911070542]]]},"properties":{"OBJECTID":619,"Shape_Length":51.869791138819011,"Shape_Area":150.09768380971539}},{"type":"Feature","id":620,"geometry":{"type":"Polygon","coordinates":[[[80.703351472296262,7.0580715193831782],[80.703328125815986,7.0581476472297373],[80.703237599988398,7.0581202223597108],[80.703256762449044,7.0580795872921893],[80.703276117699602,7.0580851283495907],[80.703283190182574,7.0580673967604035],[80.703299569099968,7.0580729382542593],[80.703305524319717,7.0580566841390491],[80.703351472296262,7.0580715193831782]]]},"properties":{"OBJECTID":620,"Shape_Length":37.715703926265725,"Shape_Area":75.183937060185627}},{"type":"Feature","id":621,"geometry":{"type":"Polygon","coordinates":[[[80.704045891526874,7.0581214228539348],[80.704022627104976,7.0581537466691922],[80.70399052250842,7.0581329668708657],[80.704014717775493,7.0580987965919642],[80.704045891526874,7.0581214228539348]]]},"properties":{"OBJECTID":621,"Shape_Length":17.513567183670521,"Shape_Area":19.141559098350584}},{"type":"Feature","id":622,"geometry":{"type":"Polygon","coordinates":[[[80.703004136188113,7.0581372446414186],[80.702983067568226,7.0581820989283646],[80.70292833211775,7.058159553888208],[80.702972213541031,7.0580651359242159],[80.70302486185129,7.0580916153020778],[80.703016762130346,7.0581081647867503],[80.703028197706018,7.0581136024200104],[80.70301557097099,7.0581419732924759],[80.703004136188113,7.0581372446414186]]]},"properties":{"OBJECTID":622,"Shape_Length":38.279190550349291,"Shape_Area":78.294288271418026}},{"type":"Feature","id":623,"geometry":{"type":"Polygon","coordinates":[[[80.702863244377937,7.0581045685515633],[80.702817878633795,7.0581859541977519],[80.702536495491984,7.0580271311004079],[80.702541706445373,7.0580178961645279],[80.702522722317781,7.0580068134977996],[80.702531656376934,7.0579920375142562],[80.702550267850668,7.0580012726075472],[80.702591287704166,7.057931320448505],[80.702734462819095,7.0580069763250926],[80.702748994212214,7.0579838064725093],[80.702780440268796,7.0580013017823084],[80.702775914192927,7.0580128862375417],[80.702795776862857,7.0580266458029968],[80.702785308351238,7.0580422309105817],[80.70283997986644,7.0580739773549981],[80.702832418352287,7.058087252399412],[80.702863244377937,7.0581045685515633]]]},"properties":{"OBJECTID":623,"Shape_Length":106.37039154682483,"Shape_Area":456.03794966003045}},{"type":"Feature","id":624,"geometry":{"type":"Polygon","coordinates":[[[80.704209682576945,7.0581597522904422],[80.704172924973321,7.058233634499218],[80.704094281755204,7.0582063870729241],[80.70412685243744,7.0581288110016107],[80.704209682576945,7.0581597522904422]]]},"properties":{"OBJECTID":624,"Shape_Length":37.390559351832806,"Shape_Area":87.010652860766612}},{"type":"Feature","id":625,"geometry":{"type":"Polygon","coordinates":[[[80.703290727987024,7.0581588259244672],[80.703240128381395,7.0582402116955354],[80.703181967324696,7.058202116463475],[80.703230822504239,7.0581213073773075],[80.703290727987024,7.0581588259244672]]]},"properties":{"OBJECTID":625,"Shape_Length":36.527544959832454,"Shape_Area":81.450328086466868}},{"type":"Feature","id":626,"geometry":{"type":"Polygon","coordinates":[[[80.703719724015173,7.0582091575142423],[80.703628062889834,7.0582982778535239],[80.703613173100948,7.0582807309273923],[80.703602471915318,7.0582908901313752],[80.703586186908282,7.0582751895962197],[80.703638763829602,7.0582202399151273],[80.703566178921037,7.0581486674772131],[80.703608520543867,7.0581057227803878],[80.703719724015173,7.0582091575142423]]]},"properties":{"OBJECTID":626,"Shape_Length":63.928080564260064,"Shape_Area":155.21055407703167}},{"type":"Feature","id":627,"geometry":{"type":"Polygon","coordinates":[[[80.702392813838131,7.0582849789464994],[80.702367874588461,7.0583233983943066],[80.702326928761295,7.0582975393534815],[80.702347773742943,7.0582591210660413],[80.702392813838131,7.0582849789464994]]]},"properties":{"OBJECTID":627,"Shape_Length":20.986026557313227,"Shape_Area":27.409095835397995}},{"type":"Feature","id":628,"geometry":{"type":"Polygon","coordinates":[[[80.70339483619567,7.0582286670597769],[80.703324507746757,7.058337436002633],[80.703256017555546,7.058291997937082],[80.703336675763552,7.0581807591327879],[80.70339658153371,7.0582223181426222],[80.70339483619567,7.0582286670597769]]]},"properties":{"OBJECTID":628,"Shape_Length":47.375666466043704,"Shape_Area":130.90675008485246}},{"type":"Feature","id":629,"geometry":{"type":"Polygon","coordinates":[[[80.704802637221732,7.0582901509177463],[80.704758863423436,7.0583463012049252],[80.704730870867593,7.0583273876896548],[80.704766605436731,7.0582774433829432],[80.704791321595366,7.0582756702032494],[80.704802637221732,7.0582901509177463]]]},"properties":{"OBJECTID":629,"Shape_Length":23.160913595458702,"Shape_Area":30.731661829172896}},{"type":"Feature","id":630,"geometry":{"type":"Polygon","coordinates":[[[80.717714182482496,7.0583292152427477],[80.717701391949362,7.0583570683270267],[80.71767794468542,7.0583464912231442],[80.717690734181005,7.0583196952830134],[80.717714182482496,7.0583292152427477]]]},"properties":{"OBJECTID":630,"Shape_Length":12.309589674343485,"Shape_Area":9.3968234550866931}},{"type":"Feature","id":631,"geometry":{"type":"Polygon","coordinates":[[[80.703003272552138,7.0582868262236653],[80.702954510215932,7.0583640334158284],[80.702876714252639,7.0583200732867093],[80.702918776633084,7.0582402805162747],[80.703003272552138,7.0582868262236653]]]},"properties":{"OBJECTID":631,"Shape_Length":40.600547908312372,"Shape_Area":102.9201607182208}},{"type":"Feature","id":632,"geometry":{"type":"Polygon","coordinates":[[[80.702649653165466,7.0583411296413407],[80.702629925358238,7.0583673579630535],[80.702528678361304,7.0583104687005411],[80.702508577501447,7.0583145322156762],[80.702425942154278,7.0582716808382218],[80.702422592496674,7.0582683560474315],[80.702446787454761,7.058225504434283],[80.702649653165466,7.0583411296413407]]]},"properties":{"OBJECTID":632,"Shape_Length":60.775316372742786,"Shape_Area":113.1155521385899}},{"type":"Feature","id":633,"geometry":{"type":"Polygon","coordinates":[[[80.702796359164182,7.0582367479408727],[80.702714933502918,7.0583689277340538],[80.702453487601801,7.0582155300067146],[80.702486135664131,7.0581426167091399],[80.702469095732084,7.0581327524598239],[80.702507434465801,7.0580679300583435],[80.702796359164182,7.0582367479408727]]]},"properties":{"OBJECTID":633,"Shape_Length":106.96848685422309,"Shape_Area":607.12659035707475}},{"type":"Feature","id":634,"geometry":{"type":"Polygon","coordinates":[[[80.704236995233572,7.0583307325089564],[80.704215914971059,7.0583696509314846],[80.704121948620809,7.0583229312499789],[80.704172924973321,7.058233634499218],[80.704209682576945,7.0581597522904422],[80.704305988188963,7.05824009562577],[80.704258063724922,7.0582918131792338],[80.704236995233572,7.0583307325089564]]]},"properties":{"OBJECTID":634,"Shape_Length":63.526321732731347,"Shape_Area":226.68088242156139}},{"type":"Feature","id":635,"geometry":{"type":"Polygon","coordinates":[[[80.704316057286533,7.0583658059119347],[80.704301465890694,7.0584027476064675],[80.704215914971059,7.0583696509314846],[80.704236995233572,7.0583307325089564],[80.704316057286533,7.0583658059119347]]]},"properties":{"OBJECTID":635,"Shape_Length":28.976225459384555,"Shape_Area":45.563709092455049}},{"type":"Feature","id":636,"geometry":{"type":"Polygon","coordinates":[[[80.703846152625815,7.058414864397438],[80.703825605746786,7.0584405744706356],[80.703804463125863,7.0584263897217268],[80.703825902820626,7.0583989055238447],[80.703846152625815,7.058414864397438]]]},"properties":{"OBJECTID":636,"Shape_Length":13.153936087663924,"Shape_Area":10.589683714677964}},{"type":"Feature","id":637,"geometry":{"type":"Polygon","coordinates":[[[80.703079883097857,7.0584316099508015],[80.703065093724746,7.0584547598777627],[80.702977931095674,7.0584077118670798],[80.702990081363268,7.0583814696767782],[80.703079883097857,7.0584316099508015]]]},"properties":{"OBJECTID":637,"Shape_Length":28.543583896655491,"Shape_Area":34.690091522717495}},{"type":"Feature","id":638,"geometry":{"type":"Polygon","coordinates":[[[80.703218050055185,7.0583740069511203],[80.703157748847303,7.0584637741820089],[80.702992106298581,7.0583644028726962],[80.70300066716986,7.0583511035667508],[80.702988756046835,7.0583418686423478],[80.703030818096153,7.0582812853052381],[80.703046079521414,7.058289781931105],[80.703113244491647,7.0581913859221048],[80.703140254195205,7.0582085115500268],[80.703127225622978,7.0582306760534665],[80.703161098518933,7.0582543183432715],[80.703177476487468,7.0582314146360021],[80.703222861753105,7.0582614956386616],[80.703195598554885,7.0583020805992343],[80.703260484033109,7.058348518279546],[80.703236661882158,7.0583869361409972],[80.703218050055185,7.0583740069511203]]]},"properties":{"OBJECTID":638,"Shape_Length":101.76110668866112,"Shape_Area":461.67423511073173}},{"type":"Feature","id":639,"geometry":{"type":"Polygon","coordinates":[[[80.703326459038166,7.0584318268228117],[80.70331980834392,7.0584785960093894],[80.703245944081601,7.0584722469880177],[80.703268568970628,7.0583568817421236],[80.703335749217715,7.0583684656916708],[80.703326459038166,7.0584318268228117]]]},"properties":{"OBJECTID":639,"Shape_Length":41.026035063366869,"Shape_Area":99.16469548696287}},{"type":"Feature","id":640,"geometry":{"type":"Polygon","coordinates":[[[80.730512432728958,7.0584597607072119],[80.73047953703383,7.0584902301561616],[80.730450150615454,7.0584588900415239],[80.730483923159525,7.0584314673171704],[80.730512432728958,7.0584597607072119]]]},"properties":{"OBJECTID":640,"Shape_Length":18.951501984023452,"Shape_Area":22.37789404548888}},{"type":"Feature","id":641,"geometry":{"type":"Polygon","coordinates":[[[80.70408683761724,7.0584372691100397],[80.704027503310684,7.0585097280294402],[80.703891415545527,7.0584114097258803],[80.70396260506277,7.0583121307046541],[80.703990522666217,7.0583296778351814],[80.704017974203794,7.0582941226528657],[80.704067295012194,7.0583324488183559],[80.704039377363998,7.0583675427308723],[80.704064503014649,7.0583869369376284],[80.704049148590499,7.058405869086803],[80.70408683761724,7.0584372691100397]]]},"properties":{"OBJECTID":641,"Shape_Length":74.502262944371637,"Shape_Area":275.30567746316092}},{"type":"Feature","id":642,"geometry":{"type":"Polygon","coordinates":[[[80.703287151435674,7.0585105556840881],[80.703275478140185,7.0585315972456355],[80.703231406087809,7.0585086641542043],[80.703245222838419,7.0584824213145403],[80.703258325602505,7.0584892780729183],[80.703255943135972,7.0584947153407063],[80.703287151435674,7.0585105556840881]]]},"properties":{"OBJECTID":642,"Shape_Length":17.58619405735509,"Shape_Area":15.623202671098969}},{"type":"Feature","id":643,"geometry":{"type":"Polygon","coordinates":[[[80.704638807941294,7.058504881376038],[80.704607742890843,7.0585341980783873],[80.70457496319159,7.0585001537342134],[80.704605647147773,7.0584708369753058],[80.704638807941294,7.058504881376038]]]},"properties":{"OBJECTID":643,"Shape_Length":19.887762868715491,"Shape_Area":24.648098865940021}},{"type":"Feature","id":644,"geometry":{"type":"Polygon","coordinates":[[[80.704613170648784,7.0585569550789691],[80.704585483064491,7.0585795912260139],[80.70457413985865,7.0585678496701361],[80.704601949833275,7.0585440026657755],[80.704613170648784,7.0585569550789691]]]},"properties":{"OBJECTID":644,"Shape_Length":11.699783794417105,"Shape_Area":7.3885721107445388}},{"type":"Feature","id":645,"geometry":{"type":"Polygon","coordinates":[[[80.703202341678178,7.0584963708643222],[80.703149455252401,7.0585847927339511],[80.703070840466651,7.0585379812055393],[80.703148026161529,7.0584625617773238],[80.703202341678178,7.0584963708643222]]]},"properties":{"OBJECTID":645,"Shape_Length":40.497754458604334,"Shape_Area":98.540604477744949}},{"type":"Feature","id":646,"geometry":{"type":"Polygon","coordinates":[[[80.702734700723994,7.0586025242722394],[80.702719215928937,7.0586212013396805],[80.702675620331249,7.0585907027783907],[80.702701825037167,7.058552402884037],[80.702737797875926,7.0585769905447009],[80.702734700723994,7.0586025242722394]]]},"properties":{"OBJECTID":646,"Shape_Length":21.350616550845,"Shape_Area":29.646655907569656}},{"type":"Feature","id":647,"geometry":{"type":"Polygon","coordinates":[[[80.704451847310807,7.0585168211527041],[80.704401914716513,7.0586293345546745],[80.704112428518926,7.0585093035203421],[80.704138484136209,7.0584160275430445],[80.704147441123965,7.0583873983415524],[80.704127811943323,7.0583794617491424],[80.704143639421062,7.0583454149617575],[80.704369267643159,7.0584520450264785],[80.704358100165621,7.0584746710524264],[80.704451847310807,7.0585168211527041]]]},"properties":{"OBJECTID":647,"Shape_Length":110.4711733176095,"Shape_Area":589.9987734596574}},{"type":"Feature","id":648,"geometry":{"type":"Polygon","coordinates":[[[80.704839562517847,7.0586025239260186],[80.704795490924923,7.0586583793634432],[80.704769285646833,7.0586368056325153],[80.704782686008173,7.0586217336770423],[80.704766307388326,7.0586081393163713],[80.704799361634528,7.0585700157923039],[80.704839562517847,7.0586025239260186]]]},"properties":{"OBJECTID":648,"Shape_Length":27.488426614881838,"Shape_Area":40.980405299303193}},{"type":"Feature","id":649,"geometry":{"type":"Polygon","coordinates":[[[80.704622907852254,7.0586283802247713],[80.704574925399513,7.0586745570673672],[80.704526941720502,7.0586348737858255],[80.704578559726912,7.0585872551270477],[80.704622907852254,7.0586283802247713]]]},"properties":{"OBJECTID":649,"Shape_Length":28.687903665891476,"Shape_Area":51.02901779578778}},{"type":"Feature","id":650,"geometry":{"type":"Polygon","coordinates":[[[80.702936956105688,7.0586464986320818],[80.702912656717572,7.0586743965132657],[80.702871919761023,7.0586438984209154],[80.702896933511482,7.0586150547417787],[80.702936956105688,7.0586464986320818]]]},"properties":{"OBJECTID":650,"Shape_Length":19.558005451909771,"Shape_Area":23.32340062824148}},{"type":"Feature","id":651,"geometry":{"type":"Polygon","coordinates":[[[80.718179587573729,7.0586645174844191],[80.718177455203886,7.0586909602782555],[80.718130559825326,7.0586906080633218],[80.718131625858064,7.0586641642320478],[80.718179587573729,7.0586645174844191]]]},"properties":{"OBJECTID":651,"Shape_Length":16.339380352276319,"Shape_Area":15.327845030767717}},{"type":"Feature","id":652,"geometry":{"type":"Polygon","coordinates":[[[80.70441643583402,7.0586897088185205],[80.704401895696719,7.0587171253813565],[80.7043306488967,7.0586897082216584],[80.704340826731453,7.0586745571054053],[80.704106728727311,7.0585829255741581],[80.704124904062169,7.0585331422749844],[80.704438246619489,7.0586565193311532],[80.704424432935127,7.0586925948160939],[80.70441643583402,7.0586897088185205]]]},"properties":{"OBJECTID":652,"Shape_Length":89.935850289441973,"Shape_Area":230.95036488558631}},{"type":"Feature","id":653,"geometry":{"type":"Polygon","coordinates":[[[80.703598097761812,7.0586968713900289],[80.703545985140707,7.058751913377491],[80.703423521461929,7.0586381351030516],[80.703478611615452,7.058581246080843],[80.703598097761812,7.0586968713900289]]]},"properties":{"OBJECTID":653,"Shape_Length":53.982825911223649,"Shape_Area":157.81407610460775}},{"type":"Feature","id":654,"geometry":{"type":"Polygon","coordinates":[[[80.70436638283185,7.058761222396714],[80.704341070724965,7.0587999366993062],[80.704302657093308,7.0587768852138648],[80.704330946673394,7.0587366937242226],[80.70436638283185,7.058761222396714]]]},"properties":{"OBJECTID":654,"Shape_Length":20.259463998407135,"Shape_Area":25.585120067643608}},{"type":"Feature","id":655,"geometry":{"type":"Polygon","coordinates":[[[80.704042476042872,7.0587448972794933],[80.70397702900344,7.0588043692892644],[80.703939340745848,7.0587678906286753],[80.704007790612366,7.058706880851938],[80.704042476042872,7.0587448972794933]]]},"properties":{"OBJECTID":655,"Shape_Length":31.392738801545107,"Shape_Area":57.092781370692073}},{"type":"Feature","id":656,"geometry":{"type":"Polygon","coordinates":[[[80.702674220232396,7.0587489584534291],[80.702632530508822,7.0588243174055201],[80.702595679711308,7.058804739498723],[80.702574835020727,7.0587899624158821],[80.702616524750454,7.0587146034688981],[80.702674220232396,7.0587489584534291]]]},"properties":{"OBJECTID":656,"Shape_Length":33.896942157080659,"Shape_Area":71.44361775117504}},{"type":"Feature","id":657,"geometry":{"type":"Polygon","coordinates":[[[80.704199921400857,7.0588206236516804],[80.704149011441459,7.0589016929617365],[80.704119471223166,7.0588869399201606],[80.704112419812745,7.05889734296208],[80.704068776482671,7.0588761589596345],[80.704123092753704,7.0587602180199438],[80.704160613692508,7.0587783634768417],[80.704157039981297,7.0587895936017624],[80.704192476192688,7.0588079159785453],[80.704188903124276,7.0588150088660591],[80.704199921400857,7.0588206236516804]]]},"properties":{"OBJECTID":657,"Shape_Length":47.697029159676426,"Shape_Area":126.20815318478321}},{"type":"Feature","id":658,"geometry":{"type":"Polygon","coordinates":[[[80.70253196871441,7.0588696808712212],[80.702516007772445,7.0589053806671327],[80.702481706988877,7.058891295960243],[80.702499093053518,7.0588536041872194],[80.70253196871441,7.0588696808712212]]]},"properties":{"OBJECTID":658,"Shape_Length":17.053278453534737,"Shape_Area":18.128522181787744}},{"type":"Feature","id":659,"geometry":{"type":"Polygon","coordinates":[[[80.702595307889993,7.0589288610897443],[80.702581535154124,7.0589569360567763],[80.702556223611282,7.0589454843333783],[80.702569623576807,7.0589163006188089],[80.702595307889993,7.0589288610897443]]]},"properties":{"OBJECTID":659,"Shape_Length":13.236509509677841,"Shape_Area":10.910234580926948}},{"type":"Feature","id":660,"geometry":{"type":"Polygon","coordinates":[[[80.703442783207564,7.0589225738885073],[80.703386439528117,7.0589721766490205],[80.703345544639362,7.0589324943576353],[80.703395527532948,7.0588819890043997],[80.703442783207564,7.0589225738885073]]]},"properties":{"OBJECTID":660,"Shape_Length":29.332385283403603,"Shape_Area":53.014890108220889}},{"type":"Feature","id":661,"geometry":{"type":"Polygon","coordinates":[[[80.717836217454007,7.0589490043455356],[80.717827336077718,7.0589804055495327],[80.717789033319789,7.0589699378141066],[80.717800135115681,7.058939087617631],[80.717836217454007,7.0589490043455356]]]},"properties":{"OBJECTID":661,"Shape_Length":15.754509267993914,"Shape_Area":15.38584608771246}},{"type":"Feature","id":662,"geometry":{"type":"Polygon","coordinates":[[[80.70461121718985,7.0589969244710105],[80.704579577999084,7.0590334032510613],[80.704539097785982,7.0589983096178228],[80.704571203019327,7.0589627542171796],[80.70461121718985,7.0589969244710105]]]},"properties":{"OBJECTID":662,"Shape_Length":22.368801846055952,"Shape_Area":31.192205746567549}},{"type":"Feature","id":663,"geometry":{"type":"Polygon","coordinates":[[[80.702567017818723,7.0589654325023812],[80.702536867389881,7.0590370973404788],[80.70249182753254,7.0590149335976298],[80.702529795230703,7.0589499167110166],[80.702567017818723,7.0589654325023812]]]},"properties":{"OBJECTID":663,"Shape_Length":26.922051509122134,"Shape_Area":42.177164383262927}},{"type":"Feature","id":664,"geometry":{"type":"Polygon","coordinates":[[[80.702356871587995,7.0591035024156543],[80.702348057087505,7.0591290361358165],[80.702317325336679,7.059116269569734],[80.702328045802318,7.0590933369607747],[80.702356871587995,7.0591035024156543]]]},"properties":{"OBJECTID":664,"Shape_Length":12.839366742358488,"Shape_Area":10.183620653204372}},{"type":"Feature","id":665,"geometry":{"type":"Polygon","coordinates":[[[80.716274829118376,7.0590794400256973],[80.716258417850867,7.0591335547975183],[80.716215537527589,7.0591225220500835],[80.716235654243874,7.0590652553180835],[80.716274829118376,7.0590794400256973]]]},"properties":{"OBJECTID":665,"Shape_Length":22.458722160265776,"Shape_Area":30.725046269799904}},{"type":"Feature","id":666,"geometry":{"type":"Polygon","coordinates":[[[80.718661334740801,7.0591196954082545],[80.718648545088811,7.0591553066319088],[80.718616214994739,7.0591440240128742],[80.718628649761541,7.0591087654287383],[80.718661334740801,7.0591196954082545]]]},"properties":{"OBJECTID":666,"Shape_Length":15.908424515994348,"Shape_Area":15.782808737741698}},{"type":"Feature","id":667,"geometry":{"type":"Polygon","coordinates":[[[80.717034255634985,7.0591507639280131],[80.717032087288132,7.0591748654408066],[80.717008668794506,7.0591727138049922],[80.717009536296544,7.0591490416758393],[80.717034255634985,7.0591507639280131]]]},"properties":{"OBJECTID":667,"Shape_Length":10.630750413488599,"Shape_Area":7.059271275114309}},{"type":"Feature","id":668,"geometry":{"type":"Polygon","coordinates":[[[80.702809503845486,7.0591744289324252],[80.702793247378068,7.0591957265824909],[80.702771745503142,7.0591807983841974],[80.70278758756514,7.0591583530946762],[80.702809503845486,7.0591744289324252]]]},"properties":{"OBJECTID":668,"Shape_Length":11.894980929522369,"Shape_Area":8.839582234887688}},{"type":"Feature","id":669,"geometry":{"type":"Polygon","coordinates":[[[80.702747621982468,7.0591496716942608],[80.702712464914043,7.059203703433405],[80.702744229554938,7.0591477133178593],[80.702747621982468,7.0591496716942608]]]},"properties":{"OBJECTID":669,"Shape_Length":14.6758062994173,"Shape_Area":1.5401326216912288}},{"type":"Feature","id":670,"geometry":{"type":"Polygon","coordinates":[[[80.731565613991478,7.0591843830179837],[80.731526315372633,7.0592186482362269],[80.731494594682957,7.0591832683891855],[80.731531367971314,7.0591467746989291],[80.731565613991478,7.0591843830179837]]]},"properties":{"OBJECTID":670,"Shape_Length":22.362778653345664,"Shape_Area":31.212162864658445}},{"type":"Feature","id":671,"geometry":{"type":"Polygon","coordinates":[[[80.702712464914043,7.059203703433405],[80.702705045792626,7.0592151065669642],[80.702698117965639,7.0592108597162087],[80.702676386607109,7.0591988786373143],[80.702745758775947,7.0590542481627327],[80.702792105907506,7.059081304427643],[80.702747621982468,7.0591496716942608],[80.702744229554938,7.0591477133178593],[80.702712464914043,7.059203703433405]]]},"properties":{"OBJECTID":671,"Shape_Length":45.375138744035731,"Shape_Area":82.862363113710117}},{"type":"Feature","id":672,"geometry":{"type":"Polygon","coordinates":[[[80.702626203032281,7.0591955744710422],[80.702615780776384,7.0592218024551086],[80.702526817033174,7.0591782121731992],[80.702509479327631,7.0591507490192207],[80.702647032613939,7.0588604606188987],[80.70278886793794,7.0589270134395612],[80.702658214886199,7.0592133059044846],[80.702626203032281,7.0591955744710422]]]},"properties":{"OBJECTID":672,"Shape_Length":109.32078078134802,"Shape_Area":645.39827881870633}},{"type":"Feature","id":673,"geometry":{"type":"Polygon","coordinates":[[[80.702777116552411,7.0591666991653153],[80.702747327131021,7.0592224228225344],[80.702712307362859,7.0592039819372747],[80.702712464914043,7.059203703433405],[80.702747621982468,7.0591496716942608],[80.702777116552411,7.0591666991653153]]]},"properties":{"OBJECTID":673,"Shape_Length":22.283769351930754,"Shape_Area":28.739588080074164}},{"type":"Feature","id":674,"geometry":{"type":"Polygon","coordinates":[[[80.702698117965639,7.0592108597162087],[80.702681490528803,7.0592424809547438],[80.702655265807579,7.0592297711911733],[80.702672037438873,7.059196482420945],[80.702676386607109,7.0591988786373143],[80.702698117965639,7.0592108597162087]]]},"properties":{"OBJECTID":674,"Shape_Length":14.581585484910478,"Shape_Area":13.131878040988887}},{"type":"Feature","id":675,"geometry":{"type":"Polygon","coordinates":[[[80.702580581522966,7.0592278051449062],[80.702564296114573,7.059271672656446],[80.702516022592434,7.0592508938129814],[80.702522916586005,7.0592344806984961],[80.702492184710678,7.059222423126192],[80.702501475951863,7.0591987803999947],[80.702516484032202,7.0591838860112892],[80.702566041131007,7.0592047175082664],[80.702580581522966,7.0592278051449062]]]},"properties":{"OBJECTID":675,"Shape_Length":30.69785743345323,"Shape_Area":54.067896844826741}},{"type":"Feature","id":676,"geometry":{"type":"Polygon","coordinates":[[[80.702877830877725,7.0592447058356402],[80.70283576924632,7.0593019639920902],[80.702759461369808,7.0592461837875025],[80.702801523180852,7.0591878169486151],[80.702877830877725,7.0592447058356402]]]},"properties":{"OBJECTID":676,"Shape_Length":36.770520367286899,"Shape_Area":82.837731876104186}},{"type":"Feature","id":677,"geometry":{"type":"Polygon","coordinates":[[[80.702701310756552,7.0592958937914085],[80.70269457702743,7.0593120772380873],[80.702677710566633,7.0593039963314963],[80.702685606292405,7.0592896895208623],[80.702701310756552,7.0592958937914085]]]},"properties":{"OBJECTID":677,"Shape_Length":7.6766936888987169,"Shape_Area":3.6711597313742175}},{"type":"Feature","id":678,"geometry":{"type":"Polygon","coordinates":[[[80.702757391238066,7.0592970692215191],[80.70274226886869,7.0593363194946717],[80.702699811234822,7.0593161176374277],[80.702717259638874,7.0592791764475891],[80.702757391238066,7.0592970692215191]]]},"properties":{"OBJECTID":678,"Shape_Length":19.21771276051232,"Shape_Area":23.006941610930724}},{"type":"Feature","id":679,"geometry":{"type":"Polygon","coordinates":[[[80.702727146871652,7.0593674879111479],[80.702696322219253,7.059403851842152],[80.702669568129778,7.059384226704875],[80.702687597603671,7.0593420912273865],[80.702698066659295,7.0593461315503623],[80.70271028037223,7.0593253523410038],[80.702735289848988,7.0593409367243067],[80.702727146871652,7.0593674879111479]]]},"properties":{"OBJECTID":679,"Shape_Length":24.234745690519379,"Shape_Area":33.375783106705924}},{"type":"Feature","id":680,"geometry":{"type":"Polygon","coordinates":[[[80.714315826672092,7.0594420012948724],[80.71431558021736,7.0594708932031409],[80.714287207429862,7.0594691784587695],[80.714289427895537,7.0594422455586798],[80.714315826672092,7.0594420012948724]]]},"properties":{"OBJECTID":680,"Shape_Length":12.239898078918431,"Shape_Area":9.3490355715590638}},{"type":"Feature","id":681,"geometry":{"type":"Polygon","coordinates":[[[80.702908427702724,7.059504285014528],[80.702883891377297,7.0595304393375757],[80.702848449780433,7.0595060887025793],[80.702833909483687,7.0595223224649457],[80.702736671294446,7.0594546815845032],[80.702778474799103,7.0593870409653157],[80.702761208187098,7.0593735124096861],[80.702803919850268,7.0593157922583751],[80.702947504583037,7.0594258220219652],[80.702907519095106,7.0594799344024333],[80.702880255818982,7.0594573873576403],[80.702868442505192,7.0594763272594312],[80.702908427702724,7.059504285014528]]]},"properties":{"OBJECTID":681,"Shape_Length":82.564224137859554,"Shape_Area":291.29892282560775}},{"type":"Feature","id":682,"geometry":{"type":"Polygon","coordinates":[[[80.712268397161978,7.0595422584250231],[80.712223528933038,7.0595583047317811],[80.712211402778394,7.0595314268382392],[80.712256675173151,7.0595121711765261],[80.712268397161978,7.0595422584250231]]]},"properties":{"OBJECTID":682,"Shape_Length":17.530708324755743,"Shape_Area":18.253041857680227}},{"type":"Feature","id":683,"geometry":{"type":"Polygon","coordinates":[[[80.702555826033034,7.0593230074238136],[80.70244604304014,7.0596396039843432],[80.702383508004829,7.0596178091276398],[80.702375890249897,7.0595917672860384],[80.702395883019321,7.0595448691094607],[80.702429507984235,7.0595511829435145],[80.702451317948913,7.0594844434948687],[80.70242587273944,7.0594709154377924],[80.702439504223562,7.0594375456941103],[80.702462223313901,7.0594429570979607],[80.702516749042033,7.0592878342595116],[80.702548556322299,7.0592941477967202],[80.702540377430125,7.0593130873618284],[80.702555826033034,7.0593230074238136]]]},"properties":{"OBJECTID":683,"Shape_Length":100.3699780743019,"Shape_Area":244.69753629129548}},{"type":"Feature","id":684,"geometry":{"type":"Polygon","coordinates":[[[80.70271213453259,7.0594664057565693],[80.7026285278952,7.0596846605192818],[80.702468004475563,7.0596222419232157],[80.702566731367199,7.0593500635199042],[80.702639433276531,7.0593861390826307],[80.70271213453259,7.0594664057565693]]]},"properties":{"OBJECTID":684,"Shape_Length":97.821694998251573,"Shape_Area":577.37853228814447}},{"type":"Feature","id":685,"geometry":{"type":"Polygon","coordinates":[[[80.70239728072707,7.059720874195234],[80.702374981542405,7.0597559092115034],[80.702338631164238,7.0597369698098973],[80.702364896641711,7.0596927991391336],[80.702400258857281,7.0597153330307423],[80.70239728072707,7.059720874195234]]]},"properties":{"OBJECTID":685,"Shape_Length":20.130395037287208,"Shape_Area":25.206258676231901}},{"type":"Feature","id":686,"geometry":{"type":"Polygon","coordinates":[[[80.703388160063398,7.0597581842371282],[80.703346841871408,7.0597677888134198],[80.703340142173545,7.0597345424597711],[80.703382576259514,7.0597264157083117],[80.703388160063398,7.0597581842371282]]]},"properties":{"OBJECTID":686,"Shape_Length":16.776424604058072,"Shape_Area":17.294655824199946}},{"type":"Feature","id":687,"geometry":{"type":"Polygon","coordinates":[[[80.71572845175794,7.0597585446073188],[80.715713172421644,7.059774142041058],[80.71570094895479,7.0597630219028664],[80.715716810381494,7.0597471360690491],[80.71572845175794,7.0597585446073188]]]},"properties":{"OBJECTID":687,"Shape_Length":8.522308178481941,"Shape_Area":4.437168616628969}},{"type":"Feature","id":688,"geometry":{"type":"Polygon","coordinates":[[[80.715721111328676,7.0598005237353672],[80.715696242651816,7.0598400119063811],[80.715664978128672,7.0598209729174695],[80.715688781323905,7.0597818372918946],[80.715721111328676,7.0598005237353672]]]},"properties":{"OBJECTID":688,"Shape_Length":18.394036478700983,"Shape_Area":20.877792518337863}},{"type":"Feature","id":689,"geometry":{"type":"Polygon","coordinates":[[[80.717983322249083,7.0598745208478721],[80.717969999120371,7.0599119822117178],[80.717926145922817,7.0598982094261622],[80.717940023253647,7.0598590959506149],[80.717983322249083,7.0598745208478721]]]},"properties":{"OBJECTID":689,"Shape_Length":19.141653327278078,"Shape_Area":22.806831235248907}},{"type":"Feature","id":690,"geometry":{"type":"Polygon","coordinates":[[[80.716928136184237,7.0601165111964459],[80.716922478424621,7.0601673419879249],[80.716875427989692,7.0601608402878915],[80.716882872459436,7.0601114873750515],[80.716928136184237,7.0601165111964459]]]},"properties":{"OBJECTID":690,"Shape_Length":21.452966147631919,"Shape_Area":28.705706425166429}},{"type":"Feature","id":691,"geometry":{"type":"Polygon","coordinates":[[[80.712907316064474,7.0603110972429199],[80.712813327606924,7.0603438820975111],[80.712795181177754,7.0602944733100639],[80.71289010025086,7.0602612264812192],[80.712907316064474,7.0603110972429199]]]},"properties":{"OBJECTID":691,"Shape_Length":33.762677533893836,"Shape_Area":64.407847309283738}},{"type":"Feature","id":692,"geometry":{"type":"Polygon","coordinates":[[[80.71920410539002,7.0603674133870227],[80.71916896655425,7.0603688912424509],[80.719168073164795,7.0603316541765846],[80.719204998674712,7.0603319499012516],[80.71920410539002,7.0603674133870227]]]},"properties":{"OBJECTID":692,"Shape_Length":16.006309750824936,"Shape_Area":16.000249748975325}},{"type":"Feature","id":693,"geometry":{"type":"Polygon","coordinates":[[[80.692491597433687,7.0603274024311373],[80.692469066723945,7.0603720579197278],[80.692434944409783,7.0603533017278002],[80.692456792220696,7.0603106916760536],[80.692464640907957,7.0603130795741711],[80.69247283572075,7.0602885352557765],[80.692496039672363,7.0602953570566331],[80.69248579615757,7.0603260376812109],[80.692491597433687,7.0603274024311373]]]},"properties":{"OBJECTID":693,"Shape_Length":25.800771791648302,"Shape_Area":31.782675899619154}},{"type":"Feature","id":694,"geometry":{"type":"Polygon","coordinates":[[[80.712244756046744,7.0603795073848445],[80.712201726146191,7.0603895945098794],[80.712191223606226,7.0603519356047508],[80.712235946209844,7.0603421842143703],[80.712244756046744,7.0603795073848445]]]},"properties":{"OBJECTID":694,"Shape_Length":18.50292194316058,"Shape_Area":21.264966099290302}},{"type":"Feature","id":695,"geometry":{"type":"Polygon","coordinates":[[[80.714198640813336,7.0603662311464435],[80.714168862108693,7.0604123336378652],[80.714139070253168,7.0603943618350673],[80.714138488246647,7.0603940108832957],[80.714168266953095,7.0603479083937897],[80.714198640813336,7.0603662311464435]]]},"properties":{"OBJECTID":695,"Shape_Length":19.974049902516509,"Shape_Area":23.771538082356194}},{"type":"Feature","id":696,"geometry":{"type":"Polygon","coordinates":[[[80.715507702543931,7.0603810078634144],[80.715495791096558,7.0604203123313889],[80.7154615460679,7.0604120378979491],[80.715472266564404,7.0603703684929444],[80.715507702543931,7.0603810078634144]]]},"properties":{"OBJECTID":696,"Shape_Length":17.278539210584658,"Shape_Area":18.538975127402111}},{"type":"Feature","id":697,"geometry":{"type":"Polygon","coordinates":[[[80.712261908080478,7.0606156560624527],[80.712226078228625,7.0606455396213512],[80.712202636819143,7.0606188708750643],[80.712234845241312,7.0605865288928031],[80.712261908080478,7.0606156560624527]]]},"properties":{"OBJECTID":697,"Shape_Length":18.520372591778624,"Shape_Area":21.191409237885146}},{"type":"Feature","id":698,"geometry":{"type":"Polygon","coordinates":[[[80.703889629374274,7.0608222288844091],[80.703871166951686,7.0608373009283607],[80.703852405723509,7.0608180912788052],[80.703870869189373,7.0608021330078587],[80.703889629374274,7.0608222288844091]]]},"properties":{"OBJECTID":698,"Shape_Length":11.33749004864061,"Shape_Area":7.9883142169102763}},{"type":"Feature","id":699,"geometry":{"type":"Polygon","coordinates":[[[80.713424061107034,7.0609178167154472],[80.713398595099449,7.0609679611194771],[80.713359790335176,7.0609475020881929],[80.713383639357346,7.0608993641410507],[80.713424061107034,7.0609178167154472]]]},"properties":{"OBJECTID":699,"Shape_Length":21.914007244522136,"Shape_Area":29.640521700870728}},{"type":"Feature","id":700,"geometry":{"type":"Polygon","coordinates":[[[80.718995240594467,7.06099707087757],[80.718955982162981,7.0609977922019338],[80.718953074176625,7.0609133768048702],[80.719067941716148,7.0609126548460166],[80.719066522105678,7.0609659025132476],[80.71906649665253,7.0609667706519437],[80.718994513648667,7.060968210497494],[80.718995240594467,7.06099707087757]]]},"properties":{"OBJECTID":700,"Shape_Length":43.50001354003458,"Shape_Area":89.751974798277871}},{"type":"Feature","id":701,"geometry":{"type":"Polygon","coordinates":[[[80.695664880118727,7.0610098518860323],[80.695577396836114,7.0610281481758372],[80.695563245647307,7.0609549017123285],[80.695664893844707,7.0609307822883132],[80.695670721924031,7.0609499267213511],[80.695658224548069,7.0609549181781981],[80.695664880118727,7.0610098518860323]]]},"properties":{"OBJECTID":701,"Shape_Length":39.483138624787685,"Shape_Area":88.230209488723716}},{"type":"Feature","id":702,"geometry":{"type":"Polygon","coordinates":[[[80.695401700416625,7.0609777003560712],[80.695338558964494,7.0610342813475038],[80.695288062957644,7.0609790442961895],[80.695346084044687,7.0609303037276572],[80.695365532550923,7.0609514436412431],[80.695374064495681,7.0609446275014793],[80.695401700416625,7.0609777003560712]]]},"properties":{"OBJECTID":702,"Shape_Length":35.162821372917968,"Shape_Area":73.431824479661742}},{"type":"Feature","id":703,"geometry":{"type":"Polygon","coordinates":[[[80.712016734188992,7.0610129906182042],[80.711988816370592,7.0610720348663829],[80.711942413030997,7.0610533127591992],[80.711968284547112,7.0609914711865995],[80.712016734188992,7.0610129906182042]]]},"properties":{"OBJECTID":703,"Shape_Length":26.018571011709174,"Shape_Area":41.628818218948837}},{"type":"Feature","id":704,"geometry":{"type":"Polygon","coordinates":[[[80.714762887082003,7.061088701396768],[80.714739157164217,7.0610997833416125],[80.714729386614607,7.0610697687590704],[80.714755442938042,7.0610586871225705],[80.714762887082003,7.061088701396768]]]},"properties":{"OBJECTID":704,"Shape_Length":12.931710456214509,"Shape_Area":10.292414759776488}},{"type":"Feature","id":705,"geometry":{"type":"Polygon","coordinates":[[[80.695327550213378,7.0610522418214678],[80.695277419092861,7.0611055008092753],[80.695213977548249,7.0610452968124982],[80.695244908843009,7.0610138745756741],[80.695253972377685,7.0610213331272575],[80.695274771628107,7.0610000293019963],[80.695327550213378,7.0610522418214678]]]},"properties":{"OBJECTID":705,"Shape_Length":35.417525307531712,"Shape_Area":74.04214198630342}},{"type":"Feature","id":706,"geometry":{"type":"Polygon","coordinates":[[[80.695132496409656,7.0610447165095138],[80.695088328606829,7.0611096295068441],[80.69500918971454,7.0610546831377912],[80.695035856407657,7.0610188977594097],[80.695046686010002,7.061026390987255],[80.695065019487259,7.0609997603315424],[80.695132496409656,7.0610447165095138]]]},"properties":{"OBJECTID":706,"Shape_Length":38.248609173686084,"Shape_Area":84.824244440388483}},{"type":"Feature","id":707,"geometry":{"type":"Polygon","coordinates":[[[80.715347196330427,7.0610890894300935],[80.715338858894071,7.0611127307319617],[80.715309676217174,7.0611012059406697],[80.715318906909729,7.0610790415018005],[80.715347196330427,7.0610890894300935]]]},"properties":{"OBJECTID":707,"Shape_Length":12.209803091796546,"Shape_Area":9.1972339035845891}},{"type":"Feature","id":708,"geometry":{"type":"Polygon","coordinates":[[[80.69527794789839,7.0611305368343977],[80.695245943584609,7.0611949853378242],[80.695165968498685,7.0611592817471021],[80.695184637233666,7.0611203994992247],[80.69519583411045,7.0611241299371121],[80.695209168978039,7.0610974984047141],[80.69527794789839,7.0611305368343977]]]},"properties":{"OBJECTID":708,"Shape_Length":35.42871203079153,"Shape_Area":74.224234272559244}},{"type":"Feature","id":709,"geometry":{"type":"Polygon","coordinates":[[[80.718617254441284,7.0611520480460035],[80.718614205176706,7.0611997104629713],[80.718579519327776,7.0611976298524457],[80.718581425189186,7.0611509132066859],[80.718617254441284,7.0611520480460035]]]},"properties":{"OBJECTID":709,"Shape_Length":18.250320232413433,"Shape_Area":20.373429349954488}},{"type":"Feature","id":710,"geometry":{"type":"Polygon","coordinates":[[[80.718990593455459,7.0612149829499682],[80.718955454555157,7.0612164607887626],[80.718950690439854,7.061142875232977],[80.718985828611906,7.0611399197446438],[80.718990593455459,7.0612149829499682]]]},"properties":{"OBJECTID":710,"Shape_Length":24.252138249556904,"Shape_Area":32.032844061524635}},{"type":"Feature","id":711,"geometry":{"type":"Polygon","coordinates":[[[80.695694378760649,7.0611694946434653],[80.695688504914401,7.0612158370059754],[80.695622388556359,7.0612067697493108],[80.69562773006912,7.0611556335268837],[80.695694378760649,7.0611694946434653]]]},"properties":{"OBJECTID":711,"Shape_Length":25.743924783428273,"Shape_Area":40.30936375896782}},{"type":"Feature","id":712,"geometry":{"type":"Polygon","coordinates":[[[80.695055817665249,7.0612136624449917],[80.694977499901213,7.0612253008531276],[80.69497167359583,7.0611961691685181],[80.694960842095909,7.0611994969598308],[80.694951685408228,7.0611553829230349],[80.695044999851618,7.0611387526112512],[80.695055817665249,7.0612136624449917]]]},"properties":{"OBJECTID":712,"Shape_Length":37.106569103342906,"Shape_Area":80.075520735529011}},{"type":"Feature","id":713,"geometry":{"type":"Polygon","coordinates":[[[80.718126421803476,7.0611990248093317],[80.718123146162426,7.0612324189216915],[80.718077287328214,7.0612294642123477],[80.718079372538043,7.061196660468589],[80.718126421803476,7.0611990248093317]]]},"properties":{"OBJECTID":713,"Shape_Length":17.625943639071636,"Shape_Area":18.870099269745946}},{"type":"Feature","id":714,"geometry":{"type":"Polygon","coordinates":[[[80.696178522367077,7.0612361628816016],[80.696157191261008,7.0612500087780132],[80.696141724077222,7.0612275483801223],[80.696163596303805,7.0612148528649943],[80.696178522367077,7.0612361628816016]]]},"properties":{"OBJECTID":714,"Shape_Length":11.495435967784946,"Shape_Area":8.2387824611286575}},{"type":"Feature","id":715,"geometry":{"type":"Polygon","coordinates":[[[80.695840185624206,7.0612948939667621],[80.69583245761973,7.0613010898945561],[80.695767418305181,7.0612302328772563],[80.695842612519968,7.0611641929785627],[80.695908184087529,7.0612403773913597],[80.695840185624206,7.0612948939667621]]]},"properties":{"OBJECTID":715,"Shape_Length":43.528364318252464,"Shape_Area":118.33254981395223}},{"type":"Feature","id":716,"geometry":{"type":"Polygon","coordinates":[[[80.69579921062477,7.0612760699154213],[80.69578453203745,7.0613050452142252],[80.695748361918831,7.0612862880045855],[80.695764405574508,7.0612573138474453],[80.69579921062477,7.0612760699154213]]]},"properties":{"OBJECTID":716,"Shape_Length":16.123305232678838,"Shape_Area":16.080695628148348}},{"type":"Feature","id":717,"geometry":{"type":"Polygon","coordinates":[[[80.696037210888221,7.0612984620459223],[80.696032946077167,7.0613056352334382],[80.696022292633785,7.0612896098560434],[80.696037210888221,7.0612984620459223]]]},"properties":{"OBJECTID":717,"Shape_Length":4.9667180139098717,"Shape_Area":0.88421883040708871}},{"type":"Feature","id":718,"geometry":{"type":"Polygon","coordinates":[[[80.696145997208873,7.0612350919992624],[80.696036675506335,7.0613112462407379],[80.696032946077167,7.0613056352334382],[80.696037210888221,7.0612984620459223],[80.696022292633785,7.0612896098560434],[80.695986033646989,7.061235064422493],[80.69609215346739,7.0611700960051076],[80.696120406881406,7.0612132475035905],[80.696130005091817,7.0612068574655895],[80.696141724077222,7.0612275483801223],[80.696145997208873,7.0612350919992624]]]},"properties":{"OBJECTID":718,"Shape_Length":49.860627217626202,"Shape_Area":136.34101902278363}},{"type":"Feature","id":719,"geometry":{"type":"Polygon","coordinates":[[[80.695068578421996,7.0613073072902681],[80.694979166504396,7.0613229733851615],[80.69496996054923,7.0612810396413233],[80.694984976036523,7.0612772920748492],[80.694978838428113,7.0612476313123276],[80.695058012151563,7.0612329862094025],[80.695068578421996,7.0613073072902681]]]},"properties":{"OBJECTID":719,"Shape_Length":37.030513928826039,"Shape_Area":79.355625472842888}},{"type":"Feature","id":720,"geometry":{"type":"Polygon","coordinates":[[[80.69524485037573,7.0613489292314195],[80.695157403612484,7.0613494466347282],[80.695155811631693,7.0613062997281153],[80.69516967512061,7.0613057695040284],[80.695169680517026,7.0612748736174735],[80.695245929734753,7.0612743542617693],[80.69524485037573,7.0613489292314195]]]},"properties":{"OBJECTID":720,"Shape_Length":36.05502990667609,"Shape_Area":75.865152926556362}},{"type":"Feature","id":721,"geometry":{"type":"Polygon","coordinates":[[[80.695946569059942,7.0612760736767468],[80.695896434112328,7.0613517054588275],[80.695830854410147,7.0613223970639236],[80.695840185624206,7.0612948939667621],[80.695908184087529,7.0612403773913597],[80.695946569059942,7.0612760736767468]]]},"properties":{"OBJECTID":721,"Shape_Length":36.60390375231961,"Shape_Area":83.676080360423597}},{"type":"Feature","id":722,"geometry":{"type":"Polygon","coordinates":[[[80.696032946077167,7.0613056352334382],[80.695996675257859,7.0613666376166364],[80.695934295873954,7.0613298728150911],[80.695957764656768,7.0612872619738107],[80.695984422523466,7.0613021814258472],[80.696003088617928,7.0612782139952914],[80.696022292633785,7.0612896098560434],[80.696032946077167,7.0613056352334382]]]},"properties":{"OBJECTID":722,"Shape_Length":32.553501403006202,"Shape_Area":58.364558717399383}},{"type":"Feature","id":723,"geometry":{"type":"Polygon","coordinates":[[[80.696254442354686,7.0612918301426566],[80.69615273483771,7.0613709048463251],[80.696114863897094,7.0613201021008223],[80.696222713387101,7.061245801431367],[80.696254442354686,7.0612918301426566]]]},"properties":{"OBJECTID":723,"Shape_Length":41.894423189193581,"Shape_Area":94.571863859464514}},{"type":"Feature","id":724,"geometry":{"type":"Polygon","coordinates":[[[80.69621955522301,7.0613762644618197],[80.696188625622625,7.0613980992264009],[80.696167834942273,7.0613698638681237],[80.696199298803435,7.0613469639149349],[80.69621955522301,7.0613762644618197]]]},"properties":{"OBJECTID":724,"Shape_Length":16.298082510929582,"Shape_Area":16.571255920096114}},{"type":"Feature","id":725,"geometry":{"type":"Polygon","coordinates":[[[80.696117576964056,7.0614189676014254],[80.696098123010401,7.0614343059364222],[80.696053086527897,7.0613773652763347],[80.696074355650879,7.0613608100494192],[80.69607002360739,7.0613536878298371],[80.696115445549253,7.0613224326182378],[80.696175592515544,7.0614073870005596],[80.696155455560131,7.0614254517271213],[80.696123035644476,7.0614281735541118],[80.696117576964056,7.0614189676014254]]]},"properties":{"OBJECTID":725,"Shape_Length":40.029585040953059,"Shape_Area":91.691152121615943}},{"type":"Feature","id":726,"geometry":{"type":"Polygon","coordinates":[[[80.69554951244578,7.0614296958321736],[80.695543037435186,7.0614452724215191],[80.695530492037108,7.061440030649198],[80.695537046654152,7.0614247588276573],[80.69554951244578,7.0614296958321736]]]},"properties":{"OBJECTID":726,"Shape_Length":6.6861624559030082,"Shape_Area":2.7613626700800751}},{"type":"Feature","id":727,"geometry":{"type":"Polygon","coordinates":[[[80.695085937450344,7.0614437188499162],[80.695000084780418,7.0614751314845572],[80.69498676145308,7.061435711014882],[80.694997426561429,7.0614314517506029],[80.694986234528116,7.0614000212672003],[80.695065154102053,7.0613739338342034],[80.695085937450344,7.0614437188499162]]]},"properties":{"OBJECTID":727,"Shape_Length":36.89345082334772,"Shape_Area":79.433921625587303}},{"type":"Feature","id":728,"geometry":{"type":"Polygon","coordinates":[[[80.695596668881379,7.0614345873072555],[80.695578314656032,7.0614817124479217],[80.695535511027373,7.0614633772902318],[80.695543037435186,7.0614452724215191],[80.69554951244578,7.0614296958321736],[80.695554738639075,7.0614171249657813],[80.695596668881379,7.0614345873072555]]]},"properties":{"OBJECTID":728,"Shape_Length":21.293218343839399,"Shape_Area":28.272607937811983}},{"type":"Feature","id":729,"geometry":{"type":"Polygon","coordinates":[[[80.695251227790052,7.0614725120829833],[80.695224565102706,7.0614852917258251],[80.695196316592785,7.0614144401334391],[80.695262973833621,7.0613846220433008],[80.695296018144916,7.0614661272853123],[80.695255491314413,7.0614831665484932],[80.695251227790052,7.0614725120829833]]]},"properties":{"OBJECTID":729,"Shape_Length":35.618918396777772,"Shape_Area":74.055853886648038}},{"type":"Feature","id":730,"geometry":{"type":"Polygon","coordinates":[[[80.712497740662684,7.0614695013574806],[80.712474755869678,7.0615054383671909],[80.712441578689322,7.0614860706352554],[80.712465648171204,7.0614484119615968],[80.712497740662684,7.0614695013574806]]]},"properties":{"OBJECTID":730,"Shape_Length":18.145239730039933,"Shape_Area":20.483867649288808}},{"type":"Feature","id":731,"geometry":{"type":"Polygon","coordinates":[[[80.695543371315765,7.0614773421665458],[80.695517592458785,7.061519447977946],[80.695492697608756,7.0615013338641841],[80.695481560315486,7.0614932591193114],[80.69550712071316,7.0614528995022878],[80.695543371315765,7.0614773421665458]]]},"properties":{"OBJECTID":731,"Shape_Length":20.493152892410681,"Shape_Area":26.138409986350712}},{"type":"Feature","id":732,"geometry":{"type":"Polygon","coordinates":[[[80.695941204448701,7.0614609127242423],[80.695915536537754,7.0615212079489567],[80.695502920001701,7.061377738524147],[80.69554239936177,7.0612520330702022],[80.695997735525211,7.061401794815116],[80.695971596085229,7.0614721043350626],[80.695941204448701,7.0614609127242423]]]},"properties":{"OBJECTID":732,"Shape_Length":134.90769328562732,"Shape_Area":761.9947600341394}},{"type":"Feature","id":733,"geometry":{"type":"Polygon","coordinates":[[[80.714255894438409,7.0615268186450679],[80.71421799865719,7.0615587856208295],[80.714159260752197,7.0614854496399735],[80.714201577764186,7.061459123467734],[80.714255894438409,7.0615268186450679]]]},"properties":{"OBJECTID":733,"Shape_Length":30.966223123940534,"Shape_Area":54.675004643295956}},{"type":"Feature","id":734,"geometry":{"type":"Polygon","coordinates":[[[80.695117381191494,7.0615310837793794],[80.695033662011483,7.0615630294330147],[80.695017671722425,7.0615246737804922],[80.695029403271661,7.0615198820608178],[80.695018211140919,7.0614889842191833],[80.695092332265318,7.0614623633028319],[80.695117381191494,7.0615310837793794]]]},"properties":{"OBJECTID":734,"Shape_Length":36.317066891171365,"Shape_Area":77.133611582211117}},{"type":"Feature","id":735,"geometry":{"type":"Polygon","coordinates":[[[80.695688262502387,7.0615068497303568],[80.695662996458495,7.061582869221958],[80.695631261194748,7.0615733186880938],[80.695637748227114,7.061556273493756],[80.695613521075018,7.0615453605544269],[80.695621714856728,7.0615259291715846],[80.695577696494126,7.0615071714925115],[80.695604664778386,7.0614495614205106],[80.695640494347288,7.0614642274657129],[80.695645956689177,7.0614522959892021],[80.695713179226829,7.0614771943551338],[80.695702594765592,7.0615123070346311],[80.695688262502387,7.0615068497303568]]]},"properties":{"OBJECTID":735,"Shape_Length":51.520308890932057,"Shape_Area":118.08594955521521}},{"type":"Feature","id":736,"geometry":{"type":"Polygon","coordinates":[[[80.695719652000747,7.0615423106050086],[80.695700530185505,7.0616101489293905],[80.69566162825376,7.061600937178409],[80.695682798936019,7.0615310536523088],[80.695719652000747,7.0615423106050086]]]},"properties":{"OBJECTID":736,"Shape_Length":24.541156599937565,"Shape_Area":34.381393461904615}},{"type":"Feature","id":737,"geometry":{"type":"Polygon","coordinates":[[[80.695153222021077,7.0616314996282403],[80.695062404895566,7.0616589496086073],[80.695049081796583,7.0616181645311711],[80.695062412756499,7.0616140052054091],[80.695051587653595,7.0615807109966688],[80.695126574502041,7.0615574190060153],[80.695153222021077,7.0616314996282403]]]},"properties":{"OBJECTID":737,"Shape_Length":38.01961352443395,"Shape_Area":83.620828827881709}},{"type":"Feature","id":738,"geometry":{"type":"Polygon","coordinates":[[[80.696367973873649,7.0614594217547033],[80.696019684718038,7.0616666070614817],[80.695953982705788,7.0615695818220559],[80.696296874290141,7.0613555038581053],[80.696315532378179,7.0613832062032538],[80.69634699413578,7.0613672314763871],[80.696371512728462,7.0614205034004458],[80.696356314734757,7.0614327858958701],[80.696367973873649,7.0614594217547033]]]},"properties":{"OBJECTID":738,"Shape_Length":121.85137229755624,"Shape_Area":623.3710346709845}},{"type":"Feature","id":739,"geometry":{"type":"Polygon","coordinates":[[[80.718678006892389,7.061664580287383],[80.718662277866642,7.0616861055417868],[80.718647045442992,7.0616741106357237],[80.718664264498528,7.0616522573004046],[80.718678006892389,7.061664580287383]]]},"properties":{"OBJECTID":739,"Shape_Length":10.205103214636985,"Shape_Area":6.2854584505741835}},{"type":"Feature","id":740,"geometry":{"type":"Polygon","coordinates":[[[80.695739418914286,7.0616902706476159],[80.695697443400462,7.0616987865389067],[80.695687216572452,7.0616343514916835],[80.695727486473473,7.0616268580850656],[80.695739418914286,7.0616902706476159]]]},"properties":{"OBJECTID":740,"Shape_Length":23.606232935945656,"Shape_Area":33.195768026975614}},{"type":"Feature","id":741,"geometry":{"type":"Polygon","coordinates":[[[80.704124879488148,7.0616677295491384],[80.704124581820125,7.0617017145330818],[80.704096291999136,7.0617014189544101],[80.704095696035495,7.0616686157704249],[80.704124879488148,7.0616677295491384]]]},"properties":{"OBJECTID":741,"Shape_Length":13.737016749587065,"Shape_Area":11.723384721673998}},{"type":"Feature","id":742,"geometry":{"type":"Polygon","coordinates":[[[80.694811291732947,7.0616817776168848],[80.694746767551322,7.0617142601240781],[80.694733441806775,7.0616886892157273],[80.694722776596592,7.0616934811147374],[80.694703054584991,7.0616524615931322],[80.694779844236081,7.0616109263446161],[80.694811291732947,7.0616817776168848]]]},"properties":{"OBJECTID":742,"Shape_Length":35.710863561919595,"Shape_Area":75.689813502291841}},{"type":"Feature","id":743,"geometry":{"type":"Polygon","coordinates":[[[80.695888043226077,7.061694050158863],[80.695812223880608,7.0617156772859042],[80.695801708898742,7.0616685173013867],[80.695874720918226,7.0616482714825448],[80.695888043226077,7.061694050158863]]]},"properties":{"OBJECTID":743,"Shape_Length":27.695844516044147,"Shape_Area":45.291682770665574}},{"type":"Feature","id":744,"geometry":{"type":"Polygon","coordinates":[[[80.69617630981746,7.0616990944044371],[80.696134643988259,7.0617490252564057],[80.696087162362147,7.0617032407005444],[80.696127162017504,7.061656637441204],[80.69617630981746,7.0616990944044371]]]},"properties":{"OBJECTID":744,"Shape_Length":28.444782183928311,"Shape_Area":50.495671438209428}},{"type":"Feature","id":745,"geometry":{"type":"Polygon","coordinates":[[[80.719310764867274,7.0617330000324081],[80.719219161123974,7.0617640239602277],[80.719179902017672,7.0616594071446759],[80.719271505831699,7.0616276606770905],[80.719310764867274,7.0617330000324081]]]},"properties":{"OBJECTID":745,"Shape_Length":46.180958628853773,"Shape_Area":132.52529279927592}},{"type":"Feature","id":746,"geometry":{"type":"Polygon","coordinates":[[[80.71526878867742,7.0617536371546459],[80.715264318422228,7.0617764768351243],[80.71525388787451,7.0617743412840994],[80.71525835808697,7.0617518298698343],[80.71526878867742,7.0617536371546459]]]},"properties":{"OBJECTID":746,"Shape_Length":7.457001325129875,"Shape_Area":2.996958839923261}},{"type":"Feature","id":747,"geometry":{"type":"Polygon","coordinates":[[[80.695212358556873,7.0617272252397418],[80.695138199540395,7.0617788160852504],[80.6951123785921,7.0617455192626259],[80.695123211412835,7.0617347010356015],[80.695102387010408,7.0617080635476999],[80.69516987973978,7.0616631300093919],[80.695212358556873,7.0617272252397418]]]},"properties":{"OBJECTID":747,"Shape_Length":37.530657989787812,"Shape_Area":82.151349462785191}},{"type":"Feature","id":748,"geometry":{"type":"Polygon","coordinates":[[[80.694858732539089,7.0617686127223314],[80.694793674707952,7.0618037583470228],[80.694779282174011,7.0617755240485618],[80.694767017068529,7.0617824462320034],[80.694748362020377,7.0617430248220812],[80.694825684108253,7.0617057507870333],[80.694858732539089,7.0617686127223314]]]},"properties":{"OBJECTID":748,"Shape_Length":35.388319363062138,"Shape_Area":72.340353115474073}},{"type":"Feature","id":749,"geometry":{"type":"Polygon","coordinates":[[[80.704631690418438,7.0618473721320161],[80.704622849594628,7.0618796954794369],[80.704591209953989,7.0618709214693975],[80.704600516061916,7.061838598194301],[80.704631690418438,7.0618473721320161]]]},"properties":{"OBJECTID":749,"Shape_Length":14.629952408154832,"Shape_Area":13.37388811031197}},{"type":"Feature","id":750,"geometry":{"type":"Polygon","coordinates":[[[80.695298624159804,7.0618145002306223],[80.695189836938638,7.06188159856179],[80.695154652690576,7.0618363152365378],[80.695178650277867,7.0618192731018352],[80.695158925615061,7.0617931684491069],[80.695225585702119,7.0617473702336504],[80.695268764575687,7.061809701264167],[80.695287962761697,7.0617974529607856],[80.695298624159804,7.0618145002306223]]]},"properties":{"OBJECTID":750,"Shape_Length":49.390863810313576,"Shape_Area":116.46064992851227}},{"type":"Feature","id":751,"geometry":{"type":"Polygon","coordinates":[[[80.694805927476509,7.0618671492842333],[80.694781929966936,7.0618836578543354],[80.694767537588334,7.0618596855873106],[80.694792067178497,7.0618442414886449],[80.694805927476509,7.0618671492842333]]]},"properties":{"OBJECTID":751,"Shape_Length":12.472932148606956,"Shape_Area":9.7046703240946197}},{"type":"Feature","id":752,"geometry":{"type":"Polygon","coordinates":[[[80.694921103214895,7.0618549177927878],[80.694856044909258,7.0618927266305267],[80.694805937663929,7.0618090878080979],[80.69487312902848,7.0617691478823295],[80.694921103214895,7.0618549177927878]]]},"properties":{"OBJECTID":752,"Shape_Length":38.595498025151599,"Shape_Area":91.711205543072666}},{"type":"Feature","id":753,"geometry":{"type":"Polygon","coordinates":[[[80.713584131985641,7.0618717606225205],[80.713565537488293,7.0619082652829919],[80.713533200515016,7.0618938235417703],[80.713553006993109,7.0618581211728833],[80.713584131985641,7.0618717606225205]]]},"properties":{"OBJECTID":753,"Shape_Length":16.71074583399453,"Shape_Area":17.287845889507512}},{"type":"Feature","id":754,"geometry":{"type":"Polygon","coordinates":[[[80.694707792569034,7.0620024328307469],[80.694679530222402,7.0620157448021201],[80.694651281108889,7.0619486225695312],[80.694718471727739,7.0619182711074089],[80.694750983180725,7.0619976457284714],[80.694712055992042,7.0620136199418004],[80.694707792569034,7.0620024328307469]]]},"properties":{"OBJECTID":754,"Shape_Length":35.106119740558469,"Shape_Area":71.410183676121875}},{"type":"Feature","id":755,"geometry":{"type":"Polygon","coordinates":[[[80.704303192722946,7.0620833564466645],[80.704276321041718,7.0620909223009631],[80.704270603141325,7.0620710626772345],[80.70429842798724,7.0620636859724195],[80.704303192722946,7.0620833564466645]]]},"properties":{"OBJECTID":755,"Shape_Length":10.787493609772003,"Shape_Area":7.0815755075652884}},{"type":"Feature","id":756,"geometry":{"type":"Polygon","coordinates":[[[80.714208728121719,7.0621895354795461],[80.714194304396784,7.0622366347638286],[80.714156150899015,7.0622255527207196],[80.714170109344934,7.062178453375469],[80.714208728121719,7.0621895354795461]]]},"properties":{"OBJECTID":756,"Shape_Length":19.706468822280762,"Shape_Area":24.00710424806601}},{"type":"Feature","id":757,"geometry":{"type":"Polygon","coordinates":[[[80.715169171485087,7.0622259121739717],[80.715152583191212,7.0622477012549449],[80.715113430072662,7.0622178021861979],[80.715133190110805,7.0621971032225961],[80.715169171485087,7.0622259121739717]]]},"properties":{"OBJECTID":757,"Shape_Length":16.728253776978232,"Shape_Area":16.266308552137012}},{"type":"Feature","id":758,"geometry":{"type":"Polygon","coordinates":[[[80.718275314443275,7.0623152259948663],[80.718267274136622,7.0623453694061462],[80.718231837684272,7.0623367993157196],[80.718240175884191,7.0623060645206648],[80.718275314443275,7.0623152259948663]]]},"properties":{"OBJECTID":758,"Shape_Length":15.010452681457497,"Shape_Area":14.008310512368782}},{"type":"Feature","id":759,"geometry":{"type":"Polygon","coordinates":[[[80.716543023224517,7.0622827813290998],[80.716487771047241,7.0623484382970299],[80.7164492391707,7.0623087556429258],[80.71650013025743,7.0622481496184664],[80.716543023224517,7.0622827813290998]]]},"properties":{"OBJECTID":759,"Shape_Length":30.43885285200971,"Shape_Area":55.487584479916286}},{"type":"Feature","id":760,"geometry":{"type":"Polygon","coordinates":[[[80.691718033773881,7.0624082660849803],[80.691687326230706,7.062436989650581],[80.691658881799228,7.0624007648990696],[80.691688879567295,7.0623774652808775],[80.691718033773881,7.0624082660849803]]]},"properties":{"OBJECTID":760,"Shape_Length":18.623579085464186,"Shape_Area":21.577249069460628}},{"type":"Feature","id":761,"geometry":{"type":"Polygon","coordinates":[[[80.716074387147543,7.062398268721795],[80.71604371518228,7.0624502809076795],[80.71601095909682,7.0624349141697707],[80.716041332649411,7.0623805371653869],[80.716074387147543,7.062398268721795]]]},"properties":{"OBJECTID":761,"Shape_Length":21.70371035257282,"Shape_Area":27.553157073610588}},{"type":"Feature","id":762,"geometry":{"type":"Polygon","coordinates":[[[80.71391395819127,7.06248485773565],[80.713899962398784,7.0625132278141498],[80.713868397570337,7.0624984516034397],[80.71388328697499,7.0624688988027424],[80.71391395819127,7.06248485773565]]]},"properties":{"OBJECTID":762,"Shape_Length":14.827199577071667,"Shape_Area":13.720576422192948}},{"type":"Feature","id":763,"geometry":{"type":"Polygon","coordinates":[[[80.692326708675168,7.0625620680711165],[80.692286098710852,7.062567174636678],[80.692280645027409,7.0625306954387872],[80.692320232152582,7.0625252477627543],[80.692326708675168,7.0625620680711165]]]},"properties":{"OBJECTID":763,"Shape_Length":17.148769583975149,"Shape_Area":18.337114134722405}},{"type":"Feature","id":764,"geometry":{"type":"Polygon","coordinates":[[[80.692521534611203,7.0625011641849795],[80.692447402791771,7.0625853144227175],[80.692402085430544,7.0625517471669701],[80.692411153085743,7.0625363013118232],[80.692349309897182,7.0624835550958389],[80.692403176699955,7.0624137834286316],[80.692521534611203,7.0625011641849795]]]},"properties":{"OBJECTID":764,"Shape_Length":55.592870184646088,"Shape_Area":174.98330744371211}},{"type":"Feature","id":765,"geometry":{"type":"Polygon","coordinates":[[[80.718056145040862,7.0625927245244142],[80.718041851716308,7.0626207989809542],[80.718020113404719,7.0626092734828889],[80.718035002253487,7.0625820853297174],[80.718056145040862,7.0625927245244142]]]},"properties":{"OBJECTID":765,"Shape_Length":12.243888732899993,"Shape_Area":9.2124463928597375}},{"type":"Feature","id":766,"geometry":{"type":"Polygon","coordinates":[[[80.715904650080915,7.0626021813396136],[80.715859684254312,7.0626225723058349],[80.715842412870458,7.0625862229551837],[80.715884400867864,7.0625631720152464],[80.715904650080915,7.0626021813396136]]]},"properties":{"OBJECTID":766,"Shape_Length":20.056489809526557,"Shape_Area":24.989798653036353}},{"type":"Feature","id":767,"geometry":{"type":"Polygon","coordinates":[[[80.692361147706379,7.062717531265708],[80.692321561532111,7.0627226380188395],[80.692318834472374,7.062705591210154],[80.692301770776595,7.062707292762175],[80.692282042094121,7.0625739987611835],[80.692366191870804,7.0625606970194426],[80.692377872432601,7.0626981023854611],[80.692360468189918,7.062700826657216],[80.692361147706379,7.062717531265708]]]},"properties":{"OBJECTID":767,"Shape_Length":51.568533593243934,"Shape_Area":143.46705861713329}},{"type":"Feature","id":768,"geometry":{"type":"Polygon","coordinates":[[[80.717200069892186,7.0626974699237959],[80.717193089937098,7.0627385656011077],[80.717154471358484,7.0627321011724158],[80.71715912415884,7.0627039341816262],[80.717130276351241,7.0626988545946867],[80.717138651130099,7.062637440961403],[80.71718611086537,7.0626448289162491],[80.717179597120733,7.0626928517004801],[80.717200069892186,7.0626974699237959]]]},"properties":{"OBJECTID":768,"Shape_Length":35.165442012930839,"Shape_Area":53.789928497553916}},{"type":"Feature","id":769,"geometry":{"type":"Polygon","coordinates":[[[80.704809486130529,7.0628055022309093],[80.704792214785897,7.0628273713175211],[80.704769880895412,7.0628117087804725],[80.704788641463935,7.0627889527914531],[80.704809486130529,7.0628055022309093]]]},"properties":{"OBJECTID":769,"Shape_Length":12.296143458498642,"Shape_Area":9.429188566982706}},{"type":"Feature","id":770,"geometry":{"type":"Polygon","coordinates":[[[80.705009039864549,7.062901105294789],[80.704981587168049,7.0629311188894599],[80.704947621653204,7.0629006428164267],[80.704957392421136,7.0628900231457532],[80.704947155800909,7.0628807876241515],[80.704967163027504,7.062862778564039],[80.705009039864549,7.062901105294789]]]},"properties":{"OBJECTID":770,"Shape_Length":21.907165555623813,"Shape_Area":26.858911207959114}},{"type":"Feature","id":771,"geometry":{"type":"Polygon","coordinates":[[[80.692757140822593,7.0629071087311583],[80.692717675139818,7.0629518461906198],[80.692623312452383,7.0628655350810208],[80.692669177380893,7.0628144061846578],[80.692757140822593,7.0629071087311583]]]},"properties":{"OBJECTID":771,"Shape_Length":42.44462626569873,"Shape_Area":100.03106318798771}},{"type":"Feature","id":772,"geometry":{"type":"Polygon","coordinates":[[[80.69251503702219,7.0630476923413408],[80.692418520392835,7.0630791025734228],[80.692375777760489,7.0629585606804861],[80.692468606323374,7.0629231219784838],[80.69251503702219,7.0630476923413408]]]},"properties":{"OBJECTID":772,"Shape_Length":51.032135772395726,"Shape_Area":159.94311337487406}},{"type":"Feature","id":773,"geometry":{"type":"Polygon","coordinates":[[[80.692858506114646,7.0629744440428741],[80.692721846876651,7.063105091968584],[80.692671034686612,7.063051815135525],[80.692805194461101,7.0629219987447032],[80.692858506114646,7.0629744440428741]]]},"properties":{"OBJECTID":773,"Shape_Length":57.931793780091908,"Shape_Area":170.26599723479748}},{"type":"Feature","id":774,"geometry":{"type":"Polygon","coordinates":[[[80.692644651733929,7.0631590665395887],[80.69254771708178,7.0632596187520997],[80.692480841408752,7.0631982426852993],[80.692570610707591,7.0630956427349778],[80.692644651733929,7.0631590665395887]]]},"properties":{"OBJECTID":774,"Shape_Length":51.312517087427267,"Shape_Area":158.58767220324211}},{"type":"Feature","id":775,"geometry":{"type":"Polygon","coordinates":[[[80.716434707195219,7.0633579455679527],[80.716419460047462,7.0633829108175599],[80.716398496514358,7.0633721304991264],[80.716411646558342,7.0633448951511806],[80.716434707195219,7.0633579455679527]]]},"properties":{"OBJECTID":775,"Shape_Length":12.110238851291324,"Shape_Area":9.0850158355408972}},{"type":"Feature","id":776,"geometry":{"type":"Polygon","coordinates":[[[80.692745135026144,7.063328987985968],[80.692631811893278,7.0634113659894036],[80.692564343885067,7.0633214650561538],[80.692680166015847,7.0632357578341072],[80.692745135026144,7.063328987985968]]]},"properties":{"OBJECTID":776,"Shape_Length":56.391851319253099,"Shape_Area":196.1398789253588}},{"type":"Feature","id":777,"geometry":{"type":"Polygon","coordinates":[[[80.715863760517152,7.0634699903890024],[80.715835377675177,7.0635087781636834],[80.71578931438286,7.0634755313861568],[80.715820488688593,7.0634385905871637],[80.715863760517152,7.0634699903890024]]]},"properties":{"OBJECTID":777,"Shape_Length":22.841946119542754,"Shape_Area":32.419150427609623}},{"type":"Feature","id":778,"geometry":{"type":"Polygon","coordinates":[[[80.716784566516267,7.0637008693916226],[80.716756184059534,7.0637230332130061],[80.716736154933784,7.0636962710830735],[80.716738037916386,7.0636953281245489],[80.716764093655854,7.0636754727206306],[80.716784566516267,7.0637008693916226]]]},"properties":{"OBJECTID":778,"Shape_Length":15.133474694296153,"Shape_Area":14.207287573375892}},{"type":"Feature","id":779,"geometry":{"type":"Polygon","coordinates":[[[80.714954121217986,7.0637193389986423],[80.714935974456807,7.0637313449927497],[80.714917363077163,7.0637041009731787],[80.714960634596622,7.0636759345823696],[80.714981107113957,7.0637031779414237],[80.714954121217986,7.0637193389986423]]]},"properties":{"OBJECTID":779,"Shape_Length":19.000017094718778,"Shape_Area":21.247117145812112}},{"type":"Feature","id":780,"geometry":{"type":"Polygon","coordinates":[[[80.691422568570957,7.0642702188886473],[80.691341101681175,7.06430748345218],[80.691306528666743,7.0642324634046094],[80.691391182011941,7.0641947445585291],[80.691422568570957,7.0642702188886473]]]},"properties":{"OBJECTID":780,"Shape_Length":38.308224238787233,"Shape_Area":91.454451966205681}},{"type":"Feature","id":781,"geometry":{"type":"Polygon","coordinates":[[[80.691340677507739,7.0643301662775659],[80.691271891642799,7.0643439336459464],[80.691267049002235,7.0643225177061133],[80.69133490302994,7.064305771358609],[80.691340677507739,7.0643301662775659]]]},"properties":{"OBJECTID":781,"Shape_Length":20.6708647036589,"Shape_Area":20.10602224318885}},{"type":"Feature","id":782,"geometry":{"type":"Polygon","coordinates":[[[80.691441595106681,7.0643562714338355],[80.691441120726196,7.0643565109904829],[80.691413171058713,7.0642971494477029],[80.691442007186922,7.0642858073781811],[80.691467045075157,7.0643434221584753],[80.691441595106681,7.0643562714338355]]]},"properties":{"OBJECTID":782,"Shape_Length":20.832141777160658,"Shape_Area":23.516249333909549}},{"type":"Feature","id":783,"geometry":{"type":"Polygon","coordinates":[[[80.691671267847866,7.0643582846692734],[80.69166875632601,7.064390466027537],[80.691625532529059,7.0643872243372323],[80.691629270551005,7.0643554799859833],[80.691671267847866,7.0643582846692734]]]},"properties":{"OBJECTID":783,"Shape_Length":16.542148471336443,"Shape_Area":16.752900689009902}},{"type":"Feature","id":784,"geometry":{"type":"Polygon","coordinates":[[[80.691442890897221,7.0643589439174228],[80.691378086479475,7.0643909845919897],[80.691345896525021,7.0643279326711257],[80.691412569451387,7.0642951489958286],[80.691413171058713,7.0642971494477029],[80.691441120726196,7.0643565109904829],[80.691441595106681,7.0643562714338355],[80.691442890897221,7.0643589439174228]]]},"properties":{"OBJECTID":784,"Shape_Length":31.895988031195699,"Shape_Area":62.955208615588973}},{"type":"Feature","id":785,"geometry":{"type":"Polygon","coordinates":[[[80.691365673350631,7.0644245821050315],[80.691292564732848,7.0644399900166688],[80.691271891642799,7.0643439336459464],[80.691340677507739,7.0643301662775659],[80.691343936401708,7.0643296613612163],[80.691365673350631,7.0644245821050315]]]},"properties":{"OBJECTID":785,"Shape_Length":38.000537521049544,"Shape_Area":88.56520434102967}},{"type":"Feature","id":786,"geometry":{"type":"Polygon","coordinates":[[[80.691703260231478,7.0643930541182192],[80.691695245998702,7.0644741659911396],[80.691651932475494,7.064471479535559],[80.691608353741472,7.0644686890316066],[80.691612465816959,7.0643862443958545],[80.691625532529059,7.0643872243372323],[80.69166875632601,7.064390466027537],[80.691703260231478,7.0643930541182192]]]},"properties":{"OBJECTID":786,"Shape_Length":37.817527390366401,"Shape_Area":89.232358063928629}},{"type":"Feature","id":787,"geometry":{"type":"Polygon","coordinates":[[[80.691489644428003,7.0644598060374868],[80.691455241641535,7.0644784702277468],[80.691440307323035,7.0644534315769381],[80.691473294446396,7.0644341829429429],[80.691489644428003,7.0644598060374868]]]},"properties":{"OBJECTID":787,"Shape_Length":15.128136297837543,"Shape_Area":14.048789172676255}},{"type":"Feature","id":788,"geometry":{"type":"Polygon","coordinates":[[[80.691391364511418,7.0645085686069145],[80.691375244599669,7.0645168292842371],[80.691362947942494,7.0644926737227243],[80.691380976774965,7.064485473249972],[80.691391364511418,7.0645085686069145]]]},"properties":{"OBJECTID":788,"Shape_Length":9.9428926976948393,"Shape_Area":5.9988788536457989}},{"type":"Feature","id":789,"geometry":{"type":"Polygon","coordinates":[[[80.691210345504217,7.0645269726865836],[80.691177164367446,7.0645329260450209],[80.691171763803652,7.0645033169194633],[80.691204571952383,7.0644975497818061],[80.691206387040168,7.0645067976264908],[80.691210345504217,7.0645269726865836]]]},"properties":{"OBJECTID":789,"Shape_Length":14.047827863735744,"Shape_Area":12.296739905656468}},{"type":"Feature","id":790,"geometry":{"type":"Polygon","coordinates":[[[80.691283976340571,7.0645171173701362],[80.691214817444362,7.0645360980304375],[80.691206387040168,7.0645067976264908],[80.691276711677503,7.0644888110212403],[80.691283976340571,7.0645171173701362]]]},"properties":{"OBJECTID":790,"Shape_Length":22.545034044832729,"Shape_Area":26.31119592819757}},{"type":"Feature","id":791,"geometry":{"type":"Polygon","coordinates":[[[80.691378212336204,7.0645244568083729],[80.691310975412378,7.0645572846863987],[80.691289985900298,7.0645182967890445],[80.691359555734422,7.0644846219978241],[80.691362947942494,7.0644926737227243],[80.691375244599669,7.0645168292842371],[80.691378212336204,7.0645244568083729]]]},"properties":{"OBJECTID":791,"Shape_Length":26.570264663323456,"Shape_Area":41.027335292778929}},{"type":"Feature","id":792,"geometry":{"type":"Polygon","coordinates":[[[80.691518566744065,7.0645069531863891],[80.691422442938034,7.0645613455083849],[80.691394200023396,7.0645115859151444],[80.691455241641535,7.0644784702277468],[80.691489644428003,7.0644598060374868],[80.691491780060375,7.0644586480007971],[80.691518566744065,7.0645069531863891]]]},"properties":{"OBJECTID":792,"Shape_Length":36.902540061213564,"Shape_Area":76.049848447189888}},{"type":"Feature","id":793,"geometry":{"type":"Polygon","coordinates":[[[80.691301300846817,7.0645795028130092],[80.69122822644232,7.0646007182234944],[80.691209038295725,7.0645372147054033],[80.691214817444362,7.0645360980304375],[80.691283976340571,7.0645171173701362],[80.691301300846817,7.0645795028130092]]]},"properties":{"OBJECTID":793,"Shape_Length":31.474263962631113,"Shape_Area":61.313533909067274}},{"type":"Feature","id":794,"geometry":{"type":"Polygon","coordinates":[[[80.691183306563715,7.0646450991540259],[80.691170198769498,7.0646509160150064],[80.691163791599337,7.064650914842642],[80.691164091723707,7.0646037784463172],[80.691181567056844,7.0646037816436626],[80.691214474949618,7.0646218278183603],[80.691219714270517,7.0646421957313468],[80.691210393772053,7.0646439402567802],[80.691208938334285,7.0646381207314501],[80.691183306563715,7.0646450991540259]]]},"properties":{"OBJECTID":794,"Shape_Length":20.553455169733379,"Shape_Area":22.230537613334217}},{"type":"Feature","id":795,"geometry":{"type":"Polygon","coordinates":[[[80.691521624780421,7.0646050546074877],[80.691469795733525,7.0646523443886471],[80.6914399773665,7.0646193785222637],[80.69149050094488,7.0645728336609528],[80.691521624780421,7.0646050546074877]]]},"properties":{"OBJECTID":795,"Shape_Length":25.211161545865625,"Shape_Area":37.84034755911506}},{"type":"Feature","id":796,"geometry":{"type":"Polygon","coordinates":[[[80.691435308734825,7.0646661180328394],[80.691413310092926,7.0646804519147004],[80.69140383797577,7.0646648335917632],[80.691425127147127,7.0646492688098563],[80.691435308734825,7.0646661180328394]]]},"properties":{"OBJECTID":796,"Shape_Length":10.011496597134652,"Shape_Area":6.0867769110463712}},{"type":"Feature","id":797,"geometry":{"type":"Polygon","coordinates":[[[80.69140383797577,7.0646648335917632],[80.691372888603311,7.0646834676590204],[80.691348321159879,7.0646470934824004],[80.69140430294523,7.0646120968098485],[80.691429326133928,7.0646461985262254],[80.691425127147127,7.0646492688098563],[80.69140383797577,7.0646648335917632]]]},"properties":{"OBJECTID":797,"Shape_Length":24.304403386444513,"Shape_Area":35.762523438529435}},{"type":"Feature","id":798,"geometry":{"type":"Polygon","coordinates":[[[80.691461962055087,7.0646813922318703],[80.691449098818154,7.0646864178707665],[80.691436800454383,7.0646616491862124],[80.691449477453048,7.0646553194932116],[80.691461962055087,7.0646813922318703]]]},"properties":{"OBJECTID":798,"Shape_Length":9.3448457581100168,"Shape_Area":4.8250346221840497}},{"type":"Feature","id":799,"geometry":{"type":"Polygon","coordinates":[[[80.691316490360308,7.0647335418750687],[80.691310860450102,7.0647353205362009],[80.691308769645431,7.064728946550777],[80.691298386191562,7.0646972882458563],[80.691281751135392,7.0646465721941016],[80.691330101771342,7.0646320324266574],[80.691356881049273,7.0647207812448141],[80.691316490360308,7.0647335418750687]]]},"properties":{"OBJECTID":799,"Shape_Length":31.487527117906271,"Shape_Area":56.119126851947911}},{"type":"Feature","id":800,"geometry":{"type":"Polygon","coordinates":[[[80.691308769645431,7.064728946550777],[80.691278239552545,7.064736769617058],[80.691270090095941,7.0647056353174307],[80.691298386191562,7.0646972882458563],[80.691308769645431,7.064728946550777]]]},"properties":{"OBJECTID":800,"Shape_Length":13.983701839108072,"Shape_Area":12.196128009879924}},{"type":"Feature","id":801,"geometry":{"type":"Polygon","coordinates":[[[80.691601239942329,7.0647446843042001],[80.691576481874023,7.0647557368409775],[80.691570250990111,7.0647421185493897],[80.691595470674272,7.0647313265393326],[80.691601239942329,7.0647446843042001]]]},"properties":{"OBJECTID":801,"Shape_Length":9.2910636523041124,"Shape_Area":4.9179351488387546}},{"type":"Feature","id":802,"geometry":{"type":"Polygon","coordinates":[[[80.691570250990111,7.0647421185493897],[80.691491023299491,7.0647758087929819],[80.691467732542762,7.0647227330841735],[80.691479663468314,7.0647173356018467],[80.691469415535238,7.0646920075217423],[80.691571013816443,7.064649383118577],[80.691604178698441,7.0647275996389194],[80.691595470674272,7.0647313265393326],[80.691570250990111,7.0647421185493897]]]},"properties":{"OBJECTID":802,"Shape_Length":46.032102521171737,"Shape_Area":124.23121825462387}},{"type":"Feature","id":803,"geometry":{"type":"Polygon","coordinates":[[[80.691177456168816,7.0647830140728711],[80.691155902848607,7.0647876655363246],[80.691134367194721,7.0646910618933969],[80.691155921202451,7.0646875742828348],[80.691155047343585,7.0646843737564664],[80.69117718394277,7.0646779770741155],[80.691170198769498,7.0646509160150064],[80.691183306563715,7.0646450991540259],[80.691208938334285,7.0646381207314501],[80.691210393772053,7.0646439402567802],[80.691219714270517,7.0646421957313468],[80.691224954392396,7.064653253734086],[80.691248234053603,7.0647667330913038],[80.691177456168816,7.0647830140728711]]]},"properties":{"OBJECTID":803,"Shape_Length":50.211066077534007,"Shape_Area":136.92439612272398}},{"type":"Feature","id":804,"geometry":{"type":"Polygon","coordinates":[[[80.691839513034168,7.0647736186372692],[80.691814016087093,7.0648207061481765],[80.691748638500997,7.064788793698499],[80.691657760331466,7.0647444332435168],[80.691693402101649,7.0646726534895157],[80.691827668541407,7.0647418009192924],[80.691815388665617,7.0647595802115184],[80.691839513034168,7.0647736186372692]]]},"properties":{"OBJECTID":804,"Shape_Length":56.15251849948929,"Shape_Area":160.27592917080435}},{"type":"Feature","id":805,"geometry":{"type":"Polygon","coordinates":[[[80.691469955230943,7.0648000134318947],[80.691389424594405,7.0648255103376041],[80.691364273977214,7.0647506466526355],[80.69144499169056,7.0647217983983177],[80.691469955230943,7.0648000134318947]]]},"properties":{"OBJECTID":805,"Shape_Length":36.613064987328045,"Shape_Area":83.70067523634961}},{"type":"Feature","id":806,"geometry":{"type":"Polygon","coordinates":[[[80.691820873431524,7.0648291428323491],[80.691798880907754,7.0648446984613686],[80.691748638500997,7.064788793698499],[80.691814016087093,7.0648207061481765],[80.691820873431524,7.0648291428323491]]]},"properties":{"OBJECTID":806,"Shape_Length":20.524877526350078,"Shape_Area":14.315641321775255}},{"type":"Feature","id":807,"geometry":{"type":"Polygon","coordinates":[[[80.691382154947959,7.0648243921833132],[80.691296858500039,7.0648537405796743],[80.691258767948781,7.0647578899238281],[80.691316490360308,7.0647335418750687],[80.691323264571054,7.064751011741575],[80.69134563494471,7.0647433807056581],[80.691357743914452,7.0647791367702686],[80.691367251014526,7.0647767176579181],[80.691382154947959,7.0648243921833132]]]},"properties":{"OBJECTID":807,"Shape_Length":43.755575947912973,"Shape_Area":109.08913028039908}},{"type":"Feature","id":808,"geometry":{"type":"Polygon","coordinates":[[[80.691854428856431,7.0648408037201218],[80.69182021869446,7.0648654002702163],[80.691811816338756,7.0648558311046203],[80.691846808028203,7.0648294767110231],[80.691854428856431,7.0648408037201218]]]},"properties":{"OBJECTID":808,"Shape_Length":12.413989546168022,"Shape_Area":6.9094585691131361}},{"type":"Feature","id":809,"geometry":{"type":"Polygon","coordinates":[[[80.691295411347539,7.0648570455820972],[80.691209510047756,7.0648921579477637],[80.691173021412496,7.0648031251997203],[80.691258385409839,7.0647706940326049],[80.691295411347539,7.0648570455820972]]]},"properties":{"OBJECTID":809,"Shape_Length":41.368753479341123,"Shape_Area":106.89718429213767}},{"type":"Feature","id":810,"geometry":{"type":"Polygon","coordinates":[[[80.692018602274644,7.0649042937097564],[80.69199671085839,7.0649064374887045],[80.691993197323654,7.0648785143553265],[80.692016848493523,7.0648763708953251],[80.692018602274644,7.0649042937097564]]]},"properties":{"OBJECTID":810,"Shape_Length":11.259284025249753,"Shape_Area":7.8363406009119432}},{"type":"Feature","id":811,"geometry":{"type":"Polygon","coordinates":[[[80.691575334407588,7.064902607136859],[80.691563017992792,7.0649072385975646],[80.69153856341056,7.0648425648562778],[80.691551123271907,7.064838246333113],[80.691575334407588,7.064902607136859]]]},"properties":{"OBJECTID":811,"Shape_Length":18.1691355007904,"Shape_Area":11.133119083212669}},{"type":"Feature","id":812,"geometry":{"type":"Polygon","coordinates":[[[80.691872200257222,7.0649251604306356],[80.691826068772102,7.0649421395911505],[80.691823474650718,7.0649357890287785],[80.691826226690239,7.0649349150570551],[80.691817223897075,7.0649119194358869],[80.691869141143144,7.0648923088687869],[80.691879268673645,7.064922802358649],[80.691872200257222,7.0649251604306356]]]},"properties":{"OBJECTID":812,"Shape_Length":19.74651909053598,"Shape_Area":21.379791950147119}},{"type":"Feature","id":813,"geometry":{"type":"Polygon","coordinates":[[[80.691490268674926,7.0649474483140251],[80.691449734729531,7.0649613845373072],[80.691441417881364,7.0649396632123178],[80.691448396692877,7.0649372508717061],[80.69142666595792,7.0648774491598658],[80.691537262327117,7.0648391237053207],[80.69153856341056,7.0648425648562778],[80.691563017992792,7.0649072385975646],[80.691486244590422,7.0649345764825595],[80.691490268674926,7.0649474483140251]]]},"properties":{"OBJECTID":813,"Shape_Length":46.63666514544061,"Shape_Area":113.1368955047962}},{"type":"Feature","id":814,"geometry":{"type":"Polygon","coordinates":[[[80.691492800933162,7.0649554600913174],[80.691453994166523,7.0649693297105784],[80.691449734729531,7.0649613845373072],[80.691490268674926,7.0649474483140251],[80.691492800933162,7.0649554600913174]]]},"properties":{"OBJECTID":814,"Shape_Length":11.214347770925603,"Shape_Area":4.4431750799108798}},{"type":"Feature","id":815,"geometry":{"type":"Polygon","coordinates":[[[80.691624068678067,7.0649636092602934],[80.69159662193546,7.0649754733823196],[80.691575370077601,7.064925403989279],[80.691602708701126,7.0649107428062639],[80.691624068678067,7.0649636092602934]]]},"properties":{"OBJECTID":815,"Shape_Length":19.049630022815787,"Shape_Area":20.674374613719344}},{"type":"Feature","id":816,"geometry":{"type":"Polygon","coordinates":[[[80.691253996868909,7.0649882430893021],[80.691251634957695,7.0649892364983637],[80.691223194390602,7.0649213887755549],[80.691299700550687,7.0648902753751948],[80.691328140414228,7.0649570722808148],[80.691295126168626,7.0649709519878607],[80.691253996868909,7.0649882430893021]]]},"properties":{"OBJECTID":816,"Shape_Length":34.455393146676364,"Shape_Area":73.910388646840403}},{"type":"Feature","id":817,"geometry":{"type":"Polygon","coordinates":[[[80.69173229388808,7.0649522354959231],[80.691634586254011,7.0649896400377328],[80.691624068678067,7.0649636092602934],[80.691602708701126,7.0649107428062639],[80.691700922156869,7.064874349385625],[80.69173229388808,7.0649522354959231]]]},"properties":{"OBJECTID":817,"Shape_Length":41.823383248249812,"Shape_Area":108.06430675854233}},{"type":"Feature","id":818,"geometry":{"type":"Polygon","coordinates":[[[80.691896411521867,7.0649940608732118],[80.691852029883606,7.0650107383128358],[80.691826068772102,7.0649421395911505],[80.691872200257222,7.0649251604306356],[80.691896411521867,7.0649940608732118]]]},"properties":{"OBJECTID":818,"Shape_Length":26.853889766091907,"Shape_Area":43.165158159177025}},{"type":"Feature","id":819,"geometry":{"type":"Polygon","coordinates":[[[80.691304749063207,7.0649936863853711],[80.691266608679143,7.0650116996763392],[80.691253996868909,7.0649882430893021],[80.691295126168626,7.0649709519878607],[80.691304749063207,7.0649936863853711]]]},"properties":{"OBJECTID":819,"Shape_Length":15.263837444781538,"Shape_Area":13.579564048819684}},{"type":"Feature","id":820,"geometry":{"type":"Polygon","coordinates":[[[80.691381785419864,7.0650086017349967],[80.691360609004889,7.0650163396994383],[80.691313390076076,7.0648862771919338],[80.691398216595061,7.0648576006120045],[80.691432825173806,7.0649562865492967],[80.691424091744338,7.0649603055351431],[80.691401953536555,7.0649704931120256],[80.691412685494413,7.0649973106864365],[80.691381785419864,7.0650086017349967]]]},"properties":{"OBJECTID":820,"Shape_Length":49.829280169933654,"Shape_Area":136.60223126868306}},{"type":"Feature","id":821,"geometry":{"type":"Polygon","coordinates":[[[80.69142046624431,7.0650201550717817],[80.691389964629565,7.0650305572531149],[80.691381785419864,7.0650086017349967],[80.691412685494413,7.0649973106864365],[80.691401953536555,7.0649704931120256],[80.691424091744338,7.0649603055351431],[80.691429683630204,7.0649783756486517],[80.69142046624431,7.0650201550717817]]]},"properties":{"OBJECTID":821,"Shape_Length":22.494435180114486,"Shape_Area":19.546716348014947}},{"type":"Feature","id":822,"geometry":{"type":"Polygon","coordinates":[[[80.691730942082799,7.0650185241627996],[80.691680966850853,7.0650413001655981],[80.691664385453961,7.0650087762175611],[80.691715812172276,7.0649837216096723],[80.691730942082799,7.0650185241627996]]]},"properties":{"OBJECTID":822,"Shape_Length":20.620709183957239,"Shape_Area":25.481747586513773}},{"type":"Feature","id":823,"geometry":{"type":"Polygon","coordinates":[[[80.692069274196427,7.0650328746028732],[80.691999258042344,7.0650516598916147],[80.691979207094903,7.0649831662452822],[80.692002337018053,7.064975172685763],[80.691995993522383,7.0649535032738218],[80.692019653811556,7.064946024364068],[80.692025880405325,7.0649684045451666],[80.692050767884155,7.0649625472907571],[80.692069274196427,7.0650328746028732]]]},"properties":{"OBJECTID":823,"Shape_Length":37.2762332288751,"Shape_Area":72.326759729654015}},{"type":"Feature","id":824,"geometry":{"type":"Polygon","coordinates":[[[80.691018743936226,7.0650507595475345],[80.691005781003284,7.0650711476377674],[80.690981808879584,7.0650562555249161],[80.690997364196392,7.0650368382393509],[80.691018743936226,7.0650507595475345]]]},"properties":{"OBJECTID":824,"Shape_Length":11.358718677486802,"Shape_Area":8.0226463150016691}},{"type":"Feature","id":825,"geometry":{"type":"Polygon","coordinates":[[[80.69137673706534,7.0650626073358618],[80.69131208304951,7.0650933494320354],[80.691277339346996,7.0650208071727532],[80.691341750733741,7.0649901807890698],[80.69137673706534,7.0650626073358618]]]},"properties":{"OBJECTID":825,"Shape_Length":33.575981694219315,"Shape_Area":70.209809210120412}},{"type":"Feature","id":826,"geometry":{"type":"Polygon","coordinates":[[[80.691664115089139,7.0650667372552123],[80.691586352561316,7.0651023250308098],[80.691549433989749,7.0650175199006053],[80.69161391206984,7.0649884027909646],[80.691630427862421,7.0650282154978266],[80.691644684628187,7.0650210975255758],[80.691664115089139,7.0650667372552123]]]},"properties":{"OBJECTID":826,"Shape_Length":39.502721101230897,"Shape_Area":88.596604072085881}},{"type":"Feature","id":827,"geometry":{"type":"Polygon","coordinates":[[[80.691231701820413,7.0650886305011911],[80.691166038013833,7.065107031222448],[80.691160858498762,7.0650863160636881],[80.691130330465455,7.065092639768026],[80.691125725830091,7.0650765285754646],[80.691107870240273,7.0650817034067659],[80.691068150684671,7.0649591381054373],[80.691163190885916,7.0649303856686831],[80.691193122347173,7.0650328110087681],[80.691217313386119,7.0650287876199149],[80.691231701820413,7.0650886305011911]]]},"properties":{"OBJECTID":827,"Shape_Length":63.775599326718535,"Shape_Area":201.32176634453162}},{"type":"Feature","id":828,"geometry":{"type":"Polygon","coordinates":[[[80.69099040897747,7.06510296942895],[80.690985583142151,7.0651132867639586],[80.690972489257689,7.0651073638205162],[80.690978102628719,7.0650970981759551],[80.69099040897747,7.06510296942895]]]},"properties":{"OBJECTID":828,"Shape_Length":5.6472378645721504,"Shape_Area":1.9726646066885072}},{"type":"Feature","id":829,"geometry":{"type":"Polygon","coordinates":[[[80.692083494465535,7.0651371002444998],[80.692008225790858,7.0651530703590026],[80.691989870492478,7.0650587163595109],[80.6920285259975,7.0650502815940301],[80.692064989613485,7.065043721975222],[80.692066084026962,7.0650487248372107],[80.692102860963175,7.06504154039136],[80.692116851444837,7.0651100917162291],[80.692080118115086,7.0651163890391873],[80.692083494465535,7.0651371002444998]]]},"properties":{"OBJECTID":829,"Shape_Length":46.47331728035752,"Shape_Area":122.20978207467736}},{"type":"Feature","id":830,"geometry":{"type":"Polygon","coordinates":[[[80.691979604585583,7.0651620703289497],[80.691904786868903,7.0651771398118957],[80.691885199653214,7.0650774076311],[80.691960918957591,7.0650623383145223],[80.691979604585583,7.0651620703289497]]]},"properties":{"OBJECTID":830,"Shape_Length":39.41923824827493,"Shape_Area":95.223516661896937}},{"type":"Feature","id":831,"geometry":{"type":"Polygon","coordinates":[[[80.691461798028286,7.0651778043945912],[80.691441508331835,7.0651827500033813],[80.691412506965193,7.0650924788258802],[80.69143256168735,7.0650854125596254],[80.691431618141777,7.0650821125466008],[80.691521980059591,7.0650538475129041],[80.691545322150304,7.0651283265260432],[80.691532817600105,7.0651320952362431],[80.69153941880468,7.0651551926124929],[80.691461798028286,7.0651778043945912]]]},"properties":{"OBJECTID":831,"Shape_Length":47.640998556249002,"Shape_Area":137.78057314244404}},{"type":"Feature","id":832,"geometry":{"type":"Polygon","coordinates":[[[80.69108602090013,7.0651257973613335],[80.691062416373285,7.065194287569553],[80.690970266966715,7.0651662839754366],[80.690999772761657,7.0650775409387832],[80.691011568195421,7.0650804893554868],[80.691039212818552,7.0650904364479086],[80.691032942705831,7.0651081119197707],[80.69108602090013,7.0651257973613335]]]},"properties":{"OBJECTID":832,"Shape_Length":41.834745400570405,"Shape_Area":96.675746027086831}},{"type":"Feature","id":833,"geometry":{"type":"Polygon","coordinates":[[[80.691171480250503,7.0651957426847778],[80.69116667784732,7.0652165157015503],[80.691086698165407,7.0651989230084116],[80.691103243421395,7.0651174265701373],[80.691200818225553,7.0651334245567075],[80.691189075512497,7.065198409108052],[80.691171480250503,7.0651957426847778]]]},"properties":{"OBJECTID":833,"Shape_Length":40.791474672871132,"Shape_Area":99.727274649575435}},{"type":"Feature","id":834,"geometry":{"type":"Polygon","coordinates":[[[80.692060641289331,7.065256205082691],[80.692041410583741,7.0652618363792064],[80.692024242088877,7.0652070191944816],[80.692035523645544,7.0652034356338973],[80.692025530441867,7.0651709047530371],[80.69206399235685,7.0651568234144646],[80.692095018014228,7.0651468399811215],[80.692127306753832,7.0652400805744184],[80.692061408895398,7.0652613281591972],[80.692060641289331,7.065256205082691]]]},"properties":{"OBJECTID":834,"Shape_Length":40.894524057316794,"Shape_Area":97.980944682867957}},{"type":"Feature","id":835,"geometry":{"type":"Polygon","coordinates":[[[80.691910177193776,7.0652484368872823],[80.691880232806554,7.0652758990808442],[80.691849687714694,7.0652465946753384],[80.691879021075351,7.0652191323728379],[80.691910177193776,7.0652484368872823]]]},"properties":{"OBJECTID":835,"Shape_Length":18.337154555244425,"Shape_Area":20.959732147036789}},{"type":"Feature","id":836,"geometry":{"type":"Polygon","coordinates":[[[80.691020983536731,7.065208057196628],[80.69099472740622,7.0652824936821661],[80.690920862836919,7.0652582065428318],[80.690922160070656,7.0652530277760812],[80.690893003553896,7.0652439602964234],[80.690910833776712,7.0651798793756013],[80.690940963465437,7.0651886232883587],[80.690944527915647,7.0651805330472133],[80.691020983536731,7.065208057196628]]]},"properties":{"OBJECTID":836,"Shape_Length":42.057484128112421,"Shape_Area":103.59083728747824}},{"type":"Feature","id":837,"geometry":{"type":"Polygon","coordinates":[[[80.690900454051459,7.065251082230553],[80.690888459912856,7.0652850641392462],[80.690857034842878,7.0652763190808638],[80.690865465651058,7.065239423724063],[80.690900454051459,7.065251082230553]]]},"properties":{"OBJECTID":837,"Shape_Length":15.847589818860509,"Shape_Area":15.648374378590781}},{"type":"Feature","id":838,"geometry":{"type":"Polygon","coordinates":[[[80.691334851759493,7.065263682895778],[80.691262963532694,7.0652874387438533],[80.691233111844028,7.0652039904477704],[80.691270575243081,7.0651903430629721],[80.691266527121996,7.0651802275737277],[80.691257415412309,7.0651787084697535],[80.691245263917054,7.0651873035592292],[80.691229574469574,7.0651680840232833],[80.691246284366898,7.0651463410455566],[80.691266529252204,7.0651685962905786],[80.691272097564536,7.0651670798698154],[80.691277159187337,7.065174160667274],[80.691297409167461,7.0651686019336584],[80.691334851759493,7.065263682895778]]]},"properties":{"OBJECTID":838,"Shape_Length":50.756383846234655,"Shape_Area":97.464840961856751}},{"type":"Feature","id":839,"geometry":{"type":"Polygon","coordinates":[[[80.691685117500938,7.0653183709022818],[80.691619025688837,7.0653457053247664],[80.691580326988728,7.065263270079952],[80.691622564011681,7.0652425735060467],[80.691631945317781,7.0652648421312332],[80.691672616208706,7.065249614557386],[80.691684733705799,7.0652785249595258],[80.691670654444209,7.0652851627745106],[80.691685117500938,7.0653183709022818]]]},"properties":{"OBJECTID":839,"Shape_Length":39.827740149170161,"Shape_Area":80.717817671963317}},{"type":"Feature","id":840,"geometry":{"type":"Polygon","coordinates":[[[80.69154785404973,7.0653515514131824],[80.691519697064848,7.0653613128713371],[80.691503282778086,7.0653109160913994],[80.691529484403915,7.065301544941442],[80.69154785404973,7.0653515514131824]]]},"properties":{"OBJECTID":840,"Shape_Length":18.117741345501184,"Shape_Area":18.700329614922566}},{"type":"Feature","id":841,"geometry":{"type":"Polygon","coordinates":[[[80.692038859382123,7.0653681172013725],[80.691911851058975,7.0654321286372719],[80.691875006007237,7.0653656865416972],[80.691998809353152,7.0652992726773896],[80.692038859382123,7.0653681172013725]]]},"properties":{"OBJECTID":841,"Shape_Length":48.443173310459642,"Shape_Area":134.25404479169597}},{"type":"Feature","id":842,"geometry":{"type":"Polygon","coordinates":[[[80.691185527264352,7.0654242906602738],[80.691142111809341,7.0654339923318172],[80.691131103550561,7.0653935331283249],[80.691174519180109,7.0653828602248243],[80.691185527264352,7.0654242906602738]]]},"properties":{"OBJECTID":842,"Shape_Length":19.230231967902284,"Shape_Area":23.085370307791145}},{"type":"Feature","id":843,"geometry":{"type":"Polygon","coordinates":[[[80.715154828161829,7.0654276900700514],[80.715142022977815,7.065467881533869],[80.715108671237488,7.0654581286372542],[80.715119093988122,7.0654170515371568],[80.715154828161829,7.0654276900700514]]]},"properties":{"OBJECTID":843,"Shape_Length":17.308181757255433,"Shape_Area":18.59303683222063}},{"type":"Feature","id":844,"geometry":{"type":"Polygon","coordinates":[[[80.715571558719788,7.0654403056300836],[80.715535731342584,7.0654707808575541],[80.715515259076227,7.0654476937521231],[80.715550621227834,7.0654167554565293],[80.715571558719788,7.0654403056300836]]]},"properties":{"OBJECTID":844,"Shape_Length":17.284663470900433,"Shape_Area":17.906020465893636}},{"type":"Feature","id":845,"geometry":{"type":"Polygon","coordinates":[[[80.692013172340836,7.0655397693864828],[80.691960707629903,7.0655479665251262],[80.691954589965604,7.0655139324720073],[80.691986924283313,7.0654708251748541],[80.692002677690965,7.065467057945642],[80.692013172340836,7.0655397693864828]]]},"properties":{"OBJECTID":845,"Shape_Length":25.559704099310316,"Shape_Area":38.977596804577608}},{"type":"Feature","id":846,"geometry":{"type":"Polygon","coordinates":[[[80.691146506123332,7.0655998759272407],[80.691112891599687,7.0656140973411272],[80.69109409856884,7.0655776708550668],[80.691129991855178,7.0655617416110399],[80.691146506123332,7.0655998759272407]]]},"properties":{"OBJECTID":846,"Shape_Length":17.497688096467389,"Shape_Area":19.078424601963508}},{"type":"Feature","id":847,"geometry":{"type":"Polygon","coordinates":[[[80.692057827677104,7.0656862039586983],[80.691977601576312,7.0657039483370134],[80.691957105219458,7.0656156049237193],[80.692038243855222,7.0655974058441728],[80.692057827677104,7.0656862039586983]]]},"properties":{"OBJECTID":847,"Shape_Length":38.346650055032846,"Shape_Area":91.695385130169683}},{"type":"Feature","id":848,"geometry":{"type":"Polygon","coordinates":[[[80.692232365457073,7.065709093872159],[80.692188310629803,7.0657353146247708],[80.69217197888581,7.0657085005772728],[80.69221515835855,7.0656822796679437],[80.692232365457073,7.065709093872159]]]},"properties":{"OBJECTID":848,"Shape_Length":18.240155059817187,"Shape_Area":19.658547898385422}},{"type":"Feature","id":849,"geometry":{"type":"Polygon","coordinates":[[[80.691833915148564,7.0657288713817286],[80.691812020660976,7.0657377260632286],[80.691782474555509,7.0656755744467992],[80.691767694972611,7.0656803790932701],[80.691747425963385,7.065631276599003],[80.691780742845097,7.065615985281938],[80.691833915148564,7.0657288713817286]]]},"properties":{"OBJECTID":849,"Shape_Length":35.654526397499971,"Shape_Area":45.383835690985904}},{"type":"Feature","id":850,"geometry":{"type":"Polygon","coordinates":[[[80.691928463756639,7.0657608153364899],[80.691837699564573,7.0658053272745303],[80.691819448585449,7.0657645511665788],[80.69184415381973,7.0657506075172831],[80.691833915148564,7.0657288713817286],[80.691780742845097,7.065615985281938],[80.691669749068893,7.0653803452502588],[80.691743353256911,7.0653485105122451],[80.691928463756639,7.0657608153364899]]]},"properties":{"OBJECTID":850,"Shape_Length":123.32350173221994,"Shape_Area":437.43756452964112}},{"type":"Feature","id":851,"geometry":{"type":"Polygon","coordinates":[[[80.692312516896806,7.0657737541233354],[80.6921731218427,7.0658402728625571],[80.692147882595364,7.0657989239770176],[80.692167799599488,7.0657876544043585],[80.692161827094409,7.0657767111277447],[80.692286969807199,7.0657177118995937],[80.692312516896806,7.0657737541233354]]]},"properties":{"OBJECTID":851,"Shape_Length":48.42415005453428,"Shape_Area":115.9529503686875}},{"type":"Feature","id":852,"geometry":{"type":"Polygon","coordinates":[[[80.691777548977683,7.0658310666831703],[80.691681412880541,7.0658820154237647],[80.691582444338337,7.0656599784397924],[80.691476908138796,7.0654299189733107],[80.691499531308267,7.0654211503499553],[80.691517033816382,7.0654113082762118],[80.691498505441373,7.0653778995490972],[80.691535048326287,7.0653587853987734],[80.691600736229688,7.0654862875159141],[80.69161772936711,7.0654799251449871],[80.691632879648822,7.0655122715882239],[80.691655537434158,7.0655023174083],[80.691684713100827,7.0655703904120069],[80.691648007439284,7.0655885468758761],[80.691655989714249,7.0656084079625527],[80.691676721071374,7.0655990755990503],[80.691722145104322,7.0657043260851768],[80.691714593285241,7.0657066822580239],[80.691777548977683,7.0658310666831703]]]},"properties":{"OBJECTID":852,"Shape_Length":151.66176001398,"Shape_Area":656.87465183063534}},{"type":"Feature","id":853,"geometry":{"type":"Polygon","coordinates":[[[80.69211537739956,7.0659107165958277],[80.692059249688782,7.0659112300324924],[80.692059076462826,7.0659030595264323],[80.692032990627595,7.065902757282494],[80.69203107043468,7.0658141441348876],[80.69211649523227,7.0658115443265501],[80.69211537739956,7.0659107165958277]]]},"properties":{"OBJECTID":853,"Shape_Length":40.196001983459631,"Shape_Area":97.910655944527889}},{"type":"Feature","id":854,"geometry":{"type":"Polygon","coordinates":[[[80.691926190718746,7.0658655046137095],[80.691729020177306,7.0659583789074318],[80.691727388752369,7.0659545515550937],[80.691717490718545,7.0659313260743897],[80.691700106048827,7.065890535650535],[80.691729962728061,7.0658777151976544],[80.691733673369512,7.0658869878010062],[80.69184397245786,7.0658369405090111],[80.691839952114947,7.0658282864008646],[80.691873985266227,7.0658117581062339],[80.69187738643538,7.0658204121017265],[80.691923378554108,7.0657987123946961],[80.691949047846109,7.0658545529979024],[80.691926190718746,7.0658655046137095]]]},"properties":{"OBJECTID":854,"Shape_Length":71.789662758714684,"Shape_Area":191.32431964459428}},{"type":"Feature","id":855,"geometry":{"type":"Polygon","coordinates":[[[80.691727388752369,7.0659545515550937],[80.691705043381134,7.0659637823438928],[80.691694063655646,7.0659452373938931],[80.691717490718545,7.0659313260743897],[80.691727388752369,7.0659545515550937]]]},"properties":{"OBJECTID":855,"Shape_Length":10.855815270650011,"Shape_Area":7.3145183984890005}},{"type":"Feature","id":856,"geometry":{"type":"Polygon","coordinates":[[[80.691879067971115,7.0659319812106265],[80.691743246503876,7.065984341628031],[80.691729020177306,7.0659583789074318],[80.691926190718746,7.0658655046137095],[80.691954456998758,7.0659319080720513],[80.691927868367898,7.0659437343869484],[80.691936083111642,7.0659596716935829],[80.691900068696654,7.0659746351703161],[80.691879067971115,7.0659319812106265]]]},"properties":{"OBJECTID":856,"Shape_Length":66.178845712670579,"Shape_Area":130.90092457693075}},{"type":"Feature","id":857,"geometry":{"type":"Polygon","coordinates":[[[80.691699932673771,7.0659974689097105],[80.691688020894915,7.066001947617762],[80.691682299151324,7.0659909754427748],[80.691694211211598,7.06598495126274],[80.691699932673771,7.0659974689097105]]]},"properties":{"OBJECTID":857,"Shape_Length":5.7707088910591562,"Shape_Area":2.0760983541068159}},{"type":"Feature","id":858,"geometry":{"type":"Polygon","coordinates":[[[80.691902721331473,7.0660077136395394],[80.691885559822424,7.0660139882715551],[80.691876861820447,7.0659973274253751],[80.691894023592369,7.0659896040831152],[80.691902721331473,7.0660077136395394]]]},"properties":{"OBJECTID":858,"Shape_Length":8.3971910386084989,"Shape_Area":4.3883612694952117}},{"type":"Feature","id":859,"geometry":{"type":"Polygon","coordinates":[[[80.692536232170383,7.0661619648093987],[80.692468353790559,7.0662721848090886],[80.692397551667497,7.0662362138161887],[80.692464841235093,7.0661183305659323],[80.692536232170383,7.0661619648093987]]]},"properties":{"OBJECTID":859,"Shape_Length":47.336650632993049,"Shape_Area":131.91522884082511}},{"type":"Feature","id":860,"geometry":{"type":"Polygon","coordinates":[[[80.692906592549136,7.0664809213211131],[80.692843506955327,7.0665331205599671],[80.692804766826299,7.0664930552216854],[80.692802641802402,7.0664905598386261],[80.692817835041652,7.0664759542815991],[80.692798015932269,7.0664511951354223],[80.692836316827041,7.0664268967692667],[80.692852532310567,7.0664512049191188],[80.692840816475794,7.0664584047717218],[80.692857032203506,7.0664813618767246],[80.692887222442806,7.0664611133768851],[80.692906592549136,7.0664809213211131]]]},"properties":{"OBJECTID":860,"Shape_Length":41.354237211451064,"Shape_Area":63.235552617607333}},{"type":"Feature","id":861,"geometry":{"type":"Polygon","coordinates":[[[80.688302905182169,7.0667994008108614],[80.688256866330818,7.0668131458052716],[80.688240097064039,7.0667602764563968],[80.688288717944843,7.0667448119475713],[80.688302905182169,7.0667994008108614]]]},"properties":{"OBJECTID":861,"Shape_Length":23.314395034602448,"Shape_Area":33.826235022089143}},{"type":"Feature","id":862,"geometry":{"type":"Polygon","coordinates":[[[80.688217298737314,7.0668375421220713],[80.688192835179564,7.0668459503187222],[80.688180775850313,7.066826288256256],[80.688171650315041,7.0668307267073684],[80.688143124440174,7.0667658187133098],[80.688191893066019,7.0667493567846993],[80.688217298737314,7.0668375421220713]]]},"properties":{"OBJECTID":862,"Shape_Length":30.202135334015185,"Shape_Area":47.672517164084638}},{"type":"Feature","id":863,"geometry":{"type":"Polygon","coordinates":[[[80.688409483588231,7.0668156054613771],[80.68838937531514,7.0668466955814218],[80.688299459759875,7.0668191711679151],[80.688302905182169,7.0667994008108614],[80.688288717944843,7.0667448119475713],[80.688409483588231,7.0668156054613771]]]},"properties":{"OBJECTID":863,"Shape_Length":38.405885505739271,"Shape_Area":67.797732563285592}},{"type":"Feature","id":864,"geometry":{"type":"Polygon","coordinates":[[[80.687996395581621,7.0668639477963406],[80.687999945416934,7.0668711621799423],[80.687995598904365,7.0668643527776149],[80.687996395581621,7.0668639477963406]]]},"properties":{"OBJECTID":864,"Shape_Length":1.8807477141004059,"Shape_Area":0.043886319911901207}},{"type":"Feature","id":865,"geometry":{"type":"Polygon","coordinates":[[[80.688011075413797,7.066893781176133],[80.687985617996475,7.0669064909930581],[80.687970448344373,7.0668771467531677],[80.687995598904365,7.0668643527776149],[80.687999945416934,7.0668711621799423],[80.688011075413797,7.066893781176133]]]},"properties":{"OBJECTID":865,"Shape_Length":13.593987504464639,"Shape_Area":11.608122039255266}},{"type":"Feature","id":866,"geometry":{"type":"Polygon","coordinates":[[[80.688171650315041,7.0668307267073684],[80.688026247114792,7.0669123667960108],[80.687999945416934,7.0668711621799423],[80.687996395581621,7.0668639477963406],[80.687995598904365,7.0668643527776149],[80.687990033413854,7.0668556332334784],[80.688123669163886,7.066799866955388],[80.688114450178134,7.0667768296268374],[80.688143124440174,7.0667658187133098],[80.688171650315041,7.0668307267073684]]]},"properties":{"OBJECTID":866,"Shape_Length":55.935941146130169,"Shape_Area":128.23213514051761}},{"type":"Feature","id":867,"geometry":{"type":"Polygon","coordinates":[[[80.693953855727656,7.0670379354848798],[80.693931907935948,7.0670562765069125],[80.693897511453784,7.0670184881857683],[80.693920471642087,7.066998162375973],[80.693953855727656,7.0670379354848798]]]},"properties":{"OBJECTID":867,"Shape_Length":17.937690220906667,"Shape_Area":18.641314186308371}},{"type":"Feature","id":868,"geometry":{"type":"Polygon","coordinates":[[[80.693890424025284,7.0670513252748686],[80.693861694906715,7.0670762295053349],[80.69384274199426,7.0670567065334051],[80.69387249332182,7.0670306377291432],[80.693890424025284,7.0670513252748686]]]},"properties":{"OBJECTID":868,"Shape_Length":14.607096020053831,"Shape_Area":12.923120570008159}},{"type":"Feature","id":869,"geometry":{"type":"Polygon","coordinates":[[[80.693833451135973,7.067074822811831],[80.693819922291325,7.0670862002968429],[80.693804617140202,7.0670684160612627],[80.693817435443904,7.0670566830553847],[80.693833451135973,7.067074822811831]]]},"properties":{"OBJECTID":869,"Shape_Length":9.1423015223301594,"Shape_Area":5.1011303653776778}},{"type":"Feature","id":870,"geometry":{"type":"Polygon","coordinates":[[[80.693721359175072,7.0672239830376711],[80.693687631601691,7.0672679040871671],[80.693610406584625,7.067211899778612],[80.693622256266906,7.0671952869291657],[80.693616561422132,7.0671905066186866],[80.693639122263875,7.0671609223881457],[80.693721359175072,7.0672239830376711]]]},"properties":{"OBJECTID":870,"Shape_Length":35.305770060376261,"Shape_Area":69.832088716041937}},{"type":"Feature","id":871,"geometry":{"type":"Polygon","coordinates":[[[80.69393276857474,7.0672718288816894],[80.69388924855852,7.0673293373338604],[80.69374060229292,7.0672252552062504],[80.693785131306171,7.067164571901289],[80.69393276857474,7.0672718288816894]]]},"properties":{"OBJECTID":871,"Shape_Length":56.511236996573899,"Shape_Area":163.7728771376556}},{"type":"Feature","id":872,"geometry":{"type":"Polygon","coordinates":[[[80.693924839480061,7.0673749554151852],[80.693882099400696,7.0674395863793444],[80.693689524632262,7.067297307279949],[80.693736040130489,7.0672343734960013],[80.693924839480061,7.0673749554151852]]]},"properties":{"OBJECTID":872,"Shape_Length":69.688776934440654,"Shape_Area":225.67756314664967}},{"type":"Feature","id":873,"geometry":{"type":"Polygon","coordinates":[[[80.693363580184922,7.0675136443061994],[80.693314354321672,7.0675261240973004],[80.693307330319669,7.0674824128406897],[80.69335343014437,7.0674714942425112],[80.693363580184922,7.0675136443061994]]]},"properties":{"OBJECTID":873,"Shape_Length":20.533605876420513,"Shape_Area":26.223187546421038}},{"type":"Feature","id":874,"geometry":{"type":"Polygon","coordinates":[[[80.693135653378519,7.0681458192544966],[80.692900958584559,7.068177747424512],[80.692889415345064,7.0681058117227327],[80.693124109944407,7.0680747706897487],[80.693135653378519,7.0681458192544966]]]},"properties":{"OBJECTID":874,"Shape_Length":68.334316160385612,"Shape_Area":209.40645291479683}},{"type":"Feature","id":875,"geometry":{"type":"Polygon","coordinates":[[[80.693789464796978,7.0686249407345789],[80.693694999323156,7.068691529377479],[80.69365565264853,7.0686299476678514],[80.693748242027013,7.0685658871606583],[80.693789464796978,7.0686249407345789]]]},"properties":{"OBJECTID":875,"Shape_Length":41.253614433521143,"Shape_Area":101.06042821988596}},{"type":"Feature","id":876,"geometry":{"type":"Polygon","coordinates":[[[80.689332958037397,7.0711999445511502],[80.689162283181901,7.0712425365028455],[80.68914553980008,7.071142064136942],[80.68931316645471,7.071105561267454],[80.689332958037397,7.0711999445511502]]]},"properties":{"OBJECTID":876,"Shape_Length":60.31266080620513,"Shape_Area":210.14004450215393}},{"type":"Feature","id":877,"geometry":{"type":"Polygon","coordinates":[[[80.689390410767231,7.0712573050476868],[80.689389777014355,7.0713109271012033],[80.689239356198485,7.0713084048588444],[80.689239365910112,7.0712566528091161],[80.689390410767231,7.0712573050476868]]]},"properties":{"OBJECTID":877,"Shape_Length":44.957731608713246,"Shape_Area":97.019451915328645}},{"type":"Feature","id":878,"geometry":{"type":"Polygon","coordinates":[[[80.682475571611164,7.0714323952494897],[80.682478696421285,7.0714318958043476],[80.682481860491635,7.0714319462272321],[80.682484967800661,7.0714325449879221],[80.682487924049326,7.0714336739155366],[80.682490639522911,7.0714352987499591],[80.682493031813635,7.0714373701815507],[80.682495028321469,7.0714398253475679],[80.682496568457424,7.0714425897398945],[80.682497605482254,7.0714455794661717],[80.682498107924857,7.0714487037957232],[80.68249806053737,7.0714518679129998],[80.682497464757859,7.0714549757949952],[80.682496338666766,7.0714579331253047],[80.682494716438114,7.0714606501563857],[80.682492647302453,7.071463044433175],[80.68249019405286,7.0714650432953912],[80.682487431139293,7.0714665860825896],[80.682484442409233,7.0714676259750568],[80.682481318563134,7.0714681314146715],[80.682478154401849,7.0714680870626108],[80.68247504594973,7.0714674942648479],[80.682472087540503,7.0714663710113062],[80.682469368954429,7.0714647513899065],[80.682466972693774,7.0714626845520874],[80.682464971479021,7.0714602332211802],[80.682463426042005,7.0714574717889178],[80.682462383282839,7.0714544840578295],[80.682461920494816,7.0714516731364752],[80.682461899703483,7.071448824449174],[80.682462321413013,7.0714460070722573],[80.682463175397586,7.0714432893228265],[80.682464440949374,7.0714407371021677],[80.682466088570123,7.0714384109545323],[80.682468076949803,7.0714363684161103],[80.68247035799142,7.071434658893935],[80.682472876518787,7.071433323739698],[80.682475571611164,7.0714323952494897]]]},"properties":{"OBJECTID":878,"Shape_Length":12.606222769161759,"Shape_Area":12.64613499780115}},{"type":"Feature","id":879,"geometry":{"type":"Polygon","coordinates":[[[80.690936913453129,7.0715326873857496],[80.690910617662311,7.0715647811638673],[80.690865011209794,7.0715288579733038],[80.690890183768431,7.0714958660080489],[80.690936913453129,7.0715326873857496]]]},"properties":{"OBJECTID":879,"Shape_Length":22.163949678985801,"Shape_Area":29.787435744295728}},{"type":"Feature","id":880,"geometry":{"type":"Polygon","coordinates":[[[80.690899381612596,7.0715710640785687],[80.690876683480042,7.0715968735367856],[80.690850867096884,7.0715719486247579],[80.69087489464944,7.0715481641700046],[80.690899381612596,7.0715710640785687]]]},"properties":{"OBJECTID":880,"Shape_Length":15.207194375055062,"Shape_Area":14.443209635041026}},{"type":"Feature","id":881,"geometry":{"type":"Polygon","coordinates":[[[80.690811121194045,7.0715259651142217],[80.690721129475804,7.0716013710140313],[80.690646678148141,7.071528518466649],[80.690882355361069,7.0712987830054619],[80.690933567464171,7.071351946152328],[80.690912794995498,7.0713716780752502],[80.690917047768409,7.0713767457249901],[80.690909847190255,7.0713834462697651],[80.690924897537926,7.0713988133206449],[80.690878750025178,7.0714401581952542],[80.690861736611296,7.0714226656453603],[80.6908504446059,7.0714329609876758],[80.690844228525961,7.0714270754770272],[80.690839319611342,7.071430997486555],[80.690841118950345,7.071432469135428],[80.690838664342579,7.0714352467352555],[80.690852731012953,7.0714489008378036],[80.690825966673714,7.0714741000389791],[80.690818533266238,7.0714670432181572],[80.690799622747605,7.0714873804639167],[80.690803403385004,7.0714902876228924],[80.690790893000042,7.0715051043071133],[80.690811121194045,7.0715259651142217]]]},"properties":{"OBJECTID":881,"Shape_Length":106.23937903582198,"Shape_Area":373.94538077591301}},{"type":"Feature","id":882,"geometry":{"type":"Polygon","coordinates":[[[80.681696987216895,7.0715997958848593],[80.681661055430396,7.0716231180465154],[80.681636952506608,7.0715925156997885],[80.681657557258745,7.071580391244674],[80.681676690245055,7.0715675321867142],[80.681679029558097,7.0715710793795088],[80.681696987216895,7.0715997958848593]]]},"properties":{"OBJECTID":882,"Shape_Length":18.442560454328699,"Shape_Area":20.897443604810547}},{"type":"Feature","id":883,"geometry":{"type":"Polygon","coordinates":[[[80.690876683480042,7.0715968735367856],[80.690819600764954,7.0716475923175546],[80.690785004541041,7.071612569127125],[80.690836918974242,7.0715584826411773],[80.690850867096884,7.0715719486247579],[80.690876683480042,7.0715968735367856]]]},"properties":{"OBJECTID":883,"Shape_Length":28.275314563712566,"Shape_Area":48.237856027311039}},{"type":"Feature","id":884,"geometry":{"type":"Polygon","coordinates":[[[80.691166521149796,7.0716371107844154],[80.691151412826201,7.0716662657974192],[80.691126639980965,7.0716521901407567],[80.691139711055982,7.0716255776849151],[80.691144632455064,7.0716276132919029],[80.691145989747355,7.0716257488460847],[80.691166521149796,7.0716371107844154]]]},"properties":{"OBJECTID":884,"Shape_Length":13.492835717380119,"Shape_Area":11.330255201954037}},{"type":"Feature","id":885,"geometry":{"type":"Polygon","coordinates":[[[80.681657174336053,7.071686940975078],[80.681643935487202,7.0716946457421015],[80.681635047139082,7.0716804932382376],[80.68164801892587,7.0716728716139112],[80.681657174336053,7.071686940975078]]]},"properties":{"OBJECTID":885,"Shape_Length":7.058165103314165,"Shape_Area":3.1035820253681732}},{"type":"Feature","id":886,"geometry":{"type":"Polygon","coordinates":[[[80.690962332884709,7.0716880567296601],[80.690933084011121,7.0717162767918857],[80.690916534862083,7.0716993802719248],[80.690945214451546,7.0716705623549663],[80.690962332884709,7.0716880567296601]]]},"properties":{"OBJECTID":886,"Shape_Length":14.304927438425375,"Shape_Area":11.948621191827851}},{"type":"Feature","id":887,"geometry":{"type":"Polygon","coordinates":[[[80.682519158039938,7.0717269678250636],[80.682517679247482,7.071727686245822],[80.682516100391155,7.0717281446868787],[80.682514466800129,7.0717283299863203],[80.682512825375042,7.0717282368241747],[80.682511223241434,7.071727867875139],[80.682509706396772,7.0717272337317914],[80.682508318389893,7.0717263526004768],[80.682507099070648,7.0717252497785967],[80.682506083445887,7.0717239569283201],[80.682505300674308,7.0717225111675601],[80.682504773229425,7.0717209540043076],[80.682504516254227,7.071719330144937],[80.682504537126519,7.0717176862106763],[80.682504835247059,7.0717160693991072],[80.682505402056762,7.0717145261291137],[80.682506221282438,7.0717131007081928],[80.682507269403999,7.0717118340603777],[80.682508516329747,7.0717107625513016],[80.682509926260252,7.0717099169441484],[80.682511328763283,7.0717092347675061],[80.682512822358348,7.0717087858203698],[80.682514368548524,7.071708581674196],[80.682515927481305,7.071708627590783],[80.682517458975724,7.0717089223866463],[80.682518923558021,7.0717094584635234],[80.682520283479107,7.0717102220042154],[80.682521503687468,7.0717111933287216],[80.68252255273265,7.0717123474014834],[80.682523403575871,7.0717136544766692],[80.682524032976872,7.0717150805545108],[80.682524425684903,7.0717165890716753],[80.68252457154712,7.0717181410278123],[80.682524466792472,7.0717196962995237],[80.682524114129222,7.0717212146776944],[80.682523522674941,7.0717226569070339],[80.682522707720736,7.0717239857009586],[80.682521690336003,7.0717251667055807],[80.682520496823599,7.0717261693878761],[80.682519158039938,7.0717269678250636]]]},"properties":{"OBJECTID":887,"Shape_Length":6.9066265478784015,"Shape_Area":3.7936517480616212}},{"type":"Feature","id":888,"geometry":{"type":"Polygon","coordinates":[[[80.682495441777505,7.0717402130391278],[80.682493938057632,7.0717409154545061],[80.682492338417077,7.0717413578467232],[80.682490687462902,7.0717415278793698],[80.682489031233089,7.0717414208109703],[80.682487415912775,7.0717410396271996],[80.68248588654626,7.0717403949576303],[80.682484485780975,7.0717395047793152],[80.682483252678239,7.0717383939154894],[80.682482221623957,7.0717370933433559],[80.682481421369801,7.0717356393302619],[80.682480874231402,7.0717340724223625],[80.682480595466075,7.0717324363139626],[80.682480592847398,7.07173077662907],[80.682480866448401,7.0717291396491389],[80.682481408639518,7.0717275710224818],[80.682482204301394,7.071726114491331],[80.682483231246422,7.0717248106720589],[80.682484460837557,7.0717236959225636],[80.682485858786805,7.0717228013284013],[80.682487386111376,7.071722151835945],[80.682489000220784,7.0717217655567355],[80.682490567610486,7.0717215603145283],[80.682492147653448,7.0717216082634993],[80.682493699713575,7.0717219081704767],[80.682495183874479,7.0717224523223532],[80.682496561966005,7.0717232267244468],[80.682497798545924,7.0717242114604231],[80.682498861811467,7.0717253812045122],[80.682499724417212,7.071726705872841],[80.682500364178367,7.0717281513971431],[80.682500763426688,7.0717296802673992],[80.682500912855147,7.0717312533263987],[80.682500808611863,7.0717328300244731],[80.682500453383952,7.0717343697181496],[80.682499856328349,7.0717358327178381],[80.682499032835707,7.0717371813109349],[80.682498004133663,7.0717383807339642],[80.682496796739699,7.0717394000686911],[80.682495441777505,7.0717402130391278]]]},"properties":{"OBJECTID":888,"Shape_Length":7.003621264992562,"Shape_Area":3.9019988928137748}},{"type":"Feature","id":889,"geometry":{"type":"Polygon","coordinates":[[[80.682570108138435,7.0717416614344968],[80.682568747421342,7.0717423465100122],[80.682567292565111,7.0717427984755146],[80.682565783188551,7.0717430050230234],[80.682564260395182,7.071742960527815],[80.682562765653884,7.0717426662015876],[80.682561339669633,7.0717421300594667],[80.682560021274995,7.0717413667017359],[80.682558846372629,7.0717403969162422],[80.682557846957621,7.0717392471122942],[80.68255705024616,7.0717379486014869],[80.682556477934384,7.0717365367450151],[80.682556145607549,7.0717350499907168],[80.682556062315626,7.0717335288260577],[80.682556019899465,7.0717318198932357],[80.682556266670076,7.0717301283392811],[80.682556795539909,7.0717285027479333],[80.682557591319068,7.0717269898083943],[80.682558631151707,7.0717256329743545],[80.682559885172395,7.0717244712159388],[80.682561317363962,7.0717235379004357],[80.68256288659191,7.0717228598339403],[80.682564547785873,7.0717224564914476],[80.682566253234071,7.0717223394575059],[80.682567953953722,7.0717225120934897],[80.682569601097839,7.0717229694410566],[80.682571147358175,7.071723698364563],[80.682572548903295,7.0717246765685076],[80.682573764902443,7.0717258776337646],[80.682574760350008,7.0717272669846318],[80.682575506589501,7.0717288046251259],[80.682575982138545,7.0717304462903741],[80.68257617330724,7.0717321447208867],[80.682576074592333,7.0717338510230423],[80.68257568883557,7.0717355160766129],[80.682575027141922,7.0717370919488181],[80.682574108559933,7.0717385332741864],[80.682572959533317,7.071739798560519],[80.6825716131397,7.0717408513833462],[80.682570108138435,7.0717416614344968]]]},"properties":{"OBJECTID":889,"Shape_Length":7.1092822868637393,"Shape_Area":4.0155044529970167}},{"type":"Feature","id":890,"geometry":{"type":"Polygon","coordinates":[[[80.690868652126596,7.0717399236041523],[80.690848208255886,7.0717595624397251],[80.690842211156735,7.0717541237002033],[80.690845988480461,7.0717504619249727],[80.690809003397206,7.071715054868287],[80.690824258814914,7.0716983441517725],[80.690819964184399,7.0716944421536176],[80.691049048562249,7.0714646945455888],[80.691099595799074,7.0715154330878169],[80.690945214451546,7.0716705623549663],[80.690916534862083,7.0716993802719248],[80.690872872633747,7.0717432540620999],[80.690868652126596,7.0717399236041523]]]},"properties":{"OBJECTID":890,"Shape_Length":93.303575860639683,"Shape_Area":300.64079578609181}},{"type":"Feature","id":891,"geometry":{"type":"Polygon","coordinates":[[[80.682549814851768,7.0717580290309101],[80.682548281735549,7.0717587797418631],[80.682546643933165,7.0717592610064353],[80.682544948409273,7.071759459024161],[80.682543243783769,7.0717593681167976],[80.682541578937517,7.0717589908911522],[80.682540001610676,7.0717583381643321],[80.68253855703378,7.0717574286535569],[80.682537286630676,7.0717562884394365],[80.682536226830749,7.0717549502180992],[80.682535408024165,7.0717534523636134],[80.682534853690598,7.0717518378275956],[80.682534579725782,7.0717501529075566],[80.682534593985764,7.0717484459192983],[80.682534896061654,7.0717467658114384],[80.682535477291282,7.0717451607617878],[80.682536321007646,7.0717436767958306],[80.682537403016809,7.0717423564669257],[80.682538692291715,7.0717412376360684],[80.682540151861843,7.071740352386211],[80.682541739873386,7.0717397261022708],[80.682543410789464,7.0717393767432091],[80.68254511669582,7.0717393143270453],[80.682546808674857,7.0717395406435877],[80.682548288891525,7.0717399239879803],[80.682549692715298,7.0717405300185794],[80.682550986866843,7.0717413443686841],[80.682552140666687,7.0717423477331298],[80.682553126762613,7.0717435163259319],[80.682553921777995,7.0717448224441686],[80.682554506866012,7.0717462351247065],[80.682554868156458,7.0717477208782231],[80.68255499631816,7.0717492442087302],[80.682554888977791,7.0717507691478438],[80.682554548682887,7.0717522595037208],[80.682553983509791,7.0717536799052922],[80.682553206871916,7.0717549966417375],[80.682552237201449,7.0717561784625493],[80.682551097511862,7.0717571973192177],[80.682549814851768,7.0717580290309101]]]},"properties":{"OBJECTID":891,"Shape_Length":7.0498516832551186,"Shape_Area":3.9544309088288876}},{"type":"Feature","id":892,"geometry":{"type":"Polygon","coordinates":[[[80.682517872175282,7.0717604371052447],[80.682519116003917,7.0717593806139929],[80.682520520789808,7.0717585500358728],[80.682522045947792,7.0717579693668196],[80.682523647415067,7.0717576553827373],[80.682525278924189,7.0717576171548293],[80.682526893339841,7.0717578557875251],[80.682528444020477,7.0717583643865707],[80.682529886165938,7.0717591282582113],[80.682531178111716,7.071760125333701],[80.682532282532648,7.0717613268068833],[80.682533167521328,7.0717626979664212],[80.682533807509827,7.0717641991986291],[80.682534184008475,7.0717657871319357],[80.682534286139997,7.0717674158899229],[80.682534110953725,7.0717690384167158],[80.682533663510924,7.0717706078364682],[80.682532956738484,7.0717720788076264],[80.682532011055528,7.0717734088328825],[80.682530853783462,7.0717745594869479],[80.682529518356603,7.07177549752668],[80.682528043356314,7.0717761958515046],[80.682526471396301,7.0717766342863673],[80.6825248478915,7.0717768001645993],[80.682523219746017,7.0717766886938795],[80.682521674281247,7.0717764537434533],[80.682520190592228,7.0717759614732367],[80.682518811198051,7.0717752259905486],[80.682517575628964,7.071774268372617],[80.682516519293515,7.0717731160625554],[80.682515672463822,7.0717718020828979],[80.682515059408075,7.0717703640892573],[80.682514698805988,7.0717688438452475],[80.682514600082982,7.0717672845410826],[80.682514766074206,7.0717657309572814],[80.682515192012673,7.0717642277100872],[80.68251586566619,7.0717628179701588],[80.682516767688554,7.0717615422227915],[80.682517872175282,7.0717604371052447]]]},"properties":{"OBJECTID":892,"Shape_Length":6.7541732662317759,"Shape_Area":3.6277508923558286}},{"type":"Feature","id":893,"geometry":{"type":"Polygon","coordinates":[[[80.689787355008875,7.0717717417418564],[80.689766286947091,7.0717840129714018],[80.689754003708089,7.0717601612255727],[80.68977296411569,7.0717492921944212],[80.689787355008875,7.0717717417418564]]]},"properties":{"OBJECTID":893,"Shape_Length":11.022941320173874,"Shape_Area":7.5450822547858269}},{"type":"Feature","id":894,"geometry":{"type":"Polygon","coordinates":[[[80.681824502384927,7.0717380026918706],[80.681726587873385,7.0717936134253003],[80.681661068349342,7.0716929247043883],[80.681657174336053,7.071686940975078],[80.68164801892587,7.0716728716139112],[80.681643082407021,7.0716652861334177],[80.681671829151398,7.0716428604940527],[80.681661055430396,7.0716231180465154],[80.681696987216895,7.0715997958848593],[80.681707762575854,7.0716159491124966],[80.681736507851113,7.0716007019075899],[80.681824502384927,7.0717380026918706]]]},"properties":{"OBJECTID":894,"Shape_Length":64.38678610883332,"Shape_Area":232.18734089732095}},{"type":"Feature","id":895,"geometry":{"type":"Polygon","coordinates":[[[80.682506328602386,7.0717962202624642],[80.682504390844073,7.071796713123411],[80.68250239757964,7.0717968703369429],[80.6825004065157,7.0717966873516067],[80.682498475295191,7.0717961694649762],[80.682496659828516,7.0717953316702893],[80.682495012674892,7.0717941982223831],[80.682493581520774,7.0717928019354943],[80.682492407799216,7.0717911832332634],[80.68249152549042,7.0717893889784333],[80.68249096013794,7.0717874711161377],[80.682490728109187,7.0717854851700492],[80.682490836121588,7.0717834886349182],[80.682491281048101,7.0717815393120587],[80.682492050007724,7.0717796936359507],[80.682493120738471,7.0717780050404144],[80.682494462241806,7.071776522411664],[80.682496035680117,7.0717752886730043],[80.682497795501092,7.0717743395421726],[80.682499690756487,7.0717737024972758],[80.68250166657711,7.071773395981281],[80.682503665761359,7.0717734288680765],[80.682505630431237,7.0717738002055617],[80.682507503707924,7.0717744992432152],[80.682509231358566,7.0717755057433243],[80.682510749933911,7.0717769503389647],[80.68251199778517,7.0717786343208155],[80.682512937814991,7.0717805076258031],[80.682513542077245,7.071782514562468],[80.682513792607807,7.0717845954666165],[80.682513681958682,7.0717866884750764],[80.682513212819998,7.0717887316255341],[80.68251239983816,7.0717906638821004],[80.682511267160095,7.0717924278535547],[80.682509848428197,7.0717939711470184],[80.682508185781174,7.0717952479241211],[80.682506328602386,7.0717962202624642]]]},"properties":{"OBJECTID":895,"Shape_Length":8.0922334010559869,"Shape_Area":5.2091853075365151}},{"type":"Feature","id":896,"geometry":{"type":"Polygon","coordinates":[[[80.681726587873385,7.0717936134253003],[80.681618953082435,7.0718616528486118],[80.681600296643921,7.0718326016022637],[80.681579471702705,7.0718013813701406],[80.681636180480254,7.0717648704195497],[80.681621865319528,7.0717414358433262],[80.681636995352591,7.0717330315235456],[80.681623888907808,7.0717173724790374],[80.681639713906222,7.0717057842136084],[80.681661068349342,7.0716929247043883],[80.681726587873385,7.0717936134253003]]]},"properties":{"OBJECTID":896,"Shape_Length":54.896346168276629,"Shape_Area":143.27145692716545}},{"type":"Feature","id":897,"geometry":{"type":"Polygon","coordinates":[[[80.689757612247433,7.0718460870500284],[80.689740410263013,7.0718690624522376],[80.68971887804004,7.0718509938764065],[80.689738191713005,7.0718292523517876],[80.689757612247433,7.0718460870500284]]]},"properties":{"OBJECTID":897,"Shape_Length":12.333951624282243,"Shape_Area":9.4848777098996155}},{"type":"Feature","id":898,"geometry":{"type":"Polygon","coordinates":[[[80.68266461472794,7.0718724423722934],[80.682666284974758,7.0718729200074568],[80.682667850525164,7.0718736729428349],[80.682669266375797,7.0718746795345071],[80.682670491826514,7.0718759108469396],[80.682671491650467,7.0718773314847674],[80.682672237106672,7.0718789006102654],[80.682672706766198,7.0718805731172782],[80.682672887128192,7.0718823009278369],[80.682672773007965,7.0718840343742171],[80.682672367686024,7.0718857236266848],[80.682671682813762,7.0718873201259074],[80.682670738078571,7.0718887779788409],[80.682669560637819,7.0718900552779758],[80.682668184338311,7.0718911153060082],[80.682666648743194,7.0718919275913219],[80.682664997994777,7.0718924687839237],[80.682663279545551,7.0718927233266662],[80.682661542794122,7.071892683902453],[80.682659975358547,7.0718923222671126],[80.682658483917223,7.0718917195755502],[80.682657105290644,7.071890890706948],[80.682655873514221,7.0718898561243195],[80.682654818997889,7.0718886413693243],[80.682653967775437,7.0718872764316965],[80.682653340861762,7.0718857950088614],[80.682652953734006,7.0718842336740186],[80.682652815949567,7.0718826309732261],[80.682652930910038,7.0718810264737799],[80.682653297337126,7.0718794597998649],[80.682653904514325,7.0718779698093259],[80.682654737468027,7.0718765932469028],[80.682655775656684,7.0718753640600749],[80.682656993477508,7.0718743125618877],[80.682658360897705,7.0718734646833949],[80.6826598441953,7.0718728413341756],[80.682661406790558,7.0718724578866778],[80.682663010148275,7.0718723237971224],[80.68266461472794,7.0718724423722934]]]},"properties":{"OBJECTID":898,"Shape_Length":7.0197114300831398,"Shape_Area":3.9205706798330247}},{"type":"Feature","id":899,"geometry":{"type":"Polygon","coordinates":[[[80.682646332136585,7.0718924719422835],[80.682647965921447,7.0718929087087785],[80.682649502811628,7.0718936143903708],[80.682650898901855,7.071894568827414],[80.682652114309107,7.0718957447539132],[80.682653114312146,7.0718971085764464],[80.682653870343216,7.0718986213338511],[80.682654360804335,7.0719002398102466],[80.682654571684196,7.0719019177696136],[80.682654496958449,7.0719036072766475],[80.682654138761848,7.0719052600661518],[80.682653507327203,7.0719068289218638],[80.682652620693119,7.0719082690253101],[80.682651504188584,7.0719095392361613],[80.68265018970952,7.0719106032675167],[80.682648714807442,7.0719114307225324],[80.682647121616782,7.071911997962788],[80.68264545565124,7.0719122887835795],[80.682643764503453,7.0719122948768494],[80.682642123416343,7.0719120807100042],[80.682640539887657,7.0719115995954329],[80.682639057031182,7.0719108646321569],[80.682637715219784,7.0719098958305855],[80.682636550986146,7.071908719567702],[80.682635596028163,7.071907367868917],[80.682634876345929,7.0719058775361292],[80.682634411533797,7.0719042891457455],[80.682634214246917,7.0719026459439238],[80.682634289856722,7.0719009926691454],[80.682634638126402,7.0718993744797727],[80.682635247635659,7.0718978355427762],[80.682636101805016,7.0718964177193344],[80.682637177399911,7.0718951595761705],[80.682638445162709,7.0718940953364884],[80.68263987060854,7.0718932539490531],[80.682641414963328,7.0718926583007455],[80.682643036218522,7.0718923245940095],[80.68264469027379,7.0718922619061217],[80.682646332136585,7.0718924719422835]]]},"properties":{"OBJECTID":899,"Shape_Length":7.0308415357697083,"Shape_Area":3.9333236400698968}},{"type":"Feature","id":900,"geometry":{"type":"Polygon","coordinates":[[[80.691329309087223,7.0719281685498654],[80.691329305505363,7.0719477225199308],[80.691290557794403,7.071947316632798],[80.691290559988431,7.0719353444268513],[80.691218657518547,7.0719373270910877],[80.691214717989055,7.0718629502022763],[80.69135417258174,7.0718576366415125],[80.691352077837877,7.0719269763047787],[80.691329309087223,7.0719281685498654]]]},"properties":{"OBJECTID":900,"Shape_Length":49.555313434792815,"Shape_Area":129.52842965150643}},{"type":"Feature","id":901,"geometry":{"type":"Polygon","coordinates":[[[80.689900030802576,7.0718931143313153],[80.689845951339365,7.0719593922618618],[80.689737130676065,7.0718734432402552],[80.689740410263013,7.0718690624522376],[80.689757612247433,7.0718460870500284],[80.689793318266254,7.07179839839542],[80.689904596380771,7.0718857504510444],[80.689900030802576,7.0718931143313153]]]},"properties":{"OBJECTID":901,"Shape_Length":51.734662912948451,"Shape_Area":161.30151354178543}},{"type":"Feature","id":902,"geometry":{"type":"Polygon","coordinates":[[[80.68971719362365,7.0718934112899525],[80.689666859959488,7.071959944913492],[80.689620326081894,7.0719268103322017],[80.689602286421476,7.0719515064814127],[80.689553717322809,7.0719148835769197],[80.689571174011334,7.0718901882251135],[80.689576991319598,7.0718936763431408],[80.689634306721359,7.0718242375674469],[80.68971719362365,7.0718934112899525]]]},"properties":{"OBJECTID":902,"Shape_Length":51.613776136976291,"Shape_Area":139.84503686073481}},{"type":"Feature","id":903,"geometry":{"type":"Polygon","coordinates":[[[80.690556655594435,7.0719958890609647],[80.690531172302272,7.0720249914973277],[80.690500018600702,7.0720002446354542],[80.690475256341358,7.071977893573747],[80.690478533264169,7.0719732007918328],[80.690462940337454,7.0719596621485232],[80.690489789729327,7.0719300417963913],[80.690497713949043,7.0719361726959358],[80.690498227392112,7.0719254467285486],[80.6905128027297,7.0719052732807262],[80.690489542436481,7.0718868806770407],[80.690524095519535,7.0718467780386378],[80.690547071636558,7.071864798011064],[80.690573837523502,7.0718363261165456],[80.690629641465549,7.071882138978407],[80.690647369700798,7.0718621650563103],[80.690672818402078,7.0718830548648812],[80.690573862804513,7.0720081248831681],[80.690556655594435,7.0719958890609647]]]},"properties":{"OBJECTID":903,"Shape_Length":75.944732540878249,"Shape_Area":253.31371584136301}},{"type":"Feature","id":904,"geometry":{"type":"Polygon","coordinates":[[[80.690416149329764,7.0719948982188745],[80.69038725334218,7.0720334573269943],[80.690358879313365,7.0720153187880559],[80.690388798646083,7.0719744620102745],[80.690416149329764,7.0719948982188745]]]},"properties":{"OBJECTID":904,"Shape_Length":18.418539826866613,"Shape_Area":20.443629917575404}},{"type":"Feature","id":905,"geometry":{"type":"Polygon","coordinates":[[[80.689776885480455,7.0720314441508094],[80.689767197052518,7.0720442320525443],[80.689705539677689,7.0719948215434094],[80.68969244808163,7.0720096389933129],[80.689667435803784,7.0719884218516036],[80.689681110752701,7.0719715707101214],[80.689676166200002,7.0719675021867836],[80.689696242115787,7.0719407726130976],[80.689702930789579,7.0719462946928768],[80.689736607842462,7.0719052921587373],[80.689769162632061,7.0719309608274576],[80.689755742998372,7.0719476302521223],[80.689776438275771,7.0719635907157743],[80.689789509966474,7.0719486991060307],[80.689823116687791,7.0719741545488146],[80.689808452992693,7.0719922489415401],[80.689818399106912,7.07200051531282],[80.689796541537845,7.0720280493991954],[80.689786639597045,7.0720401798257111],[80.689776885480455,7.0720314441508094]]]},"properties":{"OBJECTID":905,"Shape_Length":57.692877881632974,"Shape_Area":133.44232171895655}},{"type":"Feature","id":906,"geometry":{"type":"Polygon","coordinates":[[[80.689612998055111,7.0720001686819165],[80.689572510833017,7.072046273881325],[80.689531329554811,7.0720086666512447],[80.689575367384137,7.071961143249986],[80.689612998055111,7.0720001686819165]]]},"properties":{"OBJECTID":906,"Shape_Length":26.098912971788238,"Shape_Area":42.316514462682676}},{"type":"Feature","id":907,"geometry":{"type":"Polygon","coordinates":[[[80.690457300358844,7.0720447072676649],[80.690440423947663,7.072064624367794],[80.690411794867316,7.0720403572525514],[80.690429694150097,7.072020695358809],[80.690457300358844,7.0720447072676649]]]},"properties":{"OBJECTID":907,"Shape_Length":14.01568844492531,"Shape_Area":11.924578941266343}},{"type":"Feature","id":908,"geometry":{"type":"Polygon","coordinates":[[[80.69127083834924,7.0720644840207658],[80.691250238741844,7.0720744566383624],[80.691240880203665,7.0720557492013416],[80.691263975207605,7.0720476480652952],[80.69127083834924,7.0720644840207658]]]},"properties":{"OBJECTID":908,"Shape_Length":9.5555301843881058,"Shape_Area":5.6382828253264323}},{"type":"Feature","id":909,"geometry":{"type":"Polygon","coordinates":[[[80.689560437788344,7.0720505282320163],[80.689536997556758,7.0720796101952219],[80.689502205397574,7.0720519362297667],[80.689527065947672,7.0720228545334276],[80.689560437788344,7.0720505282320163]]]},"properties":{"OBJECTID":909,"Shape_Length":18.061867402835006,"Shape_Area":20.27196638991553}},{"type":"Feature","id":910,"geometry":{"type":"Polygon","coordinates":[[[80.689771266101204,7.0720587615100134],[80.689757005165475,7.0721014741011761],[80.689724429477025,7.072090716652327],[80.689720356975329,7.0720898441356184],[80.689736654064433,7.0720456795973767],[80.689771266101204,7.0720587615100134]]]},"properties":{"OBJECTID":910,"Shape_Length":18.522280431302729,"Shape_Area":21.118675770686835}},{"type":"Feature","id":911,"geometry":{"type":"Polygon","coordinates":[[[80.691217142857752,7.0721604960095981],[80.691170951577362,7.0721835574932355],[80.691117293264838,7.0720769263899248],[80.691165357702729,7.0720526182062144],[80.691217142857752,7.0721604960095981]]]},"properties":{"OBJECTID":911,"Shape_Length":38.08309800968086,"Shape_Area":77.000171079218489}},{"type":"Feature","id":912,"geometry":{"type":"Polygon","coordinates":[[[80.687986790273158,7.0723290760609405],[80.687943097006865,7.0723630599942195],[80.687927513596065,7.0723426611472942],[80.687914345932711,7.0723240180315052],[80.687959356235382,7.072290472038854],[80.687974939325201,7.0723078007406777],[80.687986790273158,7.0723290760609405]]]},"properties":{"OBJECTID":912,"Shape_Length":22.949595369933974,"Shape_Area":33.525475955142085}},{"type":"Feature","id":913,"geometry":{"type":"Polygon","coordinates":[[[80.679644870879756,7.0723007555365971],[80.679558176645088,7.0723813308023145],[80.67954100337451,7.0723596246159701],[80.679526403669556,7.072346730592546],[80.679519281663886,7.0723404405160233],[80.679604304219922,7.072258441520721],[80.679627090547683,7.072281693438959],[80.679644870879756,7.0723007555365971]]]},"properties":{"OBJECTID":913,"Shape_Length":38.877663184816655,"Shape_Area":82.34534067087246}},{"type":"Feature","id":914,"geometry":{"type":"Polygon","coordinates":[[[80.679558176645088,7.0723813308023145],[80.67954491196987,7.0723954181459696],[80.679511086699875,7.0723613926512616],[80.679526403669556,7.072346730592546],[80.67954100337451,7.0723596246159701],[80.679558176645088,7.0723813308023145]]]},"properties":{"OBJECTID":914,"Shape_Length":14.997065324532615,"Shape_Area":12.332630601139121}},{"type":"Feature","id":915,"geometry":{"type":"Polygon","coordinates":[[[80.68778963972548,7.0724078214418684],[80.687788049734863,7.0724098766434578],[80.687748153995329,7.0723533738739333],[80.687774281820936,7.0723347373341596],[80.687757368827931,7.072308526206168],[80.68774398932257,7.0723184611574128],[80.687718268344923,7.0722876164566708],[80.687732677367293,7.0722763107632067],[80.687715187961459,7.0722536914566803],[80.687724451152249,7.0722447839262417],[80.687708333052541,7.0722228503502995],[80.687763909628302,7.0721875655867681],[80.687769739218865,7.0721930495492407],[80.687784490602979,7.0721855130975646],[80.687795121555254,7.0722005927392386],[80.687804383240021,7.0721995662981962],[80.687889815273124,7.0723362270233316],[80.687837354111906,7.0723736456697708],[80.687839850807563,7.0723781378695643],[80.68778963972548,7.0724078214418684]]]},"properties":{"OBJECTID":915,"Shape_Length":75.832275565147384,"Shape_Area":264.60941946961805}},{"type":"Feature","id":916,"geometry":{"type":"Polygon","coordinates":[[[80.688267857420414,7.0723685447802493],[80.688208908437772,7.0724107551011004],[80.688169528244572,7.0723610583274805],[80.688227328226461,7.0723154005510631],[80.688267857420414,7.0723685447802493]]]},"properties":{"OBJECTID":916,"Shape_Length":30.548978104429871,"Shape_Area":58.110260883068435}},{"type":"Feature","id":917,"geometry":{"type":"Polygon","coordinates":[[[80.689357870327143,7.0723774512429909],[80.689330811486286,7.0724131873607785],[80.689299110615991,7.0723908069053047],[80.689308711473188,7.0723768605718229],[80.68931481925793,7.0723809302210219],[80.689322384485067,7.072370470538905],[80.689282829683961,7.0723437298218599],[80.689356573215051,7.0722320563901242],[80.689389664131255,7.0722565278743126],[80.689393636773104,7.0722492552240901],[80.689446829803785,7.0722861240779622],[80.689417218382147,7.0723257392287291],[80.689411692338751,7.0723234132059138],[80.68936688631625,7.0723832640474553],[80.689357870327143,7.0723774512429909]]]},"properties":{"OBJECTID":917,"Shape_Length":61.618585744122583,"Shape_Area":174.43621879984767}},{"type":"Feature","id":918,"geometry":{"type":"Polygon","coordinates":[[[80.689474218477983,7.0723888058470514],[80.689441049771432,7.0724364542551577],[80.689370376424876,7.0723858799746466],[80.689417218382147,7.0723257392287291],[80.689446829803785,7.0722861240779622],[80.689455186782851,7.0722919159583837],[80.689449889963996,7.0722981963298679],[80.689509453830908,7.072341187664656],[80.689474218477983,7.0723888058470514]]]},"properties":{"OBJECTID":918,"Shape_Length":46.612469036078771,"Shape_Area":121.97729732151952}},{"type":"Feature","id":919,"geometry":{"type":"Polygon","coordinates":[[[80.679512175897472,7.0724342217416645],[80.679479198496082,7.072492917462049],[80.679473607368891,7.0724903796991123],[80.679451205749075,7.0724802141699517],[80.679443194244442,7.0724765780662349],[80.679470737407101,7.0724226876412768],[80.679476388465062,7.072424334668221],[80.679480392703965,7.072418220536286],[80.679512175897472,7.0724342217416645]]]},"properties":{"OBJECTID":919,"Shape_Length":23.892592774559109,"Shape_Area":33.338333777792506}},{"type":"Feature","id":920,"geometry":{"type":"Polygon","coordinates":[[[80.688175536330164,7.072451491711611],[80.688103231426183,7.0724985366587951],[80.688072817654799,7.0724534336819245],[80.688109133235855,7.0724289309672779],[80.688104555374991,7.0724197793513666],[80.688165408728693,7.0723789412483775],[80.688187320645639,7.0724090111103974],[80.68820073014777,7.0724269868811049],[80.688172265605658,7.0724472435314452],[80.688175536330164,7.072451491711611]]]},"properties":{"OBJECTID":920,"Shape_Length":40.661742407364514,"Shape_Area":87.652319336622597}},{"type":"Feature","id":921,"geometry":{"type":"Polygon","coordinates":[[[80.679473607368891,7.0724903796991123],[80.679464579606204,7.0725112104819221],[80.679441415797257,7.0725052742663665],[80.679451205749075,7.0724802141699517],[80.679473607368891,7.0724903796991123]]]},"properties":{"OBJECTID":921,"Shape_Length":10.844571193989662,"Shape_Area":7.3112032600002399}},{"type":"Feature","id":922,"geometry":{"type":"Polygon","coordinates":[[[80.689114818423405,7.0724157296162051],[80.689009823955317,7.0725236767945461],[80.688962773914326,7.0724818244699534],[80.6890310466367,7.072411581183248],[80.689013984808341,7.0723965971233564],[80.68903674254004,7.0723723214851679],[80.689053287379892,7.0723878227144814],[80.68907190700476,7.0723697453663306],[80.689114818423405,7.0724157296162051]]]},"properties":{"OBJECTID":922,"Shape_Length":52.943068519090161,"Shape_Area":127.33838574222382}},{"type":"Feature","id":923,"geometry":{"type":"Polygon","coordinates":[[[80.679507758627224,7.072545640346763],[80.679501170096685,7.072568320054252],[80.679422389187991,7.0725501160975943],[80.679432444257344,7.0725039484826446],[80.679441415797257,7.0725052742663665],[80.679464579606204,7.0725112104819221],[80.679502758950605,7.0725198229727244],[80.679513234739559,7.0725223834557633],[80.679507758627224,7.072545640346763]]]},"properties":{"OBJECTID":923,"Shape_Length":28.569396172940362,"Shape_Area":47.755111559881648}},{"type":"Feature","id":924,"geometry":{"type":"Polygon","coordinates":[[[80.688020916443719,7.0725167040623287],[80.687920272983746,7.0725876925293454],[80.687807694318906,7.0724193277458003],[80.687903436016569,7.0723524475703323],[80.688020916443719,7.0725167040623287]]]},"properties":{"OBJECTID":924,"Shape_Length":71.228745676226822,"Shape_Area":296.35212381932212}},{"type":"Feature","id":925,"geometry":{"type":"Polygon","coordinates":[[[80.688570490058268,7.072614101384695],[80.688534949390586,7.0726385002854979],[80.688511635120364,7.0726089863276291],[80.688501860945578,7.0726154195756852],[80.688480545067506,7.0725879027177481],[80.688491429274436,7.072580360991588],[80.688439249589237,7.0725082429887589],[80.688430809000124,7.0725137884516664],[80.688387846889484,7.0724585575254597],[80.68839425277902,7.0724515512123505],[80.688378396872181,7.0724311333382035],[80.6883474136215,7.0723863567282939],[80.688354831568333,7.0723793433727007],[80.688326728753225,7.072339540125804],[80.688387832878675,7.0722984352682925],[80.688408319447674,7.0723264393987302],[80.688431168945215,7.0723100901148044],[80.688427048733203,7.0723030311697013],[80.68845142925386,7.0722852705409647],[80.688459671162633,7.0722963309473137],[80.688469800235751,7.0722896273773399],[80.68847792419686,7.0723020993943315],[80.688470856906079,7.0723073919097779],[80.688476743831657,7.0723160988473497],[80.688475211968282,7.072317157508933],[80.6885121875154,7.0723735538611017],[80.68849930534985,7.0723816396071584],[80.688530026637849,7.0724283360150437],[80.688533889047292,7.0724344028787343],[80.688539962220659,7.0724299927845813],[80.688562037719009,7.0724616144619281],[80.688520998149272,7.0724886285026631],[80.688530012446833,7.0725033361495946],[80.688548231969705,7.0724901040584784],[80.688552279257252,7.0724950676945602],[80.688573626656051,7.0724803657792963],[80.68859036706418,7.0725051851071612],[80.688605089963687,7.0724950776611424],[80.688624653498465,7.0725263507009117],[80.688593596549865,7.072550417664786],[80.688573520118311,7.0725650411455057],[80.688595368594193,7.0725956906414265],[80.688570490058268,7.072614101384695]]]},"properties":{"OBJECTID":925,"Shape_Length":135.45507365998739,"Shape_Area":544.83188487015127}},{"type":"Feature","id":926,"geometry":{"type":"Polygon","coordinates":[[[80.679468752103602,7.0726574632106916],[80.679443127838141,7.0727122845728729],[80.679421995213772,7.0727027857854825],[80.679397556063918,7.072691800521385],[80.679379246615767,7.072683570167599],[80.679399536734394,7.0726310817295248],[80.679468752103602,7.0726574632106916]]]},"properties":{"OBJECTID":926,"Shape_Length":28.834524508874061,"Shape_Area":51.343509606659495}},{"type":"Feature","id":927,"geometry":{"type":"Polygon","coordinates":[[[80.679421995213772,7.0727027857854825],[80.679405094089716,7.0727389837286898],[80.679365087566055,7.0727192468922997],[80.679379246615767,7.072683570167599],[80.679397556063918,7.072691800521385],[80.679421995213772,7.0727027857854825]]]},"properties":{"OBJECTID":927,"Shape_Length":18.768125653267752,"Shape_Area":21.85951981421449}},{"type":"Feature","id":928,"geometry":{"type":"Polygon","coordinates":[[[80.688437067690813,7.0727534200265865],[80.688425458976653,7.0727626038475142],[80.688415285667489,7.0727495011358359],[80.688427422093,7.0727405434932784],[80.688437067690813,7.0727534200265865]]]},"properties":{"OBJECTID":928,"Shape_Length":6.9148415955680296,"Shape_Area":2.9819242031468547}},{"type":"Feature","id":929,"geometry":{"type":"Polygon","coordinates":[[[80.68840896540236,7.0727823446034144],[80.688398077333275,7.0727911270447468],[80.688390041835632,7.0727799409769139],[80.688401012302108,7.0727710491294289],[80.68840896540236,7.0727823446034144]]]},"properties":{"OBJECTID":929,"Shape_Length":6.1561374443148313,"Shape_Area":2.3637368334829461}},{"type":"Feature","id":930,"geometry":{"type":"Polygon","coordinates":[[[80.688384841972223,7.0727521829979683],[80.688331708511271,7.0727927874682726],[80.688324382584725,7.0727823286016047],[80.68831058223256,7.0727583779619536],[80.688379288212673,7.0727146004912234],[80.688376998887335,7.072709698679561],[80.688343301831011,7.0727263588001072],[80.688334235859671,7.0727120562723336],[80.688305550390211,7.072727737062845],[80.688187921992736,7.072550566114594],[80.688155676017686,7.0725721016503531],[80.688136001099522,7.0725459542185254],[80.68810209299707,7.0725013994990151],[80.688103231426183,7.0724985366587951],[80.688175536330164,7.072451491711611],[80.688172265605658,7.0724472435314452],[80.68820073014777,7.0724269868811049],[80.688229483602811,7.0724059697561232],[80.688260273235088,7.0724501522031398],[80.68831160827807,7.0724221571457573],[80.688334108553505,7.0724525327702548],[80.688285359032903,7.0724844376664882],[80.68831066556794,7.0725338025963138],[80.688332323110814,7.0725210097565467],[80.688388595032478,7.0725901045211206],[80.688397254948555,7.0726023089639964],[80.688383318291613,7.0726384182753215],[80.688399502326263,7.072661374618975],[80.688422147219441,7.0726452224375782],[80.688443651596629,7.072676408133213],[80.688419551047943,7.0726927219125137],[80.688432484712266,7.0727138889085408],[80.688385214100578,7.0727470103957275],[80.688384841972223,7.0727521829979683]]]},"properties":{"OBJECTID":930,"Shape_Length":157.96088562930944,"Shape_Area":635.78918148151058}},{"type":"Feature","id":931,"geometry":{"type":"Polygon","coordinates":[[[80.688397923485454,7.0727717936995234],[80.688339358644129,7.0728168798249431],[80.688324641364986,7.0727972697165056],[80.688331708511271,7.0727927874682726],[80.688384841972223,7.0727521829979683],[80.688397923485454,7.0727717936995234]]]},"properties":{"OBJECTID":931,"Shape_Length":21.798746210452876,"Shape_Area":21.58258586943721}},{"type":"Feature","id":932,"geometry":{"type":"Polygon","coordinates":[[[80.687668281652364,7.0728058734539152],[80.687615762736826,7.0728325045085159],[80.687551735809905,7.072710892885067],[80.687614881808216,7.072676941639684],[80.687626672321841,7.0726970449670148],[80.687612794855781,7.0727025866647351],[80.687668281652364,7.0728058734539152]]]},"properties":{"OBJECTID":932,"Shape_Length":46.812432715906404,"Shape_Area":102.32066694601423}},{"type":"Feature","id":933,"geometry":{"type":"Polygon","coordinates":[[[80.68824834497407,7.0728599278045721],[80.688173793459598,7.072910420482553],[80.688051966910578,7.0727362130447249],[80.688023442386751,7.0727575756493071],[80.687961233771929,7.072665615053479],[80.687985868647601,7.0726481366439211],[80.687952819895443,7.0726021559748755],[80.688035798206712,7.0725471316084398],[80.688188729766338,7.0727634353114031],[80.68824834497407,7.0728599278045721]]]},"properties":{"OBJECTID":933,"Shape_Length":112.08297565666257,"Shape_Area":489.33922900446197}},{"type":"Feature","id":934,"geometry":{"type":"Polygon","coordinates":[[[80.688149116069781,7.0729419826704039],[80.688098468573827,7.0729814318722388],[80.68807619336188,7.0729480394902096],[80.688118737289955,7.0729126364600905],[80.688149116069781,7.0729419826704039]]]},"properties":{"OBJECTID":934,"Shape_Length":22.316931998477681,"Shape_Area":29.891668785273549}},{"type":"Feature","id":935,"geometry":{"type":"Polygon","coordinates":[[[80.680573995077182,7.0735609590123607],[80.680533961172074,7.0735811856780018],[80.68053143628201,7.0735732615657101],[80.680496563832833,7.0735068994957686],[80.680522404166538,7.0734925343799313],[80.680534938580891,7.0735166260570015],[80.680559049497433,7.0735349388440403],[80.680573995077182,7.0735609590123607]]]},"properties":{"OBJECTID":935,"Shape_Length":27.095992575738983,"Shape_Area":37.253295938413466}},{"type":"Feature","id":936,"geometry":{"type":"Polygon","coordinates":[[[80.680643544049261,7.0736343312151115],[80.680623905640388,7.0736436958579132],[80.680548266984829,7.0734920278668367],[80.680607955900541,7.0734608739085889],[80.680693248449572,7.0736106285407505],[80.680643544049261,7.0736343312151115]]]},"properties":{"OBJECTID":936,"Shape_Length":53.718214554422474,"Shape_Area":150.33922860923397}},{"type":"Feature","id":937,"geometry":{"type":"Polygon","coordinates":[[[80.680728363535863,7.0736682188081588],[80.68068332444534,7.0736977489356736],[80.680643544049261,7.0736343312151115],[80.680693248449572,7.0736106285407505],[80.680728363535863,7.0736682188081588]]]},"properties":{"OBJECTID":937,"Shape_Length":27.768242114837015,"Shape_Area":47.187944337697068}},{"type":"Feature","id":938,"geometry":{"type":"Polygon","coordinates":[[[80.680784537586888,7.0737021683239423],[80.68079485443009,7.0737206518923132],[80.680783869431025,7.0737025968311036],[80.680784537586888,7.0737021683239423]]]},"properties":{"OBJECTID":938,"Shape_Length":4.7643116594981425,"Shape_Area":0.10243290120897852}},{"type":"Feature","id":939,"geometry":{"type":"Polygon","coordinates":[[[80.68053143628201,7.0735732615657101],[80.680186810762848,7.073759177812561],[80.680161879215063,7.0737126376055768],[80.68013273822767,7.0736620967492501],[80.680480483128989,7.073476297840414],[80.680496563832833,7.0735068994957686],[80.68053143628201,7.0735732615657101]]]},"properties":{"OBJECTID":939,"Shape_Length":111.22720571710616,"Shape_Area":528.93279528280175}},{"type":"Feature","id":940,"geometry":{"type":"Polygon","coordinates":[[[80.680614914528277,7.0737502962532366],[80.680584665789155,7.0737684242175742],[80.680561306941513,7.073733406209473],[80.680549713045409,7.0737137955987928],[80.68054727239803,7.0737099843203204],[80.680647999328286,7.0736490281254429],[80.680684305825849,7.0737060489239054],[80.680662756526189,7.0737194427947232],[80.680658386276775,7.0737138270150073],[80.68063568353827,7.0737280019738087],[80.680643704198658,7.0737400671622241],[80.680619792870843,7.0737546840806376],[80.680614914528277,7.0737502962532366]]]},"properties":{"OBJECTID":940,"Shape_Length":44.02247392280232,"Shape_Area":99.012722538459386}},{"type":"Feature","id":941,"geometry":{"type":"Polygon","coordinates":[[[80.68085506152957,7.073758079312503],[80.680827285474734,7.0737739578692382],[80.68079485443009,7.0737206518923132],[80.680784537586888,7.0737021683239423],[80.680783869431025,7.0737025968311036],[80.680765900149979,7.0736730618869998],[80.680793403020729,7.0736561993849314],[80.680820905939015,7.0736390963339097],[80.68088326317644,7.0737415651092723],[80.68085506152957,7.073758079312503]]]},"properties":{"OBJECTID":941,"Shape_Length":40.698372141503491,"Shape_Area":93.927547516451654}},{"type":"Feature","id":942,"geometry":{"type":"Polygon","coordinates":[[[80.680807035382259,7.0737424763762951],[80.6807362070994,7.0737841452316186],[80.680714263413776,7.0737477538702977],[80.680692511614012,7.0737115009073293],[80.680759844064866,7.0736687904754385],[80.680780211775897,7.0737049418678737],[80.680783869431025,7.0737025968311036],[80.68079485443009,7.0737206518923132],[80.680807035382259,7.0737424763762951]]]},"properties":{"OBJECTID":942,"Shape_Length":37.429877172559173,"Shape_Area":85.276082708913123}},{"type":"Feature","id":943,"geometry":{"type":"Polygon","coordinates":[[[80.680565587135504,7.073789381363583],[80.680561533073998,7.0737912859164673],[80.680525904816449,7.0737288827764724],[80.680549713045409,7.0737137955987928],[80.680561306941513,7.073733406209473],[80.680584665789155,7.0737684242175742],[80.680588241068321,7.073774856429063],[80.680565587135504,7.073789381363583]]]},"properties":{"OBJECTID":943,"Shape_Length":22.512633507434199,"Shape_Area":26.142804467388995}},{"type":"Feature","id":944,"geometry":{"type":"Polygon","coordinates":[[[80.680950883521874,7.0737911389649133],[80.680911234155317,7.0738078624323464],[80.680897895057441,7.073778869222763],[80.680937957391151,7.0737612731789268],[80.680950883521874,7.0737911389649133]]]},"properties":{"OBJECTID":944,"Shape_Length":16.715425858317225,"Shape_Area":17.081040050910598}},{"type":"Feature","id":945,"geometry":{"type":"Polygon","coordinates":[[[80.680767479424844,7.0738418875347273],[80.680761523179712,7.0738451165171936],[80.68074970088054,7.0738224275824395],[80.680740990475726,7.0738057095627225],[80.680802319140327,7.0737729534744949],[80.680823281986974,7.0738116343512161],[80.680818072649714,7.0738144583555256],[80.680768999494163,7.0738410631135329],[80.680767479424844,7.0738418875347273]]]},"properties":{"OBJECTID":945,"Shape_Length":25.221302387616852,"Shape_Area":37.747070340341182}},{"type":"Feature","id":946,"geometry":{"type":"Polygon","coordinates":[[[80.680698511918195,7.0738107342350496],[80.680631757001606,7.0738489738520212],[80.680628522049162,7.0738427487986257],[80.680608284445455,7.0738078254839145],[80.680588241068321,7.073774856429063],[80.680584665789155,7.0737684242175742],[80.680614914528277,7.0737502962532366],[80.680619792870843,7.0737546840806376],[80.680643704198658,7.0737400671622241],[80.680687427623226,7.0737122730493605],[80.680709279269138,7.0737472156833041],[80.680703970166078,7.0737509584480316],[80.680727069499227,7.0737890212181869],[80.680695878462842,7.0738068740847764],[80.680698511918195,7.0738107342350496]]]},"properties":{"OBJECTID":946,"Shape_Length":46.94473904451246,"Shape_Area":124.55656163872445}},{"type":"Feature","id":947,"geometry":{"type":"Polygon","coordinates":[[[80.680628522049162,7.0738427487986257],[80.680605153170561,7.0738563204417719],[80.680565587135504,7.073789381363583],[80.680588241068321,7.073774856429063],[80.680608284445455,7.0738078254839145],[80.680628522049162,7.0738427487986257]]]},"properties":{"OBJECTID":947,"Shape_Length":23.283691723483074,"Shape_Area":26.001901965259158}},{"type":"Feature","id":948,"geometry":{"type":"Polygon","coordinates":[[[80.680848680824852,7.0738576211798145],[80.680841471476143,7.0738620671114916],[80.680833418919093,7.0738466044152881],[80.680841475224554,7.0738438524362337],[80.680848680824852,7.0738576211798145]]]},"properties":{"OBJECTID":948,"Shape_Length":5.5219935902728388,"Shape_Area":1.6981720204260533}},{"type":"Feature","id":949,"geometry":{"type":"Polygon","coordinates":[[[80.680841471476143,7.0738620671114916],[80.680790796854154,7.0738847187899205],[80.680768999494163,7.0738410631135329],[80.680818072649714,7.0738144583555256],[80.680833418919093,7.0738466044152881],[80.680841471476143,7.0738620671114916]]]},"properties":{"OBJECTID":949,"Shape_Length":23.56106366331203,"Shape_Area":34.468016888113695}},{"type":"Feature","id":950,"geometry":{"type":"Polygon","coordinates":[[[80.680883562341734,7.073893474411598],[80.680803388788163,7.0739285362547335],[80.680797797881596,7.0739160139858388],[80.680785508564938,7.0738884895935028],[80.680788766828869,7.0738870252756918],[80.680865020517757,7.0738527665645394],[80.680883562341734,7.073893474411598]]]},"properties":{"OBJECTID":950,"Shape_Length":29.093568381793858,"Shape_Area":47.25480916968484}},{"type":"Feature","id":951,"geometry":{"type":"Polygon","coordinates":[[[80.68098521524459,7.0739034228178479],[80.680867413759415,7.0739990134869544],[80.680851979390283,7.0739814458429962],[80.680834829766624,7.0739630214616795],[80.680837832251555,7.0739595947314218],[80.68083011572925,7.073947598336602],[80.680901743057291,7.0738897795024807],[80.680892310750551,7.0738794955256639],[80.680945707354695,7.0738351761464067],[80.680964731614722,7.0738585764393482],[80.680956923113783,7.0738668610594004],[80.680970581404097,7.073884410249442],[80.68098521524459,7.0739034228178479]]]},"properties":{"OBJECTID":951,"Shape_Length":53.298953507655952,"Shape_Area":132.30051988199949}},{"type":"Feature","id":952,"geometry":{"type":"Polygon","coordinates":[[[80.680822380129854,7.074041478923899],[80.680762769011096,7.0740418320175973],[80.680766630544809,7.0740297421442335],[80.680812377210358,7.0740107112306756],[80.680822380129854,7.074041478923899]]]},"properties":{"OBJECTID":952,"Shape_Length":17.040018839040535,"Shape_Area":14.153129520278474}},{"type":"Feature","id":953,"geometry":{"type":"Polygon","coordinates":[[[80.680766630544809,7.0740297421442335],[80.680720884780811,7.0740487730533923],[80.680649995176793,7.0738607571888208],[80.680705020277188,7.0738386562428994],[80.68074970088054,7.0738224275824395],[80.680761523179712,7.0738451165171936],[80.680767479424844,7.0738418875347273],[80.680788766828869,7.0738870252756918],[80.680785508564938,7.0738884895935028],[80.680797797881596,7.0739160139858388],[80.680781526905321,7.0739212511372758],[80.680812377210358,7.0740107112306756],[80.680766630544809,7.0740297421442335]]]},"properties":{"OBJECTID":953,"Shape_Length":70.142238549921331,"Shape_Area":265.07609995022773}},{"type":"Feature","id":954,"geometry":{"type":"Polygon","coordinates":[[[80.680793386577008,7.074109776645173],[80.680766185846707,7.0741099473962485],[80.680762769011096,7.0740418320175973],[80.680822380129854,7.074041478923899],[80.68083266911529,7.0740414177353816],[80.68083222691682,7.0741095332253563],[80.680793386577008,7.074109776645173]]]},"properties":{"OBJECTID":954,"Shape_Length":30.091576427902776,"Shape_Area":56.563973575975417}},{"type":"Feature","id":955,"geometry":{"type":"Polygon","coordinates":[[[80.680681697317112,7.0741696282564579],[80.680559710241468,7.0741712924022071],[80.680560210596383,7.0741593157817988],[80.680434959353022,7.0741603480119659],[80.680434699639179,7.0741336300262185],[80.680422783945971,7.0741336275684539],[80.68042252035049,7.0741256921661204],[80.680403719555258,7.0741248943006427],[80.680402703568816,7.0740913431686119],[80.680421431416988,7.0740903079762871],[80.680422126622219,7.0740816466082528],[80.680432530561049,7.0740816487542153],[80.68043288285341,7.0740546261410637],[80.680558772950235,7.0740546520890808],[80.68055912237493,7.0740414871700246],[80.680679810118434,7.0740411656617406],[80.680681697317112,7.0741696282564579]]]},"properties":{"OBJECTID":955,"Shape_Length":89.651564156488604,"Shape_Area":368.23435855749267}},{"type":"Feature","id":956,"geometry":{"type":"Polygon","coordinates":[[[80.679987976246338,7.0741873895230949],[80.679966496407914,7.0742148237411087],[80.67992704510155,7.0742103256481093],[80.679914568199138,7.0741709112856217],[80.679940542562363,7.0741434780017478],[80.679978994967428,7.074149971705646],[80.679987976246338,7.0741873895230949]]]},"properties":{"OBJECTID":956,"Shape_Length":25.547701987080277,"Shape_Area":46.96299809152049}},{"type":"Feature","id":957,"geometry":{"type":"Polygon","coordinates":[[[80.680074420766246,7.0741860138807091],[80.680047390783372,7.0742532548180392],[80.679977980428546,7.0742272984079708],[80.680003963905349,7.0741559634322817],[80.680074420766246,7.0741860138807091]]]},"properties":{"OBJECTID":957,"Shape_Length":33.057153542286457,"Shape_Area":68.259063005321551}},{"type":"Feature","id":958,"geometry":{"type":"Polygon","coordinates":[[[80.680736998395332,7.0742888877889438],[80.680581319329917,7.0742894082898617],[80.680580502292841,7.07426116823041],[80.680721297704196,7.0742633901639858],[80.680766185846707,7.0741099473962485],[80.680793386577008,7.074109776645173],[80.680736998395332,7.0742888877889438]]]},"properties":{"OBJECTID":958,"Shape_Length":77.322232293815077,"Shape_Area":99.972272553509455}},{"type":"Feature","id":959,"geometry":{"type":"Polygon","coordinates":[[[80.680112551541072,7.0744033689153811],[80.680048598323083,7.0744410917587723],[80.679971459769007,7.0742980233873016],[80.680043011475163,7.0742607687533487],[80.680099789594991,7.0743720652834687],[80.680112551541072,7.0744033689153811]]]},"properties":{"OBJECTID":959,"Shape_Length":52.638333442049465,"Shape_Area":153.98157700481565}},{"type":"Feature","id":960,"geometry":{"type":"Polygon","coordinates":[[[80.68035483697696,7.0748272352916644],[80.680346965979609,7.0748443070985507],[80.680297136787658,7.0748185410661231],[80.680289745462616,7.0748142521907473],[80.680299525634368,7.0747971039125765],[80.680305962125232,7.0748004403488576],[80.68035483697696,7.0748272352916644]]]},"properties":{"OBJECTID":960,"Shape_Length":18.363095193613105,"Shape_Area":15.203994501065679}},{"type":"Feature","id":961,"geometry":{"type":"Polygon","coordinates":[[[80.679771722088262,7.0750708278352077],[80.679769989182518,7.0750764749105945],[80.679767648367971,7.0750757799119359],[80.679718915797523,7.0750613089164247],[80.679745231413619,7.0749734106290036],[80.679796810715601,7.0749890822363195],[80.679771722088262,7.0750708278352077]]]},"properties":{"OBJECTID":961,"Shape_Length":32.094774450618658,"Shape_Area":59.956396013344239}},{"type":"Feature","id":962,"geometry":{"type":"Polygon","coordinates":[[[80.679683994590079,7.0750378410632351],[80.679658692724715,7.0751175618542028],[80.679583630769926,7.0750962333884502],[80.679605772772092,7.0750149339178536],[80.679683994590079,7.0750378410632351]]]},"properties":{"OBJECTID":962,"Shape_Length":36.190512493927713,"Shape_Area":81.785177509363947}},{"type":"Feature","id":963,"geometry":{"type":"Polygon","coordinates":[[[80.679944002314286,7.0751373767191224],[80.679929167365941,7.0751800707863586],[80.679868411031492,7.0751583537649356],[80.67975352251284,7.075134418969391],[80.679763198821121,7.0750901530444885],[80.679767648367971,7.0750757799119359],[80.679769989182518,7.0750764749105945],[80.679771722088262,7.0750708278352077],[80.679949185040485,7.0751189478925252],[80.679944002314286,7.0751373767191224]]]},"properties":{"OBJECTID":963,"Shape_Length":55.117211711635441,"Shape_Area":140.68898160089134}},{"type":"Feature","id":964,"geometry":{"type":"Polygon","coordinates":[[[80.680297136787658,7.0748185410661231],[80.680102361542524,7.0752049490537692],[80.680098386951144,7.075203343075275],[80.680033456173561,7.075170248047959],[80.67999284085856,7.0751516306780387],[80.67996202623678,7.075134845666045],[80.680189750035964,7.0746812179138026],[80.680259409793223,7.0747184493204642],[80.68032944290681,7.0747538197174782],[80.680305962125232,7.0748004403488576],[80.680299525634368,7.0747971039125765],[80.680289745462616,7.0748142521907473],[80.680297136787658,7.0748185410661231]]]},"properties":{"OBJECTID":964,"Shape_Length":148.39279394037061,"Shape_Area":970.39337866549306}},{"type":"Feature","id":965,"geometry":{"type":"Polygon","coordinates":[[[80.679852395673052,7.0751965260191527],[80.679844295026996,7.0752382330667496],[80.679724870819115,7.0752162217008765],[80.679731676236784,7.0751780710497201],[80.679700930690032,7.0751686887419503],[80.679709676816032,7.0751311850783081],[80.679792853011946,7.0751499550985191],[80.679790259881202,7.0751654734771678],[80.679851428179433,7.0751780959173658],[80.679848188773747,7.0751932913224334],[80.679852395673052,7.0751965260191527]]]},"properties":{"OBJECTID":965,"Shape_Length":50.571753196182343,"Shape_Area":116.85079496700497}},{"type":"Feature","id":966,"geometry":{"type":"Polygon","coordinates":[[[80.680098386951144,7.075203343075275],[80.680078717661928,7.075239006016484],[80.679971100573894,7.0751906527087254],[80.67999284085856,7.0751516306780387],[80.680033456173561,7.075170248047959],[80.680098386951144,7.075203343075275]]]},"properties":{"OBJECTID":966,"Shape_Length":35.465192403792855,"Shape_Area":62.099404802901795}},{"type":"Feature","id":967,"geometry":{"type":"Polygon","coordinates":[[[80.67993881182727,7.0751975133686855],[80.679931033116276,7.0752495667308164],[80.679891871273682,7.0752456791052944],[80.67990062114923,7.0751900692818772],[80.67993881182727,7.0751975133686855]]]},"properties":{"OBJECTID":967,"Shape_Length":20.690614360093722,"Shape_Area":26.004979268945291}},{"type":"Feature","id":968,"geometry":{"type":"Polygon","coordinates":[[[80.680051749761617,7.0752816008138302],[80.680041064026881,7.0753045545887385],[80.679961775349994,7.0752705893410495],[80.679971491305935,7.0752401992003193],[80.679991565997156,7.0752052842146851],[80.680070530051381,7.0752418357255502],[80.680051749761617,7.0752816008138302]]]},"properties":{"OBJECTID":968,"Shape_Length":34.785760490470437,"Shape_Area":76.25022658577177}},{"type":"Feature","id":969,"geometry":{"type":"Polygon","coordinates":[[[80.723292028143533,7.0532541686867898],[80.723314819351515,7.053230021556435],[80.723339459215964,7.0532514177364538],[80.723316359264572,7.053276177053931],[80.723292028143533,7.0532541686867898]]]},"properties":{"OBJECTID":969,"Shape_Length":14.645426731197313,"Shape_Area":13.397722290200454}},{"type":"Feature","id":970,"geometry":{"type":"Polygon","coordinates":[[[80.723360267281663,7.0537102359607289],[80.723418016250264,7.0536328657394067],[80.723530626063663,7.0536973407946606],[80.723505601920692,7.0537355488718836],[80.723469989820174,7.0537083258593665],[80.723446890586402,7.0537345935798283],[80.723426196950683,7.0537169227267089],[80.723412723025305,7.0537326834016403],[80.723398767120642,7.053720265573304],[80.723390103985267,7.0537312502039669],[80.723360267281663,7.0537102359607289]]]},"properties":{"OBJECTID":970,"Shape_Length":51.823537139489886,"Shape_Area":114.09681858162921}},{"type":"Feature","id":971,"geometry":{"type":"Polygon","coordinates":[[[80.724352106105073,7.0550271774455027],[80.724368532631644,7.054940233940183],[80.724407407437738,7.0549494713320717],[80.724389338997341,7.0550353285735605],[80.724352106105073,7.0550271774455027]]]},"properties":{"OBJECTID":971,"Shape_Length":28.110989046973927,"Shape_Area":41.996844878910046}},{"type":"Feature","id":972,"geometry":{"type":"Polygon","coordinates":[[[80.723092407776647,7.052873689820407],[80.723125101331149,7.0528384732093272],[80.723227171431475,7.0529366048260806],[80.723192084435283,7.0529726133507511],[80.723092407776647,7.052873689820407]]]},"properties":{"OBJECTID":972,"Shape_Length":42.039137876760051,"Shape_Area":84.67627150322501}},{"type":"Feature","id":973,"geometry":{"type":"Polygon","coordinates":[[[80.72320005862376,7.0529702386258597],[80.723227188629664,7.0529366102539415],[80.72326225761978,7.0529710306648958],[80.723234746976217,7.0530007071397529],[80.72320005862376,7.0529702386258597]]]},"properties":{"OBJECTID":973,"Shape_Length":19.782606333584187,"Shape_Area":24.314926348805461}},{"type":"Feature","id":974,"geometry":{"type":"Polygon","coordinates":[[[80.708292735408378,7.047270258938414],[80.708295319855296,7.0471826890889711],[80.708374838852095,7.047189619597626],[80.70837887091983,7.0471624066403269],[80.708435324649145,7.0471640073625617],[80.708432905517739,7.0472664568326797],[80.708292735408378,7.047270258938414]]]},"properties":{"OBJECTID":974,"Shape_Length":54.61011204215292,"Shape_Area":156.67408390385981}},{"type":"Feature","id":975,"geometry":{"type":"Polygon","coordinates":[[[80.70805340811188,7.0483719831794556],[80.708045847388647,7.0482894443615889],[80.708105072829909,7.0482856919875552],[80.708098258400142,7.0482373029170517],[80.70820180715998,7.0482231827168178],[80.708198135637943,7.0481308941473815],[80.708379778667222,7.0481181128476811],[80.70838733958243,7.0482369192042631],[80.708339454574329,7.0482394198879499],[80.708348275940779,7.0483057020193538],[80.708284009649617,7.0483207087897775],[80.708277708655601,7.0482894439007273],[80.708214703673022,7.0482956970790092],[80.708223524300706,7.0483607276407811],[80.70805340811188,7.0483719831794556]]]},"properties":{"OBJECTID":975,"Shape_Length":132.75983145895796,"Shape_Area":598.78058987663212}},{"type":"Feature","id":976,"geometry":{"type":"Polygon","coordinates":[[[80.713275118552986,7.0483871091185684],[80.713275861562067,7.0483214604843898],[80.713367476174881,7.0483204808357316],[80.713367280687251,7.0483871098213839],[80.713275118552986,7.0483871091185684]]]},"properties":{"OBJECTID":976,"Shape_Length":34.930976366188808,"Shape_Area":74.240374945603307}},{"type":"Feature","id":977,"geometry":{"type":"Polygon","coordinates":[[[80.679325027405525,7.0728478644274126],[80.679345665994589,7.0727653411111921],[80.679399366644219,7.0727909932033857],[80.679374319733142,7.0728639714816284],[80.679325027405525,7.0728478644274126]]]},"properties":{"OBJECTID":977,"Shape_Length":30.24185397540198,"Shape_Area":54.736544688901773}},{"type":"Feature","id":978,"geometry":{"type":"Polygon","coordinates":[[[80.679363500095235,7.0727697162800913],[80.679380731601611,7.0727293486192853],[80.679440845243107,7.0727579835641627],[80.679424213631876,7.0727953680230344],[80.679363500095235,7.0727697162800913]]]},"properties":{"OBJECTID":978,"Shape_Length":24.015761422705225,"Shape_Area":34.304362064705685}}]
}