{"type":"FeatureCollection","features":[{"type":"Feature","id":1,"geometry":{"type":"Polygon","coordinates":[[[80.732694931111226,7.0593563448331347],[80.73272379847289,7.0593529348246378],[80.732745791925993,7.0593488419228976],[80.732788405308099,7.0593290611984383],[80.732827059814809,7.0593157465630458],[80.732904478422597,7.0592943557780687],[80.732954625076687,7.0592694720729412],[80.73300785025728,7.0592293106330315],[80.733068553912616,7.0591738687798653],[80.73309054736572,7.0591411282268419],[80.733118699668424,7.0591057684269769],[80.733148611770744,7.0590931081505204],[80.733175004273804,7.0590909257438561],[80.733209314527727,7.0591057684269769],[80.733251983605442,7.0591441843090523],[80.733287613484549,7.0591908947580286],[80.733345237715085,7.059257249530285],[80.733405941370421,7.0593140001036385],[80.733455207675533,7.0593703147238713],[80.733477641303111,7.0593908318300436],[80.733511951557077,7.059448456062241],[80.733541423484922,7.0594942928053781],[80.733577054262355,7.0595401304354573],[80.733617962642086,7.0595767998230761],[80.733637235996483,7.059590691254745],[80.73364322955608,7.0596177947899852],[80.733656843524187,7.059677876872807],[80.733665470944175,7.0597217451506529],[80.733685992956836,7.0597637376984865],[80.733721767464715,7.0598192846785013],[80.733742987468375,7.0598689084960364],[80.733755694138054,7.0598875168690709],[80.733760097679607,7.05989652730457],[80.73377790767843,7.0599198267726235],[80.73377849787154,7.0599485421284625],[80.73376468088415,7.0599768144048802],[80.733734865799889,7.0600134793003351],[80.733724241425023,7.0600649734726941],[80.733732089107335,7.0600906924743398],[80.733760187511109,7.0601239197213497],[80.7337857769203,7.0601581873510773],[80.733819340674245,7.0601928668530682],[80.733860775466738,7.0602062144488418],[80.733868023972775,7.0602131280611369],[80.733876658579277,7.0602220493399255],[80.733877987187583,7.0602208511587961],[80.733884090341633,7.0602150278558105],[80.733893775078712,7.0602249226567393],[80.733855887733299,7.060305408505358],[80.733797878125486,7.0603730317272717],[80.733761545763826,7.0604300282187094],[80.733759653013536,7.0604774481745007],[80.733826629604465,7.0605019475767552],[80.7338297871827,7.0605053308316599],[80.733808061427567,7.0605023193335867],[80.733758074673574,7.0604862170011486],[80.73369527255376,7.060459751833168],[80.733610211079494,7.0604151998421445],[80.733562486283404,7.0603781641130334],[80.733516756645528,7.0603499747710163],[80.733436676329532,7.0602755743345007],[80.733380621455794,7.0602271433927131],[80.733370669020772,7.0602067796622885],[80.733290553670471,7.0601414449067557],[80.733255250778114,7.0601201923430876],[80.733208402737759,7.0601097314348742],[80.733160396768952,7.0601004276986856],[80.733127133950603,7.0600844082620879],[80.733040465390303,7.0600029657909644],[80.73301504306778,7.0599907227630672],[80.732925114521322,7.0599146747686792],[80.732924557565852,7.0599142040543477],[80.73292403115309,7.0599134462755915],[80.732904381404566,7.0598911577732677],[80.732865588557317,7.0598350874886782],[80.732841979933326,7.0598049608739855],[80.732808248194416,7.0597681390571507],[80.732765129959105,7.0597269613451239],[80.732721194256868,7.0596991642255231],[80.732659107196014,7.0596425447506252],[80.732593664927563,7.0595809292744924],[80.732534787547209,7.0595439228982748],[80.732694931111226,7.0593563448331347]]]},"properties":{"OBJECTID":1,"Division":"5","Field_No":"16","Shape_Length":479.43435226614037,"Shape_Area":10830.30514546449}},{"type":"Feature","id":2,"geometry":{"type":"MultiPolygon","coordinates":[[[[80.733915157677416,7.0605365539496905],[80.733915157677416,7.0605454743307225],[80.733910664304375,7.0605454743307225],[80.733910664304375,7.0605365539496905],[80.733915157677416,7.0605365539496905]]],[[[80.733673361745645,7.0595952504114514],[80.733709875567016,7.059612303119251],[80.733778606567697,7.0596208294729159],[80.733820489619504,7.0596155009476522],[80.733869889773615,7.0595941850629442],[80.7338978121076,7.0595632774741048],[80.733916068569116,7.0595760670059375],[80.733942916517989,7.0596325527632171],[80.73397191323707,7.0596847762289023],[80.734014869775635,7.0597242101613809],[80.734075009288958,7.0597647103301098],[80.734100783751074,7.0597892231426647],[80.734130853956913,7.0598350518284896],[80.73414481467475,7.0598979332070515],[80.73417273700872,7.0599522882297094],[80.734199584957608,7.059994919073648],[80.734214620060513,7.0600439446730192],[80.734228075925188,7.0600753336419393],[80.734239952551548,7.0601023997056398],[80.734248749753121,7.0601312113325436],[80.734265025429423,7.060156530936748],[80.734284380530553,7.0601665710540775],[80.734307253434324,7.0601722463680039],[80.734327928160582,7.0601779216818663],[80.734352121587804,7.0601774848449708],[80.734374995389871,7.0601757383888204],[80.734409305643837,7.060178357627291],[80.73443657849586,7.0601849066149063],[80.734460331748593,7.0601918906563101],[80.734493762551921,7.0602159006380543],[80.734521914854582,7.0602372913804379],[80.734550946607953,7.0602761440053925],[80.734577340009309,7.0603097581516758],[80.734610330638105,7.0603315848349792],[80.734639802565951,7.060342498621992],[80.734670594118953,7.0603507931712715],[80.734706664172549,7.0603726198526413],[80.734735696824231,7.0603935737510684],[80.734758569728001,7.0604075436105207],[80.734787602379669,7.0604319904177357],[80.734824992058421,7.0604791366818231],[80.734831150009683,7.0605031466486565],[80.734843906985034,7.0605306486323878],[80.734864141536818,7.0605751765417022],[80.734867220063308,7.0605873999410482],[80.734861692729339,7.060599428100887],[80.734859348126449,7.0606180444680415],[80.734852111298522,7.060668325237569],[80.734840661371919,7.0607377626146937],[80.734834131518113,7.0607709693106511],[80.734799761077042,7.0608601730681748],[80.734767066892275,7.0609358848107338],[80.734732689264661,7.0610131013967488],[80.734701716251976,7.0610494283307501],[80.734691326337412,7.0610601638003843],[80.734685427999239,7.0610615768313796],[80.734638464974509,7.0610711257113392],[80.734606433746436,7.0610633740998168],[80.73455639668677,7.0610392759033278],[80.734476474474292,7.060969094166996],[80.734383640776173,7.0609066256996584],[80.734330284441569,7.0608730766764412],[80.734321205168968,7.0608636962863782],[80.734254439682132,7.0608152850191965],[80.734231883883638,7.0608019936056436],[80.734218494494343,7.0607929831877909],[80.734102106071205,7.0607328548916106],[80.734005671925416,7.0606618903691833],[80.733994104319535,7.060650857128298],[80.733953395365802,7.0605922639820244],[80.733947842879004,7.0605859984981496],[80.733958173504803,7.0605430128904096],[80.733964754562564,7.0605344936857666],[80.733987369649839,7.0605038857048603],[80.73400268951869,7.060498554515247],[80.734047793030783,7.0604942646014379],[80.734065594944767,7.0604896341332983],[80.734083739116883,7.0604853433278913],[80.734105846656007,7.0604776514372878],[80.7341393511212,7.0604855742272425],[80.73418257445941,7.0605318833643631],[80.73421853491854,7.0605386989064174],[80.734223507093645,7.0605440256380509],[80.734262194837981,7.0605688263648219],[80.734330804566127,7.0606278982512016],[80.734370631374247,7.0606337937607426],[80.734350076123874,7.0605813929930141],[80.734335358126273,7.0605565405597615],[80.734326200700266,7.0605433293740605],[80.734318584783296,7.0605273090612952],[80.734301529369304,7.0605090368107435],[80.734254651684552,7.0604805434740712],[80.734203335423928,7.0604565014119167],[80.73418395966155,7.0604386802592822],[80.734177752302955,7.0604270354417498],[80.734179068334825,7.0603940810165762],[80.734166566481022,7.0603677834459786],[80.734151137017719,7.0603469008666693],[80.734101630862412,7.0602927331062038],[80.73408442273481,7.0602604490822642],[80.734079024758273,7.0601878200495962],[80.734045561615631,7.0601957330380101],[80.734008503415197,7.060208627749768],[80.733964655747883,7.0602019753480452],[80.733918814718933,7.0601755797011254],[80.733918274831453,7.060176593341053],[80.733905152241775,7.0601707459669303],[80.733874357993855,7.0601586883762861],[80.733854544751935,7.0601205088269925],[80.73385920521163,7.0600816303353753],[80.733890377650283,7.0599912228969952],[80.733890578872945,7.0599814101094553],[80.73387251734583,7.0599678048624304],[80.73384997951365,7.0599531360503116],[80.733831016078014,7.0599214234570011],[80.733814015461249,7.05989652730457],[80.733800626071954,7.0598652149929082],[80.733787326514161,7.0598525297751014],[80.733782563646542,7.0598340809800249],[80.733776443424489,7.0597781667018333],[80.733711404499587,7.0597415615185319],[80.733695620201772,7.0597111433756856],[80.73367975864879,7.0596497062097052],[80.733672348445992,7.0595993638156074],[80.733673361745645,7.0595952504114514]]]]},"properties":{"OBJECTID":2,"Division":"5","Field_No":"16","Shape_Length":578.9876602942586,"Shape_Area":8492.3125418653945}},{"type":"Feature","id":3,"geometry":{"type":"Polygon","coordinates":[[[80.733910042670175,7.059523978145207],[80.733923238921705,7.0594929831841897],[80.73394479309863,7.0594467096033169],[80.733971185601689,7.0593890853709169],[80.733988780903132,7.0593353908877248],[80.734001537878527,7.0592799499387526],[80.734023092055438,7.0592419700142504],[80.734062680809984,7.0592118487099516],[80.73410666861453,7.0591874018382734],[80.734140099417814,7.059155970908308],[80.734178369445559,7.0591044588046943],[80.734230715175457,7.0590346110896052],[80.734253588977552,7.0590036169873116],[80.734309453408443,7.0589704386926906],[80.734349482337507,7.0589512311905818],[80.734383792591444,7.0589224194901687],[80.734427341119797,7.05889884538791],[80.734477486875605,7.0588757090141199],[80.734535991455104,7.0588621759465644],[80.734582618509918,7.0588464604708445],[80.734602412887199,7.0588381658945689],[80.73477679744343,7.0590998746809772],[80.734811850604117,7.059142847050218],[80.734868897217922,7.0591953692256224],[80.734927319152419,7.0592410695934822],[80.734955653813145,7.0592605498842982],[80.735013366078562,7.0592937968040568],[80.735098157159896,7.0593371373470433],[80.735136866463819,7.0593890853709169],[80.735150062715348,7.0594410342804856],[80.735155341215972,7.0594790141886392],[80.73515490104144,7.0595226685241457],[80.735144344040236,7.0595746174186775],[80.735124989837431,7.0595999370533393],[80.735102116035378,7.0596147797201239],[80.735094198284443,7.0596405352984926],[80.735094637560636,7.0596614892300851],[80.735107834710462,7.0596841896187064],[80.735124989837431,7.0597147477295845],[80.735294057265492,7.059773058380034],[80.735275517834651,7.0598009981359358],[80.735271353245011,7.0598098712814057],[80.73527027975824,7.0598115383950564],[80.735265071326211,7.0598232563314669],[80.735213995814107,7.059932084066479],[80.735125331197253,7.0601080634308202],[80.735097743934858,7.0601637360715479],[80.735076162808497,7.0601678806733199],[80.735047571229615,7.0601726832049128],[80.735021177828258,7.0601683175102279],[80.734998304026206,7.0601635158701068],[80.734980269448542,7.0601543485350842],[80.734951237695185,7.0601381962662835],[80.73493320221921,7.0601272824744497],[80.734904170465896,7.0601172414647833],[80.734883935914098,7.0601159318453632],[80.734845226610204,7.0601141862804937],[80.734829830384541,7.0601141862804937],[80.734795960305064,7.0601172414647833],[80.734742294949982,7.060121170322966],[80.734717221173767,7.0601189879211752],[80.73466839504313,7.0601002164121995],[80.734661356742905,7.0600652935226753],[80.734655638067792,7.0600443387178542],[80.734644201615907,7.0600273136626113],[80.734616489487706,7.0599954459526444],[80.734595374586974,7.0599710000138476],[80.734574700758998,7.0599491724220371],[80.734551826956945,7.0599330201460484],[80.734522795203574,7.0599203607837726],[80.734492883101268,7.0599103197696156],[80.734458571948949,7.0599050812896333],[80.734431740169754,7.059901589266782],[80.734402268241922,7.059901589266782],[80.734369276714787,7.0599037716696031],[80.734343763662409,7.0599033348324527],[80.734310773033584,7.0598919850893926],[80.73428394035605,7.0598771424315014],[80.73425270862856,7.059863609393271],[80.734230715175457,7.0598492035717149],[80.734199483448009,7.0598208287644555],[80.734191125522571,7.0597828488843541],[80.734182328320998,7.0597330833083261],[80.734162973219895,7.0596977226622171],[80.73414977696838,7.0596798248109263],[80.734124704090476,7.0596715302496245],[80.734097431238439,7.0596802607568216],[80.734086434062746,7.0596924841798181],[80.734076317235989,7.0597012155780927],[80.734067520034415,7.0597055803857076],[80.734048605107816,7.0597029611445521],[80.734025731305735,7.0596924841798181],[80.734009015454916,7.059670220628945],[80.733996259377903,7.0596601796093683],[80.733982622951856,7.0596187085825814],[80.733970746325497,7.0595789831189597],[80.733958869699151,7.0595523538621556],[80.733936435173234,7.0595396935979631],[80.733910042670175,7.059523978145207]]]},"properties":{"OBJECTID":3,"Division":"5","Field_No":"16","Shape_Length":483.81738340853832,"Shape_Area":13088.476405829409}},{"type":"Feature","id":4,"geometry":{"type":"Polygon","coordinates":[[[80.73602881898077,7.0551546345515783],[80.736039516119163,7.0551322834140819],[80.736047398835808,7.0551275334295145],[80.736061475436287,7.055110770298394],[80.736083715926085,7.0550889772463519],[80.736104266684862,7.0550646701245565],[80.736110178497754,7.0550571270266111],[80.736124536270921,7.0550305848779997],[80.736144805856995,7.0549984547188629],[80.736165638686757,7.0549649275551785],[80.736185063856453,7.0549492814852046],[80.736210400839056,7.0549381063573948],[80.736234893405253,7.0549252542914305],[80.736259667144168,7.0549043001453917],[80.736275432577401,7.0548836250423408],[80.736294575676112,7.0548632289823034],[80.736313156429446,7.0548361287346619],[80.736325262126229,7.0548185266781376],[80.736341027559448,7.054798969530121],[80.736349472621441,7.0547861174602886],[80.736362985978261,7.0547743824575821],[80.736379032584196,7.0547676773783801],[80.736396205677465,7.0547665603109495],[80.736419571756329,7.0547660013314664],[80.736446598469939,7.0547629273900334],[80.736476158432708,7.0547576193136763],[80.736503184248008,7.0547570603341807],[80.736523735905109,7.0547570603341807],[80.736545131080206,7.0547523112372295],[80.736572438966547,7.0547539872842195],[80.736597212705433,7.0547620893665579],[80.736603969832998,7.0547710303637423],[80.736603687761999,7.0547805294487338],[80.736594398283657,7.0547933815186807],[80.736582855830591,7.0548062335882715],[80.736579477266801,7.0548310997030734],[80.736582292586903,7.0548833451069139],[80.736594679456346,7.0549017851842306],[80.736617764362521,7.0549255333353216],[80.736635218628493,7.0549386653366621],[80.736649295228986,7.0549490024413126],[80.736664778591219,7.0549545904508832],[80.736686174664655,7.0549699565853166],[80.736706162179729,7.0549811326038459],[80.73672558734944,7.054992307730612],[80.736749516671978,7.0550043217716887],[80.736767253008949,7.0550104687597619],[80.736788930255074,7.0550154977894168],[80.736819897877851,7.0550168947915868],[80.736846079276816,7.0550252759131853],[80.736869727426665,7.0550277908736847],[80.736884647545224,7.0550303049426368],[80.736895345581942,7.0550367309742068],[80.73690942218245,7.0550465099890527],[80.736913644264277,7.0550610380975041],[80.736905762445971,7.0550803161906375],[80.736902102709507,7.0551124463440615],[80.73689816090203,7.0551297684541545],[80.736905199202283,7.055141503447893],[80.736921526980908,7.0551565905323663],[80.736932507088582,7.0551630165621804],[80.736940107734227,7.0551789416686796],[80.736940107734227,7.0551962637762928],[80.736937855657814,7.0552085568557521],[80.736926313204734,7.0552130269043083],[80.73690491713127,7.0552149828848538],[80.736884085199847,7.0552174978443229],[80.73686634886289,7.055226158897506],[80.736850865500642,7.0552398489776973],[80.736846360449519,7.0552499070319188],[80.736849457840606,7.0552608031085464],[80.736858184973556,7.05527365516516],[80.736850583429629,7.0552825952609366],[80.736821305537902,7.055292374270592],[80.736786959351335,7.0552979622760148],[80.736735440969809,7.0553094173302933],[80.736681951684503,7.0553272984118296],[80.73662958798829,7.0553426645338968],[80.736599465680172,7.0553540848180596],[80.736584509629012,7.0553750389437297],[80.736534362974893,7.055418257716445],[80.736515888222769,7.055441831104492],[80.736479818169173,7.0554619124349411],[80.736427912613721,7.0554763183930955],[80.736405478087846,7.0554785008167942],[80.736371167833866,7.0554675878065751],[80.736340390653908,7.0554596390768181],[80.736341063492077,7.0554576875548882],[80.736339910953561,7.0554550326291823],[80.736329221899993,7.0554344342208433],[80.736292040630374,7.0553989716137595],[80.736271918368018,7.0553720247377578],[80.736251920971469,7.0553590095369199],[80.736221294708486,7.0553273652753203],[80.736206327877554,7.0552967391197452],[80.736170081754139,7.0552850629698689],[80.736122326415341,7.0552792699161984],[80.736103438438164,7.0552597546887954],[80.736096563631307,7.0552531976078638],[80.736089958319027,7.0552463730728299],[80.736086360566318,7.0552429416377382],[80.736069920498295,7.0552272759638175],[80.736059785705237,7.0552082778120644],[80.73602881898077,7.0551546345515783]]]},"properties":{"OBJECTID":4,"Division":"5","Field_No":"15A1","Shape_Length":292.2079731220839,"Shape_Area":4690.8026206815139}},{"type":"Feature","id":5,"geometry":{"type":"Polygon","coordinates":[[[80.734608570838503,7.0588342370254953],[80.734623526889649,7.0588154387192139],[80.734642771497988,7.0587670094075881],[80.73464895729704,7.0587097122735072],[80.734639335442026,7.0586530980265634],[80.734626276632724,7.0586039866951245],[80.734616653879414,7.0585616962787388],[80.734626963843922,7.0585310016911382],[80.734645521241077,7.0585132669405235],[80.734671638859652,7.0585003071015011],[80.734728685473428,7.0584682485038153],[80.734756178412695,7.0584464208410784],[80.734789169041534,7.0584095873265449],[80.734826311683562,7.0583378851711105],[80.734853144361125,7.0582763319267663],[80.734890093865374,7.0581802915897143],[80.73495783582095,7.0580392871362401],[80.734985988123626,7.0579742418147839],[80.735000063825808,7.0579192375417961],[80.735007981576715,7.0578520088994452],[80.735025576878201,7.0577917661080036],[80.735059447856003,7.0576992177098496],[80.735082321658069,7.0576634209605231],[80.735103696171933,7.0576411894063611],[80.735114510091321,7.0576483357407707],[80.735130655511924,7.057639584690536],[80.735143963154556,7.0576304939752923],[80.735157614851914,7.0576217429247139],[80.735170922494561,7.0576126522091265],[80.735184573293608,7.0576039011582177],[80.735188895986738,7.0575992706611608],[80.735193560039704,7.0575949807204577],[80.735208896976559,7.0575785484284976],[80.735227511865872,7.0575666155815755],[80.735278098694451,7.0575281068515894],[80.735310721912313,7.0575268230786419],[80.735349172501444,7.0575368249181105],[80.735382274521342,7.0575325340853121],[80.735398772081538,7.0575238686177357],[80.735429662449206,7.0575185284787025],[80.735449672422149,7.0575279035875429],[80.735457998906512,7.0575368249181105],[80.735467645914383,7.0575325340853121],[80.735483533518476,7.0575241886694728],[80.735507912896963,7.0575369943047965],[80.735528898440336,7.0575468258658409],[80.73556888425027,7.0575724585310891],[80.735593454969901,7.057590350223311],[80.735604894116747,7.0576079343442686],[80.735646793338191,7.0576095836356689],[80.73565169544473,7.0575992706611608],[80.73566931320407,7.0575910170719549],[80.735683084377371,7.0575651811437172],[80.735683326024187,7.0575591313640178],[80.735656382853875,7.0575418592693548],[80.73565532014689,7.0575152388103977],[80.735665175563867,7.0575100618174211],[80.735696627378616,7.057505088088452],[80.735692305583783,7.0575011413778412],[80.735660853769033,7.0574827852059618],[80.735671317345449,7.0574622163076368],[80.735699971806397,7.0574522456693582],[80.735714771550718,7.0574565365028947],[80.735723586718606,7.0574611670013896],[80.735737237517654,7.0574654569433521],[80.735746052685542,7.0574700874417449],[80.735764196857659,7.0574743782751161],[80.735777505398588,7.0574834689934134],[80.735786662824594,7.0574877598266692],[80.735796742820398,7.0574930544990879],[80.735815636187453,7.057492310980515],[80.735833857614679,7.0574915942072387],[80.735841207630315,7.0574944354466327],[80.735841669364362,7.057494250012776],[80.735844613143556,7.0574936027771882],[80.735845354253669,7.0574922503579085],[80.735846984695925,7.0574921576409482],[80.735850127002777,7.0574913285375294],[80.73585346604068,7.0574913285375294],[80.735854790157404,7.0574905003255815],[80.735858964628548,7.0574905003255815],[80.735872184236271,7.0574754810718563],[80.735881134151441,7.057468421211194],[80.735888476980563,7.0574547579421623],[80.735889324990197,7.0574544245177444],[80.735890745226669,7.0574532905181098],[80.735891543828956,7.057452852787109],[80.735892204989014,7.0574522251646661],[80.735893026049155,7.0574518177450001],[80.73589434747096,7.0574505589340513],[80.735895082292842,7.0574500124389452],[80.735896056964933,7.0574490496090281],[80.735896507919207,7.0574482846941766],[80.735896605835563,7.0574479263075061],[80.735896825024525,7.0574476552887146],[80.735897584999236,7.0574471640671828],[80.735898856115355,7.0574466469918518],[80.735899290001655,7.0574465453598094],[80.735900111061795,7.0574461379401434],[80.735901021055199,7.0574461040627838],[80.735901902302473,7.0574458767279431],[80.735908786092509,7.0574458767279431],[80.735909003484807,7.0574455967940439],[80.735909817358461,7.0574451929404036],[80.73591158164966,7.0574437486955466],[80.735912390133421,7.0574433234456784],[80.735913041412019,7.0574426824505929],[80.735913451942096,7.0574424782949867],[80.735913784318754,7.0574421671582686],[80.735914176882517,7.0574420049036073],[80.735914874873501,7.057441430771707],[80.735916519688772,7.0574406230643749],[80.735917376681584,7.0574403030126129],[80.735918211216486,7.0574400507154946],[80.735919061921038,7.0574398902438524],[80.735919429331986,7.0574396263571106],[80.735919857828392,7.057439499762828],[80.735920990603972,7.0574388168667852],[80.735922568045609,7.0574373218059003],[80.735923014508288,7.0574365337117904],[80.735923313647291,7.0574362190090332],[80.735924115842835,7.0574357857355672],[80.735925105786279,7.0574348380612983],[80.735925840608175,7.0574342915661923],[80.735927029079292,7.0574336158022124],[80.735928086396385,7.0574327412316951],[80.735929715940316,7.0574311382981767],[80.735930566644896,7.0574300658125937],[80.735931628453571,7.0574291974826426],[80.735932026407212,7.0574290245298554],[80.735932465683391,7.0574289442940277],[80.735933291235156,7.0574285466809412],[80.735938042424678,7.0574268608370279],[80.735938835637072,7.0574264150824169],[80.735939495898819,7.0574257847854325],[80.735940657420485,7.0574250617714505],[80.735942703782683,7.0574232368520979],[80.735943564368739,7.0574221750646284],[80.73594634465455,7.0574191492823788],[80.735947392988464,7.0574171246649406],[80.735947865502297,7.0574163437028554],[80.735948450305571,7.0574156527832139],[80.735948885090167,7.0574148575569637],[80.735951373423504,7.0574128418545827],[80.735952930203908,7.0574118754585893],[80.735954184252023,7.0574113209398597],[80.735954395356103,7.0574110035625495],[80.735955160720735,7.0574105239306038],[80.735958621929512,7.0574093114780458],[80.735959508566708,7.0574091492233713],[80.735962805383792,7.057407551638808],[80.735967615862151,7.0574060325070533],[80.735970741999353,7.0574053023609693],[80.735972483832683,7.0574047264460127],[80.735972861125106,7.0574044893045684],[80.735974483482508,7.0574028783473501],[80.735977933911514,7.0574006317440396],[80.735979017279746,7.0573997892677749],[80.735980162631705,7.0573990305934133],[80.735982694982496,7.0573970746220906],[80.735984747632926,7.0573960565185221],[80.735988525048697,7.0573944099008994],[80.735990709751462,7.0573937029340748],[80.735992053631136,7.0573934087360239],[80.735994700966273,7.0573926580851971],[80.735998147802036,7.0573914188873283],[80.736000873290592,7.0573910319722923],[80.736003165791217,7.0573909936373846],[80.736003570033077,7.0573908643685357],[80.736003898816477,7.0573905380761692],[80.736004352465685,7.0573905380761692],[80.736004745927787,7.0573903811705261],[80.736005275933792,7.0573903107413161],[80.736015831138403,7.0573884884963256],[80.736016749216631,7.0573884884963256],[80.736018519796048,7.0573880177794237],[80.73602080511013,7.0573878118407851],[80.736023099407348,7.0573878056002064],[80.736024448676929,7.057387577373869],[80.736027202013247,7.057387577373869],[80.736028082362239,7.057387350038991],[80.736028532418189,7.0573873099210642],[80.736028946541552,7.0573871218126154],[80.736029863721456,7.0573871253786402],[80.73603260627803,7.057387350038991],[80.736033023096311,7.0573874891144435],[80.736033404880317,7.0573877423030718],[80.736034697556008,7.0573882014303635],[80.736036064791861,7.05738826116146],[80.736036444779231,7.0573880721615145],[80.736036887648666,7.0573880329351102],[80.736037709607132,7.0573878056002064],[80.73603799886466,7.0573875310153511],[80.736038760636006,7.0573872100720285],[80.736039142420012,7.0573869568834002],[80.736039805376706,7.0573863301523527],[80.736040656081286,7.0573861696806972],[80.736040980373105,7.0573858469543431],[80.736041302868259,7.0573856570628752],[80.736041531938682,7.0573853004591349],[80.736041858925432,7.0573849750582527],[80.736042843478984,7.0573841620018127],[80.736044679635427,7.0573841620018127],[80.736046462791251,7.0573845881432158],[80.736047186833389,7.0573850722327851],[80.736047605448292,7.0573852398365036],[80.736048050114363,7.0573857560203885],[80.736050804349034,7.0573857560203885],[80.736051667630036,7.057385983355255],[80.736052574030154,7.0573860109920483],[80.736052949525927,7.057386211581643],[80.736054784784059,7.057386211581643],[80.736055201602355,7.0573863898834874],[80.736055648963386,7.0573864389164962],[80.736058402299705,7.0573864389164962],[80.736059090409213,7.057386211581643],[80.736059455125215,7.057385983355255],[80.736059913266033,7.057385983355255],[80.736060716359859,7.0573856338836034],[80.736061581437511,7.0573854431006513],[80.736061744032583,7.0573850544025953],[80.736062392616219,7.0573844098413714],[80.736062605516935,7.0573840077706862],[80.736063722122822,7.0573827026010783],[80.736064054499479,7.0573824993369687],[80.736064271891777,7.0573821124219318],[80.73606465726904,7.0573819350116089],[80.736064999527173,7.0573816568606782],[80.736065917605359,7.0573816568606782],[80.736067535471193,7.0573823887898062],[80.736068680823195,7.0573831465727093],[80.736069094048233,7.0573833355726929],[80.736070812525341,7.0573838428414577],[80.73607178540081,7.0573848092375409],[80.736074983403228,7.0573848448978937],[80.736075863752191,7.0573850722327851],[80.736077233682991,7.0573851168082467],[80.736077669365926,7.0573852612327306],[80.736079498335855,7.0573853004591349],[80.736080353531989,7.0573850053695875],[80.736083473380972,7.0573842547187473],[80.736083917148733,7.0573841620018127],[80.736084835226947,7.0573841620018127],[80.736085130772679,7.0573839997470875],[80.736085428115018,7.0573837064405591],[80.736086205157747,7.0573832865396842],[80.736086656112022,7.0573832508793046],[80.736086885182402,7.0573830226529166],[80.736088184146325,7.0573826072095898],[80.736088971070515,7.057382152539871],[80.73609074164996,7.0573816880635354],[80.736091197095789,7.0573816568606782],[80.736091555523601,7.0573814286343284],[80.736092520314216,7.0573804488656036],[80.736093055710114,7.057379712478915],[80.736094029483866,7.0573787469743801],[80.736095101174001,7.0573772697434691],[80.736095740774502,7.0573766260737543],[80.736097459251653,7.0573759868615609],[80.736100200011563,7.0573757416965055],[80.736101893335885,7.057375048993781],[80.736105847719742,7.057373874876042],[80.736109767069351,7.057371506135806],[80.73611173617644,7.0573696000889123],[80.736114962924958,7.0573670423486545],[80.736115353692085,7.0573668542401933],[80.736115803748049,7.0573668034241788],[80.736121507151779,7.0573650658725127],[80.736122285092833,7.0573645898065154],[80.736125746301624,7.0573636662028623],[80.736130665476125,7.0573612751748644],[80.736132100085612,7.0573612751748644],[80.736134113210184,7.0573605628589071],[80.736135536141589,7.0573604942126895],[80.736136216166244,7.0573602686608305],[80.736137640894285,7.0573602071466759],[80.736139433033301,7.0573591400100097],[80.736140844286609,7.057359057099629],[80.73614576346111,7.0573561275999701],[80.736146253941229,7.0573556408358717],[80.736147321139811,7.0573537873879362],[80.73614780533174,7.0573533041898884],[80.736149668437633,7.0573523788031656],[80.736150026865431,7.0573520230909601],[80.736150744619351,7.0573520230909601],[80.736151103047163,7.0573516673787173],[80.736152522385296,7.0573517814919171],[80.73615460737507,7.0573522923267591],[80.736156033001421,7.0573523788031656],[80.736156670805258,7.0573525678031617],[80.736156960062786,7.0573530911191362],[80.736157641884091,7.0573530064257488],[80.736158210517658,7.0573525883078929],[80.736159510379892,7.0573520230909601],[80.736160075420202,7.0573509470391613],[80.736160881208988,7.0573497916430572],[80.736161387858829,7.057349287940279],[80.736162641008633,7.0573486103931522],[80.736163716292026,7.0573476894639766],[80.736164940695772,7.0573471857611985],[80.736166969091684,7.0573451727330658],[80.736167539521873,7.0573447572897132],[80.736170041329956,7.057343483322823],[80.736171047443079,7.0573428378700376],[80.736171329514065,7.0573422690870675],[80.736173367791451,7.0573402810212009],[80.736173969662701,7.0573400046532626],[80.736174653280628,7.0573399253089573],[80.736175370136209,7.0573399253089573],[80.736175938769804,7.0573402810212009],[80.736176656523725,7.0573402810212009],[80.736177324870283,7.0573400786485747],[80.73617906939856,7.0573388581722405],[80.736181762547787,7.0573378775119426],[80.736183013002659,7.0573376287807985],[80.736183837656085,7.0573368469270887],[80.736184158354661,7.0573363325261713],[80.736185441148862,7.0573356959884936],[80.736185994511089,7.0573352618234164],[80.736186674535745,7.0573350371630408],[80.736187790243349,7.0573341937951648],[80.736188470268019,7.0573339682432925],[80.736188813424434,7.0573335207055861],[80.736189407210858,7.0573332238329805],[80.736189740485813,7.0573328083895772],[80.736190458239733,7.0573328083895772],[80.736190816667545,7.0573324526773593],[80.736192250378735,7.0573324526773593],[80.736193633784268,7.0573321415405648],[80.736194343453349,7.0573320969651032],[80.736202948415439,7.0573320969651032],[80.736203284385354,7.0573316458613586],[80.736203809001481,7.0573312553802463],[80.736205435850465,7.0573303175123776],[80.736206152706089,7.0573303175123776],[80.736206721339656,7.0573299618001091],[80.736209587863712,7.0573299724982483],[80.736210979354084,7.0573303175123776],[80.736212262148314,7.0573309540500553],[80.736213465890785,7.0573317260971988],[80.736214792702455,7.0573322422811353],[80.736215488896818,7.057332415233974],[80.736218352725928,7.0573324526773593],[80.736220950653745,7.0573312892576183],[80.736222311601409,7.057330839045358],[80.736227232572531,7.0573299511020204],[80.736230803375761,7.0573296292671248],[80.736239376896862,7.0573295338756106],[80.736239884444998,7.0573290310643291],[80.736240480926341,7.0573286459322606],[80.736243628623086,7.0573269422578022],[80.736246340636924,7.0573260926493466],[80.73625197397206,7.0573250246211074],[80.736256983876402,7.0573249434937324],[80.736259024848749,7.0573242686211222],[80.736264991458867,7.0573218285598989],[80.736265549312662,7.0573214140080172],[80.736268400565351,7.0573211001967069],[80.736269831581595,7.0573210574042644],[80.736273359265738,7.0573204208665361],[80.73627401773085,7.0573201730269393],[80.736276450368607,7.0573186645929802],[80.736278524578609,7.0573181510835727],[80.736279807372838,7.0573175145458693],[80.736280316717611,7.0573170153005877],[80.736281616579817,7.0573166167958767],[80.736282197789805,7.0573162156166633],[80.736282860746499,7.0573160845647447],[80.736283429380052,7.0573157288525135],[80.736284778649633,7.0573153731402449],[80.736285426334945,7.0573150816166716],[80.736286845673092,7.0573150174279764],[80.736287414306645,7.0573146617157461],[80.736288131162269,7.0573146617157461],[80.736289397786805,7.0573141535553692],[80.73629285540234,7.0573132379751744],[80.736293559681528,7.0573131809185679],[80.736294205570204,7.0573128822629307],[80.736294918832527,7.0573128662157609],[80.736300245842202,7.0573107515554074],[80.736302318255554,7.0573101845554183],[80.736303010856616,7.0573100356733489],[80.73630372771224,7.0573100356733489],[80.73630510393123,7.0573096799610795],[80.736305820786853,7.0573096799610795],[80.736306389420406,7.0573093242487985],[80.73630782402995,7.0573093242487985],[80.736308862482389,7.0573087224799522],[80.736309467946896,7.0573086128242863],[80.736309826374708,7.0573082562205212],[80.73631082979287,7.0573077275554139],[80.736311730803081,7.0573068824044807],[80.736313063004644,7.0573066630931747],[80.736313659486015,7.057306268154476],[80.736314990789253,7.0573057662346788],[80.736315707644863,7.0573057662346788],[80.736317057812727,7.0573054096308745],[80.736317704599742,7.0573051145412631],[80.73631840708228,7.0573050539186317],[80.736319334143644,7.0573043424940813],[80.736320042914429,7.0573043095082308],[80.736321252046778,7.0573036310695567],[80.73632191051189,7.0573034911025685],[80.736322418060027,7.0573029873997397],[80.736323029812738,7.0573027359940674],[80.73632353736086,7.0573022322912378],[80.736324740205049,7.057301470050648],[80.736326127203839,7.0573011125553853],[80.73632869279227,7.0572998394799029],[80.736329251544404,7.0572994079893032],[80.736329948637049,7.0572993607393393],[80.736330016010697,7.0572987161779874],[80.736331238617822,7.0572980421968481],[80.736332648074495,7.0572979378902385],[80.736333860800102,7.0572972754986969],[80.7363345659776,7.0572972255741924],[80.73633485254021,7.0572966960175751],[80.736336880037797,7.0572946838807109],[80.736337470230907,7.0572943789845075],[80.736338187984828,7.0572936675599323],[80.73634105630552,7.0572936675599323],[80.736342405575101,7.0572933118476886],[80.736343122430682,7.0572933118476886],[80.736343781794119,7.0572931718806879],[80.736345628730362,7.0572923258382074],[80.736347402004725,7.0572911766825035],[80.736348089215909,7.0572910803994802],[80.736350557786295,7.0572896495267816],[80.736351131809769,7.057289238540938],[80.736351528865129,7.0572887704984497],[80.736352093905438,7.0572884058710743],[80.736352414603999,7.0572878905786212],[80.736353009288706,7.0572875259512458],[80.736353321902428,7.0572868876304593],[80.736354038758009,7.0572859042954939],[80.736355140990895,7.0572850743001707],[80.736355461689442,7.0572844377624291],[80.736356130036015,7.0572841988378894],[80.736356671720145,7.0572838154888009],[80.736357041826011,7.0572832146114006],[80.736358340789906,7.0572820306868405],[80.736359432242992,7.0572794069744234],[80.736360856971061,7.0572769366016113],[80.736364567013155,7.0572726092145324],[80.73637618043314,7.0572670239074924],[80.736378286084175,7.057267336827306],[80.736379002939785,7.057267336827306],[80.736384551833282,7.0572659130866331],[80.736392439939806,7.0572659130866331],[80.736393126252693,7.0572657624215056],[80.736397101297811,7.0572641336336401],[80.736399943567363,7.0572637752467919],[80.736404100970489,7.0572627330721875],[80.736407665485544,7.0572631066146592],[80.736409072247298,7.0572633865486347],[80.736410329888656,7.0572630664967448],[80.7364282575668,7.0572619993598629],[80.73642859263839,7.0572615161616881],[80.736435966010276,7.057258737326495],[80.736442088927248,7.0572567118168603],[80.736446235550588,7.0572555831657864],[80.73644974347178,7.0572548824392864],[80.736456190680542,7.0572549475194908],[80.736463225387553,7.0572563204441616],[80.736476809711291,7.0572573572697603],[80.736477754738942,7.0572566806140031],[80.736480952741374,7.0572538242174607],[80.736483596483268,7.0572527472739353],[80.736484307050645,7.0572527089390533],[80.736485685066285,7.0572523273729466],[80.736489937690848,7.0572516801370275],[80.736492805113215,7.0572516845945881],[80.736493446510337,7.0572520028634971],[80.736493512087364,7.0572526741701838],[80.736493870515176,7.0572532384957087],[80.736494937713715,7.057253806387271],[80.736495650976053,7.0572538153023787],[80.73649693646523,7.0572541710146854],[80.736499545172791,7.0572530441466297],[80.736500951934559,7.0572527651041383],[80.736504869487504,7.0572510141794105],[80.736506722711908,7.057249933669822],[80.736507430584354,7.0572499006839839],[80.736508779853921,7.0572495449716648],[80.736509497607841,7.0572495449716648],[80.736510722011559,7.0572488335470638],[80.736512722559723,7.0572481221224495],[80.736513417855747,7.0572480294054518],[80.736515209994721,7.0572470540940069],[80.736515383369593,7.0572465147307222],[80.736515926850345,7.0572463426693934],[80.736516702096438,7.0572455046504086],[80.736517276119869,7.0572452755324599],[80.736517605801581,7.0572448493908917],[80.736518170841919,7.0572444259238649],[80.736519381770918,7.0572437153907348],[80.736520063592209,7.0572434960793906],[80.736526517089217,7.0572434960793906],[80.736528624536874,7.0572438517916849],[80.73653077510366,7.0572438517916849],[80.736532419918944,7.0572431403670715],[80.73653313677454,7.0572431403670715],[80.736533668577181,7.057243323126527],[80.736540336771526,7.0572491892593705],[80.73654589015662,7.0572491892593705],[80.736546880998389,7.0572499006839839],[80.736547150492981,7.057250470358591],[80.736547293325089,7.0572511229435664],[80.736548453050148,7.0572514117926621],[80.736541350071192,7.0572647371855686],[80.736526223340107,7.0572965551590903],[80.736484455272659,7.0573749143758757],[80.736429488258736,7.0574942473382221],[80.736426858889885,7.0575079168466495],[80.736422365516844,7.0575079168466495],[80.736422365516844,7.0575168372860766],[80.736417873042129,7.0575168372860766],[80.736417873042129,7.05752575861686],[80.736413379669074,7.05752575861686],[80.736413379669074,7.0575346790559443],[80.736408886296033,7.0575346790559443],[80.736408886296033,7.0575436003863716],[80.736404392922978,7.0575436003863716],[80.736404392922978,7.0575525208251122],[80.736399899549909,7.0575525208251122],[80.736399899549909,7.0575614421551958],[80.73639756752344,7.0575635871257258],[80.736385942425329,7.0575814592051094],[80.736368789993307,7.0576175376775758],[80.736357128962595,7.0576394153038882],[80.736327887003483,7.0576961170426742],[80.736266324558727,7.0578372981193596],[80.736181144506887,7.0580097719791901],[80.736022836201002,7.0583147345051289],[80.736020534717241,7.0583169293965637],[80.736014063253904,7.058331634812351],[80.736011955806248,7.0583356938458026],[80.735941185629855,7.058497229618852],[80.735911959840422,7.0585639393103623],[80.735907392805501,7.0585779083335201],[80.735799515021341,7.0588249261316083],[80.735794983020753,7.0588327384030771],[80.735794823120628,7.058833106595257],[80.735793048947926,7.0588360726373383],[80.735755837135599,7.0589002129586902],[80.735744565075422,7.0589232762277616],[80.735681722531396,7.0590224447056586],[80.735640612030735,7.059140172532512],[80.735606803935042,7.0592229122963568],[80.735602401291828,7.0592363829479314],[80.735568541992137,7.0593232931575649],[80.735544332395222,7.0594063377835186],[80.735529314360321,7.0594979158825657],[80.735510065260371,7.0595350087384592],[80.735496324629807,7.0595631268097536],[80.735475531325932,7.0595995340930653],[80.73544064525187,7.059624440959551],[80.735420511311403,7.0596375460824436],[80.735419943576147,7.0596379151654842],[80.735417407632099,7.0596399977210131],[80.735384084626631,7.0596663194035862],[80.735324370914739,7.0597273732203272],[80.735294057265492,7.059773058380034],[80.735124989837431,7.0597147477295845],[80.735107834710462,7.0596841896187064],[80.735094637560636,7.0596614892300851],[80.735094198284443,7.0596405352984926],[80.735102116035378,7.0596147797201239],[80.735124989837431,7.0595999370533393],[80.735144344040236,7.0595746174186775],[80.73515490104144,7.0595226685241457],[80.735155341215972,7.0594790141886392],[80.735150062715348,7.0594410342804856],[80.735136866463819,7.0593890853709169],[80.735098157159896,7.0593371373470433],[80.735013366078562,7.0592937968040568],[80.734955653813145,7.0592605498842982],[80.734927319152419,7.0592410695934822],[80.734868897217922,7.0591953692256224],[80.734811850604117,7.059142847050218],[80.73477679744343,7.0590998746809772],[80.734624013776539,7.058870583743718],[80.734619403622503,7.0588659140330554],[80.734609943464221,7.0588498481954085],[80.734602342818619,7.0588395102863437],[80.734608570838503,7.0588342370254953]]]},"properties":{"OBJECTID":5,"Division":"5","Field_No":"15","Shape_Length":827.12877463847656,"Shape_Area":28559.129938579648}},{"type":"Feature","id":6,"geometry":{"type":"MultiPolygon","coordinates":[[[[80.736086725282306,7.0564430606644111],[80.736127465677058,7.0564504976499176],[80.7361196440459,7.0564534886696073],[80.736107203277541,7.056455438404333],[80.736103048569319,7.0564549587713943],[80.736101689418305,7.0564546779453874],[80.736100425488701,7.0564541073783049],[80.73609494127389,7.0564539950479066],[80.736094241486271,7.0564533005607775],[80.736092072054888,7.056449870917648],[80.73609108300974,7.0564488884724357],[80.73608945705908,7.0564466374069221],[80.736088274876167,7.05644593846222],[80.736087483460423,7.0564448597338059],[80.736086857334641,7.0564436178588519],[80.736086725282306,7.0564430606644111]]],[[[80.735246836424267,7.0565742366972444],[80.735261816729931,7.0565599850046556],[80.735278931432717,7.0565423125843001],[80.735299817263083,7.0565070453029799],[80.735350736468348,7.0565050411863286],[80.735427567577972,7.0565080643000417],[80.73545101091193,7.0564970817762438],[80.735483114903559,7.0564751506052676],[80.735517071221309,7.0564620248880932],[80.735537019210483,7.0564406509099049],[80.735568722553481,7.056425798334713],[80.735602970823692,7.0563731483588459],[80.73561898598858,7.0563725180603862],[80.735638387802084,7.0563771057771891],[80.73568395125163,7.056396844726792],[80.735728080091647,7.0563771057771891],[80.735748054131975,7.0563723825506788],[80.735789944370325,7.0563455293400272],[80.735835780009367,7.0563033697694229],[80.735841765484125,7.0562660716068679],[80.735914036745328,7.056263227685351],[80.735914453563623,7.0562636110352912],[80.735924131114189,7.0562729175231427],[80.735925781319352,7.0562746853902905],[80.735950234359706,7.0562793194666424],[80.735961726507142,7.0562969874395014],[80.735966391458419,7.0563012782837493],[80.735980495008377,7.0563229598397808],[80.736010018140178,7.0563418857333895],[80.73603740777321,7.0563881355539282],[80.736063743682394,7.0564163518826462],[80.736063911667344,7.0564167539541716],[80.736064313214285,7.0564169625677957],[80.736065362446524,7.0564175063895949],[80.736066322745586,7.0564184603065421],[80.736068122071075,7.0564210492548733],[80.736068245140274,7.0564220076293678],[80.736086544720948,7.0564395240398907],[80.736086544720948,7.0564423019884721],[80.736086725282306,7.0564430606644111],[80.736076138636676,7.0564411269768561],[80.736122096446607,7.0564976452111621],[80.736176193891353,7.0565841306844987],[80.736218523405839,7.0566139401310215],[80.736226866958219,7.0566225610400828],[80.736258408604471,7.0566447739214375],[80.736339196792912,7.0567206905096684],[80.736360594662969,7.0567346176874768],[80.736472191472416,7.0567883641800657],[80.736542416371421,7.0567869413294133],[80.736596695275836,7.0568208383379458],[80.736608789294522,7.0568455839906257],[80.736613371600782,7.0568499550657142],[80.736631255261429,7.0568991093757729],[80.736648342116453,7.0569439318329357],[80.736664825303635,7.0569842726646792],[80.736683733043705,7.0570053961034382],[80.736676089278973,7.0570228795060119],[80.736609778339627,7.0571521466521876],[80.736571193901568,7.0572273633221609],[80.736559322665087,7.0572310194029724],[80.736545843444233,7.0572335138467945],[80.736528041530264,7.0572381443474779],[80.736450202510866,7.0572455483343859],[80.736420118830338,7.0572560155478827],[80.736395135783951,7.0572473233298947],[80.736365016170808,7.0572461376221751],[80.736352807167762,7.0572649074638791],[80.736348142216499,7.057269197407674],[80.736335201086519,7.0572830630547898],[80.73628540836863,7.057291669687257],[80.736227196639931,7.0572962868147124],[80.736208853041816,7.057304880965793],[80.736201161666344,7.0573131220789422],[80.73617855825718,7.0573249952012951],[80.736150440988766,7.0573316440783396],[80.736122958829284,7.0573525642371244],[80.736105680633131,7.0573585765760969],[80.736082268740162,7.057363013618053],[80.736057559679963,7.0573759931021396],[80.736029295986199,7.0573808785730821],[80.735976648422337,7.0573892043782704],[80.735957062454176,7.0573983806831571],[80.735948418864552,7.0574076416812268],[80.735930274692407,7.0574208529564677],[80.735914699702036,7.0574375393341366],[80.735859960860196,7.0574396932203083],[80.735842695240422,7.0574306238973614],[80.735778566308923,7.0574173047497917],[80.735664835102369,7.0574100835250233],[80.735642880276842,7.0573985509614419],[80.735559179750254,7.0573935674246728],[80.735531322094971,7.05738387404429],[80.73549460525436,7.0573762480737994],[80.73545808424646,7.0573693263955288],[80.735413727234388,7.0573494858553447],[80.73536786195092,7.0573422325352047],[80.735341835960512,7.057330039361446],[80.735346157755345,7.0573182625222444],[80.735353154733062,7.057305135937491],[80.735359636976156,7.0572914994089215],[80.73536810988594,7.0572756046864393],[80.735373288673557,7.0572559861280828],[80.735377610468376,7.0572335138467945],[80.735387570988237,7.0572191444952344],[80.735399219442542,7.0571946413531439],[80.735404569808381,7.0571889089460607],[80.735419041667583,7.0571796318964175],[80.735440626387245,7.0571565061347519],[80.735458487590037,7.0571443049325229],[80.735476461082257,7.057132783060414],[80.735472138389085,7.0571220020326546],[80.735467474336119,7.0571132518639805],[80.735462447363801,7.0570974899703041],[80.735441504939601,7.0570864887388005],[80.735431528250032,7.0570952397994677],[80.735413339162179,7.0571273181054863],[80.735397856698256,7.0571415581909838],[80.735371174937683,7.057173789833465],[80.73529525651638,7.057217505009052],[80.735265279735373,7.0572245925103747],[80.735230984752747,7.0572335138467945],[80.735202846823128,7.0572311504548786],[80.735180026919963,7.0572302268509581],[80.735160179542049,7.0572290571903844],[80.735151822514965,7.0571823465433736],[80.735117511362688,7.0570963470546957],[80.735100796410194,7.0570107834984537],[80.735095517909585,7.05695970799598],[80.735111353411426,7.0569064491793547],[80.735132907588337,7.056865413854311],[80.735165458941012,7.0567925105950842],[80.735190531818887,7.0567383780789168],[80.735213405620982,7.0566798807203526],[80.735246836424267,7.0565742366972444]]]]},"properties":{"OBJECTID":6,"Division":"5","Field_No":"15","Shape_Length":553.32805382184677,"Shape_Area":14767.671280074961}},{"type":"Feature","id":7,"geometry":{"type":"Polygon","coordinates":[[[80.735757691258343,7.055263648819202],[80.735752395689758,7.0552686992424247],[80.735754051284829,7.0552777133339211],[80.735759020764974,7.0552885701832668],[80.735795519314976,7.0553091124327674],[80.735794173638666,7.0553138347785946],[80.735787502749389,7.0553350447703735],[80.735783066868478,7.0553479101976446],[80.735792350956956,7.0553929093245822],[80.735773143179543,7.0554399188090171],[80.735786115750571,7.0554538290866047],[80.735786794876944,7.055453668614275],[80.735808925772261,7.0554484336498877],[80.735809089265629,7.0554404929434229],[80.735807570214519,7.0553666096867893],[80.735833755206698,7.0553338233972624],[80.735892130428809,7.0553225109856577],[80.735898862403559,7.0553155545076791],[80.7359079389812,7.0553111834180999],[80.735920411190605,7.0553048055320868],[80.735948287710499,7.0552977126522798],[80.735970843508966,7.0552933415625354],[80.735984188880835,7.0552865170280734],[80.736009977716009,7.0552740973557944],[80.736051721528924,7.0552398159917074],[80.736060568137844,7.0552127523181678],[80.736068913486847,7.055225387738373],[80.73607053764087,7.0552278572305918],[80.736086360566318,7.0552429416377382],[80.736089958319027,7.0552463730728299],[80.736096563631307,7.0552531976078638],[80.736103438438164,7.0552597546887954],[80.736122326415341,7.0552792699161984],[80.736170081754139,7.0552850629698689],[80.736206327877554,7.0552967391197452],[80.736221294708486,7.0553273652753203],[80.736251920971469,7.0553590095369199],[80.736271918368018,7.0553720247377578],[80.736292040630374,7.0553989716137595],[80.736329221899993,7.0554344342208433],[80.736339910953561,7.0554550326291823],[80.736341063492077,7.0554576875548882],[80.736340390653908,7.0554596390768181],[80.736329707888558,7.0554906209352861],[80.736334703419857,7.0555565099768591],[80.736339286624442,7.0555653413026267],[80.736348880631681,7.0555991082397673],[80.73637756922858,7.0556060513407912],[80.736438047406779,7.0556315370139311],[80.73643364386524,7.055676942643033],[80.736417740091454,7.0556872931039027],[80.736406594693733,7.0557036158069497],[80.736388177433781,7.0557315023177827],[80.736361732828456,7.0557567249878783],[80.736348742291128,7.0557833063213948],[80.736339196792912,7.0557972861266585],[80.736333670357297,7.0558253874863137],[80.736316820657507,7.0558509007842627],[80.736299031319916,7.0558769534456625],[80.736294246892712,7.0558954844176078],[80.736323029812738,7.0559286147910534],[80.736325716673761,7.0559317074464882],[80.736319127531146,7.0559643073676606],[80.736308043218855,7.0559757597309103],[80.736287635292243,7.055979057433805],[80.736282993697174,7.0559819530647419],[80.736282512200162,7.0559819530647419],[80.736280421820524,7.0559839687733055],[80.736279190230263,7.055985544966501],[80.73627828922001,7.0559861404964863],[80.736277579550929,7.0559869036307488],[80.736277464566555,7.0559878637891522],[80.736276573437806,7.055988324700837],[80.736275762259126,7.055989014731094],[80.736273751829501,7.0559898135258372],[80.736272866090658,7.0559903921170903],[80.73627210072604,7.0559911525768246],[80.736270000464884,7.0559925682978184],[80.736268732043726,7.0559937736220029],[80.736267834626744,7.0559939581649864],[80.736265294191128,7.0559953854756161],[80.736263503848733,7.0559960719398216],[80.736263014266925,7.0559969456215397],[80.736258325061144,7.055998913188426],[80.736256481718172,7.0560007586181843],[80.736255511537664,7.0560012320110141],[80.736252675556329,7.0560038049145026],[80.736251771851144,7.0560039823253975],[80.736251724240446,7.0560042230336046],[80.736280658077405,7.0560112249683513],[80.736306581659889,7.0560307517537115],[80.736327042587106,7.0560412163202111],[80.736357259218309,7.0560470717701307],[80.736383620280336,7.056064810181284],[80.736393202609477,7.0560650045308719],[80.736406594693733,7.056055993129247],[80.736415915613122,7.0560515034755609],[80.736445804359235,7.0560114772662077],[80.736459618651665,7.0560218669461401],[80.736451616459135,7.0560382404535487],[80.736438137238295,7.0560579812006612],[80.736450837619785,7.0560871095660547],[80.736473919830999,7.0560875767182418],[80.736487472713705,7.0560649135966509],[80.736500802814206,7.0560453903787659],[80.73650157895861,7.0560076642696901],[80.736494346622266,7.0560001925080753],[80.736478584782304,7.0559851580503068],[80.736523417901466,7.0559797198272038],[80.73651901435997,7.0559578626272286],[80.736474134528365,7.0559470013360084],[80.736473739269641,7.0559277883593383],[80.736505303373761,7.0559201489921737],[80.736505719293746,7.0558999250396344],[80.736487472713705,7.0558732028538547],[80.736475021165546,7.0558477261091674],[80.736460603205217,7.055826609749662],[80.736465006746769,7.0558017463628468],[80.736473999781083,7.0557931682311388],[80.736482829322014,7.0557661562976426],[80.736516803606037,7.0557654680500743],[80.73653320863977,7.0557707529355955],[80.736550377241457,7.0557795334410356],[80.736617864973823,7.0557839045261881],[80.736654638408282,7.0557977194016379],[80.73669916789693,7.0557923177283373],[80.736711663462529,7.0557667500449135],[80.736721208960745,7.0557527702387466],[80.736737866421052,7.0557275484599948],[80.736760567746614,7.0557040927661481],[80.736779176347724,7.0556951303906876],[80.736797593607676,7.055672481514101],[80.736810084681679,7.0556469227391689],[80.736824192723233,7.055632344724418],[80.736833445370635,7.0556321575067411],[80.736834090361029,7.0556635164635013],[80.736833122875467,7.0557105597979435],[80.736860726307526,7.0557216751757501],[80.736891805321406,7.0556895637863519],[80.736937466687294,7.0556767786047301],[80.736961355585649,7.0556645622077827],[80.736986218257741,7.0556545505211758],[80.73701647621148,7.0556472285280014],[80.737027137417272,7.0556362121062959],[80.73706982446123,7.0556156538241019],[80.737107534838557,7.0555921045157683],[80.737148919325378,7.0555677154011809],[80.737161346619018,7.0555437693671861],[80.737161813742972,7.0555210108271096],[80.737135319730314,7.055507460722735],[80.737114318915602,7.055507035471086],[80.737050534937168,7.0555083281647901],[80.737027846188042,7.0554916319109262],[80.737012094229499,7.0554612767861782],[80.737043625994318,7.0554451510989526],[80.737063193996136,7.0554404162733029],[80.737067779895682,7.0554380707025048],[80.737080575498567,7.0554315269968102],[80.737117954397561,7.055424283453263],[80.737161542451759,7.0554003926856543],[80.73718804365096,7.0553825606401421],[80.73725129133517,7.0553812795357569],[80.737251807866471,7.0554064300123498],[80.737219994928992,7.0554251767493215],[80.737219686806853,7.0554401719987139],[80.737230272554157,7.0554511090804519],[80.737273408755769,7.0554657655540538],[80.737296339151712,7.0554583793689654],[80.737322852927349,7.0554405375190621],[80.737343887878012,7.055445529991994],[80.737348435149997,7.0554548338217673],[80.737353479190332,7.0554527779927829],[80.737354029857585,7.0554516841063419],[80.737356334036292,7.0554488419628436],[80.737358104615708,7.0554472015788923],[80.737359273323904,7.0554468155537613],[80.737361468806441,7.0554464527079794],[80.737363316641009,7.0554454773927313],[80.737364549129552,7.0554454773927313],[80.737365164475534,7.0554448658147999],[80.737366396964077,7.0554448658147999],[80.737367444399737,7.0554444378885588],[80.737368599633172,7.0554442551283785],[80.737371063712004,7.0554442551283785],[80.737373271770977,7.0554448658147999],[80.737376868625375,7.0554447677483756],[80.737377374376877,7.0554437532065579],[80.737379331805897,7.0554428287075401],[80.73738196207303,7.0554405874437833],[80.737383915010454,7.0554393642879214],[80.737385147499026,7.0554393642879214],[80.737386995333566,7.0554399758658528],[80.737388147872068,7.0554397850820614],[80.737390303828775,7.0554388106583223],[80.737391266822726,7.0554381420235552],[80.737392499311298,7.0554381420235552],[80.737393641968353,7.0554377658050678],[80.737394612148861,7.055437037438911],[80.737395794331775,7.0554369188676542],[80.737397767032121,7.0554357411789663],[80.737398979757771,7.055435696603289],[80.737399043538161,7.0554345367448148],[80.737400049651285,7.0554340865307479],[80.737400683861864,7.0554330514840844],[80.737401614516486,7.0554325335150052],[80.737402122962948,7.0554315198646966],[80.737403613268,7.055430195076295],[80.737405640765616,7.0554291493314798],[80.73740679869401,7.0554289719204073],[80.737408359067672,7.0554276738773796],[80.737409838592924,7.0554259158136423],[80.737410815061622,7.055425304235686],[80.737413133613373,7.0554246926577413],[80.737415019177178,7.0554231842176502],[80.737416174410612,7.0554228588153807],[80.737423453459357,7.0554228588153807],[80.737439580913644,7.0554228588153807],[80.737444332103195,7.0554207530615223],[80.737436208638087,7.0554372478359877],[80.737426686496079,7.0554565811872632],[80.737362800109707,7.0555862980932593],[80.737176238889802,7.0559735389745182],[80.737165053067869,7.0559962966008465],[80.737065187357757,7.0561977069386517],[80.737048399641736,7.0562333005367277],[80.73703377596722,7.0562583912357377],[80.737031818538213,7.0562565636372758],[80.737031249006321,7.0562555927812927],[80.737000921882327,7.0562498238106031],[80.736848022332765,7.0562207400310015],[80.736791169755065,7.056230366572346],[80.736725112140633,7.05622902841358],[80.736662427700111,7.0562435065602882],[80.73660771580775,7.0562423984115146],[80.736548922869019,7.0562584509670252],[80.736529789651769,7.0562840747885112],[80.736520579225171,7.056296408848616],[80.736513190581988,7.0563130301864865],[80.736481225829223,7.0563277962887199],[80.736449977033729,7.0563342223022882],[80.736418164994575,7.0563375752762889],[80.736389730620886,7.0563375752762889],[80.736362141561898,7.0563370162986763],[80.736335678091947,7.0563406483157163],[80.736319350313323,7.0563507063460573],[80.736305836956518,7.0563691463649025],[80.736290915939634,7.0563889833810824],[80.736264734540697,7.0564102165029103],[80.736241086390848,7.0564160844293324],[80.736208429935331,7.056423068527617],[80.736174365819721,7.0564300535173228],[80.736156348310061,7.0564322885357171],[80.736133263403929,7.0564300535173228],[80.736117497970668,7.0564280975419162],[80.736098918115673,7.0564255834805216],[80.736086249175216,7.0564197164457108],[80.736080993132489,7.0564051241911079],[80.736073254146291,7.0563939597966021],[80.736065242072272,7.0563771057771891],[80.73605159127321,7.0563594342413456],[80.736046362179948,7.0563322484962345],[80.736033617781032,7.0563014476709194],[80.736029295986199,7.0562745151116122],[80.736019859184111,7.0562622978389173],[80.736000947850755,7.0562445380390688],[80.73598743449395,7.0562247019082278],[80.73596772815155,7.0562104528793794],[80.735952525962006,7.0561967628278888],[80.735940983508939,7.0561875428150946],[80.735929159883142,7.0561738527629307],[80.735920431851852,7.0561582067338078],[80.735910297058822,7.0561422816609971],[80.735888619812698,7.0561255176751096],[80.735875670597864,7.0561213266785616],[80.735855118940805,7.0561174156166251],[80.735839072334883,7.056120488657541],[80.735819647165187,7.0561210476353828],[80.73580697822473,7.0561185335723211],[80.735791494862497,7.056100931564548],[80.735780796825779,7.0560813744707156],[80.735783893318541,7.0560662874163809],[80.735796281086323,7.056040862389982],[80.735801348482838,7.0560285693326206],[80.735797969919062,7.0560090122357346],[80.735795121361306,7.0559936577254527],[80.735794832103764,7.0559864150821809],[80.735800469032185,7.0559704498854394],[80.735799878839032,7.0559556766397176],[80.735800836443133,7.0559316976398456],[80.735790965754788,7.0559226184806896],[80.735791191231925,7.0559169627278999],[80.735752836762558,7.0559184720579102],[80.735746123652447,7.0558904946240899],[80.735737066837743,7.055882164334383],[80.73573274504291,7.0558552317506873],[80.735726869162633,7.0558329724728006],[80.73573650539069,7.0558027591208701],[80.735744235393724,7.0557882568895645],[80.735758263485181,7.0557543544563419],[80.73576500983296,7.055726237936649],[80.735782005059846,7.0557080296854213],[80.7357951626838,7.0557085467626868],[80.735822024107449,7.0556649963743991],[80.735831424078569,7.0556293857938908],[80.735827102283722,7.0555965237443656],[80.735802303391992,7.0555676164432475],[80.735771603467157,7.0555695661817257],[80.735735499277581,7.055571858261052],[80.73572574806515,7.0555808277710312],[80.735714943128926,7.0555924040640337],[80.735659828791299,7.0556430981499876],[80.735651867022938,7.0556680613946936],[80.735638216223876,7.0556991145601922],[80.735630205946492,7.0557242320335565],[80.735600238148621,7.0557434423441334],[80.73557171304509,7.0557845945567879],[80.735566496528207,7.0558063358683301],[80.735546835101601,7.0558496526671277],[80.735535404937934,7.0558854923492991],[80.735506722629211,7.055877615839214],[80.735444177427567,7.0557978085528532],[80.735390566869725,7.0557098171680046],[80.735338330734265,7.0556361497004163],[80.735319773337125,7.0555781701714704],[80.73529365571855,7.055438339047913],[80.735276472743806,7.055345571758477],[80.735244856537392,7.0552691762020689],[80.735202243155243,7.0551702708080022],[80.735173376691918,7.0550870533597783],[80.735165815572145,7.0550420345898113],[80.735170626948801,7.0550202067655023],[80.735187122712361,7.055004518796224],[80.735216677285237,7.0550011078641717],[80.735290219662588,7.0550133857930835],[80.735380256905202,7.055044080613972],[80.735464796458274,7.0550959212465569],[80.735543837423492,7.0551620849305152],[80.73560844425873,7.0552268854809359],[80.735647621584917,7.055255534264445],[80.735677863368949,7.0552650832642225],[80.735695732656581,7.0552623552333271],[80.735723912807046,7.0552493953032398],[80.735736023893693,7.0552264941065577],[80.735746653658481,7.055239725948856],[80.735750797586846,7.0552445534939592],[80.735757691258343,7.055263648819202]]]},"properties":{"OBJECTID":7,"Division":"5","Field_No":"15","Shape_Length":1056.6718179514489,"Shape_Area":16613.072365639193}},{"type":"Feature","id":8,"geometry":{"type":"Polygon","coordinates":[[[80.737354660474907,7.0545082083021793],[80.737336777712557,7.0545127585938276],[80.737318016397836,7.0545172990787695],[80.737287188912248,7.0545537540092838],[80.737287433253982,7.0545656726696349],[80.737281634628829,7.0545834120290385],[80.737269379811721,7.0546019680152074],[80.7372425004218,7.0546413337341383],[80.737237092563774,7.0546633541434254],[80.737206385452424,7.0546732463884858],[80.737187875665995,7.0546795360232792],[80.737132169338594,7.0546908618233015],[80.737112286028108,7.0546912647878113],[80.737095884587646,7.0546856919308487],[80.737068150001548,7.0546998750345216],[80.737031240023171,7.0547045590514337],[80.736947980569369,7.0547126424128361],[80.736927876273327,7.0547194740878725],[80.736891950848459,7.0547133903934602],[80.736855914930871,7.0547090192981941],[80.736812891018644,7.0546916953893319],[80.736772925869943,7.0547157546897106],[80.736739091723109,7.0547223117782627],[80.736715906205617,7.0547301900910355],[80.736677804162824,7.0547148480195343],[80.736652495926336,7.0547087233154064],[80.736614316628462,7.054695749997105],[80.736559957773963,7.054694648976743],[80.736541748923173,7.0547222208437876],[80.736522390228785,7.0547271455693652],[80.736469499221485,7.0547356934093814],[80.736456109832176,7.0547402428072932],[80.736438047406779,7.0547446139022671],[80.736420163746089,7.0547491633000519],[80.736372690478277,7.0547568356725581],[80.736338511378349,7.054763459624092],[80.736321765883119,7.0547794302115818],[80.736298576772384,7.054816504723842],[80.736289771485957,7.0548249027878231],[80.736272735834902,7.0548506978593686],[80.736260956226616,7.054862867919069],[80.736242946801795,7.0548686690015421],[80.736232359257841,7.0548721699775276],[80.736225884201303,7.0548763609854115],[80.736215187062896,7.0548785960112861],[80.736185345029142,7.054883066062998],[80.736160571290227,7.0548894920966161],[80.736136078724002,7.0549068142150553],[80.736103703441174,7.0549300042780976],[80.736090190084369,7.054942017429255],[80.736061756608976,7.054956546432523],[80.736050496226895,7.0549682805391152],[80.736050214155895,7.0549836466730902],[80.736055281552439,7.0549976166958075],[80.736064571929077,7.0550210857981472],[80.736066260761831,7.0550414809597415],[80.736064290756389,7.0550607590536893],[80.736065135172765,7.0550716551347312],[80.736060631019939,7.0550805961259364],[80.736035721635432,7.0551141482436428],[80.736035109882707,7.0551155381134185],[80.736034049870653,7.0551166837084915],[80.736033387812299,7.0551180290025775],[80.736033356371266,7.0551195811278413],[80.736032690719654,7.0551199555635771],[80.736031766353207,7.0551212027911498],[80.736029536734677,7.0551234164195247],[80.736028104820136,7.0551252823575759],[80.736027824545744,7.0551256862132519],[80.736025648826143,7.0551279346106233],[80.735962568228558,7.0551460572993578],[80.7359393018627,7.0551416853166531],[80.735913538180341,7.0551285105284558],[80.735894643915003,7.0551281280690707],[80.735893771650851,7.0551289598513183],[80.73588674053714,7.055135666708285],[80.735881580614134,7.0551420125021709],[80.735867410588824,7.0551594380267275],[80.73584943260505,7.0551895016463746],[80.735820756584573,7.0552254082431674],[80.73577695832455,7.0552465023422766],[80.735769536443698,7.0552521420560117],[80.735744761806487,7.0552197328685562],[80.735746169466509,7.0552133068395309],[80.735755741015865,7.0551973817342146],[80.735760527239719,7.0551767066442421],[80.735766721123596,7.0551585456216444],[80.735770944103749,7.0551264163629233],[80.735770098789047,7.0550892571816766],[80.735767846712633,7.0550627150348708],[80.735761934899756,7.0550353339720626],[80.735754334254111,7.0550026457256019],[80.735756023086864,7.0549772206407821],[80.735763061387132,7.0549559874532566],[80.735774603840198,7.0549392234244062],[80.735793183695222,7.0549246953121383],[80.735814860941346,7.0549171522119538],[80.735827811054477,7.0549171522119538],[80.735845828564123,7.0549210632839916],[80.735871165546726,7.0549336363061803],[80.735890309543734,7.0549448114340905],[80.735915364455352,7.054950120399833],[80.735940983508939,7.0549498404644577],[80.735961816338687,7.0549453704133569],[80.735982085924761,7.0549355913963741],[80.735994191621515,7.0549154752740151],[80.735995599281566,7.0548939621482516],[80.735991938646805,7.0548713319542431],[80.735987840532474,7.0548524086750497],[80.735983716367002,7.0548162568829094],[80.735974781723172,7.0547841971385186],[80.73596859592412,7.054735768296597],[80.735965158969861,7.0546900665923822],[80.73596653429054,7.0546457297924334],[80.735958285959597,7.0546041210230754],[80.735932855552235,7.0545788831344707],[80.735895740757954,7.0545652411765163],[80.735860000386069,7.0545447773473065],[80.735828384179626,7.0545120364668259],[80.735791956596557,7.0544526927792504],[80.735757591545365,7.0543872110029593],[80.735721163962268,7.0542958084127072],[80.735697795188472,7.0542453317090024],[80.735681299424911,7.054179167002534],[80.735664803661336,7.0541280091681839],[80.735646934373705,7.0540973142865724],[80.735616692589687,7.0540693474408949],[80.735571329464463,7.0540325135780524],[80.735520468649696,7.0539929516738704],[80.735495038242334,7.0539438398479941],[80.735478542478759,7.0539049599459922],[80.735449676015406,7.0537801334269572],[80.735421495864955,7.053668267740461],[80.735418746121866,7.0536014209413445],[80.735429056086389,7.053528435148543],[80.735429743297573,7.0534179334221463],[80.735445551849963,7.0533067496587618],[80.735461359504015,7.0532426308503133],[80.735481979433033,7.0531887439778753],[80.735480605010636,7.0531519100449849],[80.735470295046142,7.0531300830231043],[80.735451737649001,7.0531171230333367],[80.735414622854719,7.0531123480655751],[80.735345204642826,7.053100752097178],[80.735242107692613,7.0530809711057048],[80.735103957581686,7.0530625541353347],[80.734987114611016,7.0530277662254726],[80.734918383610292,7.0530168522659853],[80.734830408001258,7.0529977532819723],[80.734760989789393,7.0529779722861106],[80.734725936628678,7.05295273430887],[80.73470394227725,7.052902257458757],[80.734690196256793,7.0527958485426412],[80.734682636035359,7.0526546516641844],[80.73467026443727,7.0525141367544482],[80.734649645406549,7.0524145487599634],[80.734621465256069,7.0523811248253789],[80.734580226296316,7.0523586148636275],[80.734505996707753,7.052352475864013],[80.734422832475403,7.0523620258151833],[80.734341728978293,7.0523640718511764],[80.73428674489638,7.0523749858260576],[80.734255127791641,7.0523954488596203],[80.734226261328274,7.0524295548050997],[80.734215264152581,7.0524534287871017],[80.734221449951619,7.0524984478087394],[80.734242068982326,7.0525455137527269],[80.734262001700188,7.0525980366767183],[80.734263376122556,7.0526280487545865],[80.734244818725415,7.0526498766916266],[80.73420907835353,7.052661472671347],[80.734174712404041,7.0526573797104479],[80.734121789955708,7.0526478306569063],[80.734059931965234,7.0526075857312902],[80.733991888175723,7.0525421028025574],[80.733939652040277,7.0524732098053677],[80.733901850034783,7.0523988598108964],[80.73387229546195,7.0523217808647081],[80.733862673606936,7.0522794898744241],[80.733864735240502,7.0522412918448349],[80.733879168472171,7.0521969548104417],[80.733893602602166,7.0521512528556629],[80.733905974200255,7.0520891808159298],[80.733908723045047,7.0520127847222751],[80.733914221632872,7.0519322956486761],[80.733910784678613,7.0518872756805058],[80.733890852859091,7.0518586275801027],[80.73385786223028,7.0518422565994552],[80.733817997692924,7.0518395276568597],[80.733791880074349,7.0518436206249593],[80.733751329224106,7.0518681766499167],[80.73372796045031,7.0518981896666082],[80.733712151897919,7.0519309307318911],[80.733696344243867,7.0519657187241549],[80.73366678967102,7.0519827717130008],[80.733639983942936,7.0519930036843412],[80.733585687072249,7.052012102709778],[80.733539636735827,7.0520352938092854],[80.733499085885583,7.0520625787653746],[80.733470218523919,7.0520919097570873],[80.733444788116529,7.0521287437742881],[80.733355437186788,7.0523279198647426],[80.733344440011095,7.0523681648146832],[80.733330693990609,7.0523811248253789],[80.733322446557992,7.0523783967774607],[80.733305263583247,7.0523497478159554],[80.733305950794417,7.0523006358158105],[80.733319009603733,7.0522010477754122],[80.733349938598963,7.0519998247012747],[80.733374681795155,7.0518170185603077],[80.733357499718693,7.0517515355197844],[80.733336192578477,7.0517010594302825],[80.73330886762416,7.0516760924056019],[80.733311227498419,7.0516746570579647],[80.73338108229153,7.0516199934888197],[80.733447597148441,7.0516335178528635],[80.733495169230949,7.0516731619784556],[80.73355754015941,7.0516932541706137],[80.733632523434508,7.0517005352163871],[80.733751110933468,7.0517383312149331],[80.733791639325844,7.0517471626135357],[80.733796042867368,7.0517517129323073],[80.73382758541193,7.0517605443306559],[80.733915446934915,7.0517863306576984],[80.733917300159362,7.051783189832471],[80.733921852821226,7.0517754728347084],[80.733897443798327,7.0517157329614921],[80.733857959248326,7.0516702859340228],[80.733788171828863,7.0516129745488048],[80.733747021802316,7.051588724301828],[80.733669540312434,7.0515699729519206],[80.733606164169132,7.0515509345316856],[80.733551496294211,7.0515229773389274],[80.733528831799575,7.0514995597675023],[80.733513879341686,7.0514852981119915],[80.733491504104592,7.051455334102215],[80.733486101636473,7.0514178322823957],[80.733490353362697,7.0514128041052055],[80.733512831906069,7.0513859229697804],[80.733517638791142,7.0513834810941916],[80.73353103357033,7.0513770300493528],[80.733574349435031,7.0513461040815004],[80.733683722914137,7.051423637865633],[80.733691250796213,7.0514292410735857],[80.733753206703028,7.0514753549821529],[80.733829635367414,7.0515247746443999],[80.733901436809759,7.0515764917496471],[80.733941964303796,7.0516052227788784],[80.733982498984361,7.0516316554668306],[80.734016082501256,7.051652344087862],[80.734019241876112,7.0516553057183877],[80.734020667502477,7.0516561847574186],[80.734025444743168,7.0516611211053792],[80.734036923415843,7.0516718817553121],[80.734068192872584,7.0517052103484321],[80.734090975944838,7.0517226039076126],[80.73409830170597,7.0517281973052333],[80.73410222734374,7.0517308843470232],[80.734131882527919,7.0517511815863108],[80.734157678549607,7.0517756662945548],[80.734182458576711,7.0517963174653193],[80.734183468283121,7.0517971465789797],[80.734204487064133,7.0518133330166064],[80.734206378017788,7.0518159603260777],[80.734209507748247,7.0518185305782559],[80.734214450278941,7.0518236380962911],[80.734223484635748,7.0518421237629649],[80.734275162917413,7.0518749994517389],[80.734354376359164,7.0519211329293565],[80.734355721137149,7.0519219121176597],[80.734468324958002,7.0519871749287271],[80.734515425424988,7.0520133847149724],[80.734557389325161,7.0520364643745239],[80.734572477428685,7.0520451326193223],[80.73460386636134,7.0520625992703474],[80.734605099748222,7.0520638741432631],[80.734629191665832,7.0520777140922473],[80.734768531146187,7.0521778263725334],[80.734777465789975,7.0521836417529471],[80.734917814078401,7.0522893625569614],[80.735022441757877,7.0523705585430356],[80.73503654440951,7.0523851295283411],[80.735078323256744,7.0524212101888004],[80.73518133935859,7.052495496881849],[80.735236929803307,7.0525366868269508],[80.735348350542949,7.0526199876447642],[80.73536426150325,7.0526303426315371],[80.735413596978688,7.0526661156990391],[80.735475940957699,7.0527053166516636],[80.735479652796442,7.052709151963346],[80.735517821314559,7.0527330758559739],[80.735603746968124,7.0527843782703501],[80.735754293829956,7.052876319635776],[80.735888626100902,7.0529843510957182],[80.736007899912764,7.0530716975398127],[80.736148023622334,7.0531659371800819],[80.736250489955225,7.0532331558047545],[80.736271005679697,7.0532430364906489],[80.736361970881987,7.0532998439669763],[80.736439437998811,7.0533494622428536],[80.736451526627619,7.0533619532881398],[80.736510028512171,7.0534020082550768],[80.736572182946674,7.0534463844008535],[80.736583856553779,7.0534520063062054],[80.736611165338445,7.0534709055716762],[80.736698653162264,7.0535314511495821],[80.736758197990866,7.0535726294128365],[80.736808362611285,7.0536052794250352],[80.736936882782345,7.0536830187712418],[80.736945372760132,7.0536917912926755],[80.737044719244025,7.0537499261816796],[80.737171453564301,7.0538241680857885],[80.737191188652773,7.0538336725392767],[80.737304882130076,7.0538967669140131],[80.737327701134916,7.0539150536898916],[80.737345764458638,7.0539283461927198],[80.737395099934034,7.0539685794138691],[80.737418956493059,7.0539873565205831],[80.737453361070123,7.0540039262334711],[80.737458004461828,7.054008723479936],[80.737490906157419,7.0540272420454544],[80.737522299581642,7.054048366510667],[80.737533387487218,7.0540501584572217],[80.737536571116578,7.0540495263726131],[80.737547497325366,7.054050129037206],[80.737549927268219,7.0540528312213109],[80.737552451534157,7.0540532395355138],[80.73758515649871,7.0540870315453867],[80.737637822927212,7.0541201468924548],[80.737699669239547,7.0541675416408109],[80.737721559386415,7.0541745935282041],[80.737753313933382,7.0541985128875488],[80.737774295883483,7.0542201927590318],[80.737778289793212,7.0542364566737872],[80.737778684153639,7.0542380614014313],[80.73778155337267,7.0542577068331216],[80.73778286042139,7.054259047672141],[80.737763280741447,7.0542625370630203],[80.737728635415877,7.0542688240288571],[80.73768904666133,7.0542727529366944],[80.737641979432013,7.0542797379588418],[80.73760986825387,7.054300692133137],[80.737589633702086,7.0543364891425062],[80.737562801024552,7.0543871289835778],[80.737524091720658,7.0544229259862687],[80.737464707690464,7.0544530476021849],[80.737384893275774,7.0545028244441195],[80.737379418044156,7.0545060231993473],[80.737354660474907,7.0545082083021793]]]},"properties":{"OBJECTID":8,"Division":"5","Field_No":"14","Shape_Length":1818.0649060153999,"Shape_Area":48080.001650768812}},{"type":"Feature","id":9,"geometry":{"type":"Polygon","coordinates":[[[80.735488165232084,7.0559069456977204],[80.735502598463739,7.0559083106027884],[80.735514970061843,7.0559164955755476],[80.735524592815167,7.055920588507643],[80.735521102860289,7.0559293048213991],[80.735515561153292,7.0559809929063118],[80.735484614191776,7.0559907193020104],[80.735463152541328,7.0560070571500448],[80.735437882034049,7.0560188964284452],[80.735431699828254,7.0560382805716024],[80.735400734900438,7.0560441493942658],[80.735364163586894,7.056071989525984],[80.735332375802244,7.0560830505128962],[80.735315029334132,7.0560823676148683],[80.735310383247466,7.0560873458167022],[80.735282294725152,7.0561077979880347],[80.735266060371359,7.0561382547027138],[80.73526095794054,7.056154252879633],[80.735236109641463,7.0561601279414123],[80.735221017944681,7.0561819004382169],[80.735220021713047,7.0562068547387709],[80.735227047436879,7.0562267541677262],[80.735208581667905,7.0562613974123609],[80.735198053412759,7.0562912166862892],[80.735193308511413,7.0563237131668535],[80.735185061078795,7.0563489509603343],[80.735163066727395,7.0563660028962518],[80.735143822119042,7.0563796456926511],[80.735112893123812,7.0563926055910988],[80.735042786802438,7.0564321672901738],[80.734986427399804,7.0564505841265017],[80.734934879373867,7.0564560410658208],[80.73486477305245,7.0564574050777642],[80.734836593800296,7.0564499021205309],[80.734827658258169,7.0564335321937151],[80.734824909413419,7.0564062474951994],[80.73482903357889,7.056364638884042],[80.734848278187215,7.0563148453035982],[80.734873021383393,7.0562670977365407],[80.734884705770313,7.0562323109589435],[80.734892265991718,7.0562057082549368],[80.734894327625327,7.0561879734152155],[80.734888829037459,7.0561695565684417],[80.734875770228186,7.056149775708084],[80.734857212831045,7.0561395438286114],[80.734836593800296,7.0561374978092974],[80.7348036031715,7.0561361337964135],[80.734774048598652,7.0561368158028808],[80.734743119603422,7.0561361337964135],[80.73471975082964,7.056129994846887],[80.734682636035359,7.0561136240172644],[80.7346654530606,7.056106803060926],[80.734610468080362,7.0561238558972708],[80.734571978863698,7.0561395438286114],[80.734538300125379,7.0561531866317155],[80.734514932249894,7.0561634176193477],[80.734481253511561,7.0561647825236653],[80.734450324516331,7.0561545506445231],[80.734425581320153,7.0561422727458645],[80.734398776490394,7.0561340877770871],[80.734374033294202,7.0561409087330178],[80.734358911953038,7.0561402267265629],[80.734347915675642,7.0561231738908159],[80.734338980133501,7.0560958891740189],[80.734324546901831,7.0560747442974439],[80.7343039269728,7.0560372285875816],[80.734277809354253,7.0559956199432827],[80.734247567570208,7.0559512832683682],[80.734222137162831,7.0559089926095488],[80.734215951363794,7.055878297846025],[80.734235195972104,7.0558380532012137],[80.734302552550446,7.0557677966804491],[80.734356850319458,7.0557098171680046],[80.734407023923012,7.0556593415099513],[80.734438640129454,7.0556504736339605],[80.73448331604348,7.0556688905013951],[80.734538988234902,7.0557166381301819],[80.734587099306566,7.0557527898520185],[80.734662704215822,7.0557807565960333],[80.734740369860347,7.0557814386029847],[80.734855838408649,7.0557712067153693],[80.734930755208396,7.0557684786874635],[80.734984365766238,7.0557500618239981],[80.735041412380042,7.0557343729879305],[80.735085840359048,7.0557347554467684],[80.735137306638308,7.055738684342189],[80.73518129444281,7.0557517806599703],[80.735216924321946,7.0557661866090662],[80.735241997199836,7.0557871407160864],[80.735255194349662,7.0558080948221642],[80.735271909302156,7.055849130240933],[80.735292584028414,7.0558827447087955],[80.735321615781771,7.0559141767525526],[80.735357685835368,7.0559342571710228],[80.735397714764431,7.0559403693777973],[80.735436424068354,7.0559399325368561],[80.735468095970319,7.0559233441715419],[80.735484370748338,7.0559128662297281],[80.735488165232084,7.0559069456977204]]]},"properties":{"OBJECTID":9,"Division":"5","Field_No":"10","Shape_Length":414.95377453261887,"Shape_Area":6536.2565069301718}},{"type":"Feature","id":10,"geometry":{"type":"Polygon","coordinates":[[[80.737790658696383,7.0542670463473822],[80.737806593911202,7.054270767532163],[80.737824510809531,7.0542763118656566],[80.737847731361313,7.0542893404696576],[80.737870332973884,7.0543085035894793],[80.737893568797006,7.0543282060751435],[80.737923017368644,7.0543526068447076],[80.73794244343668,7.0543706858795776],[80.737870332973884,7.0545209730112584],[80.737865391341487,7.0545312717901112],[80.737777377104905,7.0547059605121429],[80.737703280467016,7.0548585253536835],[80.737699791410449,7.0548657091746323],[80.737655404753937,7.0549668131071623],[80.737651464743095,7.0549757879779023],[80.737646126055353,7.0549921178381645],[80.737583410173798,7.0551349044641585],[80.737502936395714,7.0553021737848249],[80.737500734624959,7.0553089082762321],[80.737484963801819,7.0553071591271443],[80.737461520467861,7.055288928571616],[80.737409460402176,7.0553021737848249],[80.737362788431611,7.055296633921194],[80.737354389183679,7.0552886218910578],[80.737354843731239,7.0552665123601486],[80.737336687881012,7.0552621180907371],[80.737303455605385,7.0552487373663446],[80.737225722587254,7.0552566112126138],[80.7371793659253,7.0552946797240113],[80.737148482744161,7.055336037916117],[80.737091800846372,7.055355297275999],[80.7369863080893,7.0553615886845744],[80.736990711630824,7.0553512391079511],[80.737025928284908,7.0553235210702088],[80.73701767007249,7.0553156436590214],[80.737013267429276,7.0553110942667701],[80.736958876235462,7.0553066919741809],[80.736945868630158,7.0552932524111931],[80.736892241004327,7.0552828600403963],[80.736873889321359,7.0552769475239598],[80.736862353156496,7.0552732316963267],[80.736860918547009,7.0552714664998906],[80.736858184973556,7.05527365516516],[80.736849457840606,7.0552608031085464],[80.736847958552374,7.0552555289153753],[80.736846360449519,7.0552499070319188],[80.736850865500642,7.0552398489776973],[80.736855618486786,7.0552356463834478],[80.73686634886289,7.055226158897506],[80.736871649821367,7.0552235708339799],[80.736884085199847,7.0552174978443229],[80.73690491713127,7.0552149828848538],[80.736926313204734,7.0552130269043083],[80.736937855657814,7.0552085568557521],[80.736940107734227,7.0551962637762928],[80.736940107734227,7.0551789416686796],[80.736932589733627,7.0551631895158211],[80.736932507088582,7.0551630165621804],[80.736921526980908,7.0551565905323663],[80.736910909792542,7.0551467803169023],[80.736905199202283,7.055141503447893],[80.73689816090203,7.0551297684541545],[80.736902102709507,7.0551124463440615],[80.736905762445971,7.0550803161906375],[80.736912792661386,7.0550631215651523],[80.736914326983893,7.0550616576995546],[80.736913032511552,7.0550589314504952],[80.73690942218245,7.0550465099890527],[80.736895345581942,7.0550367309742068],[80.736884647545224,7.0550303049426368],[80.736869727426665,7.0550277908736847],[80.736846079276816,7.0550252759131853],[80.736826655903741,7.0550190576041762],[80.736819897877851,7.0550168947915868],[80.736788930255074,7.0550154977894168],[80.736767253008949,7.0550104687597619],[80.736749516671978,7.0550043217716887],[80.73672558734944,7.054992307730612],[80.736706162179729,7.0549811326038459],[80.736694633201381,7.0549746860667053],[80.736688190484173,7.054971083458919],[80.736686174664655,7.0549699565853166],[80.736664778591219,7.0549545904508832],[80.736649295228986,7.0549490024413126],[80.736640382144742,7.0549424569456534],[80.73662807522534,7.054938492382945],[80.736621246232545,7.0549281526035115],[80.736617764362521,7.0549255333353216],[80.736606910018921,7.0549143671220733],[80.736594679456346,7.0549017851842306],[80.736582292586903,7.0548833451069139],[80.736581860497225,7.0548753393102324],[80.736579808745134,7.054837249368016],[80.736579921932872,7.0548278242799016],[80.736582282705427,7.0548104540167182],[80.736586287394957,7.0548024125581952],[80.736596914464769,7.0547899001554066],[80.736616250701246,7.0547776418338763],[80.736612605337825,7.0547654851446673],[80.73660337963986,7.05474941292408],[80.736589440481609,7.0547378161051251],[80.736585530115164,7.0547272097584042],[80.736596820141656,7.0547154373105938],[80.736617438274081,7.0547265536038157],[80.736639912325828,7.0547367899720683],[80.736660636459433,7.0547418903258405],[80.73668865940472,7.0547528711082599],[80.736706494556401,7.0547553120745539],[80.736729807634632,7.054754905544006],[80.736783128036649,7.0547454688645246],[80.736800662252662,7.0547277865682156],[80.736886688517544,7.0547392398536104],[80.736904317955009,7.0547422915073055],[80.736938347934583,7.0547414784462097],[80.736961948473734,7.0547392050845241],[80.736991660251761,7.0547434870280794],[80.737037144649534,7.0547406261584555],[80.737108573291039,7.0547320435494933],[80.737152455992657,7.0547037513393436],[80.737186729415711,7.0546989835200566],[80.73725015047475,7.0546989835200566],[80.737267690978967,7.0547107568598086],[80.73728028535929,7.0547172675896901],[80.737302015606005,7.0547209299309142],[80.73732989482086,7.0547274406606562],[80.737341170474295,7.0547361881998638],[80.737359620073576,7.0547485989714485],[80.737377249511056,7.0547597883680533],[80.737394675030913,7.0547717917169832],[80.737423989753594,7.0547746401051947],[80.737470114650165,7.0547636539742271],[80.737493893954067,7.0547512432030617],[80.737507424378876,7.0547490055019972],[80.737523208676748,7.0547502259851633],[80.737532639190562,7.0547357816693026],[80.737541248644249,7.0547162503717278],[80.737543298599732,7.0546959060121539],[80.737544734107558,7.0546452474830712],[80.737541863990231,7.054626123603839],[80.737523414390907,7.0546157481568628],[80.737497379417363,7.0546163579528569],[80.737484873970317,7.0546175793278634],[80.737465809024997,7.0546222579965452],[80.737447769057496,7.0546226654187043],[80.737435264508733,7.0546147309386722],[80.737426859870922,7.0546063899278364],[80.737406359417832,7.0545909274977472],[80.737400209551396,7.0545848241883204],[80.737395904824538,7.0545726175691863],[80.737397749964146,7.0545598002621679],[80.737421324452143,7.054553086264729],[80.737442234537014,7.054542303393851],[80.737450024727181,7.0545254181040127],[80.737438134626061,7.0545150417632625],[80.737416814909409,7.0545201278552359],[80.737387705002632,7.0545178901530647],[80.737382375298054,7.0545101589366199],[80.737383400275803,7.0545036490953601],[80.737398364411789,7.0544957146132665],[80.737452484314389,7.0544615357157729],[80.737536943917434,7.0544131148637357],[80.737564208684603,7.0543876843974687],[80.737623332203327,7.0543136663540036],[80.737637345921797,7.0542967783813033],[80.737653361086672,7.0542888314144383],[80.737693399897211,7.0542873408009621],[80.737741447188498,7.054284857931],[80.737763968850956,7.0542779041119514],[80.737790658696383,7.0542670463473822]]]},"properties":{"OBJECTID":10,"Division":"5","Field_No":"15","Shape_Length":544.63432808363189,"Shape_Area":8134.37832859441}},{"type":"Feature","id":11,"geometry":{"type":"Polygon","coordinates":[[[80.734806321473542,7.0540115504764875],[80.73478677143801,7.053992924036911],[80.734772694837531,7.0539362699863561],[80.734741414601004,7.0538920329640211],[80.734738286667209,7.0538656458723858],[80.734696058662308,7.0538307216208977],[80.734660085626786,7.053810543044416],[80.734624113489545,7.0537950217476784],[80.734560770583911,7.0537655303909483],[80.734537311080246,7.0537430240625607],[80.734522452945455,7.0537290540019573],[80.73449430064278,7.0537011147710507],[80.734478660075339,7.0536809361889201],[80.734459891574133,7.0536429085545844],[80.734449726238381,7.0535878057001007],[80.734441123971209,7.0535342558611447],[80.734445033439343,7.053491570931123],[80.734453635706473,7.0534395732119348],[80.734467712306994,7.0533805895597652],[80.734509940311852,7.0533348003531353],[80.734542784515298,7.0532975483103151],[80.734573283217486,7.053269609053328],[80.734596743619448,7.0532245963472917],[80.7345865773854,7.0532028656126977],[80.734551386782428,7.0531687178228859],[80.734523234479767,7.0531368977826272],[80.734451290205286,7.0530701543228753],[80.734410625269007,7.0530367821436375],[80.73435353912933,7.0530057386062381],[80.734300362457745,7.0529607249830191],[80.734262043920992,7.0529335622177971],[80.734236238017843,7.0529102793368956],[80.734224507816833,7.0528800123031816],[80.734211213648962,7.052831117889669],[80.734202611381789,7.0527923136732653],[80.734187753246999,7.0527643743858466],[80.734179150979827,7.0527511808080643],[80.734128085349198,7.0526870815360718],[80.734159155379942,7.0526921685396431],[80.734196632195278,7.0526985259567514],[80.734226421228428,7.0527029764161311],[80.734261334251912,7.0526975720321454],[80.734301373062451,7.0526762736592401],[80.73432507600954,7.0526591083646011],[80.734334685288147,7.0526422595583584],[80.734335005986679,7.0526212794549856],[80.734316427928306,7.0525856757725283],[80.734290803484839,7.0525488007818069],[80.734272545226659,7.0525287745991472],[80.734255249064176,7.0524899917538573],[80.73425236637047,7.0524588394145287],[80.734264217844,7.0524340436023643],[80.734315146930712,7.0523981225247603],[80.734404193331571,7.0523885859471349],[80.734435903861112,7.0523857250629689],[80.734474020276906,7.0523828641787656],[80.734527512257131,7.0523819102535485],[80.734561785680171,7.0523898581446316],[80.734593176409476,7.0524095669525764],[80.73462072324763,7.0524435801790348],[80.734640261605065,7.0525160588686768],[80.734642824498579,7.0525672382775175],[80.734652753577407,7.0526762736592401],[80.734653714774765,7.052774818521188],[80.73465980086084,7.0528431640814331],[80.734663964552141,7.0529032452605831],[80.734683183109354,7.052960146387961],[80.734712972142503,7.0529922535090552],[80.734759097039074,7.0530154588238103],[80.734824119794268,7.0530367571811174],[80.734943595727074,7.0530539233532972],[80.73501214257314,7.0530723608288941],[80.735074923133411,7.0530885730759714],[80.735135141698464,7.0531019244427124],[80.735225477181743,7.0531190478196129],[80.735312280489339,7.0531306892549814],[80.73536936662903,7.0531423306900312],[80.735413159499117,7.0531477627058621],[80.735434273501568,7.0531663891794203],[80.735443658201348,7.0532051933644757],[80.735430364033434,7.0532339091368534],[80.735403775697677,7.0532773697105897],[80.735406903631471,7.0533192790404566],[80.735405339664553,7.053388351106654],[80.735400647763839,7.053453542389744],[80.735383443229509,7.0535342558611447],[80.735371713028542,7.0535909099608585],[80.735371713028542,7.0536390277832837],[80.735397518931691,7.0537445761924307],[80.73540774984447,7.0538101463197087],[80.735426841739212,7.0538669884955825],[80.735427322337898,7.0538751057492304],[80.735435712602651,7.0539038910183303],[80.735452229027445,7.0539480977279689],[80.735469244915578,7.0539798856178964],[80.735488764408359,7.0540027342768266],[80.735524798529369,7.0540419734514614],[80.735551825243022,7.0540618408788971],[80.73558035304147,7.0540861792564238],[80.735561194671405,7.0540896472522201],[80.735550201987294,7.0540869682477689],[80.735527521323007,7.0540869762714049],[80.735502385563024,7.0540911886827677],[80.735491044332562,7.0540911886827677],[80.735482620830155,7.0540923369548745],[80.735455262638197,7.0540996384677968],[80.735444792773549,7.0541038508790326],[80.735430682935359,7.0541051667560533],[80.735425159194691,7.0541064006136427],[80.735411049356514,7.0541065218597589],[80.735408513412466,7.054105263931274],[80.73537165733299,7.0541052576906562],[80.735370239791479,7.0541066645022674],[80.735364569625389,7.0541066645022674],[80.735359128529737,7.0541080713138786],[80.735353458363647,7.0541080713138786],[80.735347993911788,7.0541093292423893],[80.735342348000216,7.0541094781254898],[80.73534009951706,7.054110884937101],[80.735325942068201,7.0541109972680331],[80.735320483006205,7.0541122917486998],[80.735311991231811,7.0541123479141659],[80.735306919343742,7.0541148646626457],[80.735304728352745,7.0541165121834313],[80.735302180730599,7.0541167974684233],[80.735297640645143,7.0541207326181636],[80.735289235109036,7.0541219361642016],[80.7352843249177,7.0541245750502686],[80.735278918856338,7.0541261530328194],[80.735276687441143,7.0541277443880626],[80.735271194243197,7.0541291244541604],[80.735252664693832,7.0541361718845659],[80.735241398921829,7.0541374396196561],[80.73522723338813,7.054137615248206],[80.735224461187158,7.0541380021659528],[80.735208219646836,7.0541429901953698],[80.73518983742116,7.0541503772929728],[80.735179026196732,7.0541537071033753],[80.73515849070931,7.0541632445361753],[80.735151120930738,7.0541674221777395],[80.735145904413883,7.0541695635979051],[80.735138519363943,7.0541737519376095],[80.735137220400048,7.0541756009406695],[80.735127631782689,7.0541784145634718],[80.735122015515529,7.0541785438332107],[80.735115757851261,7.0541819405071049],[80.735112222082321,7.054185290822149],[80.735102803246548,7.0541896699460009],[80.735097132182176,7.0541896699460009],[80.73509169198482,7.0541910767573572],[80.735088856901783,7.0541910767573572],[80.735087183340383,7.0541929418076643],[80.735084938450512,7.0541938903800583],[80.735082103367461,7.0541938903800583],[80.735079785714021,7.054195130478023],[80.735077144667088,7.0541958205109516],[80.735073341200177,7.0541991155519757],[80.735070601338563,7.0541995176254213],[80.735068331295835,7.0542008709458282],[80.735062683587643,7.0542009244367527],[80.735052516455269,7.0542037380594032],[80.735038341040067,7.0542037380594032],[80.735035673043697,7.0542044414650498],[80.735034254603832,7.0542063849686487],[80.735031587505787,7.0542065525735245],[80.735026503939579,7.0542079593848426],[80.735025086398068,7.0542093661961358],[80.735020590330052,7.0542121798187347],[80.735013892491295,7.0542148650631038],[80.735007114702498,7.0542194180321687],[80.735002214392622,7.0542217475618649],[80.735000033283114,7.0542234343089403],[80.734997199996698,7.0542234628374212],[80.734974696300512,7.0542262532805324],[80.734963761108574,7.0542291988473105],[80.734944088902168,7.0542318020721462],[80.734938575941257,7.054230647559752],[80.7349306384274,7.0542276556341896],[80.734927806937648,7.0542276235396697],[80.734922305654834,7.0542262586296145],[80.734913886643994,7.0542250604329642],[80.734911280631351,7.054224140389115],[80.734901695607292,7.0542181520803267],[80.734893272104841,7.0542178070638695],[80.734879824325049,7.0542220025352549],[80.734872732125865,7.0542261641289867],[80.734869932077146,7.054226248822947],[80.734867892901434,7.0542281539912821],[80.734863188424299,7.0542304692566864],[80.734860353341261,7.0542304692566864],[80.734855269775053,7.0542318760679157],[80.734845691039197,7.054236096501592],[80.734844273497686,7.0542375033128213],[80.734841437516309,7.0542375033128213],[80.734840019974797,7.0542389101240257],[80.734836393476016,7.0542404105443355],[80.734830626291881,7.0542327042856909],[80.734834129721506,7.0541840284362944],[80.734830125930259,7.0541298884829988],[80.734821179608332,7.0540449225854607],[80.734806321473542,7.0540115504764875]]]},"properties":{"OBJECTID":11,"Division":"5","Field_No":"14","Shape_Length":662.19178203083425,"Shape_Area":14508.114424854737}},{"type":"Feature","id":12,"geometry":{"type":"Polygon","coordinates":[[[80.735606315251516,7.054102353132806],[80.735631339620397,7.0541326200866239],[80.735639159454934,7.0541597836730396],[80.735654800022331,7.0542125578212849],[80.735685297826251,7.0542808532444496],[80.735710322195104,7.0543452687837007],[80.735727526729434,7.0543988185288686],[80.735758024533339,7.0544508161403376],[80.735797125502685,7.0545113508919153],[80.735833097639926,7.0545486037286151],[80.735883146377688,7.0545835270344606],[80.735920682481833,7.0546106905944272],[80.735931630250192,7.054637853261255],[80.735934759082312,7.0546820902123324],[80.735936323049231,7.0547465056957206],[80.735940232517322,7.0547837576219674],[80.735955873084762,7.054821010436747],[80.735963692919299,7.0548574858481627],[80.735957437051681,7.054878440887836],[80.735941014949958,7.054898618526245],[80.735912862647268,7.0549048279217121],[80.735894094146047,7.0549024992869853],[80.735858122008807,7.0548924100222363],[80.735829969706103,7.0548714558747214],[80.735809637237963,7.0548520538524206],[80.735785395301733,7.0548411880776749],[80.735759588500244,7.0548419645865135],[80.735723616363003,7.0548621431180853],[80.735709540660821,7.0548838728832726],[80.735704066327472,7.0549094842996416],[80.73571657806275,7.0549622583624068],[80.735725962762515,7.0549995102713003],[80.735736128996578,7.055080223473194],[80.735734565029659,7.0551438623928853],[80.735726744296798,7.0551780100370518],[80.73571423256152,7.0552028449289086],[80.735687644225777,7.0552222469365038],[80.735661838322585,7.0552245755696266],[80.735643851355675,7.0552175905617283],[80.735616481485565,7.05518809929558],[80.735560959312792,7.0551415337593673],[80.735500744340996,7.0550949691099314],[80.735439747834917,7.0550515078152909],[80.735386571163332,7.0550165845448003],[80.735347471092268,7.0550041666482635],[80.735302896687898,7.0549940773856896],[80.735230951515092,7.0549816603800899],[80.735194979377852,7.0549770040029234],[80.735168391042066,7.0549723476256805],[80.735146494607008,7.0549872385826102],[80.735133054013744,7.0550187669706617],[80.73512938798909,7.0550575710004813],[80.735144051189437,7.055121841114925],[80.735167267249651,7.0551824729537742],[80.735192926727407,7.0552224894281501],[80.735071959591281,7.0551133521219516],[80.734991315133286,7.0550612092681506],[80.734928999002037,7.0550333182593636],[80.734839800785878,7.0550005774133986],[80.73478603841275,7.0549751122103732],[80.734748160050472,7.0549496470058966],[80.734695276229715,7.0549281098108398],[80.734619421588803,7.054898618526245],[80.73458579495275,7.0548799930139019],[80.734606127420932,7.0548489496000855],[80.734622549522641,7.0548186818016134],[80.734614729688062,7.0547961755244071],[80.73461629365498,7.0547705641017666],[80.734645227491953,7.0547232229059738],[80.734708529075093,7.0546823300297055],[80.734724659224341,7.0546719100082349],[80.734770349336301,7.0546603604376417],[80.734821179608332,7.0546588083108386],[80.734821962040982,7.0546254362461012],[80.734820397175739,7.0545874077978352],[80.734796155239493,7.054547827219281],[80.73477191330322,7.0545066945100166],[80.734759400669617,7.0544593532872533],[80.734754708768904,7.0543949377639041],[80.73475104903244,7.0543807198817694],[80.734750048309195,7.054345455110365],[80.73475355173882,7.0543221098943567],[80.734759056614863,7.0542997587167093],[80.734767565457233,7.0542847224206691],[80.734770212792384,7.0542839298636162],[80.73477132221177,7.0542817866609147],[80.734777407399505,7.0542777284834273],[80.734781921433822,7.0542759445613985],[80.734784297477731,7.0542754889970913],[80.734791041130578,7.0542712685637721],[80.734793876213587,7.0542712685637721],[80.734796743635997,7.0542671720510324],[80.734798624708219,7.0542656404277766],[80.734801134601099,7.0542648612434045],[80.734803139640832,7.0542628722727976],[80.734803185454908,7.0542600773723168],[80.734805559702195,7.0542590637194262],[80.734810987323144,7.0542536771839108],[80.734813530453721,7.0542529791274236],[80.734814947995247,7.0542515723162573],[80.734821692546376,7.0542473518827213],[80.734824449475965,7.0542472734293789],[80.73482594517094,7.0542459441800336],[80.734830761937474,7.05424389993538],[80.734832766977192,7.0542419100731486],[80.734836393476016,7.0542404105443355],[80.734840019974797,7.0542389101240257],[80.734841437516309,7.0542375033128213],[80.734844273497686,7.0542375033128213],[80.734845691039197,7.054236096501592],[80.734855269775053,7.0542318760679157],[80.734860353341261,7.0542304692566864],[80.734863188424299,7.0542304692566864],[80.734867892901434,7.0542281539912821],[80.734869932077146,7.054226248822947],[80.734872732125865,7.0542261641289867],[80.734879824325049,7.0542220025352549],[80.734893272104841,7.0542178070638695],[80.734901695607292,7.0542181520803267],[80.734911280631351,7.054224140389115],[80.734913886643994,7.0542250604329642],[80.734922305654834,7.0542262586296145],[80.734927806937648,7.0542276235396697],[80.7349306384274,7.0542276556341896],[80.734938575941257,7.054230647559752],[80.734944088902168,7.0542318020721462],[80.734963761108574,7.0542291988473105],[80.734974696300512,7.0542262532805324],[80.734997199996698,7.0542234628374212],[80.735000033283114,7.0542234343089403],[80.735002214392622,7.0542217475618649],[80.735007114702498,7.0542194180321687],[80.735013892491295,7.0542148650631038],[80.735020590330052,7.0542121798187347],[80.735025086398068,7.0542093661961358],[80.735026503939579,7.0542079593848426],[80.735031587505787,7.0542065525735245],[80.735034254603832,7.0542063849686487],[80.735035673043697,7.0542044414650498],[80.735038341040067,7.0542037380594032],[80.735052516455269,7.0542037380594032],[80.735062683587643,7.0542009244367527],[80.735068331295835,7.0542008709458282],[80.735070601338563,7.0541995176254213],[80.735073341200177,7.0541991155519757],[80.735077144667088,7.0541958205109516],[80.735079785714021,7.054195130478023],[80.735082103367461,7.0541938903800583],[80.735084938450512,7.0541938903800583],[80.735087183340383,7.0541929418076643],[80.735088856901783,7.0541910767573572],[80.73509169198482,7.0541910767573572],[80.735097132182176,7.0541896699460009],[80.735102803246548,7.0541896699460009],[80.735112222082321,7.054185290822149],[80.735115757851261,7.0541819405071049],[80.735122015515529,7.0541785438332107],[80.735127631782689,7.0541784145634718],[80.735137220400048,7.0541756009406695],[80.735138519363943,7.0541737519376095],[80.735145904413883,7.0541695635979051],[80.735151120930738,7.0541674221777395],[80.73515849070931,7.0541632445361753],[80.735179026196732,7.0541537071033753],[80.73518983742116,7.0541503772929728],[80.735208219646836,7.0541429901953698],[80.735224461187158,7.0541380021659528],[80.73522723338813,7.054137615248206],[80.735241398921829,7.0541374396196561],[80.735252664693832,7.0541361718845659],[80.735271194243197,7.0541291244541604],[80.735276687441143,7.0541277443880626],[80.735278918856338,7.0541261530328194],[80.7352843249177,7.0541245750502686],[80.735289235109036,7.0541219361642016],[80.735297640645143,7.0541207326181636],[80.735302180730599,7.0541167974684233],[80.735304728352745,7.0541165121834313],[80.735306919343742,7.0541148646626457],[80.735311991231811,7.0541123479141659],[80.735320483006205,7.0541122917486998],[80.735325942068201,7.0541109972680331],[80.73534009951706,7.054110884937101],[80.735342348000216,7.0541094781254898],[80.735347993911788,7.0541093292423893],[80.735353458363647,7.0541080713138786],[80.735359128529737,7.0541080713138786],[80.735364569625389,7.0541066645022674],[80.735370239791479,7.0541066645022674],[80.73537165733299,7.0541052576906562],[80.735408513412466,7.054105263931274],[80.735411049356514,7.0541065218597589],[80.735425159194691,7.0541064006136427],[80.735430682935359,7.0541051667560533],[80.735444792773549,7.0541038508790326],[80.735455262638197,7.0540996384677968],[80.735482620830155,7.0540923369548745],[80.735491044332562,7.0540911886827677],[80.735502385563024,7.0540911886827677],[80.735527521323007,7.0540869762714049],[80.735550201987294,7.0540869682477689],[80.735561194671405,7.0540896472522201],[80.735564437589602,7.0540929931103795],[80.735567673321242,7.0540954091177284],[80.735572942838715,7.0540954091177284],[80.73558675623282,7.0540941690194963],[80.735587896194943,7.0540940147872755],[80.735597945647996,7.0540911904657992],[80.735606315251516,7.054102353132806]]]},"properties":{"OBJECTID":12,"Division":"5","Field_No":"15","Shape_Length":534.85664599122765,"Shape_Area":12021.509453044862}},{"type":"Feature","id":13,"geometry":{"type":"Polygon","coordinates":[[[80.73458579495275,7.0548799930139019],[80.734588998345075,7.0548817671269468],[80.734619421588803,7.054898618526245],[80.734695276229715,7.0549281098108398],[80.734748160050472,7.0549496470058966],[80.73478603841275,7.0549751122103732],[80.734839800785878,7.0550005774133986],[80.734928999002037,7.0550333182593636],[80.734991315133286,7.0550612092681506],[80.735071959591281,7.0551133521219516],[80.735137801610023,7.0551727545647411],[80.735166827075176,7.0552082778120644],[80.735187159543315,7.0552183670699433],[80.735191851444029,7.0552331127022674],[80.73521140147956,7.0552757974717339],[80.735245809649882,7.0553782403674425],[80.735268487619237,7.0554690427557674],[80.735282564219759,7.0555396666251147],[80.735296639921941,7.055600976850438],[80.73531071652242,7.0556397817229524],[80.735343560725838,7.055702644058286],[80.735381096829983,7.0557662837839175],[80.73542567123441,7.0558229376105226],[80.735447567669439,7.0558524288362268],[80.735454605969707,7.0558788158145962],[80.735438183867998,7.055900546423584],[80.735407685165782,7.0559129634045661],[80.735377187361891,7.0559067549141199],[80.735331830524871,7.0558834721827299],[80.735307588588597,7.0558524288362268],[80.735296639921941,7.0558128483658233],[80.735275525919491,7.0557771486454488],[80.735237207382752,7.0557515381685656],[80.73519654334477,7.0557313596757956],[80.73514571307274,7.0557189426899667],[80.735084716566618,7.055711181182148],[80.735040142162219,7.0557104055662565],[80.734969760956346,7.0557228225523021],[80.734906418050713,7.0557445531686183],[80.734821962040982,7.0557499860454254],[80.734733594766467,7.055761627414638],[80.734663214458905,7.0557561945379712],[80.73458032151774,7.0557150619360831],[80.734511504278771,7.0556506465874227],[80.734460674006726,7.0556234839800078],[80.73441531716972,7.0556203797328507],[80.734334770628109,7.0556863463175548],[80.734274556554595,7.0557461052917834],[80.734200265880602,7.0558338033622157],[80.734181497379382,7.0558889050578957],[80.734198701015359,7.0559393503794876],[80.73426908222126,7.0560417940198912],[80.734314438159942,7.0561302676494737],[80.734394203167284,7.056204771276275],[80.734427235118616,7.0562214728534585],[80.734382191793614,7.0562438239383614],[80.734310622116638,7.0562552486578713],[80.734257571209213,7.0562487914403134],[80.734206021386612,7.0562209762815726],[80.73415897571688,7.0561723006412027],[80.734109927702363,7.0561186574924566],[80.734050370297339,7.0560520998969922],[80.733976799173874,7.0559885235080229],[80.733921244661786,7.0559522648231399],[80.733821648446224,7.0559030916907624],[80.733697027861808,7.0558618663846362],[80.733619953308747,7.0558419981429532],[80.733540876410927,7.0558266008345294],[80.733488826226704,7.055818157321605],[80.733444783624975,7.0558007728314065],[80.733420259617716,7.0557858720939777],[80.73340474481445,7.0557660038490253],[80.73338422459841,7.0557391826976534],[80.733365206365534,7.0557168315883869],[80.733347188855888,7.0556999436668688],[80.733322664848615,7.0556910035791072],[80.733275720688496,7.055690865394693],[80.733238583436332,7.0557138512621034],[80.733225535406817,7.0557086804895786],[80.733871822049778,7.0549164693121957],[80.733917178886784,7.0549327670800253],[80.733984431260552,7.0549459605956084],[80.734054030033803,7.0549591541108478],[80.734138486941887,7.0549576010935144],[80.734179150979827,7.0549552733505774],[80.734226853318077,7.0549319905713395],[80.73428394035605,7.0549164693121957],[80.734348847228588,7.0548970664002555],[80.73439498559992,7.0548815451399287],[80.734436432070495,7.054863695244177],[80.734495864609656,7.0548613666092344],[80.73458579495275,7.0548799930139019]]]},"properties":{"OBJECTID":13,"Division":"5","Field_No":"10","Shape_Length":731.86077554922451,"Shape_Area":18911.66393534626}},{"type":"Feature","id":14,"geometry":{"type":"Polygon","coordinates":[[[80.733280624591629,7.0557608509073395],[80.73330955842863,7.0557499860454254],[80.733355696799933,7.0557709401531703],[80.733409655904111,7.0558081919969897],[80.733471433944501,7.0558462203449661],[80.733530866483704,7.0558601894501569],[80.733634091892995,7.0558788158145962],[80.733733406935869,7.0559075314211777],[80.733875732416209,7.0559603044786705],[80.733950804624513,7.056006869932558],[80.734029788097558,7.0560712852316518],[80.734110334639183,7.0561582067338078],[80.734163511310769,7.0562280539915081],[80.734236238017843,7.0562738429120158],[80.734280812422213,7.0562870363893815],[80.73434024496143,7.0562785001676644],[80.734463020406253,7.0562466803411388],[80.734563116983423,7.0561814894513937],[80.734638971624335,7.0561426846242981],[80.734692148295892,7.0561403568872771],[80.73473281233386,7.0561675194643634],[80.734773477270139,7.0561698480927282],[80.734825871509074,7.0561745044579354],[80.734843857577701,7.0561884735532159],[80.734846203977213,7.0562319347411044],[80.734804757506623,7.0563281689404569],[80.734795373705182,7.056390255567587],[80.734796155239493,7.0564197467571095],[80.734815705275025,7.0564678642855245],[80.734838384142691,7.0564849385048278],[80.734856370211304,7.0564895948668553],[80.73490329011689,7.0564826098780529],[80.734946300554398,7.056481057757356],[80.735058518998002,7.0564654393754598],[80.735112282269412,7.0564411867080805],[80.73515138234049,7.0564326977392922],[80.735158713491529,7.0564375484512754],[80.735135497431315,7.0564715025420881],[80.735096397360252,7.0564993925727268],[80.735060962415574,7.0565127313599545],[80.735048016794011,7.0565207808123693],[80.735037126517824,7.0565153773644713],[80.735025915543076,7.0565029791214222],[80.73501214257314,7.0564861313465697],[80.734989720623631,7.0564804096288212],[80.734977548451525,7.0564858139686484],[80.734971462365493,7.0565013904488616],[80.73497050206646,7.0565233242931065],[80.734975306256601,7.0565554302755995],[80.734976267453931,7.0565754571755885],[80.734965696977994,7.056588808441786],[80.734941032833547,7.0565945301581854],[80.734903556916535,7.0565970727469933],[80.734864799103605,7.0566031127326196],[80.734833409272625,7.0566059735907434],[80.734795291958491,7.0566062918600974],[80.734752691152764,7.0566040666491725],[80.73473411309439,7.0565919866778435],[80.734695034582884,7.0565869006086173],[80.734656277668279,7.0565992979579306],[80.73463001182769,7.0566215500669109],[80.734596378903461,7.0566380804589954],[80.734565308872703,7.0566514317233864],[80.734530715649456,7.0566708220806342],[80.734508293699946,7.0566832194276836],[80.734477544367749,7.056692120269779],[80.734445192441129,7.0567010211116967],[80.734426935081274,7.0567061071796511],[80.734407716524103,7.0567067428267096],[80.73437280260228,7.056696570690776],[80.734338209379004,7.0566892594121899],[80.734314826232151,7.0566895776814933],[80.734292084482433,7.0566905307063328],[80.734258772256737,7.0566825837805993],[80.734224498833711,7.0566619212381312],[80.734199834689264,7.0566380804589954],[80.734171327552033,7.0566237752777212],[80.73408131995383,7.0565821328087193],[80.734039038948339,7.0565538407116826],[80.734002844028922,7.0565220521069705],[80.733974656691942,7.0564899461222002],[80.733937821273713,7.0564308193253504],[80.733929813691276,7.0563996672511911],[80.733901305655735,7.0563497595610594],[80.733881125901178,7.0562995335959746],[80.733855821257933,7.0562868179690756],[80.733829235617108,7.0562849110261947],[80.733795282892657,7.0562833214613496],[80.733752361388369,7.0562944475235936],[80.733730900636232,7.0563046196683565],[80.733689260129552,7.0563198778851062],[80.733647619622857,7.056335772640411],[80.733611745402001,7.056330050029322],[80.733598304808709,7.0563216457520888],[80.73358908000904,7.0563126940867011],[80.733575960114337,7.0563013005715369],[80.733559560470525,7.0562758702089683],[80.733548490531263,7.0562695636571613],[80.733525735306813,7.0562656980635694],[80.733506055913864,7.0562626464198868],[80.733486170806742,7.0562622389991647],[80.733476125845243,7.0562078764110359],[80.733452666341577,7.0561155220457117],[80.73345188390897,7.0560456738795434],[80.7334557942754,7.0559750500873566],[80.733429987473926,7.0559308132598746],[80.733402617603858,7.0558912336876602],[80.733360388700675,7.0558454438378071],[80.733315032761951,7.0558050877510672],[80.733287661993586,7.0557787007685002],[80.733281406125926,7.0557709401531703],[80.733280624591629,7.0557608509073395]]]},"properties":{"OBJECTID":14,"Division":"5","Field_No":"10","Shape_Length":566.77292817608145,"Shape_Area":7672.936609084788}},{"type":"Feature","id":15,"geometry":{"type":"Polygon","coordinates":[[[80.735110522469768,7.0572198897972589],[80.735055344351792,7.0572282717704331],[80.735010300128508,7.0572257880247236],[80.734998789116418,7.0572103907623296],[80.734988779189237,7.0571865491199528],[80.734988278827615,7.0571612177636371],[80.734966757888358,7.0571036012702253],[80.734945738209007,7.0570658529596439],[80.734915208065757,7.0570290977881012],[80.734900693985722,7.0569893622955675],[80.734882676476062,7.0569441627340428],[80.734875169255261,7.0568969768833227],[80.734878672684843,7.0568607182696077],[80.734883678097603,7.0568333997188706],[80.734891685680068,7.0567911813530158],[80.734884178459225,7.0567603859072907],[80.7348731678088,7.0567221409973691],[80.734850645248002,7.0566938292956225],[80.734852147231152,7.0566739610896505],[80.734878172323221,7.0566675047694671],[80.73490619976009,7.0566585638088979],[80.734925718354589,7.0566545903457767],[80.734957249221083,7.0566565775230856],[80.734999789839662,7.0566714782324489],[80.735025314570152,7.0566898558327935],[80.73509253999444,7.0567455253187799],[80.735113680946341,7.0567579226638317],[80.735131938306168,7.0567747704287989],[80.735124571222514,7.0567941616723662],[80.735096383885519,7.056844704961442],[80.735081649718225,7.0568768109216453],[80.735061149265135,7.0569216324894359],[80.735057626072589,7.056945791523054],[80.735062110462508,7.0569807592235403],[80.735070737882495,7.0570402265069232],[80.735087844500455,7.0571407290869281],[80.735110522469768,7.0572198897972589]]]},"properties":{"OBJECTID":15,"Division":"5","Field_No":"10","Shape_Length":166.23078788140575,"Shape_Area":1175.9129100553851}},{"type":"Feature","id":16,"geometry":{"type":"Polygon","coordinates":[[[80.733536792669625,7.0563551630108909],[80.733560157850164,7.056349591956959],[80.733575875672713,7.0563549330009749],[80.733629302075911,7.0563635672875131],[80.733652818173397,7.0563715570112873],[80.733724241425023,7.0563638543541494],[80.733733138339602,7.0563593040806945],[80.733791639325844,7.0563504727701041],[80.733798244638152,7.056343648251227],[80.733818598665849,7.0563370911856378],[80.733835232769962,7.0563314390039498],[80.733858199996817,7.0563533452194278],[80.733863469514262,7.0563908190026332],[80.733881183393351,7.0564077140310628],[80.733886067533575,7.0564177069796221],[80.733894983312766,7.0564262111043643],[80.733901588625031,7.0564464172036745],[80.733908463431916,7.0564529742677102],[80.733917359448171,7.0564664449999182],[80.733935873726182,7.0564906655715696],[80.733944408619706,7.0565154201570284],[80.73395008417566,7.0565442801488718],[80.734009780819548,7.0565810790429522],[80.734009814955542,7.0565825607339301],[80.734011842453114,7.0565866893205653],[80.734012134405575,7.056588923446661],[80.73401329502893,7.056590748369322],[80.734013318385152,7.05659303598605],[80.734015392595111,7.0565940656810353],[80.734015614479006,7.0565962320522964],[80.734017079631244,7.056597932163414],[80.734017933929081,7.0565998827890128],[80.734017933929081,7.0566021846698925],[80.734021180440507,7.056605454731451],[80.734022156010894,7.0566072056586471],[80.734028571778666,7.0566093372608982],[80.73403044476602,7.0566105925080995],[80.734037172249174,7.0566121856378512],[80.734041487755803,7.0566137431071727],[80.734046412320183,7.0566137386495997],[80.734062051989298,7.0566229550878186],[80.734078926841903,7.0566403903632819],[80.734153709792693,7.0566452339409764],[80.734173561662161,7.0566581554970105],[80.734186291688019,7.0566713079539349],[80.734196028527393,7.0566759972999682],[80.734204668523816,7.0566849248875396],[80.734220782503385,7.0566901161539173],[80.734232151581622,7.0567120241354049],[80.734231435624324,7.0567468545609371],[80.734272412276027,7.0567518247320233],[80.734276815817537,7.0567608352285758],[80.734285892395178,7.0567652063044664],[80.734305728094952,7.0567753508020923],[80.734317344209884,7.0567697556824305],[80.734330105676818,7.0567565711339251],[80.734352408150386,7.0567561191380985],[80.734366769516811,7.0567607460775523],[80.734392936542733,7.056774127649728],[80.734416194823751,7.0567697556824305],[80.734421732937491,7.0567640339682063],[80.734442156135458,7.0567709743772218],[80.734465620130678,7.0567652954555289],[80.734482592001356,7.0567595291657286],[80.734495940966482,7.0567733217242834],[80.734531989460507,7.0567791477451411],[80.734548632547771,7.0568043471788169],[80.734568271516508,7.0568138052125935],[80.734582353506909,7.0568232810763556],[80.734591430084549,7.0568276530431833],[80.734622792966078,7.0568545044428133],[80.734636454544898,7.056863396366519],[80.734635952386668,7.0568878005685383],[80.734667405998024,7.0569109468483315],[80.734676710747735,7.0569560456724396],[80.734664932936056,7.0569588530377683],[80.734654597818675,7.0569481745296168],[80.734641092546724,7.0569544953363517],[80.734640627219378,7.0569771227539775],[80.734640857188111,7.0569883120967285],[80.734629408159805,7.0570326593703836],[80.734636362018435,7.0570595963431435],[80.734640961392685,7.0571109401790411],[80.734654244780785,7.0571310526399582],[80.734663321358425,7.0571443450504745],[80.734676710747735,7.0571667362087256],[80.734693161595544,7.057190828366334],[80.73470375991927,7.0572112519606245],[80.734708163460766,7.0572291828932325],[80.734721940922284,7.0572472074336501],[80.734734894628673,7.0572868341398785],[80.734744668298987,7.0573011482157391],[80.734753095394666,7.0573183917911058],[80.734766665345347,7.0573361444176976],[80.734771107514433,7.0573542367086359],[80.73479758895067,7.0573406946815478],[80.734831812068052,7.0573472000253625],[80.734838466787679,7.0573540753454713],[80.734853263837039,7.0573588422458959],[80.734870008433944,7.057380749304234],[80.734883398721564,7.0573986802302775],[80.734916951695752,7.0574425772524876],[80.734929362819713,7.0574679727820797],[80.734973768340836,7.0575035564758704],[80.734986741810161,7.0575101910862319],[80.735000311760842,7.0575145630465324],[80.735033144286163,7.0575333346604028],[80.735067229062992,7.057549750015272],[80.735080281584047,7.0575632358712079],[80.735085348980576,7.0575674651895852],[80.735089284499821,7.0575678565620299],[80.735087374681527,7.057575956812089],[80.735073862223061,7.0576156922542683],[80.735040329910106,7.0576738052542876],[80.735014805179645,7.0577199978851839],[80.734994785325199,7.0577855612087852],[80.734976767815553,7.0578436741874819],[80.734964756441897,7.0578928462221739],[80.734957036320338,7.0579331379382912],[80.734951296085683,7.0579585691012907],[80.734936946397312,7.0580016993734311],[80.734891435948398,7.0581019975893247],[80.734864786527197,7.0581701515804234],[80.734836291966374,7.058236067877302],[80.734809027199191,7.0583038153212119],[80.734793037187131,7.0583396218276153],[80.734769256984947,7.0583825488005836],[80.734748346900062,7.058411438095729],[80.734720467685207,7.0584376822870398],[80.734678033067823,7.0584584339009666],[80.734646053043733,7.0584783715679116],[80.734621453577972,7.0584897641379802],[80.734596033052071,7.0584989190248715],[80.734578198798744,7.0585105157495791],[80.734569383630856,7.0585278083127525],[80.734568768284859,7.0585477459767203],[80.734576353659122,7.0585756180520978],[80.734588653392024,7.0586077622269974],[80.734601157940745,7.0586633022137475],[80.734603823242196,7.0586976849560186],[80.73460136365496,7.0587310495951154],[80.734597468559869,7.0587609560775881],[80.734590908163369,7.0587823174675099],[80.734582708341463,7.0588010346480319],[80.734568973100778,7.0588140551011112],[80.734541914047767,7.0588266690268098],[80.734517313683725,7.0588354173800738],[80.734476724205905,7.058844164841676],[80.734441464432706,7.0588539304034628],[80.734408869960916,7.0588685787457734],[80.734373610187717,7.0588950261746302],[80.734341630163613,7.0589169982402229],[80.734295710082918,7.0589412079855336],[80.734265165566612,7.0589574842154983],[80.734239541123131,7.0589749800253898],[80.734214940759088,7.0590044799652798],[80.734181116493673,7.0590488306117862],[80.734152825850458,7.0590844337971479],[80.734120231378668,7.0591220705048006],[80.734092348570556,7.0591507805611231],[80.73404151829854,7.0591926893592021],[80.734003981296084,7.0592182996456216],[80.733957842924767,7.0592439099306548],[80.733924413019778,7.0592916366859564],[80.733886540047422,7.059263766436727],[80.733872427514271,7.059245304245561],[80.733865822201992,7.0592317890189715],[80.733850859862642,7.0592029559398872],[80.73383657215804,7.0591615160748145],[80.73384097480124,7.0591203222616494],[80.733852318726662,7.0590479640678563],[80.733844893252524,7.0589951619427902],[80.73382758541193,7.0589597468583714],[80.73380867587521,7.0589271533886997],[80.733796509092983,7.0589022571827709],[80.733749527203656,7.0588612291667445],[80.733669642720358,7.0588024423368907],[80.733616404963385,7.0587590268572118],[80.73360244424552,7.058749940621512],[80.733584401583059,7.0587130233294761],[80.733512678294133,7.05864461444739],[80.733498083365731,7.0586232405700251],[80.733479407390973,7.0585850252337536],[80.733459064143034,7.0585458238875294],[80.733446227217641,7.0584545397974425],[80.733441079871042,7.0584245833707708],[80.73343654966709,7.0583877783827091],[80.733406191102034,7.0583292776666111],[80.733405573959431,7.0583276274862836],[80.733397777481102,7.0583104650757207],[80.733406746260883,7.0582993390619864],[80.733435894795235,7.0583022008011103],[80.733495792661756,7.0583047433805417],[80.733561776614337,7.0583037894674874],[80.733622956376749,7.0583022008011103],[80.7336947057168,7.0582977503955453],[80.733730579937671,7.0582885313161423],[80.733760049170556,7.0582599219467284],[80.73380617316883,7.0582166900667564],[80.733853899761556,7.0581779085894993],[80.733894899769453,7.0581423053343819],[80.733914438126874,7.0581187820083047],[80.73397081280082,7.0580494833133889],[80.734021742785856,7.0579741455319001],[80.734048648226931,7.0579223301838985],[80.734052492118053,7.0578943564372691],[80.734052492118053,7.0578768730676078],[80.734043203538022,7.0578606609882222],[80.734028789170964,7.0578504888776568],[80.734012453307514,7.0578409524123558],[80.733988430560188,7.0578291907417796],[80.733936540276133,7.0578008987209868],[80.733898743660546,7.0577532163873347],[80.733859665149055,7.057677242020409],[80.733812899753659,7.0576028572013323],[80.733774142839053,7.057538962756654],[80.733756845778274,7.0574877838974253],[80.733753001887152,7.0574435980304955],[80.733757166476806,7.0574140346939709],[80.73377061874821,7.0573908287081943],[80.733791759700097,7.0573625375520557],[80.733836602700762,7.0573034108667159],[80.733873118318755,7.0572604971662916],[80.733903547850659,7.05722330427899],[80.733927571496309,7.0571854766338351],[80.733930133491498,7.0571447872392898],[80.733913477827812,7.0571040978411697],[80.733880485402381,7.0570290772833584],[80.733850055870477,7.0569524671508406],[80.733843009485369,7.0568930230354958],[80.733837884596667,7.056847247548875],[80.733838844895686,7.0567957503439338],[80.733831477812075,7.05673280970412],[80.733818666039497,7.0567067428267096],[80.733773822140478,7.0566733655605187],[80.733705276192737,7.0566428482583206],[80.733646979124075,7.0566107422818831],[80.733595088839991,7.0565741858811402],[80.733567222201557,7.0565452581363077],[80.733547042447043,7.0565112443196654],[80.733544159753279,7.0564740522636837],[80.733536792669625,7.0563551630108909]]]},"properties":{"OBJECTID":16,"Division":"5","Field_No":"10","Shape_Length":960.1151197687841,"Shape_Area":29962.011056517702}},{"type":"Feature","id":17,"geometry":{"type":"Polygon","coordinates":[[[80.732650209383124,7.0566175240043227],[80.732657611501082,7.0565785302134643],[80.732667861278458,7.0565655319852869],[80.732688361731547,7.0565655319852869],[80.73271113941388,7.0565559250641101],[80.732714614995729,7.0565569538676876],[80.732726148465659,7.0565688706934315],[80.73274022955772,7.0565734067006485],[80.732760115563181,7.0565867882782829],[80.732767188897725,7.0565824163091779],[80.732780130027706,7.0565690463210915],[80.732806359037383,7.0565685149805901],[80.732823045243777,7.0565741849896053],[80.732870487968881,7.0565732239409265],[80.732891616344389,7.056573651866124],[80.732940425407008,7.0565681476781519],[80.732991058948002,7.0565751647600354],[80.733005238854759,7.0565824163091779],[80.733014315432399,7.0565867882782829],[80.733020855167666,7.0566001689639748],[80.733025756375866,7.0565995368828398],[80.733067440001676,7.0566299650367998],[80.73306735556001,7.0566340561795666],[80.733074838526335,7.0566493678761217],[80.733079962516726,7.0566527030176305],[80.733080698236947,7.0566541624206423],[80.733080847357286,7.0566549763698889],[80.733081702553434,7.0566563234425539],[80.733081870538385,7.0566570054482201],[80.73308315423094,7.0566574298073164],[80.733085188915069,7.0566587037760637],[80.733086630711071,7.0566593492298031],[80.733087401465582,7.0566595524942572],[80.733089108264636,7.0566595854801326],[80.733090756673178,7.0566600241033806],[80.733092195774262,7.056660938793339],[80.733092977308573,7.0566612508220752],[80.733093125530587,7.0566612704353222],[80.733103329493886,7.0566679112982982],[80.733103751702089,7.056668185883586],[80.733104197266485,7.0566684756245728],[80.733104570067297,7.0566689891347067],[80.733115813381403,7.0566789071907188],[80.733116779070329,7.0566797853286989],[80.733116978496327,7.0566805520278413],[80.733117583960833,7.0566811529060178],[80.733117635164803,7.0566828298375199],[80.733118062762884,7.0566835029280535],[80.733118062762884,7.0566843525376921],[80.733118188527001,7.056685149548195],[80.733118490360965,7.0566858725633352],[80.733118490360965,7.0566867221729739],[80.733118917959004,7.0566873970465132],[80.733119412930748,7.0566889785863358],[80.733120526841674,7.0566911895327147],[80.733120770285126,7.0566936545595489],[80.733121258070355,7.0566943383482084],[80.733122034214745,7.0566966063512062],[80.733122529186488,7.0566972856822545],[80.73312310320992,7.0566988493918625],[80.733123195736397,7.056699676713726],[80.733124025779745,7.0567011049137154],[80.733124439004783,7.056702734595075],[80.733124804619095,7.0567035004026959],[80.733124995960239,7.056704304545236],[80.733125762223167,7.0567058254623252],[80.733125952666015,7.0567066278218471],[80.733126419789969,7.05670732676613],[80.73312661741933,7.0567080943567566],[80.733127473513804,7.056708943074848],[80.733127879552299,7.0567096250804378],[80.733128485016806,7.0567110746766408],[80.733129612402493,7.0567123094188062],[80.733130156781542,7.0567143153175858],[80.73313085297589,7.0567146977756217],[80.733130895196723,7.0567155295550075],[80.73313277267566,7.0567183565350327],[80.733134826224386,7.0567210738592276],[80.733135261008982,7.0567217933082409],[80.733136126086606,7.0567241772074834],[80.733136884264695,7.0567249287508886],[80.733143300032467,7.056738513588523],[80.733142998198545,7.0567392383865677],[80.733142872434385,7.0567400353969818],[80.733143097013226,7.0567407468223715],[80.733144563962085,7.0567414653798624],[80.733145773992774,7.0567426662445403],[80.733146250099864,7.0567442789870674],[80.733146903175069,7.0567458426965102],[80.733147150211764,7.0567466521880444],[80.733147271484341,7.0567491840779111],[80.733147894016824,7.0567516553450185],[80.733148131172058,7.056753319795134],[80.733148770772559,7.0567548897451298],[80.7331488615024,7.0567557179583886],[80.733149871208767,7.0567580376686685],[80.733151332767747,7.0567620271781211],[80.733152604782163,7.056764233666545],[80.733153994475913,7.0567682115862977],[80.733154917045738,7.0567696371115298],[80.733156065092658,7.0567719158122983],[80.733156560962684,7.0567725728555075],[80.733156796321296,7.0567733662997947],[80.733159091516853,7.0567779228097587],[80.733159522708178,7.0567795640804869],[80.733160114697938,7.0567799536705742],[80.73316196882071,7.0567827833247332],[80.733162284129364,7.0567835705284283],[80.733162551827334,7.0567843764538996],[80.733164235270152,7.0567935652518896],[80.733165115619144,7.0567994278244077],[80.733166039985548,7.0568007659815324],[80.733166562805067,7.0568023528700561],[80.73316775307282,7.0568035697817644],[80.733168747507833,7.0568049453823249],[80.733169956640197,7.0568061462468377],[80.733170388729874,7.0568068532145531],[80.733170659122763,7.0568076582484505],[80.733171847593894,7.0568088724856057],[80.733174205671503,7.0568133870942162],[80.733176047217825,7.0568162461680233],[80.73317681168416,7.056817764410189],[80.733177320130579,7.0568191721050528],[80.733177747728675,7.0568195964639973],[80.73317794895128,7.0568202454835456],[80.733178804147457,7.056821343824315],[80.733178853554804,7.0568221435091303],[80.733179231745495,7.0568226169011208],[80.733179231745495,7.0568234665105054],[80.733179660241916,7.0568238908694365],[80.733179660241916,7.0568242661953207],[80.733184142835171,7.0568320606703514],[80.733184142835171,7.0568331474214601],[80.733185304356851,7.0568343001443585],[80.733185591817715,7.0568347450080076],[80.733186284418821,7.0568368070714262],[80.733186332927829,7.0568395163713351],[80.733186641049997,7.0568405505233338],[80.733186880001853,7.0568410381794635],[80.733186880001853,7.0568453851838466],[80.733186606914003,7.0568464077461588],[80.733186519777419,7.0568474766670528],[80.733185872092079,7.0568489752958961],[80.733183903883301,7.0568515767229929],[80.73318352209931,7.0568519663129781],[80.733182308475364,7.0568549501979714],[80.733182226728658,7.0568554779720785],[80.733182226728658,7.0568576514741812],[80.733182696547573,7.0568591937870018],[80.733182773802696,7.0568608145527199],[80.733182672293054,7.0568613334117316],[80.733182226728658,7.0568623158560531],[80.733182212355644,7.0568699222217957],[80.733181678756353,7.056873137899343],[80.733181673366445,7.0568747675801049],[80.733181430821332,7.0568769277094763],[80.733181400278596,7.0568780126774637],[80.733181122699193,7.0568801674577664],[80.733180633117385,7.0568811392039485],[80.733180570235277,7.0568843878673082],[80.733180309723863,7.0568876374221512],[80.733180388775594,7.0568892457066097],[80.733180952019282,7.0568901773348021],[80.733181309548755,7.0568911062884911],[80.733182257271395,7.0568916233644083],[80.733182365967536,7.0568918382183954],[80.733180526217851,7.0568978746341422],[80.733170987007838,7.0569291675333643],[80.733162501521662,7.056957005828834],[80.733158097980152,7.0569749367713017],[80.733140125386257,7.0570338976777345],[80.733151127053546,7.0570713027596099],[80.733201751611361,7.0571499089627761],[80.733217605977813,7.0571958903581509],[80.733229899422497,7.0572514848964527],[80.733238976000123,7.0572826190830957],[80.7332443928413,7.0573485827563589],[80.733265637099407,7.057380749304234],[80.733291743039899,7.057374503390121],[80.733309275459305,7.0573660599054016],[80.733357326343864,7.0573050405459892],[80.733373637054456,7.0572803448423933],[80.733403135033456,7.0572371449652644],[80.733433642718808,7.0571783552545666],[80.733488515409633,7.0570611377637675],[80.733492686287505,7.0570531551839899],[80.733543313540281,7.0570676992766366],[80.733562024549329,7.0570063161418037],[80.733562624623957,7.0569771227539775],[80.73356169037605,7.056931663761822],[80.733589022516895,7.0568859569253242],[80.733598334453106,7.0568770748086669],[80.733598509624613,7.0568685680176655],[80.733593938996435,7.0568499550657142],[80.73358935579185,7.0568455839906257],[80.733580828983165,7.0568281371332997],[80.733553760048736,7.0567927227745306],[80.733542042424162,7.0567587383959189],[80.733524429156375,7.0567048563903025],[80.733490505177983,7.0566493233005971],[80.733462483131021,7.0566002581150755],[80.733423107277147,7.0566135505408329],[80.733390018731995,7.0566268741690914],[80.733362367689239,7.0566274340378445],[80.733325272657893,7.0566184574160813],[80.733314610553776,7.056613322314063],[80.733272024121106,7.05656932090643],[80.733243468474839,7.0565644853515064],[80.733201929477801,7.0565577722746733],[80.733171941018668,7.0565382544266333],[80.733160765078239,7.0565218880689722],[80.733180563947101,7.0565155093081033],[80.733210171520525,7.0564932072694271],[80.733222256556047,7.0564980847260843],[80.733247433638496,7.056510959927671],[80.733257040222171,7.056502043034893],[80.73325649135154,7.0564753654594083],[80.733265934441789,7.0564797365379954],[80.733292449115723,7.0564975783478747],[80.733379760869781,7.0564899256174307],[80.733403272475698,7.0564786025359689],[80.733414210362596,7.0564575236487279],[80.733423017445631,7.0564395035351213],[80.733436859585851,7.0564128277390932],[80.733436554158672,7.0563979421770835],[80.733450066617138,7.0563503836189527],[80.733457312428229,7.0563293671316503],[80.733475328141253,7.0564022098411057],[80.733509494664787,7.056511279980108],[80.733536827703944,7.0565542294104384],[80.733587507957324,7.0566124379353896],[80.733663244020605,7.0566531264852053],[80.733746951733707,7.0566966411201015],[80.733784534550267,7.0567237680041242],[80.733798771050871,7.0567446774922624],[80.733806742700708,7.0567904529889969],[80.733815284780746,7.0568752213588359],[80.733820409669462,7.0569441671916033],[80.733833507106311,7.0570068965148174],[80.733857422954102,7.05705719283241],[80.733882478764002,7.0571046630583947],[80.733898992493877,7.0571430915877427],[80.733897853430094,7.0571730436398417],[80.733881339700218,7.0572103417293084],[80.733869950859059,7.0572272955674409],[80.733804465471479,7.057310369097868],[80.733752076622409,7.0573697079615334],[80.733729868471968,7.0573985286737049],[80.73372132729024,7.0574318711187125],[80.73372588264705,7.0574776465475111],[80.733737841020115,7.0575183359127571],[80.733764604527366,7.0575861512164346],[80.733815854312653,7.0576601821092382],[80.73384489594747,7.0577116087888276],[80.733880770168327,7.0577754684408331],[80.733913228096185,7.05781559167204],[80.733942269730974,7.0578410228415152],[80.733971311365806,7.057855150574988],[80.73399636717572,7.0578732348220621],[80.734016866730514,7.0578884929870958],[80.734022561151093,7.0579127937200736],[80.734012311373704,7.0579416152899386],[80.733999783468747,7.0579749576958255],[80.733979283913953,7.0580020836134176],[80.733906964143685,7.0580885474094295],[80.733844326415579,7.0581518417934737],[80.733773715240972,7.058205528390455],[80.73372132729024,7.0582529993901666],[80.733692285655408,7.0582688227584951],[80.733641035870122,7.0582739088091975],[80.733607438878522,7.0582699531901074],[80.733587507957324,7.058271647946011],[80.733590836215427,7.0582623878567397],[80.733591599783438,7.0582615988725061],[80.733643274471831,7.0582460759420069],[80.733685352458039,7.0582409720608217],[80.733692789610274,7.0582194029246121],[80.733698494810682,7.058190387023366],[80.733718208339582,7.0581771222796297],[80.733763337902829,7.0581698288546288],[80.73380502961345,7.0581205266892093],[80.733799036053895,7.0580789226897416],[80.733764133810155,7.0580526330111297],[80.733679084912339,7.0580388886321526],[80.733630676498308,7.0580253341439692],[80.733598341639649,7.058009762172599],[80.733536649837518,7.0579744905455462],[80.733508987116622,7.0579650904835747],[80.733417375127345,7.0579601452877307],[80.733387790910101,7.0579295772544137],[80.733375973572507,7.0579293383301911],[80.733339017780054,7.0579300871971222],[80.733313585576028,7.0579151000519742],[80.733284386736031,7.0578768998128414],[80.733274443284174,7.0578480595172826],[80.733262878373196,7.0578009673671405],[80.733180457945878,7.0577096715405014],[80.733143679121511,7.0576745933479916],[80.733150122737058,7.0576483535709471],[80.733175980742502,7.05761452437768],[80.733170670800874,7.0575692829763153],[80.733153319841165,7.0575430119904601],[80.733084318447538,7.0575296393555789],[80.733067668173746,7.0575188021719972],[80.73303916193484,7.0574893493873674],[80.733017004988341,7.0574749283362088],[80.733028730697754,7.0574409217199614],[80.73302110040774,7.0574253087194991],[80.73301012658824,7.0574041621206787],[80.733027704821708,7.0573611405569716],[80.733023302178495,7.0573361444176976],[80.733018718973923,7.0573228529041989],[80.733014315432399,7.0572603170813775],[80.733009732227799,7.0572425644518724],[80.733001331183289,7.0572083536628689],[80.732991849465449,7.0571844888411057],[80.732987266260864,7.057180117769172],[80.73296712962545,7.0571448594515704],[80.732932645996641,7.0570986801359519],[80.732890158378666,7.0570615763866469],[80.732866668332292,7.0570540092504759],[80.732842549465232,7.0570383115435487],[80.732822332879778,7.0570077015483328],[80.732807718188397,7.0569926002600241],[80.73278066901689,7.056966801741801],[80.732785150711848,7.0569432106012213],[80.732803045152309,7.0569087278794482],[80.732792173740719,7.0568957724530135],[80.732763177021681,7.0568818069451194],[80.732744722930804,7.0568576648468619],[80.732749767869436,7.056843722517069],[80.732780579185359,7.0568337973325175],[80.732776097490401,7.0568093868871076],[80.732758424933834,7.0567925310998021],[80.732748591974712,7.0567776419839676],[80.732726744947001,7.0567568056011716],[80.732722088080578,7.0567331217328055],[80.732686850765234,7.0566995135672883],[80.732677235198437,7.0566716262232383],[80.732672092343464,7.0566506819628856],[80.732658392137054,7.0566299391830247],[80.732650209383124,7.0566175240043227]]]},"properties":{"OBJECTID":17,"Division":"5","Field_No":"10","Shape_Length":912.61953979140196,"Shape_Area":12430.005907218503}},{"type":"Feature","id":18,"geometry":{"type":"Polygon","coordinates":[[[80.733870306591911,7.0549142271543852],[80.733259510589178,7.0556664138794289],[80.733224774533781,7.0557087981692241],[80.733220219176971,7.0556929747133674],[80.733231038486281,7.0556607625810575],[80.73323787197063,7.0556082052355],[80.733241857795548,7.055557908760445],[80.733228191725132,7.0554985705560309],[80.733203705447124,7.0554533601507616],[80.733170108455482,7.0553991080152434],[80.73314160041997,7.0553530845402532],[80.733107790527598,7.0552850932812934],[80.733078428194204,7.0552453576390439],[80.733058853904183,7.0552100367681376],[80.733029492469129,7.055145576773536],[80.733028602238662,7.0551067237178451],[80.733025933343953,7.055047561975325],[80.733039279614133,7.0549989958677752],[80.733048176528712,7.054966324557526],[80.733039279614133,7.054912461065066],[80.733018815093658,7.0548753740792804],[80.733001909698316,7.054851533208125],[80.732967209575534,7.0548285740433538],[80.732952083742774,7.0548012009903012],[80.732960091325197,7.0547791253136864],[80.732971658032824,7.0547844235831603],[80.733020594656239,7.0547923705414757],[80.733079318424672,7.0547994349005743],[80.733152277795426,7.0547994349005743],[80.733214560689021,7.0548012009903012],[80.733259047956835,7.0548100314389872],[80.733296416974326,7.0548073818586357],[80.733346243828208,7.0547967862116945],[80.733366707450344,7.0547738279356587],[80.733408525823464,7.0547367409387798],[80.733445005508855,7.0547031861191796],[80.733492162569689,7.0546722808782771],[80.733527752922924,7.0546502051955047],[80.733585586460933,7.0546457904154218],[80.733645199561479,7.0546457904154218],[80.733699474872651,7.0546616843367218],[80.733742182577885,7.0547005374297527],[80.73376442666094,7.0547349748487989],[80.733781332056282,7.0547667635762039],[80.733798236553298,7.0548020835894416],[80.733817811741659,7.0548541818967001],[80.733835606469128,7.054892151483152],[80.733870306591911,7.0549142271543852]]]},"properties":{"OBJECTID":18,"Division":"5","Field_No":"8","Shape_Length":353.40338289979599,"Shape_Area":5959.6026475566841}},{"type":"Feature","id":19,"geometry":{"type":"Polygon","coordinates":[[[80.732926387434077,7.0547797261943312],[80.732798156520531,7.0547817748941908],[80.732775913335757,7.0547817748941908],[80.732774133773177,7.0547817748941908],[80.732757228377878,7.0547738279356587],[80.732694945484283,7.0547702957559633],[80.732671812069057,7.054774710534863],[80.732646899091293,7.0547985523014596],[80.73259084511588,7.0548126801277915],[80.732563262345096,7.0548056157688963],[80.732546356949754,7.0547994349005743],[80.732524113765024,7.0548038496791561],[80.732516105284233,7.0547755931340168],[80.732550806305341,7.054728793979498],[80.732569490364938,7.0546899408888333],[80.73258194730299,7.0546343112738228],[80.732594404241041,7.0545883947045898],[80.732630883926404,7.0545566059649074],[80.732662914256181,7.0545221685326176],[80.732668252943924,7.054455058859868],[80.732670922736943,7.0544109083640647],[80.732690497026994,7.05435174653263],[80.732714519774291,7.0542413689233463],[80.732689606796527,7.0541371730565157],[80.732668252943924,7.0540568189710386],[80.732623765676109,7.0539614535275259],[80.732604191386059,7.0538705019603469],[80.732612198968496,7.0538563741052629],[80.732662024924053,7.053857256706185],[80.732732315400099,7.0538810985200184],[80.732829298416476,7.0538819820124239],[80.732897809329941,7.0538660871728345],[80.732946745055017,7.0538431288506933],[80.732985004303004,7.0537839669467157],[80.732996998608655,7.0537568407819435],[80.733090956099161,7.05380487656761],[80.733175233344198,7.0538608245535235],[80.733233885247415,7.0539099907706762],[80.733271468962272,7.0539665039649471],[80.733281718739661,7.0540326241260169],[80.73326178871676,7.0541168286714715],[80.733250399875587,7.0541987723185366],[80.733246413152358,7.0542716742032043],[80.733236732906846,7.0543428804146338],[80.733222497304538,7.054371702206768],[80.733134233336301,7.0544660788757403],[80.73305508097998,7.0545350250673122],[80.733007248386059,7.0545745842506191],[80.732970235101391,7.0546197947416749],[80.732950873712085,7.0546599182464602],[80.732936068577885,7.0547090852702521],[80.732926387434077,7.0547797261943312]]]},"properties":{"OBJECTID":19,"Division":"5","Field_No":"12","Shape_Length":354.73512547434569,"Shape_Area":6020.1409796317794}},{"type":"Feature","id":20,"geometry":{"type":"Polygon","coordinates":[[[80.732959984425719,7.0547791609742569],[80.73296087016459,7.0547528006786298],[80.732990065411315,7.0546520818336411],[80.733042893536535,7.05457757706544],[80.733109624887419,7.0545141110218088],[80.733151332767747,7.054482377550956],[80.73322223409815,7.0544120120596681],[80.733265331672243,7.054348545101818],[80.733272584669848,7.0542843328284954],[80.733279508884053,7.0542268256333953],[80.733287162530274,7.0541657015528587],[80.733303562174115,7.0540817903249247],[80.733309029320921,7.0540054756878963],[80.73330684282152,7.0539642430806921],[80.733279145066376,7.0539052889154066],[80.733234682951363,7.0538618872406706],[80.733183661338188,7.0538268034074969],[80.733122137521008,7.0537925210447536],[80.733052625884312,7.0537483704857715],[80.732976162185651,7.0537097384088758],[80.732926114346213,7.053682144193651],[80.732870505036857,7.0536283349342916],[80.732824627176996,7.0535828042919606],[80.732803773686015,7.0535510707572806],[80.732757895826111,7.0535151987997811],[80.732688384189444,7.0534834652604701],[80.732572993794562,7.0534048209910774],[80.732524596160289,7.0533656718056568],[80.732597962467878,7.0531967605019572],[80.732620206550934,7.0531870474203027],[80.732673591631638,7.0531685038587035],[80.732713630442177,7.0531534924884154],[80.732707402422335,7.0530907983037912],[80.732723417587223,7.0530245719176277],[80.732725197149762,7.0529821864906195],[80.732740322982522,7.0529318549610931],[80.732773243542752,7.0528885869228448],[80.732799046750984,7.0528771077376469],[80.732841754456203,7.0528665111550124],[80.73286755766442,7.0528514997749534],[80.732857770519416,7.0528258927023186],[80.732856602709546,7.0528156830373545],[80.732835749218523,7.0527742907424376],[80.732766236683531,7.0527260007671462],[80.732717578537859,7.0526680529684578],[80.732667529800139,7.0525880293814156],[80.732633552821113,7.052504473583558],[80.732620206550934,7.0524382471135425],[80.732612198968496,7.0523737867330878],[80.732621986113514,7.0523305186426919],[80.732646009759151,7.0522969636487076],[80.732688717464399,7.0522651756432628],[80.732726087380229,7.0522351528436689],[80.732777692898338,7.0522263223459136],[80.732848872706526,7.0522166092439162],[80.732888021286598,7.0522024813383757],[80.732902257787231,7.0521777559424699],[80.732934289015304,7.0521079981172345],[80.732946745055017,7.0520400054902934],[80.732952083742774,7.0520258766878241],[80.732976996720552,7.0519976199731351],[80.733034830258546,7.0519437561353548],[80.733098002484269,7.0518686990805897],[80.733138931525247,7.0518298466414935],[80.733170072522867,7.0517759818926509],[80.733195875731084,7.0517468425577912],[80.733209222001278,7.0517380120507358],[80.733235914541623,7.0517380120507358],[80.733258157726382,7.0517486086591976],[80.733282181372019,7.0517998238136563],[80.733313322369668,7.0518713486777598],[80.733318661057396,7.0519031367102398],[80.733317771725254,7.0519534692430392],[80.733305314787216,7.0520338236935167],[80.733291398985145,7.0521337817504106],[80.733276024319053,7.0522456781192222],[80.733271468962272,7.0522914540607511],[80.733263496414096,7.0523428813367071],[80.733259510589178,7.0523971338303175],[80.733261219184854,7.0524140878447161],[80.733273746191514,7.0524429097569108],[80.73328570456458,7.0524519515404789],[80.733321010151869,7.0524536472092132],[80.733350051786701,7.0524395184193649],[80.733369412277668,7.0524140878447161],[80.7333836487783,7.0523767893688509],[80.733387634603233,7.0523519231222593],[80.733397884380622,7.0523134941952277],[80.733412690413132,7.0522778904891199],[80.733451412293462,7.0521970769485884],[80.733469633720688,7.0521558218923674],[80.733502092546843,7.052108916382263],[80.733531702815228,7.0520789640025798],[80.733553342332115,7.0520648360928408],[80.733577827711798,7.0520524029613334],[80.733633063322003,7.0520331880400464],[80.733683743575369,7.052009453113409],[80.733703104964718,7.0520021061000566],[80.733728159876293,7.0519795007272625],[80.733738410552007,7.0519563301298902],[80.73375834057488,7.051925248184773],[80.733778840129673,7.0518992514667609],[80.733797062455238,7.0518845583279282],[80.733823825962489,7.0518726904152098],[80.733854576192968,7.0518755165332534],[80.733872798518519,7.0518975566875381],[80.733881909232124,7.0519173359464871],[80.733881339700218,7.0519823259531611],[80.733878492939084,7.0520348837102826],[80.733883048295894,7.0520936571352424],[80.733865395502235,7.0521558218923674],[80.733847742708605,7.0522061187369527],[80.733833826906533,7.052244865945247],[80.733841834488956,7.0523084437397916],[80.733863189239898,7.0523764354358232],[80.73390233781997,7.052466503801349],[80.7339397077358,7.0525389111659322],[80.733970848733449,7.0525733487457112],[80.734024233814154,7.0526210325043799],[80.734085626477309,7.0526598848771034],[80.734128085349198,7.0526870815360718],[80.734179150979827,7.0527511808080643],[80.734187753246999,7.0527643743858466],[80.734202611381789,7.0527923136732653],[80.734211213648962,7.052831117889669],[80.734224507816833,7.0528800123031816],[80.734236238017843,7.0529102793368956],[80.734262043920992,7.0529335622177971],[80.734300362457745,7.0529607249830191],[80.73435353912933,7.0530057386062381],[80.734410625269007,7.0530367821436375],[80.734451290205286,7.0530701543228753],[80.734523234479767,7.0531368977826272],[80.734551386782428,7.0531687178228859],[80.7345865773854,7.0532028656126977],[80.734595657556284,7.0532222757277676],[80.734596743619448,7.0532245963472917],[80.734573283217486,7.053269609053328],[80.734542784515298,7.0532975483103151],[80.734509940311852,7.0533348003531353],[80.734467712306994,7.0533805895597652],[80.734453635706473,7.0534395732119348],[80.734445033439343,7.053491570931123],[80.734441123971209,7.0535342558611447],[80.734449726238381,7.0535878057001007],[80.734459891574133,7.0536429085545844],[80.734478660075339,7.0536809361889201],[80.73449430064278,7.0537011147710507],[80.734522452945455,7.0537290540019573],[80.734537311080246,7.0537430240625607],[80.734560770583911,7.0537655303909483],[80.734624113489545,7.0537950217476784],[80.734660085626786,7.053810543044416],[80.734696058662308,7.0538307216208977],[80.734738286667209,7.0538656458723858],[80.734741414601004,7.0538920329640211],[80.734772694837531,7.0539362699863561],[80.73478677143801,7.053992924036911],[80.734806321473542,7.0540115504764875],[80.734821179608332,7.0540449225854607],[80.734830125930259,7.0541298884829988],[80.734834129721506,7.0541840284362944],[80.734830626291881,7.0542327042856909],[80.734836393476016,7.0542404105443355],[80.734832766977192,7.0542419100731486],[80.734830761937474,7.05424389993538],[80.73482594517094,7.0542459441800336],[80.734824449475965,7.0542472734293789],[80.734821692546376,7.0542473518827213],[80.734814947995247,7.0542515723162573],[80.734813530453721,7.0542529791274236],[80.734810987323144,7.0542536771839108],[80.734805559702195,7.0542590637194262],[80.734803185454908,7.0542600773723168],[80.734803139640832,7.0542628722727976],[80.734801134601099,7.0542648612434045],[80.734798624708219,7.0542656404277766],[80.734796743635997,7.0542671720510324],[80.734793876213587,7.0542712685637721],[80.734791041130578,7.0542712685637721],[80.734784297477731,7.0542754889970913],[80.734781921433822,7.0542759445613985],[80.734777407399505,7.0542777284834273],[80.73477132221177,7.0542817866609147],[80.734770212792384,7.0542839298636162],[80.734767565457233,7.0542847224206691],[80.734759056614863,7.0542997587167093],[80.73475355173882,7.0543221098943567],[80.734750048309195,7.054345455110365],[80.73475104903244,7.0543807198817694],[80.734754708768904,7.0543949377639041],[80.734759400669617,7.0544593532872533],[80.73477191330322,7.0545066945100166],[80.734796155239493,7.054547827219281],[80.734820397175739,7.0545874077978352],[80.734821962040982,7.0546254362461012],[80.734821179608332,7.0546588083108386],[80.734770349336301,7.0546603604376417],[80.734724659224341,7.0546719100082349],[80.734708529075093,7.0546823300297055],[80.734645227491953,7.0547232229059738],[80.73461629365498,7.0547705641017666],[80.734614729688062,7.0547961755244071],[80.734622549522641,7.0548186818016134],[80.734606127420932,7.0548489496000855],[80.73458579495275,7.0548799930139019],[80.734495864609656,7.0548613666092344],[80.734436432070495,7.054863695244177],[80.73439498559992,7.0548815451399287],[80.734348847228588,7.0548970664002555],[80.73428394035605,7.0549164693121957],[80.734226853318077,7.0549319905713395],[80.734179150979827,7.0549552733505774],[80.734138486941887,7.0549576010935144],[80.734054030033803,7.0549591541108478],[80.733984431260552,7.0549459605956084],[80.733917178886784,7.0549327670800253],[80.733916384776094,7.0549324817955297],[80.733870306591911,7.0549142271543852],[80.733835606469128,7.054892151483152],[80.733817811741659,7.0548541818967001],[80.733798236553298,7.0548020835894416],[80.733781332056282,7.0547667635762039],[80.73376442666094,7.0547349748487989],[80.733742182577885,7.0547005374297527],[80.733699474872651,7.0546616843367218],[80.733645199561479,7.0546457904154218],[80.733585586460933,7.0546457904154218],[80.733527752922924,7.0546502051955047],[80.733492162569689,7.0546722808782771],[80.733445005508855,7.0547031861191796],[80.733408525823464,7.0547367409387798],[80.733366707450344,7.0547738279356587],[80.733346243828208,7.0547967862116945],[80.733296416974326,7.0548073818586357],[80.733259047956835,7.0548100314389872],[80.733214560689021,7.0548012009903012],[80.733152277795426,7.0547994349005743],[80.733079318424672,7.0547994349005743],[80.733020594656239,7.0547923705414757],[80.733018100034712,7.0547919657940232],[80.732991873719968,7.0547893331523257],[80.732959984425719,7.0547791609742569]]]},"properties":{"OBJECTID":20,"Division":"5","Field_No":"12","Shape_Length":1273.0310247203245,"Shape_Area":53216.973989026163}},{"type":"Feature","id":21,"geometry":{"type":"Polygon","coordinates":[[[80.733139927756895,7.0590628227994703],[80.733077289130449,7.0591165101822391],[80.733059637235115,7.0591374195622762],[80.733023762115934,7.0591690662379039],[80.73298504023559,7.0592080598104623],[80.732944040227736,7.0592267092193053],[80.732901902054394,7.0592459229505176],[80.73282901365053,7.0592690931830422],[80.732777763865244,7.0592883078039828],[80.732751568991588,7.0592905677707121],[80.732737333389252,7.0592832217644252],[80.732747013634764,7.0592544002781201],[80.732774346673921,7.0592244483607489],[80.732836985300366,7.0591571985119224],[80.732862610642172,7.0591379847770197],[80.732873999483346,7.0590786461401018],[80.732839832959797,7.0590469994582916],[80.732765235960301,7.0590108319466669],[80.732725944548093,7.0589882269161262],[80.732625153573224,7.0589661870994638],[80.732583015399882,7.058956015013198],[80.732529487487028,7.0589373655934136],[80.732503863043547,7.0589238022164951],[80.732480515829323,7.0588859390500538],[80.732458307678883,7.0588379037916731],[80.732444640710142,7.0588090822776328],[80.732450904662599,7.0587565252895823],[80.732437238592198,7.0587062291566784],[80.732391113695627,7.0586678007571484],[80.732349544155838,7.0586067673052577],[80.732344419267122,7.0585615572036167],[80.732331891362179,7.0585197383905802],[80.732296017141323,7.0584519232237426],[80.732246475951726,7.0583886288807403],[80.732225405966744,7.0583400283549826],[80.73222085060992,7.0582857765578249],[80.732208322704977,7.0582275682433373],[80.732188962213968,7.0581846189682942],[80.732152517562881,7.0581490157137106],[80.732121198698806,7.0581241506686823],[80.732085323579639,7.0581004151628148],[80.732045462635526,7.0580800709519504],[80.731992505152903,7.0580715936028353],[80.731956630033721,7.0580698988462069],[80.731915630924149,7.0580597267402343],[80.731891144646141,7.0580376868793113],[80.731872922320591,7.0579975627758813],[80.731867797431903,7.0579207058558699],[80.731876339511956,7.0578099403999017],[80.731890005582358,7.0577404303711857],[80.731903672551098,7.0576935245354049],[80.731893991407276,7.0576144075900276],[80.731870645091334,7.0575533739992231],[80.731860963947526,7.0574996864350616],[80.731868366963809,7.0574573023092686],[80.731882602566117,7.0574284807092393],[80.731891144646141,7.0574228294324062],[80.731918477685298,7.0574505205991693],[80.731972574231705,7.0575019473020522],[80.732010157946561,7.0575499826991059],[80.732028948905679,7.0575658060914659],[80.732049449358783,7.0575985833078372],[80.732052865651809,7.0576189284313555],[80.732067670785995,7.0576347518213618],[80.732081907286599,7.0576601821092382],[80.732105824032729,7.0577138696547497],[80.732122337762604,7.0577539928913255],[80.732143976381181,7.057776033657218],[80.732167323595419,7.0578113891011736],[80.732179779635132,7.0578202186009094],[80.732210031300653,7.0578316985549998],[80.732226936695966,7.0578484749601902],[80.732243842091307,7.057876731317779],[80.732287440027008,7.0579482552430335],[80.732383681933271,7.0580952872093219],[80.732406306003696,7.0581304714593491],[80.732430096985709,7.0581742204218658],[80.732454820418951,7.0581969057278648],[80.732517384485206,7.0582531143946348],[80.732543799446148,7.0583110614942379],[80.732610530797032,7.0584366142613701],[80.732659188942719,7.0585842415991111],[80.732708861286355,7.058643500955335],[80.732733917096226,7.0586774085259556],[80.73277263897657,7.0587231829400165],[80.732845527380391,7.0587774355773885],[80.732918415784226,7.0588503358494128],[80.732966248378176,7.0589158909893452],[80.733018637227232,7.0589780548303436],[80.733063623060019,7.0590226996764018],[80.733139927756895,7.0590628227994703]]]},"properties":{"OBJECTID":21,"Division":"5","Field_No":"16","Shape_Length":565.10038054533243,"Shape_Area":6797.544169253466}},{"type":"Feature","id":22,"geometry":{"type":"Polygon","coordinates":[[[80.733139927756895,7.0590616932613139],[80.733139927756895,7.0590628227994703],[80.733063623060019,7.0590226996764018],[80.733018637227232,7.0589780548303436],[80.732966248378176,7.0589158909893452],[80.732918415784226,7.0588503358494128],[80.732845527380391,7.0587774355773885],[80.73277263897657,7.0587231829400165],[80.732733917096226,7.0586774085259556],[80.732708861286355,7.058643500955335],[80.732659188942719,7.0585842415991111],[80.732610530797032,7.0584366142613701],[80.732543799446148,7.0583110614942379],[80.732517384485206,7.0582531143946348],[80.732454820418951,7.0581969057278648],[80.732430096985709,7.0581742204218658],[80.732406306003696,7.0581304714593491],[80.732383681933271,7.0580952872093219],[80.732287440027008,7.0579482552430335],[80.732243842091307,7.057876731317779],[80.732226936695966,7.0578484749601902],[80.732210031300653,7.0578316985549998],[80.732179779635132,7.0578202186009094],[80.732167323595419,7.0578113891011736],[80.732143976381181,7.057776033657218],[80.732122337762604,7.0577539928913255],[80.732105824032729,7.0577138696547497],[80.732081907286599,7.0576601821092382],[80.732067670785995,7.0576347518213618],[80.732052865651809,7.0576189284313555],[80.732049449358783,7.0575985833078372],[80.732028948905679,7.0575658060914659],[80.732010157946561,7.0575499826991059],[80.731972574231705,7.0575019473020522],[80.731918477685298,7.0574505205991693],[80.731917635065557,7.0574496674249172],[80.731894560939168,7.0574267850587606],[80.731900255359733,7.0574200033481782],[80.731911644200935,7.0574120920953547],[80.731931575122132,7.0573962686977394],[80.731936130478914,7.0573917478542372],[80.731959477693181,7.0573934426133462],[80.731998769105402,7.0574409136963761],[80.732061976365401,7.0575205958881497],[80.732100699144041,7.0575838903498509],[80.732147392674207,7.0576511404273594],[80.732193517570778,7.0577206504694852],[80.732245336887942,7.0577941170158871],[80.732288614125082,7.0578528906012492],[80.732328475069181,7.0579020563943953],[80.732376877194994,7.0579472665604355],[80.732426987916483,7.0579828689390691],[80.732481654893107,7.0580167765580972],[80.732549987041821,7.0580698988462069],[80.732598390065959,7.0581151089958611],[80.732641097771207,7.0581620138974239],[80.73267754242228,7.0582038336343098],[80.732708861286355,7.0582343499420883],[80.732731069436781,7.0582563897935975],[80.732766375024084,7.058281255723049],[80.732803388308724,7.0582948182273126],[80.732839832959797,7.0582953834430873],[80.732872860419548,7.0582835156947015],[80.732900193458704,7.0582597810884984],[80.732921262545361,7.0582162657090848],[80.732939266580289,7.0581705170986098],[80.732959791287911,7.0581332493977911],[80.732982882482304,7.058109870495537],[80.733000142712157,7.0581040837178248],[80.733051688941472,7.0581089451103658],[80.733094839516141,7.0581142683039513],[80.733135656267692,7.0581198241810128],[80.733160846824902,7.0581253791665155],[80.733185803820135,7.0581355646436545],[80.733219157368339,7.0581621841754032],[80.733251578465243,7.0581925070287674],[80.733294961703564,7.0582478295374971],[80.733323417636825,7.0582698203554628],[80.73335071204842,7.0582838705147104],[80.733357135002706,7.0583149974998394],[80.733354687991849,7.05843401016865],[80.733362859966007,7.0584656631329468],[80.733351587905801,7.0585202946910304],[80.733369188597166,7.0585673172304464],[80.733393199666409,7.0585968457245292],[80.733418703735637,7.0586385949930452],[80.733438860133987,7.0586738888571245],[80.733489133450547,7.0587108837133465],[80.733503677174994,7.0587530635693003],[80.733504680593171,7.0588018806877519],[80.733492126637074,7.0588334756789459],[80.733437260234453,7.0588748050265888],[80.733393997370371,7.0588872335173498],[80.733315292375082,7.0588929347006859],[80.733261898311227,7.0588810116942087],[80.733248541261261,7.0589687341327787],[80.733247552216113,7.0589933129589539],[80.733227622193255,7.0590187431721763],[80.733180927764749,7.059040217771499],[80.733139927756895,7.0590616932613139]]]},"properties":{"OBJECTID":22,"Division":"5","Field_No":"9A","Shape_Length":585.65708525381444,"Shape_Area":7780.5087745193068}},{"type":"Feature","id":23,"geometry":{"type":"Polygon","coordinates":[[[80.729456876414503,7.0564866172200613],[80.729449952200284,7.0564728736860554],[80.729449952200284,7.0564464706943575],[80.729449588382593,7.0564121109641125],[80.729462343561309,7.0563849849533291],[80.729482139735239,7.0563610710560276],[80.729508962531312,7.0563430152782125],[80.729540217614996,7.0563261175728886],[80.729568906211895,7.056309914354312],[80.729593163419523,7.0562895442109479],[80.729620686003187,7.0562626936699901],[80.729644476985186,7.0562478785325862],[80.729674098931667,7.0562379256983911],[80.729710018068317,7.0562372312109307],[80.729738659054505,7.0562417137306968],[80.729753464188704,7.0562422789489769],[80.72978535258467,7.0562405832941222],[80.729808699798895,7.056238888530789],[80.729833186076917,7.0562343676759891],[80.729863935409085,7.0562292807113476],[80.729896963767132,7.0562213694381306],[80.729918032853803,7.0562083711999151],[80.729960740559036,7.0561965033980076],[80.729986365900842,7.0561908521061367],[80.730012559876201,7.0561852008141646],[80.730060962002042,7.0561857660325211],[80.73009114270063,7.0561902868877926],[80.730130434112851,7.0561925477611442],[80.730170295056936,7.0561936781978334],[80.730190794611744,7.0561965033980076],[80.730239766269449,7.0561993294897043],[80.730278488149764,7.0562072407633032],[80.730311516507811,7.0562309763662405],[80.730340939926634,7.0562462586562145],[80.730390621253406,7.0562511191767747],[80.730417910275136,7.0562490357144698],[80.730453363186129,7.0562453323757808],[80.730474588579682,7.0562393137817638],[80.730506776114609,7.0562305181293139],[80.730528234171814,7.0562194072212545],[80.73055015935293,7.0561937129668042],[80.730564620432375,7.0561721856362256],[80.730582579551552,7.0561444088078638],[80.730594242378857,7.0561404736752991],[80.730604738294645,7.0561437143202639],[80.730624563214661,7.0561596866431531],[80.730637858280858,7.0561735746113117],[80.73067393192774,7.0562401268402519],[80.73071841919554,7.0563353259932597],[80.730749004136015,7.0564167289918682],[80.730778199382755,7.0564732971538335],[80.730789321424311,7.0565353837614602],[80.730776808790708,7.0565864325654548],[80.730765687647477,7.056631962912375],[80.730746223850218,7.0566678355199031],[80.730761516769618,7.05672302359282],[80.730784151619858,7.0567571104977693],[80.730816610446013,7.0568458353965404],[80.730847929310073,7.0569469923872106],[80.730883804429254,7.0570238503603795],[80.730912845165761,7.0571216169004076],[80.730921956777678,7.0572199486368845],[80.730915692825192,7.0572815474886914],[80.730899179095346,7.0573363655120094],[80.730875831881093,7.0574047451676991],[80.73087070699242,7.057474821355135],[80.730868428864838,7.0575296384640822],[80.730845081650614,7.0575691973914312],[80.730841095825696,7.0576047997991473],[80.73084963790572,7.0576460543698118],[80.730874123285432,7.0576895689113277],[80.730902595388343,7.0577472120770608],[80.730920248182002,7.0577833796874607],[80.730915692825192,7.0578438480316397],[80.730932206555067,7.0578867982297933],[80.730968081674249,7.0579020563943953],[80.73098972029284,7.0578851025809692],[80.731027872641263,7.0578387619761784],[80.731091080799587,7.0577715119259334],[80.731133788504835,7.0577127392218015],[80.73116966362403,7.0576748759562671],[80.73126476017832,7.0576268396806547],[80.731400855842182,7.0575386801483022],[80.731669063141609,7.0574115268784983],[80.731803451108092,7.0573369298374704],[80.731841603456544,7.0573182812439565],[80.731891144646141,7.0573261924983957],[80.731915061392272,7.0573561445386375],[80.731900824891639,7.0573725331545454],[80.731879186273076,7.0573855313600644],[80.731860963947526,7.0574030504086283],[80.731833630908369,7.0574313059018818],[80.731828506019696,7.0574459997562],[80.731817117178522,7.0574957308093307],[80.731818256242278,7.0575166402625964],[80.731832491844628,7.057559025274454],[80.731843311153895,7.0575838903498509],[80.731863811606985,7.0576217536228407],[80.731866088836227,7.0576584873510964],[80.731861533479417,7.0577093479228541],[80.731849575106352,7.0577602093805494],[80.731842172988451,7.0577879005271216],[80.731830784147249,7.0578461088969124],[80.731830214615385,7.0579009259618788],[80.731829645083479,7.0579303127487014],[80.731829075551587,7.057969306425659],[80.731838186265179,7.058008300099333],[80.731850144638244,7.0580472937697261],[80.731864381138891,7.0580670727659349],[80.7318896732057,7.0580825564760987],[80.731911598386844,7.0580925101621474],[80.731934922244903,7.0580994541173032],[80.731961978602939,7.0581024629564579],[80.731988101611392,7.0581057044791917],[80.732020755371948,7.0581138056113595],[80.732050377318444,7.0581237592967083],[80.732098659070047,7.0581517677983401],[80.732127114104969,7.0581726005522629],[80.732150671524977,7.058195053174809],[80.732168165316821,7.0582163495108103],[80.732176795431769,7.0582418118610066],[80.732181226821055,7.0582638017877679],[80.732185191984712,7.0582941246344273],[80.732189390710346,7.0583200505642587],[80.73219685391372,7.058350141615338],[80.732206883603894,7.0583820852167367],[80.732217160330748,7.0584038879202735],[80.73223538265627,7.0584480121815005],[80.732261622445719,7.0584921373300382],[80.732284217770044,7.0585207101333278],[80.732296244415096,7.0585463899944951],[80.732294787347698,7.0585688140706981],[80.732293329382003,7.0585959399534826],[80.732282031270643,7.0586378942686832],[80.732267818126246,7.0586784025560583],[80.732271097875341,7.0587120391060667],[80.732284947202103,7.0587532703988245],[80.732307907242443,7.05880933100795],[80.732326858101644,7.0588556260487376],[80.732353826424799,7.0589030060480988],[80.73237715118114,7.0589268770217544],[80.732420155330416,7.0589558108582651],[80.732443479188461,7.058966299429251],[80.732477372624146,7.0589738950623131],[80.732530736145293,7.0589806152361732],[80.732591641023234,7.0589949854245626],[80.732649559901162,7.059016021403945],[80.73271583850115,7.0590403176201661],[80.73275255983333,7.0590548357966867],[80.732784355702819,7.059066983458183],[80.732804060248583,7.0590743900903332],[80.732816898072301,7.0590837232668555],[80.732824361275689,7.0591003159764378],[80.732824659516353,7.0591114268152886],[80.73282197265533,7.0591203151296122],[80.732814207618034,7.0591334639505394],[80.732791999467565,7.0591543733298128],[80.732724235952432,7.0592142762801569],[80.732667861278458,7.059275874866489],[80.732651917080474,7.0592967842393248],[80.732651917080474,7.0593126075719548],[80.73268209777909,7.0593465150935302],[80.732694931111226,7.0593563448331347],[80.732607152233243,7.0594591612578288],[80.732541524911838,7.0595360312948676],[80.732537987346262,7.0595401750107403],[80.732496725928613,7.0595089375613593],[80.732423065871956,7.0594328297569335],[80.732384684453123,7.0594008443272713],[80.732324133511412,7.0593651618222983],[80.732261452664133,7.0593121564701438],[80.732224889435443,7.0592616883370152],[80.732219018046749,7.0592496752979788],[80.732121879621815,7.0591191294267022],[80.732092564000837,7.0590747422352278],[80.7320400943034,7.0590536144333589],[80.731982066729302,7.0590524385368747],[80.731911191450024,7.0590644399914533],[80.731882497463218,7.0590370716464621],[80.731864818618433,7.0589925774663449],[80.731837724531147,7.058951553024345],[80.731810136370456,7.0589374449374773],[80.731792313795211,7.0589288615148149],[80.73178408882049,7.0589203627851074],[80.731671681730646,7.0588610776106417],[80.731635389793169,7.0588343698599498],[80.731601426288918,7.0587888878710467],[80.731581471113188,7.0587682699979428],[80.731551058649259,7.05875602337135],[80.731515839300229,7.0587475005677698],[80.731491478786339,7.0587291506858572],[80.73146865349328,7.0587233434112262],[80.731435473319962,7.0587179818898713],[80.731357929846311,7.0586584131903161],[80.731320532082719,7.058612422133689],[80.731311839984031,7.0585946374618],[80.731302634947312,7.0585851259740195],[80.731269812303452,7.0585771826468413],[80.731199060991699,7.0585137028875131],[80.73113828097955,7.0584623048252828],[80.731075748354328,7.0583785637626475],[80.731023825730901,7.0583174437963869],[80.730996776559365,7.0582863096793602],[80.730992373916152,7.0582772992124747],[80.73090366079029,7.0581771900342352],[80.730821632028437,7.0580763132459801],[80.73082614696105,7.0580491409742967],[80.730839514790802,7.0580103719641265],[80.73083253128776,7.058002188811396],[80.730817138655397,7.0579918312702308],[80.730758636770815,7.0579606971312954],[80.730750175539157,7.0579519541105364],[80.730697927725615,7.0579342015075959],[80.730598483325323,7.0579288328450307],[80.730565968803617,7.057907670222054],[80.730551949695311,7.0578893301134267],[80.730511367404034,7.0578135019762174],[80.730492244068259,7.0578197701721379],[80.730456109335961,7.0578487263655569],[80.730408167147559,7.0578580176659047],[80.730377976567482,7.0578822105279651],[80.730312881947071,7.0578122467323237],[80.730345262619778,7.0577611490305712],[80.730340055086103,7.0577280063072099],[80.730310495123334,7.0576884215396349],[80.730285498602242,7.0576695919840482],[80.730249714212903,7.0576463022092302],[80.730237964249,7.0576222599998548],[80.730229016130437,7.0576130141617073],[80.730199864002842,7.0576012756646014],[80.730163439114691,7.0575920084298573],[80.730139113635133,7.0576171418476354],[80.730131036882398,7.0576173058852776],[80.730107122831228,7.0575860192730957],[80.730098225916635,7.0575725485734822],[80.730062279830548,7.05753198491578],[80.730066683372087,7.0574565766208215],[80.730083022828794,7.0574091875582532],[80.730090764509924,7.0573619776842182],[80.730125082848701,7.0572832395736658],[80.730125900315613,7.0572434622020177],[80.730081756204214,7.0571825301943898],[80.730050508307087,7.057135215990578],[80.729983042134279,7.0570427280838013],[80.72997241596282,7.0570372943306747],[80.729957597353859,7.0570301577934682],[80.72991422669196,7.0569887908376234],[80.729898516954265,7.0569650035659386],[80.729880608140761,7.0569410219438398],[80.729837620161149,7.0569034804503907],[80.729800517044964,7.0568730113049076],[80.729788913506468,7.0568393585739928],[80.729783611649637,7.0568188208499629],[80.729777346798841,7.056774271182932],[80.729776148446277,7.0567742471121377],[80.729766287639393,7.0567745163483053],[80.729754625710385,7.0567763243315227],[80.729740777281961,7.0567730694268338],[80.72972765738723,7.0567567940115357],[80.729711257743404,7.0567350928626009],[80.729681008772843,7.0566920525149825],[80.729634360158428,7.0566345456189818],[80.729611400118088,7.0566016319332023],[80.72958042261385,7.0565679961212986],[80.729532680749742,7.0565329124932079],[80.729495872280978,7.0564978297539414],[80.729456876414503,7.0564866172200613]]]},"properties":{"OBJECTID":23,"Division":"5","Field_No":"9A","Shape_Length":1373.8837506263555,"Shape_Area":39538.078614947866}},{"type":"Feature","id":24,"geometry":{"type":"Polygon","coordinates":[[[80.730393515625266,7.0562111972915353],[80.7304276821488,7.0561552495896578],[80.730439640521865,7.0561055183925125],[80.730444765410539,7.0560529610974365],[80.730462418204198,7.0560184881159724],[80.730494876132028,7.0559840151319513],[80.730537583837261,7.0559828855862499],[80.730596806170709,7.0559789290560584],[80.730627555502892,7.0559698873413685],[80.730646916892198,7.0559455865063843],[80.730701582970497,7.0558935953033641],[80.730743722042149,7.0558608179662849],[80.730758527176334,7.0558246493141388],[80.730777319033791,7.0557930024098168],[80.730779596263034,7.0557692667844112],[80.730797818588556,7.0557195355457916],[80.730808637897866,7.0557003207766753],[80.73083198511209,7.0556782808034022],[80.730854762794436,7.0556613269085542],[80.730875831881093,7.0556471991080869],[80.730883234897362,7.0556398521524422],[80.730892085997866,7.0556449382320627],[80.730893523302299,7.0556456300458601],[80.730897925945499,7.0556595358597036],[80.730888940097728,7.0556768526002704],[80.730884536556189,7.0556858631177777],[80.730875459978591,7.0556902342038077],[80.730866563962294,7.0557002396490196],[80.730893523302299,7.0557214576467002],[80.730902419318582,7.0557349284001916],[80.730915989269235,7.0557392994857633],[80.7309343598168,7.0557531375418723],[80.730954683301817,7.0557629254566994],[80.730979011476336,7.0558066684024467],[80.730995315898724,7.055822219943142],[80.73101957849623,7.0558300358313337],[80.731019149999838,7.0558508562086235],[80.731019431172527,7.055864505260792],[80.731037305850052,7.0558731137026518],[80.731046201866292,7.0558776630893565],[80.731065299150927,7.0558822846884928],[80.731077995040849,7.0558820279330003],[80.731098231389254,7.0558923766062707],[80.731113865668434,7.0558818558711494],[80.731129506235874,7.0558821732494774],[80.731136065734077,7.0559088865196031],[80.731140899568629,7.0559134965288113],[80.731151885066225,7.055935975114811],[80.731167536413423,7.0559337044335315],[80.731208628947783,7.0559656642489399],[80.73121321215234,7.0559878807278711],[80.731206776621676,7.0560002816592906],[80.731212687536242,7.0560116716158081],[80.731242892489348,7.056021401576908],[80.731248396467095,7.0560382404535487],[80.73125747214641,7.0560426115362702],[80.731263413603699,7.0560607858968813],[80.731286633257156,7.056060316070127],[80.731315196089923,7.0560608946613428],[80.731324783808944,7.0560559913462155],[80.731340551937137,7.0560563105074481],[80.731367511277114,7.0560557640107007],[80.731398963990188,7.0560564014416691],[80.731440834465573,7.0560555536139047],[80.731460866896413,7.0560657979763803],[80.731517817390468,7.0560646443600765],[80.73152671879663,7.0560738411960022],[80.731540544767157,7.0560782951889784],[80.731553934156466,7.0560873056986484],[80.731571683968184,7.056093022963684],[80.731562806816527,7.0561187698229428],[80.731578781557218,7.0561340066495468],[80.731589219082522,7.0561447912663713],[80.731639394482698,7.0561496624861135],[80.731646922364789,7.0561803153306011],[80.731657367974918,7.0561853461305528],[80.731666263991187,7.0561898955141906],[80.731675340568799,7.0561942674869966],[80.731679744110338,7.0562166586912136],[80.731684327314923,7.0562210297722432],[80.731688729958137,7.0562389607432223],[80.731698598849803,7.056263113571883],[80.73172268717417,7.0562708723959364],[80.731738155265035,7.0562795405614889],[80.731719776632644,7.0562970703500607],[80.731726540048442,7.0563693451719232],[80.731742775300546,7.0563771637254069],[80.731738155265035,7.0563860672479208],[80.731733752621821,7.0564138797222222],[80.731745868200079,7.0564726017752069],[80.731733661891994,7.0565198812778309],[80.73172925924878,7.0565384229221788],[80.73173875893292,7.0565659750661718],[80.731715556347453,7.0565734494931673],[80.73170679328183,7.0566002581150755],[80.731702210077273,7.056609090312417],[80.731697806535735,7.0566272815894822],[80.73170679328183,7.0566358525737076],[80.731712193953342,7.0566633182353389],[80.731737907330029,7.05667570131844],[80.731786105538262,7.0567177931003435],[80.731831702225477,7.0567266288614841],[80.731883412846486,7.0567530737382258],[80.73189500740186,7.0567650538561804],[80.731919203524043,7.0567793126745348],[80.731939737214802,7.0568005288397693],[80.731962086400756,7.0568169745319782],[80.731990583656511,7.0568464193357947],[80.732010906243175,7.0568880038328521],[80.732031610613845,7.0569218963764326],[80.732085131340185,7.0569813868466316],[80.732116428644659,7.0570251840593334],[80.732127746518927,7.0570483410303959],[80.732133557720516,7.0571132108545314],[80.732142808571282,7.0571267591288533],[80.732151530314411,7.0571622759856538],[80.732158405121268,7.0571755238198053],[80.732167945229577,7.0571950452070009],[80.732183072858959,7.0572023306238103],[80.73219747285296,7.05721202133343],[80.732221920503434,7.0572372813662145],[80.732279657023355,7.0572689254972456],[80.732305532995113,7.0572736986391265],[80.73233629131046,7.0572419181074633],[80.732345378667873,7.0572233230007138],[80.732372718893529,7.0571972463443196],[80.732389759934463,7.0571890391064445],[80.732412463954972,7.0571737613051368],[80.73241183333765,7.0571430960453032],[80.732385176729906,7.0571176719695838],[80.732363547094494,7.0570887059238121],[80.732348220039114,7.0570573443891096],[80.732330990351954,7.0570461291942381],[80.732304418185848,7.0570466676662162],[80.732292188521598,7.0570092563418028],[80.732304389439776,7.0569793978876776],[80.732308792082975,7.0569659271704062],[80.732313530696103,7.0569521845421459],[80.732336155664839,7.0569526427783478],[80.732349711242492,7.0569803803317708],[80.732373203085501,7.0570027857621245],[80.732390375280445,7.0570105312011062],[80.732417030989879,7.0570014743508693],[80.732430108663792,7.0569614660538651],[80.732444995544654,7.0569327808240363],[80.732441359164412,7.0569257735541768],[80.732466029597063,7.0569197558604984],[80.732482035778773,7.0569148231346421],[80.732495540152456,7.0569008701084659],[80.73252895927763,7.0568722570872033],[80.732542529228326,7.0568678860123182],[80.732580014128501,7.0568411228729531],[80.732618969570794,7.0568460725382778],[80.732636725670687,7.056863008559553],[80.732647160501045,7.0568843602304758],[80.732685947060048,7.056903040044328],[80.732690804250794,7.0569124017929559],[80.732699701165373,7.0569347929624655],[80.732713271116069,7.056957005828834],[80.732720429790575,7.0569934115341697],[80.732726660505378,7.0570061601275311],[80.732740063369391,7.0570319889549138],[80.732745935656425,7.0570618491886483],[80.732782691124598,7.0570865823473339],[80.732827470344873,7.0571157266951801],[80.73284348371314,7.0571399739781722],[80.732877542438828,7.0571600445368468],[80.732907315302256,7.0571952529287474],[80.732942334327021,7.057252577887148],[80.732937930785468,7.0573406946815478],[80.732929015006277,7.0573665538015504],[80.732923329568848,7.0573954645563823],[80.732915374987016,7.0574030513001507],[80.732908769674722,7.057409875803379],[80.732888745328722,7.0574289754968467],[80.732879674140975,7.0574641107645633],[80.732892998851582,7.0574967212759017],[80.732897653023073,7.0575439650135445],[80.732928600882914,7.0575588692604097],[80.732940721851051,7.0575940232399272],[80.732928944937669,7.0576167174894424],[80.732934132708436,7.0576436143102557],[80.732951410904619,7.0576662185149592],[80.732970430035834,7.0576995208228182],[80.732991849465449,7.0577152826959608],[80.732996253007002,7.0577198329560833],[80.733000836211545,7.0577242040229153],[80.733019548118932,7.057756967855398],[80.733068089483623,7.057774872913126],[80.733099596095585,7.0578001204340532],[80.733118520903673,7.0578062174605618],[80.733140035554726,7.0578224233012765],[80.733161039064385,7.0578325383559353],[80.733170551324918,7.0578520026588789],[80.733181098444661,7.0578679731397944],[80.733194043167913,7.0578803196388069],[80.733198923714866,7.057900191359062],[80.73323316659517,7.057927631091947],[80.733254151240189,7.0579343913988479],[80.733279324729423,7.0579696175619953],[80.733297422189111,7.0579918740626093],[80.733279172914152,7.0580157495408207],[80.733279461273355,7.0580297890096642],[80.733278787536889,7.0580625501460155],[80.733283818102478,7.0580677476374643],[80.733290692011025,7.058074304678537],[80.733298307927981,7.0581130326740293],[80.733308485840169,7.0581235480093572],[80.733319770476768,7.0581343111836317],[80.733326112582674,7.0581537130683429],[80.733347171787869,7.0581796113693063],[80.733346124352266,7.058230588671301],[80.733332398993042,7.0582315247543441],[80.733304496421994,7.058204398850199],[80.733285135032688,7.0581750120807678],[80.733268621302813,7.0581473209573629],[80.733239011034414,7.0581207602642726],[80.733215094288298,7.0581066316473819],[80.733179788701008,7.0580981551902724],[80.73313252563895,7.0580975899742553],[80.733084692146704,7.0580919387055649],[80.733052803750738,7.0580857222207944],[80.733020345822922,7.0580812013840335],[80.732986748831266,7.0580812013840335],[80.732956568132678,7.0580908082735068],[80.732937776275236,7.0581071968633857],[80.732921262545361,7.058136018421151],[80.732905887879312,7.0581772720529417],[80.732896777165678,7.0582123100894858],[80.732883679728829,7.0582416968565385],[80.732866026935199,7.058263736707703],[80.732847235077742,7.058272213161823],[80.732825026927301,7.0582739088091975],[80.732799402483835,7.0582688227584951],[80.732770930380894,7.0582580854410732],[80.732754416651019,7.0582433925040649],[80.732727083611863,7.0582185265725776],[80.732686653135872,7.0581784024847831],[80.732662166857864,7.0581450600935263],[80.732630278461926,7.0581145437798956],[80.732572195192262,7.0580631171450889],[80.732518668177747,7.0580162113419789],[80.732466848860582,7.0579823037229001],[80.732420155330416,7.0579506569661179],[80.732377446726886,7.0579094033141239],[80.732333030425963,7.0578653226854513],[80.732289753188823,7.0578127664817512],[80.73224476735605,7.0577489068348855],[80.732195226166468,7.0576805272300591],[80.732130878944346,7.0575821946999442],[80.732072227041115,7.0574827326068901],[80.732003893994076,7.0573962686977394],[80.731936700010806,7.0573177160269855],[80.731913352796582,7.0573007621921606],[80.731883172097994,7.0572821127056997],[80.731857547654499,7.0572787222951323],[80.731828506019696,7.0572804179461839],[80.731810853226037,7.0572917205032972],[80.731708211721696,7.0573531071663069],[80.731661054660847,7.0573751818286805],[80.731579197477203,7.0574149172880984],[80.731415484008252,7.0574873247702357],[80.731373665635132,7.0575155811498842],[80.731301595596534,7.0575623800226186],[80.731216179287756,7.0576118284549549],[80.731138771459712,7.0576559795369596],[80.731101401543881,7.0576904167361025],[80.731078268128684,7.0577372164827006],[80.731052464920467,7.0577734197542297],[80.731025772380121,7.0577972604748433],[80.730995520714629,7.0578113891011736],[80.730974166861984,7.0578149212577026],[80.730965269947404,7.05780873953801],[80.730952813009381,7.0577848988179817],[80.730948364552091,7.0577592911267288],[80.73094035696964,7.0577257374177407],[80.73092256134386,7.0576930654084311],[80.730904766616405,7.0576489152214599],[80.730886971888921,7.0576294892448619],[80.730873625618756,7.0576091797821681],[80.730880742970754,7.0575773912499349],[80.730902097721682,7.0575394218837806],[80.730907435511099,7.0575102829116565],[80.73090921507368,7.0574776117786282],[80.73090387638598,7.0574431736721248],[80.73090387638598,7.0574202155273822],[80.730904766616405,7.0573972573814956],[80.730925231136908,7.0573495750062669],[80.730936146565895,7.0573163145741766],[80.730945622893842,7.0572700193794251],[80.730946716143549,7.0572230002742193],[80.730941248996714,7.057173450168265],[80.730936146565895,7.0571423453941069],[80.730936146565895,7.0571116025708118],[80.730931408851106,7.0570725410668596],[80.730922298137486,7.0570497558566228],[80.730901524596533,7.0570114173620349],[80.730885124952721,7.0569857383072145],[80.730870911808282,7.0569502927576613],[80.730863622878061,7.0569141250821747],[80.730855605414163,7.0568869991008061],[80.730843578769139,7.0568472136715155],[80.730836289838919,7.0568092371133506],[80.730815516297966,7.0567672826323795],[80.730803125835266,7.0567412416107169],[80.730791099190228,7.0567144766810044],[80.730785996759408,7.0566869887346506],[80.730785996759408,7.0566540759440954],[80.730793285689629,7.056617184338716],[80.730804219084973,7.0565824635592573],[80.730808592083775,7.0565564225271995],[80.730814059230582,7.0565256787735029],[80.730810050049456,7.0565079564272173],[80.730811508015194,7.0565010846605647],[80.730791768435139,7.0564444888651892],[80.730771303914636,7.0563870933773272],[80.730747280268986,7.0563349952425822],[80.730727705978964,7.0562855466738261],[80.730692115625729,7.0562210868289768],[80.730652967045614,7.0561380835324998],[80.73061915625496,7.0560956992820172],[80.730586235694773,7.056076272348708],[80.730550645341495,7.056078921921757],[80.730545307552077,7.0561133592382754],[80.730529291488892,7.0561566269751594],[80.730513276324004,7.0561866495205123],[80.730493701135657,7.0562007773044915],[80.730459891243299,7.056211373810819],[80.730418072870179,7.0562122564072371],[80.730393515625266,7.0562111972915353]]]},"properties":{"OBJECTID":24,"Division":"5","Field_No":"9A","Shape_Length":1275.5604235389537,"Shape_Area":32241.746487814638}},{"type":"Feature","id":25,"geometry":{"type":"MultiPolygon","coordinates":[[[[80.731097113885028,7.0555217365185845],[80.73109850807036,7.05552157248023],[80.731098322119109,7.0555221403739177],[80.731097113885028,7.0555217365185845]]],[[[80.731098322119109,7.0555221403739177],[80.731118571942233,7.0555289123056557],[80.731130750402556,7.0555430383266797],[80.731143202849012,7.0555563798160046],[80.731184802033169,7.0555516744113884],[80.731213360374369,7.0555299330878496],[80.731234451020612,7.0555291030893841],[80.731270989994798,7.0555605636855656],[80.731322684446127,7.0555443158645694],[80.731348182227165,7.055527970868086],[80.731360260974483,7.055490096725678],[80.731390154212193,7.0554673408574837],[80.731469382925297,7.0554745594380144],[80.731486752749632,7.0554826971682649],[80.731504382187069,7.0554919582046667],[80.731535096484961,7.0555063481146707],[80.731582220308141,7.0555385379698929],[80.731607983092175,7.0555342480100673],[80.731640700633122,7.0555209065200941],[80.73167855474091,7.0555340777311208],[80.731688689533925,7.0555265970467529],[80.731683973378708,7.0554471418475408],[80.731654331669233,7.0554015739404958],[80.731609366497693,7.0553692717451062],[80.731595534238949,7.0553687270305376],[80.731580766834,7.0553756460642028],[80.731553135554179,7.0553901607896305],[80.731544906986173,7.0553825918431397],[80.73152495809866,7.0553612178150926],[80.731510401797792,7.0553543986307057],[80.731501894752043,7.0553365032860356],[80.731459612848269,7.0553381677412013],[80.731445709622619,7.0553053716430094],[80.731447211605769,7.0552749826285224],[80.731426919561841,7.0552460485619424],[80.731407559969128,7.0552266037627076],[80.731387734150815,7.0551992895731095],[80.731367838263907,7.055187833624573],[80.731356401812008,7.0551810937823412],[80.731355696634523,7.0551468275670954],[80.731374484000355,7.0551106240901404],[80.731374114792786,7.0550926663300615],[80.731394174173076,7.0550875633056167],[80.731428125999244,7.0550882506627062],[80.731436854928873,7.0550792321099225],[80.731450680001089,7.0550747781073664],[80.731467933942753,7.0550631679238611],[80.731499401028842,7.0550524759992772],[80.73152706464802,7.0550568470912998],[80.731547754645646,7.0550707698616097],[80.731584519096955,7.0550614160993286],[80.731607254558483,7.0550609560782505],[80.731625387052503,7.0550702287127365],[80.731663105514627,7.0550630582676739],[80.731682751669908,7.055053011799056],[80.731697716704232,7.0550479266044563],[80.731738245096579,7.0550435555123583],[80.73176291283427,7.0550351734995935],[80.731800400429407,7.0550479114487068],[80.731809962097287,7.0550481049072173],[80.73183072396013,7.0550374869779207],[80.731891014390428,7.0550301738901204],[80.731904448695488,7.0550256084478233],[80.731917883898873,7.0550301738901204],[80.731935946324327,7.0550345449823455],[80.731965502693782,7.0550568087562135],[80.731974093282858,7.0550569826013891],[80.731993840947723,7.0550565832032346],[80.732003254393604,7.0550613973775533],[80.732029311825045,7.055067703054327],[80.732038990273907,7.055095771472252],[80.732039291209531,7.0551104172589874],[80.732039107953227,7.0551193386361186],[80.732039428651788,7.0551349499313325],[80.732038739643954,7.0551684592524495],[80.732052710243238,7.0551681766426597],[80.732057255718587,7.0551820842538735],[80.732066249651226,7.0551906615054074],[80.732071813816077,7.0552245951829242],[80.73209302842983,7.055235444901415],[80.732111181585083,7.0552441870819607],[80.732115585126607,7.0552487373663446],[80.732138140925073,7.0552575686979901],[80.732142543568287,7.0552621180907371],[80.732168019789768,7.0552670552917869],[80.732168335996747,7.0552675946573613],[80.732169459789148,7.0552689417340462],[80.732169685266285,7.0552799153718455],[80.732169328635123,7.0552972713532061],[80.732182983027442,7.0553201047914014],[80.732201045452854,7.0553244758808917],[80.73221745407983,7.0553300514047361],[80.73226595052877,7.0553218396762096],[80.732272879234557,7.055320666444751],[80.732273630226132,7.0553235763439996],[80.732281923472826,7.0553556993484525],[80.732290639826033,7.0554000253822613],[80.732297514632876,7.0554071280671335],[80.732308432756881,7.0554175418314475],[80.732317671929565,7.055435346238677],[80.732318208223788,7.0554614363670103],[80.732313375287561,7.0554762212181688],[80.732304299608231,7.055489513676215],[80.732298620459005,7.0555068865884305],[80.732256460726092,7.0555343255716974],[80.732246968228509,7.055561858162136],[80.732245886656898,7.0556144511734793],[80.732246069913217,7.0556233716494061],[80.732245724960165,7.0556401427855748],[80.732252582699033,7.0556680658522666],[80.73225945750589,7.0556813137291527],[80.732261658378349,7.0556880491065215],[80.732231360000441,7.0556777539194817],[80.732222702936042,7.055686698465033],[80.732201545814476,7.055729991204168],[80.732179327782561,7.0557511824551264],[80.732174086112863,7.0557884539137827],[80.732161176423901,7.0558327371135601],[80.732156113518968,7.0558687426183395],[80.732151530314411,7.0558820341735791],[80.732147126772873,7.0559004947159076],[80.73216580274763,7.0559462007581955],[80.732193241787968,7.0559723728768393],[80.732261176881337,7.0559666306479869],[80.732325258202152,7.0559536011997013],[80.732368540829171,7.0559710293682532],[80.732394927043998,7.055962063431882],[80.732422560120455,7.0559626233014496],[80.732454776401482,7.0559959105761738],[80.732462119230632,7.0560029134025442],[80.732519299693408,7.0560167514507652],[80.732546099133287,7.0560152207247819],[80.732555942872139,7.0560414418727193],[80.732555650919693,7.056055623151809],[80.732568173434757,7.0560685625545334],[80.732587461162197,7.0560827554224836],[80.732600850551506,7.0561051475236161],[80.732614688200158,7.0561277990535869],[80.732614243534101,7.0561494164288741],[80.732618912976946,7.056167504308676],[80.732623316518456,7.056185435281729],[80.732636119307898,7.0562041837701681],[80.732619298354194,7.0562202274118695],[80.732618670431805,7.0562507723788244],[80.73262478436564,7.0562880562784116],[80.73264129001069,7.0563122278262771],[80.732636886469137,7.0563192493696141],[80.732614495960689,7.0563467845879417],[80.732613723409543,7.0563843680275502],[80.732623316518456,7.0564039982125006],[80.732640087166487,7.0564259383019428],[80.732630415005858,7.0564539896988503],[80.732654769231488,7.0564664449999182],[80.732672831656927,7.0564708160785816],[80.732681728571492,7.0564842868102682],[80.732686311776078,7.0564886578887664],[80.732695117960787,7.0565066780004644],[80.732704284369973,7.0565154201570284],[80.732709361647963,7.0565515254579187],[80.732714614995729,7.0565569538676876],[80.73271113941388,7.0565559250641101],[80.732688361731547,7.0565655319852869],[80.732667861278458,7.0565655319852869],[80.732657611501082,7.0565785302134643],[80.732650209383124,7.0566175240043227],[80.73265818732115,7.0566296280457594],[80.732650573200814,7.0566180999202599],[80.732591812601441,7.0566251874307682],[80.732571313944973,7.0566338261698034],[80.732533350242733,7.0566629036828852],[80.732529318603767,7.0566670688207349],[80.732520018345625,7.0566672569294893],[80.732506538226474,7.0566669841272205],[80.732490318245681,7.0566673130946498],[80.732435962984482,7.0566597798294666],[80.732423242840071,7.05660798394754],[80.732401195488052,7.0565524918557063],[80.732385311477202,7.0565443692999335],[80.732363362041525,7.0565337977635556],[80.732353635083655,7.0565245198092876],[80.732336020917572,7.0565063213960757],[80.732322272202126,7.0564932072694271],[80.732313644782138,7.0564842939423817],[80.73230950804026,7.0564842101403125],[80.732309155002341,7.0564834193700454],[80.732308173143736,7.0564837634933015],[80.732307706019782,7.0564841735883732],[80.7322748743928,7.0564835085211586],[80.73225945750589,7.0564887470398796],[80.7322279149613,7.0564975783478747],[80.732188532819251,7.056510959927671],[80.732173354884225,7.056506396282999],[80.732147446573094,7.0564931466466811],[80.73209761163443,7.0564887470398796],[80.732092507406946,7.0564679614602106],[80.732061666446626,7.0564619838785934],[80.73204378368429,7.056448514037756],[80.732030213733594,7.0564396818373352],[80.732021316819015,7.0564262111043643],[80.732008865270871,7.0564143343929464],[80.731998761020563,7.0563995379820756],[80.731994358377349,7.0563905274784871],[80.731982028101754,7.0563724699187977],[80.731971254606535,7.0563395116388303],[80.731953352979573,7.0563278604775297],[80.731944933070409,7.0563191602184885],[80.731935766661266,7.0563104180582217],[80.731926719728037,7.0563010705615961],[80.731904358863986,7.0562903011041094],[80.731882529802576,7.0562791375983274],[80.731851539721902,7.0562716382042439],[80.731837095710446,7.0562567134112122],[80.731821736315709,7.0562420640946968],[80.731813071166471,7.0561892224229323],[80.731790404875241,7.056160841150712],[80.731774101351149,7.0561452914044089],[80.731768987242248,7.0561348268403012],[80.731744627626654,7.056116477746289],[80.731714838593533,7.0561048140982194],[80.73168174735342,7.0560706228383552],[80.731661861347973,7.0560604533629556],[80.731626226977284,7.0560518297689079],[80.731612457600605,7.0560386969076472],[80.731605993323825,7.056012372344191],[80.731589970074097,7.056006927880814],[80.731562920902576,7.0560025567977736],[80.73155736482255,7.0559855610137356],[80.73152248144342,7.055975793608372],[80.731509092054125,7.0559667830965269],[80.731499841203316,7.0559623282109474],[80.73149111946023,7.055944481031414],[80.73148204288259,7.0559401099477759],[80.731459666747199,7.0559221789652202],[80.731450590169558,7.0559178078813778],[80.731446187526345,7.0559132576035717],[80.731437110948704,7.0559088865196031],[80.731423720661098,7.0558998768979952],[80.731405658235659,7.0558955049224021],[80.731388606414953,7.055886785041972],[80.731358336783131,7.0558861716815819],[80.731311271350464,7.0559013336288192],[80.73128949888293,7.0559159847391282],[80.73127544563863,7.0559087973684136],[80.731261554989374,7.0559021074613737],[80.731262057147617,7.0558776613063374],[80.731257382314894,7.0558732028538547],[80.73125297967168,7.0558641923400245],[80.731234916347958,7.0558598212556234],[80.731223792509795,7.0558483278799224],[80.7311936064213,7.0558241375860957],[80.731145052480173,7.0558285086708281],[80.731127169717823,7.0558419794212028],[80.731118093140182,7.05584635050577],[80.731100648755671,7.0558552718687411],[80.731091600924145,7.0558473962496304],[80.731086731156992,7.0558374300341429],[80.731077654579352,7.0558241375860957],[80.731073251037841,7.0558151279627959],[80.731051200990848,7.055786279515158],[80.731050546119036,7.0557544516311799],[80.731091133800192,7.0557465858169826],[80.731076735602812,7.055722761929454],[80.731059771816987,7.0557169974097222],[80.731013386408975,7.0557020547685241],[80.730990119144806,7.0556798632382334],[80.730983387170056,7.0556456300458601],[80.730978449130944,7.0556361149314322],[80.730978940509402,7.0556122206087268],[80.730978711439008,7.055601069567742],[80.731000210818706,7.0555907155389139],[80.731009646722441,7.0555633496630508],[80.730983387170056,7.0555462584709971],[80.730991079443839,7.0555328412027816],[80.731018522975759,7.0555188070072727],[80.731028229272411,7.0555386672392499],[80.731037305850052,7.0555430392181764],[80.731054749336252,7.055551959695503],[80.731080186930129,7.0555402737453843],[80.731091250581173,7.0555297217993145],[80.731092695970474,7.055528342628925],[80.731097925962047,7.0555233546144311],[80.731098322119109,7.0555221403739177]]]]},"properties":{"OBJECTID":25,"Division":"5","Field_No":"8","Shape_Length":786.7720936476245,"Shape_Area":15550.014229576283}},{"type":"Feature","id":26,"geometry":{"type":"Polygon","coordinates":[[[80.731982460191389,7.0548890677358918],[80.732041135450814,7.0548966625443761],[80.732086326099491,7.0548988324896262],[80.732125685783672,7.0549020882990305],[80.732154112072536,7.0548930456717756],[80.732193836472717,7.0548742382902905],[80.732229186975758,7.0548583238714606],[80.732269276091955,7.0548344535795122],[80.732302075379593,7.0548217940777374],[80.732339248564372,7.0548098584852195],[80.732380795646264,7.0548008167476555],[80.732401203572891,7.0548008167476555],[80.732415781433332,7.0548084124491126],[80.73244129268906,7.0548058805486225],[80.732485025372057,7.0548073265847426],[80.732516002876295,7.054808050494306],[80.732548803062286,7.0548091354671536],[80.732574314318015,7.054820347150172],[80.732596180210365,7.0548210710597221],[80.732621691466107,7.05481817720454],[80.732638820541965,7.0548123903856466],[80.732655584901792,7.0548022636753229],[80.732667975364478,7.0547870731636131],[80.732684011190642,7.0547758605882969],[80.732707335048687,7.0547747756153729],[80.732725557374209,7.0547783924889398],[80.732749610664257,7.0547834562901617],[80.732771112738916,7.0547867112088323],[80.732800267561444,7.0547899661274771],[80.732841085211319,7.0547896041726705],[80.7328786231121,7.054791775009952],[80.732908142650658,7.0547968379194987],[80.732917276720471,7.0548091131793145],[80.732925817902171,7.0548351088424264],[80.732941193466587,7.0548543227559737],[80.732967956973852,7.0548769279883903],[80.732998706306034,7.054902924539233],[80.733014651402314,7.0549385271519807],[80.733012373274732,7.0549758263130133],[80.733006109322275,7.0550255576315415],[80.732999275837926,7.0550888515429433],[80.733000414901667,7.0551544072156185],[80.733012942806639,7.0552080941602719],[80.733059067703238,7.0552713889382099],[80.733102914472227,7.0553284662941813],[80.733155871954878,7.0554284940693934],[80.733198580558422,7.0555036566371783],[80.733211677096946,7.0555584739795654],[80.733216233352081,7.0556132913154634],[80.733195732898977,7.0556726295051959],[80.733177511471766,7.0557020164334769],[80.733170677987374,7.0557099286070581],[80.733151316598068,7.0557421407359584],[80.732997394765704,7.0558132317160949],[80.732992552846312,7.0558107559864016],[80.732978279514768,7.0558151279627959],[80.732958194981663,7.0558219524894463],[80.732888837855199,7.0558294322775472],[80.732844918322641,7.0558406064923336],[80.732821107577706,7.0558094561614615],[80.732830617143307,7.0557735398033046],[80.732847168602433,7.0557416450550479],[80.732857143495337,7.0557127154751749],[80.732874293232427,7.0556602508528234],[80.732883922273942,7.0556416940175612],[80.732878201802237,7.0555946533506759],[80.732850905594034,7.0555740923920967],[80.732798731442315,7.0555474103055547],[80.732765872865841,7.0555368253736983],[80.73273134432128,7.0555091554887781],[80.732698775002348,7.0554980891390429],[80.732659307520336,7.0554988888261105],[80.732632919508859,7.0554983539183755],[80.732606152408309,7.0555069766312313],[80.732587862709138,7.0555188810028646],[80.732578616349912,7.0555636928954719],[80.732570991449791,7.055617917374807],[80.732525752292091,7.055641052128486],[80.732511435841388,7.0556413418700838],[80.732491933416554,7.0556319497842948],[80.732468436183694,7.055607671219402],[80.732440263219743,7.0555808010256191],[80.732432310434547,7.0555654750295576],[80.732417028294918,7.0555342150241023],[80.732388239984999,7.0554899148570192],[80.732384453586107,7.0554789332005958],[80.732393580469378,7.0554435793614969],[80.732385266561408,7.0554181453857803],[80.732380683356851,7.0554093140572007],[80.73237365853133,7.0553878241337236],[80.732358627021682,7.055380584155527],[80.732353814746702,7.0553512391079511],[80.73234738909747,7.0553388568809279],[80.732340073217813,7.0553105192407273],[80.732340472968119,7.055291067312063],[80.732339806418167,7.0552586411885985],[80.732352520274389,7.0552275255875907],[80.732335429826108,7.055194591296944],[80.732325117166639,7.0551630433075792],[80.732295411676816,7.0551241795552002],[80.732295051452368,7.0551066702270093],[80.732299897863356,7.0550926155137796],[80.732299804438554,7.05508807414299],[80.732304411897658,7.0550791946663844],[80.732299451400664,7.0550696349645996],[80.732300128730373,7.0550366890730452],[80.732268419099157,7.055021416549792],[80.73225945750589,7.054998861249195],[80.732250380928249,7.0549855687770648],[80.732244921866283,7.0549633379858037],[80.73222927231572,7.0549630206068521],[80.732186358896271,7.0549713375404046],[80.732184450874598,7.0549717075186695],[80.732178608232019,7.0549732641020029],[80.732177420659198,7.0549732641020029],[80.732173060236818,7.0549743829519818],[80.732171556457033,7.0549743829519818],[80.732169413076761,7.0549749900729513],[80.732167205916085,7.0549754090845171],[80.732165713814425,7.0549755026934706],[80.732165067925735,7.0549757576664405],[80.732163159005736,7.0549769415969168],[80.732161753142307,7.0549774613495622],[80.732160498195867,7.0549780889753642],[80.732142223768051,7.0549829575328422],[80.732134397645311,7.0549844089174591],[80.732129196399811,7.0549852059309011],[80.732123191162131,7.0549855562958941],[80.732118680721086,7.0549855768006884],[80.732116567883551,7.0549862837712283],[80.732115822281855,7.0549863229978484],[80.732115226698809,7.0549866956506548],[80.732114474808938,7.0549866956506548],[80.732113801970783,7.0549869559726943],[80.732111922695182,7.0549881916109616],[80.732110447661512,7.054988484027521],[80.732109774823357,7.0549887728780289],[80.732107368236697,7.054990563929449],[80.732106001000858,7.0549911478710694],[80.73210571174333,7.0549918049168108],[80.732105313789674,7.0549922925748874],[80.732104186403973,7.0549926652276929],[80.732103589922644,7.0549930387720341],[80.73210284611757,7.0549930735410564],[80.732102174177754,7.0549934069672551],[80.732101759156095,7.0549934096417966],[80.732102286467153,7.0549677269089566],[80.732084132413576,7.0549720980017669],[80.732068023823899,7.0549775718972718],[80.732034497799191,7.0549721541671566],[80.732021547686017,7.0549587725428582],[80.732003254393604,7.0549543452845427],[80.731978570486234,7.0549417223381168],[80.731982460191389,7.0548890677358918]]]},"properties":{"OBJECTID":26,"Division":"5","Field_No":"8","Shape_Length":475.97739396533012,"Shape_Area":8181.7985191338666}},{"type":"Feature","id":27,"geometry":{"type":"Polygon","coordinates":[[[80.733144981678663,7.0557450666798074],[80.733149608900717,7.0557506172362476],[80.733150747066162,7.0557653111438974],[80.733182636360439,7.0557958276124459],[80.733216802883973,7.0558122162835941],[80.733241857795548,7.0558319962668437],[80.733289121755902,7.0558551666702787],[80.733335815286068,7.0558817274933903],[80.733366565516548,7.0559111144084143],[80.733400732040081,7.0559518030198944],[80.733410981817457,7.0559794942746574],[80.733408703689889,7.0560037951078725],[80.733409273221781,7.0560399628544888],[80.733417815301806,7.0561269931269841],[80.733433189967911,7.0562185433466116],[80.733444724336167,7.0562657239173951],[80.733405134683295,7.0562700949979673],[80.733396237768702,7.0562746443807782],[80.733379454544263,7.0562827277147653],[80.73337073459777,7.0563182339382076],[80.733342758364898,7.0563325418034379],[80.733328750036364,7.0563281707234635],[80.733305939116335,7.0563189854822621],[80.733275386515217,7.0563196041911116],[80.733270337983328,7.0563147891383871],[80.733257397751643,7.0563014182510431],[80.733243889784717,7.0563011445570352],[80.733220797692027,7.0563089916400434],[80.733189460861652,7.0563014075528905],[80.733157779078226,7.0562750054428927],[80.733113076214721,7.0562701841491187],[80.733099685927129,7.0562656347662438],[80.73308611687473,7.0562612636856343],[80.733068620387968,7.0562523155851515],[80.733041184940845,7.0562478820986234],[80.733036781399349,7.0562121093078423],[80.733009836432402,7.0561726483307385],[80.73300928486681,7.0561458459246529],[80.733018435106288,7.0561363923348237],[80.733049135031123,7.0561243720825564],[80.733076853447528,7.0560709580467833],[80.73308162350169,7.0560515320039663],[80.733086649575711,7.0560418475106133],[80.73308602883985,7.0560116439789375],[80.733095088349472,7.0559853693386634],[80.733095285978834,7.0559757490327835],[80.733094761362736,7.0559502642700842],[80.733101016332057,7.055926036538076],[80.733095103620826,7.0559088865196031],[80.733089603236365,7.05588648905991],[80.73306823411238,7.0558597321043957],[80.733052192896352,7.0558444328629051],[80.733036781399349,7.0558285086708281],[80.733032853066604,7.0558275583187227],[80.7330059512188,7.0558176072585015],[80.732997394765704,7.0558132317160949],[80.733144981678663,7.0557450666798074]]]},"properties":{"OBJECTID":27,"Division":"5","Field_No":"10","Shape_Length":202.47070448009751,"Shape_Area":2062.5042593017924}},{"type":"Feature","id":28,"geometry":{"type":"Polygon","coordinates":[[[80.732518668177747,7.0533663350943314],[80.73249759909109,7.0533567281067828],[80.732478237701741,7.0533369480177734],[80.732428696512159,7.0533307314691491],[80.732348974623946,7.0533386436832641],[80.732277225283909,7.0533493811147912],[80.732164475935946,7.0533663350943314],[80.732088740770976,7.0533776377470021],[80.732015852367141,7.0533742464163005],[80.731990796557213,7.0533567281067828],[80.73196801887488,7.0533324271346274],[80.731946380256346,7.0533069957175147],[80.731931005590255,7.0532730886450077],[80.731903672551098,7.0532301380187503],[80.731874630916266,7.0532097935938856],[80.731825089726669,7.0531837978395187],[80.731760742504548,7.0531391524302984],[80.731708354553817,7.0530854643542451],[80.731669063141609,7.0530492963767966],[80.731608701744406,7.0529888274063799],[80.731573397055428,7.0529232714270602],[80.731571688459738,7.0528876686593565],[80.731581938237156,7.0528571511075988],[80.731610410340053,7.0528435884440279],[80.731673048966542,7.0528345457765722],[80.731736825758432,7.0528498049991786],[80.731791492735027,7.0528571511075988],[80.731830214615385,7.0528514997749534],[80.731863242075093,7.0528187222224998],[80.731880325336874,7.0527932916686646],[80.73191904721719,7.0527672949993789],[80.731978838184162,7.0527559923318108],[80.732018129596369,7.0527384739989101],[80.732049449358783,7.052710217327693],[80.732060838199942,7.0526746136520675],[80.732069379381642,7.0526373151971935],[80.732077921461709,7.0526000158477826],[80.732082240561581,7.0525659535992826],[80.732064167356398,7.0525245621735735],[80.732039143885842,7.0524624750280642],[80.732022279812995,7.0524441400528639],[80.731995703155306,7.0524127104480838],[80.731955300527105,7.0523741754353422],[80.731927839927181,7.0523325958819871],[80.731917476962067,7.0522798990816762],[80.731918340243027,7.0522379058549589],[80.731994358377349,7.0521576183038492],[80.732066159819681,7.0520817009674497],[80.732194795873411,7.0519496250099136],[80.732303704025213,7.0518575265530243],[80.732322362033671,7.0518453831599208],[80.73233575142298,7.0518363725677089],[80.732372241888129,7.0518126233666534],[80.732453777474888,7.0518142753532302],[80.732523919728919,7.05183442637962],[80.732640433017892,7.0518786413104841],[80.732708997830272,7.0519080917774692],[80.732800504716664,7.0519509970588254],[80.732857860350961,7.0519977715314885],[80.732884975099466,7.0520154200543015],[80.732920749607345,7.0520237138612529],[80.732946252778248,7.0520172253815394],[80.732949816395006,7.0520318766147199],[80.732946745055017,7.0520400054902934],[80.732944468724114,7.0520524288154132],[80.732942218444322,7.0520647121716244],[80.732934289015304,7.0521079981172345],[80.732902257787231,7.0521777559424699],[80.732888021286598,7.0522024813383757],[80.732848872706526,7.0522166092439162],[80.732777692898338,7.0522263223459136],[80.732726087380229,7.0522351528436689],[80.732688717464399,7.0522651756432628],[80.732646009759151,7.0522969636487076],[80.732621986113514,7.0523305186426919],[80.732612198968496,7.0523737867330878],[80.732620206550934,7.0524382471135425],[80.732633552821113,7.052504473583558],[80.732667529800139,7.0525880293814156],[80.732717578537859,7.0526680529684578],[80.732766236683531,7.0527260007671462],[80.732835749218523,7.0527742907424376],[80.732856602709546,7.0528156830373545],[80.732856875797395,7.052818072305806],[80.732857770519416,7.0528258927023186],[80.73286755766442,7.0528514997749534],[80.732841754456203,7.0528665111550124],[80.732799046750984,7.0528771077376469],[80.732773243542752,7.0528885869228448],[80.732740322982522,7.0529318549610931],[80.732725197149762,7.0529821864906195],[80.732723417587223,7.0530245719176277],[80.732707402422335,7.0530907983037912],[80.732713630442177,7.0531534924884154],[80.732673591631638,7.0531685038587035],[80.732620206550934,7.0531870474203027],[80.732597962467878,7.0531967605019572],[80.732556100975629,7.0532931388664268],[80.732518668177747,7.0533663350943314]]]},"properties":{"OBJECTID":28,"Division":"5","Field_No":"11","Shape_Length":595.93550550285215,"Shape_Area":14865.639659726376}},{"type":"Feature","id":29,"geometry":{"type":"Polygon","coordinates":[[[80.732160014902263,7.0519533328405375],[80.732107962921418,7.0520008659962263],[80.731902693387426,7.0522142832702457],[80.7318897019518,7.0522408665901581],[80.73189124974904,7.0523161660778193],[80.731914782914529,7.0523701618171071],[80.73194875540193,7.0524170539279298],[80.731977052333406,7.052437878024751],[80.731999030515112,7.0524673106258353],[80.73203081380818,7.0525244596489278],[80.732043860939399,7.0525775879163781],[80.732043156660211,7.0526118471896311],[80.731989885665527,7.0525965433832303],[80.731985371631254,7.0525232908679802],[80.731979559531368,7.0525120907191168],[80.731872951964988,7.0524653929689762],[80.731765324810809,7.0524165448706873],[80.731760711063515,7.0524117779193363],[80.731746423358913,7.0524024784860186],[80.731712229885929,7.0523914628786493],[80.731597227563284,7.0523385146766735],[80.73156174410957,7.0522909958199564],[80.731510363170258,7.0522104666763559],[80.731460947744793,7.0520949043709704],[80.731455173374144,7.0520772406953718],[80.73144508349688,7.0520479765667421],[80.731409862351214,7.0519993602195061],[80.731350454066529,7.0519309797654852],[80.73131534071868,7.0518778121969756],[80.731267270969539,7.0517956354525033],[80.731261965519451,7.0517471626135357],[80.731256843325696,7.0517273218324057],[80.731234890296804,7.0516850165235061],[80.731185491041003,7.0516312792452389],[80.731166279670347,7.0516055517499083],[80.731157202194382,7.0515777799967063],[80.731165992209455,7.0515180614944892],[80.731157999898372,7.0514482063941646],[80.731128736379659,7.0513478229338196],[80.731122676344768,7.0512914930733359],[80.731141086418191,7.0512560158846425],[80.731171097335221,7.0512364826572602],[80.731209902758835,7.0512201303765556],[80.731265649510448,7.0512066389867343],[80.731279885112755,7.0511850837871561],[80.731288579008051,7.0511940667548885],[80.73130399409834,7.0511990325279674],[80.731367861620086,7.051197738039197],[80.731392398203781,7.0512076187685251],[80.731405528878284,7.0512073530951893],[80.731439312719502,7.0512209568166808],[80.731473145968039,7.0512342039292912],[80.731544109282211,7.0512646841440718],[80.73156741337732,7.051283358835513],[80.731590709387575,7.0513016938567041],[80.731607192574714,7.0513187254735197],[80.731620262163787,7.0513250196114701],[80.731628555410495,7.0514092005781626],[80.731615466956811,7.0514310045016204],[80.731607813310575,7.051463918554945],[80.731603075595785,7.0515127462487541],[80.731611457775713,7.0515557861863094],[80.731627128885833,7.0515915932146171],[80.731688355360632,7.0516440377929728],[80.731763794979884,7.0516968434310758],[80.731833767452301,7.0517460330575172],[80.732160014902263,7.0519533328405375]]]},"properties":{"OBJECTID":29,"Division":"5","Field_No":"13B","Shape_Length":453.97366687308454,"Shape_Area":7731.6758447856955}},{"type":"Feature","id":30,"geometry":{"type":"Polygon","coordinates":[[[80.732160001427545,7.0519537411565851],[80.732066084361193,7.0518936491559918],[80.731833767452301,7.0517460330575172],[80.731763794979884,7.0516968434310758],[80.731688355360632,7.0516440377929728],[80.731627128885833,7.0515915932146171],[80.731611457775713,7.0515557861863094],[80.731603075595785,7.0515127462487541],[80.731607813310575,7.051463918554945],[80.731615466956811,7.0514310045016204],[80.731628555410495,7.0514092005781626],[80.73164115877394,7.0514027557743351],[80.731667649193355,7.0513849298155646],[80.731698360796287,7.0513701385931196],[80.731775511706132,7.0513626471432227],[80.731787582368582,7.0513501756574941],[80.731803352293412,7.0513504948219587],[80.731825087930034,7.0513500553021498],[80.731868458591933,7.051327875153067],[80.731909551126307,7.0513127175136878],[80.731939675231033,7.0513030133077654],[80.73189517628515,7.0512339177509711],[80.731886521017373,7.0512074413557855],[80.731881937812787,7.0511986090554064],[80.731876291002905,7.051169893156799],[80.73187759266176,7.0511065621573943],[80.731891014390428,7.0510737149427909],[80.731904403779737,7.0510352056727843],[80.731877444439732,7.0510246491664867],[80.731868548423492,7.0510169687084128],[80.731894602261661,7.0510000110767947],[80.731905956966841,7.0509767780239132],[80.731927742010825,7.0509662857058402],[80.7319567584928,7.0509467604899436],[80.731943330475929,7.0509138945420249],[80.731930663332122,7.0508894846760741],[80.731851735554613,7.0508910831746272],[80.73181671473327,7.0509051852660356],[80.731793314518441,7.0509640809728147],[80.731783177030465,7.0509487316443558],[80.731769024073159,7.0509280028733885],[80.731729711101394,7.0509090696263241],[80.731631035658978,7.0509040218301378],[80.731589885632474,7.0509099914598332],[80.731565140639631,7.0509184002929182],[80.731523446234036,7.0509397228177342],[80.731487475893431,7.0509696984506816],[80.731466687979434,7.0509911778809489],[80.73144053532657,7.0510262013054659],[80.731421562009487,7.0510650252832789],[80.731405478572611,7.0510646989864467],[80.731395267422769,7.0510438052891899],[80.731398026149023,7.0509096179122102],[80.731387313739262,7.0508994001813079],[80.731364711228395,7.050899858423489],[80.731337871364317,7.0509179197626946],[80.73130323502194,7.0509758410347043],[80.731270550718634,7.0510070157617797],[80.731233187989332,7.0510160575734124],[80.731205690558483,7.0510155003724577],[80.731216102032647,7.0509751706104176],[80.731241102146996,7.0509139836942065],[80.731248486298625,7.0508997550069772],[80.731253121605491,7.0508855753529858],[80.731262324845545,7.0508678385264991],[80.731275535470132,7.0508552386482801],[80.731289553680142,7.0508407540924365],[80.73130002354479,7.0508193317126056],[80.731308527895564,7.0508029428647587],[80.731342070089951,7.0507964418866234],[80.731368777901693,7.0507560015567989],[80.731397660534697,7.0507372029225133],[80.731420552303078,7.0507298291433305],[80.731452881771844,7.0507304835205353],[80.731469255364544,7.0507301518743155],[80.731565748799085,7.0506938999098683],[80.73160176675043,7.0506946300665234],[80.731652784770333,7.0507302552908779],[80.731675340568799,7.0507346264236874],[80.731713209947941,7.0507442611028113],[80.731746315561097,7.0507611911066057],[80.731751635384214,7.0507882416674557],[80.731765751510565,7.0508067104365431],[80.731809727637014,7.0508058189145721],[80.731842110106342,7.0508197284398699],[80.731890969474676,7.0508187379590117],[80.731928508273754,7.0508194984271935],[80.732000888231155,7.0508299987723122],[80.732055638751078,7.050861301888367],[80.732090611063413,7.0508848353898905],[80.732131853616423,7.0509192053370189],[80.73215703968205,7.0509313353815761],[80.732217740642412,7.0509460258760583],[80.732306163612435,7.0509874860899897],[80.732324821620921,7.050997028045602],[80.732358623428397,7.0510241151450712],[80.732383784341209,7.0510755987275822],[80.732399896524143,7.0511412120257893],[80.732407642696856,7.0512119907883406],[80.732417489130668,7.0512457669581474],[80.732416191065099,7.0512565071127637],[80.732398746680602,7.0512475856611827],[80.732391961705247,7.0512454005429817],[80.732396365246757,7.0512588705351504],[80.73241681180096,7.0512654579843748],[80.732416382406242,7.0512863802002901],[80.732421667195069,7.0513171412407347],[80.732434718817828,7.0513234273550349],[80.732429934390623,7.0513373029869806],[80.732430298208314,7.0513549978940233],[80.732460014477894,7.0513743394394259],[80.732489507067001,7.0514048125128435],[80.732489598695139,7.0514049070140432],[80.732491556124145,7.0514089126169628],[80.732506493310723,7.0514394766232149],[80.732518175900964,7.0514565857972844],[80.732538035855271,7.0514661509227281],[80.732554363633881,7.051474500905349],[80.732563924403451,7.0515037481313403],[80.732578474416115,7.051510755483271],[80.732596595232025,7.0515244055548703],[80.732601314980514,7.0515243101621863],[80.732615676346981,7.0515240195264708],[80.732667297136459,7.0515108856452571],[80.732700230273068,7.051506384357789],[80.732717673759268,7.0515153058043705],[80.73274942022141,7.0515197054584222],[80.732758287491578,7.0515288676152981],[80.732788018134215,7.0515282649473985],[80.732832836880377,7.0515373780705151],[80.732866039511592,7.0515419792079861],[80.732870472697542,7.0515555428012071],[80.732892738340155,7.0515550916918395],[80.732900995654234,7.0515636235430161],[80.732937930785468,7.0515687426536644],[80.732951321073102,7.051573292082657],[80.732964890125459,7.0515776632075529],[80.732973787040052,7.0515822135279533],[80.733005929659228,7.0515912134268852],[80.733030970197746,7.0515907061517717],[80.73303669156779,7.0515732029306273],[80.733064355186968,7.0515688318057181],[80.733067542409614,7.0515699132200726],[80.733067993363889,7.0515704285188994],[80.733072976318766,7.0515733946075185],[80.733073634783864,7.0515736299689218],[80.733075814995047,7.0515736299689218],[80.733076459087101,7.0515734347259542],[80.733076826498092,7.0515730700940873],[80.733090614739368,7.0515777541426132],[80.733095148536606,7.051577662316018],[80.733105761233361,7.05157787806397],[80.733129374348934,7.0515826789016511],[80.733130452327273,7.0515832138139016],[80.733131143131715,7.0515833653723954],[80.733133178714169,7.0515834527414185],[80.733133310766519,7.0515834580905263],[80.733133941383841,7.0515836078659762],[80.733141789964492,7.0515854711437091],[80.733142509515019,7.0515855282010147],[80.733143387169051,7.0515855282010147],[80.733163531889303,7.051589623845933],[80.733216504643266,7.0515960499252506],[80.733233293257626,7.0515957102559668],[80.73330618884799,7.05159343509583],[80.733309058067022,7.0515938211241664],[80.733316559897943,7.0515938211241664],[80.733327665769806,7.051599501000827],[80.733327665769806,7.0516001197160119],[80.733328028689201,7.0516012011302518],[80.733328412269813,7.0516017529813988],[80.733329118345594,7.0516017725948492],[80.733329501926235,7.051602114047177],[80.733330208900384,7.0516021336606274],[80.733330479293272,7.0516027434605775],[80.733331661476186,7.0516037865394905],[80.733331894139837,7.0516042768757199],[80.733332257957528,7.0516046379414856],[80.733332752030933,7.0516058004840927],[80.733333114950327,7.0516061615498584],[80.733333197595314,7.0516075220100127],[80.733333841687369,7.0516083243783765],[80.733333923434074,7.0516089644900433],[80.733334262997246,7.0516093826130897],[80.733334863071875,7.0516096848384917],[80.733335710183169,7.0516107929983844],[80.733336360563442,7.0516111157287593],[80.733337066639251,7.0516112334094476],[80.733338410518911,7.0516117727792844],[80.733339134561035,7.0516115757532987],[80.733346722630259,7.0516271711193914],[80.733328568576653,7.0516537580391194],[80.733285490765525,7.0516641834776079],[80.733240479779909,7.0516527318992299],[80.73319637160111,7.0516536252025661],[80.733153323434408,7.0516894999788375],[80.733144617860987,7.0517249494972143],[80.733140035554726,7.0517427023382773],[80.733135632013202,7.0517606334826466],[80.733129430942782,7.0517786172260255],[80.733097818329625,7.0518395374635912],[80.733063650907795,7.0518675962704656],[80.732973133964819,7.0519531375977227],[80.732936880654904,7.0519798163252689],[80.73290107021441,7.0519790906282083],[80.732804747459753,7.0519200087228775],[80.732736187138954,7.0518824320530422],[80.732633596838568,7.051833022235642],[80.732537946023754,7.0518052389063284],[80.73246165120834,7.0517828465972512],[80.732402358806354,7.0517784754743262],[80.732361418985576,7.0517888911033104],[80.732335209738849,7.0518046701165646],[80.732297727533634,7.0518291842421279],[80.73223794734642,7.0518747150568952],[80.732160001427545,7.0519537411565851]]]},"properties":{"OBJECTID":30,"Division":"5","Field_No":"13A","Shape_Length":795.1687940318418,"Shape_Area":11977.464270981001}},{"type":"Feature","id":31,"geometry":{"type":"Polygon","coordinates":[[[80.731062352676815,7.0513645380590342],[80.730989150760948,7.0513335532499406],[80.730952136577969,7.0512917337839989],[80.730935053316202,7.0512510438715195],[80.73092423400692,7.0512261775645229],[80.730939609571323,7.051156666547354],[80.730920248182002,7.0511380168133941],[80.730905443047817,7.0511046739151446],[80.730910567936519,7.0510639839862277],[80.7309213872458,7.0510379881114194],[80.730981747744664,7.0510662448846428],[80.73105349708473,7.0510837641723079],[80.731125954297255,7.0511401101054325],[80.731147677357427,7.0511413956791591],[80.731134468529504,7.0511655255941745],[80.731109618433791,7.0511875666737467],[80.731095546324866,7.0511939784942799],[80.731071908056478,7.0512132317858169],[80.731053327303158,7.0512801930443052],[80.731062352676815,7.0513645380590342]]]},"properties":{"OBJECTID":31,"Division":"5","Field_No":"13B","Shape_Length":103.45955833249226,"Shape_Area":511.36906856644072}},{"type":"Feature","id":32,"geometry":{"type":"Polygon","coordinates":[[[80.73064748642409,7.0502597979501029],[80.73069186050418,7.0502552904097655],[80.730693530472294,7.050255165596556],[80.730695732243035,7.0502574398717481],[80.73072944152409,7.0502655981986972],[80.730798016217918,7.0502967221567916],[80.730814633254056,7.050307904528772],[80.730853128758909,7.0503264446388449],[80.730870922588082,7.0503355444127287],[80.730905004669964,7.0503519591312456],[80.730972500487141,7.0503682936121663],[80.731019242526315,7.050382335095942],[80.731062505390398,7.0503907189759722],[80.731082147952392,7.0503957168524503],[80.73110820358724,7.0504020217012489],[80.731172011820163,7.0504314009402842],[80.731197162851501,7.0504374873655324],[80.731243209594652,7.0504572649038142],[80.731248396467095,7.0504626238462356],[80.731289649799905,7.050477841245451],[80.73130714987991,7.0504896173671066],[80.731328339340862,7.050542949135072],[80.731349863873376,7.0505781847758149],[80.731392719800638,7.0506326077568628],[80.731343854144129,7.0506532001381519],[80.731338350166368,7.0506588871585043],[80.731331079202462,7.0506658214184004],[80.731297206428053,7.0506811003259564],[80.731256788528484,7.050667366426385],[80.731208734050682,7.0506683399686523],[80.731186652562656,7.0506570479481177],[80.731181088397804,7.0506231139359565],[80.731174313303924,7.0506100575916539],[80.731133605248488,7.05058606850824],[80.731116611818265,7.0505778843327569],[80.731091133800192,7.0505696769775827],[80.731070781569116,7.0505627614382149],[80.731055997096163,7.0505780367831044],[80.731050785070892,7.0506098213382193],[80.731032567236923,7.0506682169386012],[80.73101609303292,7.0506839300173789],[80.730969453401684,7.0506720638569425],[80.730970417294003,7.0506251555220478],[80.730886488595317,7.050567689774117],[80.73086763924573,7.050548214466696],[80.730822998365994,7.0505096445294413],[80.730794133699263,7.0504798195340639],[80.7307848855434,7.050460896966972],[80.730726322573432,7.0504050395056748],[80.730707388782179,7.0503796837072157],[80.730667458667796,7.0503502991157392],[80.730650532611207,7.0503328110036421],[80.73065107878692,7.0503062632351048],[80.730636378755591,7.0502636279329067],[80.73064748642409,7.0502597979501029]]]},"properties":{"OBJECTID":32,"Division":"5","Field_No":"13A","Shape_Length":225.04724006316752,"Shape_Area":1720.1099734352492}},{"type":"Feature","id":33,"geometry":{"type":"Polygon","coordinates":[[[80.729301269342656,7.0501685915719206],[80.729302838699482,7.0501681404611922],[80.72932775167726,7.0501637693230395],[80.729334291412528,7.0501771510858706],[80.729354645440225,7.05018370823867],[80.729363074332525,7.0502094937619608],[80.729356757379463,7.0502216666182091],[80.729352353837925,7.0502306772418315],[80.729345479031068,7.0502372343938804],[80.729338874617085,7.050244059002754],[80.729334291412528,7.0502484301401562],[80.729329887870975,7.0502621738588891],[80.729350062235639,7.0502617655413529],[80.729359614920369,7.0502619590018352],[80.729392702567225,7.0502752819213388],[80.72945212073337,7.050285880346304],[80.729485704250294,7.0503111782008956],[80.729513345411576,7.0503106174330004],[80.729528592516886,7.0503157980725462],[80.729584463235994,7.0503494334470735],[80.729590403794958,7.0503555715817292],[80.729603973745654,7.0503599427180754],[80.729608376388867,7.0503734136275291],[80.729637422515239,7.0504077622160617],[80.729644566816688,7.0504368570590321],[80.729665299933473,7.0504768106453684],[80.72967299041062,7.0505159163903528],[80.729666007805918,7.0505361673237035],[80.72966697349483,7.0505831273759059],[80.729657796305872,7.0506186750464037],[80.729663656016484,7.0506869995282475],[80.72965330922105,7.0507123241066241],[80.729648673914198,7.05072650376587],[80.729638977499022,7.0507451891772943],[80.729630027583838,7.0508178954707743],[80.729641131659051,7.0508392928880737],[80.72966712351348,7.0508476660615553],[80.729666429115781,7.0508814431494358],[80.72968035749426,7.0508996658547831],[80.729684761035784,7.0509086755737034],[80.729704046966603,7.0509339074216966],[80.729716303580346,7.0509398101868461],[80.729729692969642,7.0509488207965374],[80.729759234966082,7.0509535948950663],[80.729786172746515,7.0509530492838106],[80.729797090870477,7.0509085864215466],[80.729801674075063,7.0508997550069772],[80.72981325695234,7.0508706031356692],[80.729828543583508,7.0508238365728673],[80.729875573981928,7.0507670038302521],[80.729891583756881,7.0507592930561733],[80.729908791884483,7.050715980238845],[80.72991171320578,7.0506833754905962],[80.729906784149819,7.0506880764870647],[80.729889337070389,7.0507414510252335],[80.72988246226349,7.0507480081700562],[80.72987805872198,7.0507525576071144],[80.729864489669637,7.0507613899160049],[80.729840854994507,7.0507858095954807],[80.729833126788108,7.0508016234122728],[80.729815443451741,7.0508184901159039],[80.72979631831933,7.0508632142027468],[80.729783611649637,7.0508818238292497],[80.729778653847575,7.0508969903979475],[80.729768486715201,7.0509041261381844],[80.729788194854223,7.0508506892122016],[80.72979224266291,7.0508373074688349],[80.729765728887273,7.050855149496086],[80.729751884052106,7.0508595206277249],[80.729752299972091,7.0508393089354859],[80.729727624149561,7.0508519284276128],[80.729712305179021,7.0508440946249475],[80.729723088555673,7.0508128191448725],[80.729729776512968,7.0507923596074775],[80.729739019278952,7.0507835433465713],[80.729747666461876,7.050765850200742],[80.729765110846358,7.050740302744793],[80.729788194854223,7.0507347155759073],[80.729824301738759,7.0507201766334564],[80.729823762749589,7.0506939462690479],[80.729815064362711,7.050685649763663],[80.729810660821158,7.0506498765432148],[80.729806077616573,7.050627663374236],[80.729801674075063,7.050596350435649],[80.729796471931238,7.0505863252666714],[80.729797196871687,7.0505510905181001],[80.729806167448118,7.0505250714349108],[80.729812337975815,7.0504999447643106],[80.729842113534204,7.0504715453129307],[80.729846516177417,7.0504669958731245],[80.729851471284533,7.0504622690202474],[80.729915172617936,7.0504635599449896],[80.729922900824334,7.0504715453129307],[80.729928042781012,7.0504764495787251],[80.729968462477217,7.0504756311609897],[80.729979111106616,7.0504646279890935],[80.729990214283518,7.0504761001018705],[80.730003823760057,7.0504758246213708],[80.730024043040501,7.0504762338302642],[80.730044666562804,7.0504758165976709],[80.730055495753547,7.0504646279890935],[80.730062189999046,7.0504715453129307],[80.73008260960377,7.050475916448196],[80.730089149339037,7.0504625346940024],[80.730100607350479,7.0504516064096912],[80.730137798501545,7.0504131782165151],[80.730156907464263,7.0504135660289133],[80.730165533985968,7.0504224794728509],[80.730179103936621,7.0504313117880386],[80.730222478191806,7.0504604993478548],[80.730228438513706,7.0504853621299057],[80.730214959292866,7.050498218776684],[80.730208353980601,7.0505050433817162],[80.730192394511263,7.050520266128653],[80.730192629869848,7.0505317177350317],[80.730192481647833,7.0505389105383385],[80.73018350657982,7.0505562060738418],[80.730179103936621,7.0505652157994279],[80.730161036121331,7.0505739179496398],[80.730161357718202,7.0505895650589805],[80.730188529060598,7.0506052718997614],[80.730206329177946,7.0505961685650949],[80.73021789498722,7.0505725013205467],[80.73024131586331,7.0505612217790077],[80.730258324564915,7.050549775522474],[80.730247935548647,7.0504589721696398],[80.730286940398287,7.0504269397608192],[80.730294582366398,7.0504190435443856],[80.73032457891037,7.050413230816388],[80.730341375609569,7.0504135704864987],[80.730361033442918,7.0503932598157926],[80.730367728586728,7.0504001771407241],[80.730376350616837,7.0504084005463383],[80.730390194553664,7.0504269397608192],[80.730395027489877,7.0504315498245926],[80.730403673774504,7.0504492429831958],[80.730413170763697,7.0504616672424953],[80.730413295629518,7.0504620398989406],[80.730413753770307,7.0504627049748194],[80.730414257725172,7.0504630892210525],[80.730417243725199,7.0504669958731245],[80.730421646368399,7.0504760056004665],[80.730430722946011,7.0504892982020326],[80.73044064573665,7.0505043230314985],[80.73045316915001,7.0505299489544413],[80.730472714693988,7.0505485906891527],[80.730498596953936,7.0505654368969974],[80.730507017761425,7.0505741372641388],[80.730525497005118,7.0505917635531183],[80.730542962949187,7.0506305331845143],[80.730526422269861,7.0507035336983099],[80.73053609083729,7.0507315765266245],[80.730533252160996,7.050732943229991],[80.730532462541859,7.0507329530367224],[80.730531920857729,7.0507334656619367],[80.730530867133893,7.0507334745771715],[80.730530118837251,7.0507342163235265],[80.730529185487711,7.0507345149834375],[80.730528157814987,7.0507345880882584],[80.730526351302956,7.0507353307261358],[80.730525920111631,7.0507360903029603],[80.730524527722949,7.0507371155533756],[80.73052450077347,7.0507371583464282],[80.730523998615226,7.0507379482349704],[80.730523797392607,7.0507389155364422],[80.730523403930519,7.0507397651569832],[80.730522411292128,7.050740881342624],[80.730521307262649,7.0507419119421471],[80.73051965615916,7.0507430254532339],[80.730515969473231,7.0507467769780643],[80.730515497857695,7.0507476560188254],[80.730515474501502,7.0507477005949486],[80.730514206080343,7.0507492161824459],[80.730513367053845,7.0507507906104081],[80.730512360042397,7.050751891640159],[80.730512360042397,7.0507529409616092],[80.730510244509929,7.0507576481979957],[80.730510221153708,7.0507586886042244],[80.730509715402206,7.0507595302010282],[80.730509715402206,7.0507605804140008],[80.730509186294526,7.050761413095608],[80.730509099157928,7.0507624276476415],[80.730508657186832,7.0507632959901363],[80.730508657186832,7.0507706456977113],[80.730508128079109,7.0507714783792546],[80.730508032857685,7.0507725063041473],[80.730507598971414,7.050773454883589],[80.730507536089362,7.0507807787368675],[80.730506787792706,7.0507825715875905],[80.730506540756011,7.0507835201670073],[80.730506540756011,7.0507845703799292],[80.730506040394388,7.0507854146512354],[80.730505416963595,7.0507874125520136],[80.73050389611582,7.0507956707201114],[80.730503990438905,7.0507977524239127],[80.730508096638076,7.0508074156304117],[80.730509715402206,7.0508101178333966],[80.730510748464809,7.0508152681556417],[80.73051071343049,7.0508173614491296],[80.730510264272866,7.0508204799928418],[80.730509360567694,7.0508223709108417],[80.73050838769224,7.0508253530516445],[80.730506540756011,7.0508291206232512],[80.730506547044214,7.0508383879933465],[80.730497757029141,7.0508553260174045],[80.730484596710241,7.050855059452382],[80.730477487443082,7.0508552038789016],[80.73044883567708,7.0508744848216969],[80.730390872781697,7.0508871150111494],[80.730327625995827,7.0508858338942959],[80.730313008609528,7.0509054081464964],[80.730313910518049,7.0509492665573577],[80.730327378959132,7.0509621124930071],[80.730354075991031,7.0510047931985262],[80.730358741840618,7.051038991073117],[80.730345262619778,7.0510780860723683],[80.730340859078282,7.051126353931469],[80.730372310892989,7.0511985199032621],[80.730376714434513,7.0512298328011891],[80.730394272006762,7.0512728032263734],[80.730403094361151,7.0512997922424097],[80.730408167147559,7.0513773822000996],[80.73038120151935,7.0514168730060485],[80.730381491675189,7.0514310018270798],[80.730394191158382,7.051443114027796],[80.730418201329272,7.0514731778886945],[80.730426371506809,7.0514981725614279],[80.730435399575398,7.051515569694458],[80.730454115076029,7.0515245838590177],[80.730489364967767,7.0515331139277224],[80.73049803101533,7.0515420683600532],[80.73050707884687,7.0515506982787359],[80.730513044558649,7.051593122172136],[80.730530762031009,7.0516100200502025],[80.730581285079239,7.0516241666957242],[80.730646790229741,7.0516312319946506],[80.730659786156949,7.05164466007417],[80.73066539613589,7.0516500100876804],[80.730717396912766,7.0516489572021763],[80.730770074120997,7.0516022540158954],[80.730781102737765,7.0515216650206547],[80.730757155448899,7.0515101314188628],[80.730731677430825,7.0515019240801768],[80.730704808820676,7.0514785715887012],[80.73072278141457,7.0514439377929348],[80.730731587599294,7.0514259165926854],[80.73074170891762,7.0514064136841945],[80.730759063470572,7.0513809964256255],[80.73077684831658,7.051372568878997],[80.730787143908046,7.05140406630992],[80.73083907012473,7.0514332921438569],[80.730845938643412,7.0514543052873151],[80.730825100423729,7.0514884175427097],[80.730809675452008,7.0515272414818089],[80.730801880770301,7.0515984588134364],[80.730794043867746,7.0516288177575221],[80.730775711049418,7.0516641451422171],[80.730750572594516,7.0516881225800425],[80.730708182892883,7.0517047200123164],[80.730566452995546,7.0517018484256599],[80.73048397597438,7.0516925480865842],[80.730441968056738,7.0516818614332868],[80.730339735285824,7.0516471233448419],[80.730227857303731,7.0516271675533151],[80.730125127764452,7.0516669855259018],[80.729967922589736,7.0517427914902679],[80.729911914428399,7.0517628729811701],[80.729878135078778,7.0517737539839791],[80.729873565348953,7.0517784754743262],[80.729816384886163,7.0518060145287587],[80.729750135032262,7.0518420738378618],[80.729722887333068,7.0518551961198979],[80.729687903342636,7.0518664667147526],[80.729632711749886,7.0518720574360634],[80.729582622587969,7.0518518876894376],[80.729514996515078,7.0518132233596562],[80.729480301782161,7.0517854195241858],[80.729460690661185,7.0517651570557023],[80.729405013978209,7.0517323464401098],[80.729367920743499,7.0517178226848332],[80.729318042685648,7.0517017548160457],[80.729267150429862,7.051689438463959],[80.729252906742715,7.0516798537296443],[80.729236972426207,7.0516472481577077],[80.729226543884067,7.0516041663271709],[80.729238383679515,7.0515928743294864],[80.729274245323978,7.0515813211159877],[80.729311232557507,7.0515723702504838],[80.729358158751296,7.0515733206113289],[80.729413343157532,7.0515826646373085],[80.729419661907215,7.05159559435831],[80.729425667144909,7.0516071671849021],[80.729475824578785,7.0516193061266286],[80.729499927276166,7.0516442098563878],[80.729536664778038,7.0516712452098487],[80.72954988079249,7.0516848997343393],[80.729559421799152,7.0516847062744423],[80.729567937828023,7.0516664381324414],[80.729545792559648,7.0516453153416121],[80.729532581935061,7.0516182853357838],[80.729525602923644,7.0516116283529939],[80.729487898834535,7.0515968647749379],[80.729462898720172,7.0515590099244632],[80.729421251026949,7.0515455934322269],[80.729410316733308,7.0515232180495016],[80.729400584385516,7.0514835890669119],[80.729379223346413,7.0514573186272731],[80.729373329499822,7.0514392894038451],[80.729335611935994,7.0514115327965721],[80.729343709349962,7.0513801673112138],[80.729343230547912,7.0513569128809088],[80.729343533280172,7.0513421894131456],[80.729415168534175,7.0513502665926318],[80.729482657164837,7.0513546377196015],[80.729489351410351,7.0513683377209864],[80.729514738698583,7.051367823313428],[80.729531791417614,7.0513502024030972],[80.729566717915858,7.0513458063135177],[80.729595918552477,7.0513678019169337],[80.729652748672322,7.0513728193963781],[80.729680682684403,7.0513952037015901],[80.72969833098648,7.0514037034609576],[80.729730803287353,7.0514203098186057],[80.729757026008784,7.0514305774631998],[80.729765639055756,7.0514394766232149],[80.729772513862613,7.0514460337581646],[80.729779118276582,7.0514528583491893],[80.72979910309671,7.0514658656361338],[80.729848381079947,7.0514754156055606],[80.729859996296554,7.0514930035248629],[80.729884396336317,7.0515018349281346],[80.729950719852042,7.0514769178178964],[80.730008362048892,7.0514707003527644],[80.730021751438201,7.0514614294292004],[80.730012299364788,7.0514524143719104],[80.729840469617244,7.0514558957602338],[80.729828863383773,7.0514439039151418],[80.729804243256766,7.0514379458821175],[80.729792688227263,7.0514260066362997],[80.729779118276582,7.0514171743400551],[80.729761235514218,7.0514037034609576],[80.729751376503984,7.0513989552211402],[80.729712236907048,7.0513726179126408],[80.729697526994272,7.0513678785877278],[80.72968035749426,7.0513590988901225],[80.729656278153058,7.0513475010947637],[80.72961400433411,7.0513372708922191],[80.729573984388182,7.0513236725232966],[80.729522390548155,7.051314582575559],[80.729496136385691,7.0513235040258424],[80.729477106474718,7.051327875153067],[80.72944221770571,7.0513100331440217],[80.729419661907215,7.0513056620166319],[80.729413653974589,7.0512994534644315],[80.729391419773009,7.0513108248146663],[80.729332177676653,7.0513096239359045],[80.729325394497948,7.0513235040258424],[80.729320548985299,7.0513323354323463],[80.729307705771703,7.0513190651430069],[80.729284866105587,7.051310122296127],[80.729271404851062,7.0513010635513611],[80.729257644457547,7.0513378263097479],[80.72924868735582,7.0513550870461286],[80.729203089770323,7.0513541625389564],[80.729179922219146,7.051330225202264],[80.729152271176389,7.0513213180164502],[80.729137340278072,7.0513058902460095],[80.729127603438684,7.0513012008455886],[80.72911870742243,7.0512966514139244],[80.729109630844789,7.0512922802864075],[80.729105227303293,7.0512877299631196],[80.729096061792433,7.0512789877078816],[80.729086934909162,7.0512603121247146],[80.729064811200303,7.0512392107119082],[80.729060295369393,7.051220823088503],[80.72904203441631,7.0511983647785783],[80.729033336029417,7.0511717573277464],[80.729028393498709,7.0511622323146437],[80.729019766977018,7.0511540044648395],[80.7290142629993,7.0511315898362197],[80.72899390897156,7.0511049609850387],[80.728988236110553,7.0510818616656135],[80.728953009575022,7.0510482628966376],[80.728945763763932,7.051033436894115],[80.728937761571387,7.0510180153547246],[80.728898969622463,7.0510104971535004],[80.728894046854705,7.0509754942327731],[80.728889463650134,7.0509577413623346],[80.728883462005697,7.0509333002953971],[80.728866158656714,7.0509167964452955],[80.728809766016411,7.0509179393761698],[80.728799950125335,7.0508779688889511],[80.72879501298452,7.0508078453439591],[80.728779914999535,7.0507857338161317],[80.728756435732976,7.0507633405662213],[80.728749935523581,7.0507236990373361],[80.728723215135446,7.0507079529735854],[80.728712757847219,7.0506921186485769],[80.728682936474712,7.0506636755243903],[80.72867821313298,7.0506540096403345],[80.728647319172026,7.0506245430462204],[80.728642427845301,7.0505664273784028],[80.728673880558347,7.0505562952260616],[80.728688320078234,7.0505513882865785],[80.728709496962736,7.0505295067592781],[80.728725928945906,7.0505250714349108],[80.728759161221532,7.0505384531873094],[80.728795196240824,7.0505428243219388],[80.728799599782377,7.0505473737610069],[80.728813169733058,7.0505517457870814],[80.728817572376272,7.0505562952260616],[80.7288358656687,7.0505607225264617],[80.728848695407592,7.050573978573162],[80.728858101666944,7.0505785083984369],[80.72887144614046,7.0505853330022852],[80.728887330151338,7.0505929831557292],[80.72889845039623,7.0506098213382193],[80.728903033600801,7.050614192472187],[80.72890743714234,7.050627663374236],[80.728928192716964,7.0506411726113836],[80.728958154226632,7.0506405654847022],[80.728974835043161,7.0506320345080509],[80.728992897468572,7.050627663374236],[80.729002140234542,7.0506229365230384],[80.729019941250186,7.050623297589568],[80.729028753723142,7.050614192472187],[80.729036002229151,7.0506072787165381],[80.729055802894649,7.050600899874234],[80.729062407308604,7.0505873852867831],[80.729069371947006,7.0505739634172846],[80.729069190487323,7.0505651284302395],[80.72907606709083,7.0505585703912992],[80.729084873275553,7.0505494706218181],[80.729091748082439,7.0505429134741968],[80.729096151623935,7.0505339037481525],[80.729105227303293,7.0505206111478715],[80.729109630844789,7.0504869909416383],[80.729082671504798,7.0504804658879516],[80.729078268861599,7.050475916448196],[80.728983558582883,7.0504715453129307],[80.728974924874663,7.0504804658879516],[80.728956599242878,7.0504848379146363],[80.728947965534687,7.050475916448196],[80.728934396482316,7.0504715453129307],[80.728912020346925,7.0504625346940024],[80.728893957023189,7.050458163558611],[80.728875022333611,7.0504533466618771],[80.728858101666944,7.0504446926516255],[80.728817572376272,7.050435861228201],[80.728808052030857,7.0504309917313908],[80.728779505367754,7.0504217956749295],[80.728725506737746,7.0504228904647883],[80.728697101110114,7.0504223145411551],[80.72869035745731,7.0503880221196145],[80.728678193370044,7.0503645822027439],[80.728669387185306,7.0503376403829332],[80.728664757268334,7.0503332246702479],[80.728669387185306,7.0503288089574996],[80.728675617001798,7.0503034379989904],[80.728664803980706,7.0502931248617395],[80.728659750957235,7.0502879032118795],[80.728613210140679,7.0502512723155366],[80.728588419333818,7.0502351375316694],[80.728584015792265,7.0502216666182091],[80.728579432587679,7.0502128351905231],[80.72857502994448,7.0501949039862053],[80.728570446739923,7.0501905328483074],[80.728565744059381,7.0501856731556707],[80.728556550700787,7.0501482380973348],[80.72855705824891,7.0501235384459582],[80.728552474146028,7.0501147034503262],[80.728548070604489,7.050105693715949],[80.728543487399918,7.0501013216856627],[80.728535066592428,7.0500926213096413],[80.728515899239241,7.0500801462235891],[80.72849812876629,7.0500744217521421],[80.728467841168154,7.0500540406361951],[80.728456004965963,7.0500298197278761],[80.728448608237926,7.0500155669423723],[80.7284537726525,7.0499804810348037],[80.728464990813762,7.0499697809691453],[80.728471596126042,7.0499629563562509],[80.728483614686226,7.0499514931459863],[80.728510178767479,7.0499429354109218],[80.728521021432982,7.0499317325250761],[80.728530456438392,7.0499271884290975],[80.728545779002232,7.0499274986793319],[80.728568244969139,7.0499270440022848],[80.72858904815449,7.0499274656929591],[80.728610425363314,7.0499495531906398],[80.728629982585346,7.0499542853978916],[80.728655862150404,7.0499537611820111],[80.728682821490381,7.0499543076859847],[80.728719531144435,7.049953564155313],[80.728727708508487,7.0499451142946503],[80.72873722346398,7.0499362828616974],[80.728754411828632,7.0499540420119367],[80.728768237799173,7.0499584960637787],[80.728780966926735,7.04997164871099],[80.728798589177657,7.049980136015165],[80.728833254266149,7.0500010047977497],[80.728897014888403,7.0500133613132965],[80.728902943769285,7.0500254931645863],[80.728907526973842,7.0500343245958224],[80.72891193051538,7.050043335223096],[80.728938066998566,7.0500587380729618],[80.728929903109275,7.0500744698943922],[80.728925499567737,7.0500859518235943],[80.728948687780189,7.0500971199363081],[80.728974579023287,7.0500965957205937],[80.728997975644859,7.0501085608548788],[80.728997012650879,7.0501553836558672],[80.728983635837992,7.0501681422442362],[80.72898391701068,7.0501817896808614],[80.729010177461376,7.0501944377196244],[80.729024394199058,7.0502040037626843],[80.729042277859747,7.0502036418043152],[80.729079655860417,7.0502043987074261],[80.729096151623935,7.0502128351905231],[80.729155355991082,7.0502172063282176],[80.729181522118665,7.050203824566557],[80.729210529617518,7.0501898543992008],[80.729301269342656,7.0501685915719206]]]},"properties":{"OBJECTID":33,"Division":"5","Field_No":"4A2","Shape_Length":1543.0996864636793,"Shape_Area":25535.968508456779}},{"type":"Feature","id":34,"geometry":{"type":"Polygon","coordinates":[[[80.72726082881978,7.0516196279654553],[80.72726137858875,7.051618978047121],[80.727333444135809,7.0516050123800467],[80.727358269976989,7.0515965768138145],[80.727385908443338,7.0515779788057884],[80.72739322701797,7.0515326226998818],[80.727380024478222,7.0515071804856753],[80.727314840026239,7.0514327295942776],[80.727277046105627,7.0514061132416712],[80.727449974492771,7.0512952321124658],[80.727822557943384,7.0510827549700812],[80.727826727922917,7.051120008082548],[80.727840631148595,7.0511876139243723],[80.727933776562068,7.0512538405731986],[80.728095043918486,7.0513131686233095],[80.728289677399545,7.0513421430540673],[80.728495432023792,7.0513738767401168],[80.728651137910305,7.0513904331736539],[80.728780430632497,7.0513642180030347],[80.728874966638088,7.0513200672125604],[80.728888868965399,7.0513131686233095],[80.728907611415494,7.0513500784816889],[80.728912566522595,7.0513596266705019],[80.728930322622517,7.0513681781387421],[80.728942828967888,7.0513811007335701],[80.72898197934461,7.0514086719063629],[80.728992221037146,7.0514296288850931],[80.729033336029417,7.0514527691971347],[80.729042382962604,7.0514621167916589],[80.729073428738829,7.0514770693763777],[80.729078656933808,7.0515142475694281],[80.729077927501791,7.0515497497009223],[80.729064698910904,7.0515821243759369],[80.729060295369393,7.0516089760798062],[80.729055713063133,7.0516222686488543],[80.729051309521594,7.0516401997978937],[80.729038824735767,7.0516642574737851],[80.728961444755527,7.0516445709221154],[80.728875984429294,7.0516312792452389],[80.728831926556182,7.0516223203570148],[80.728765257189067,7.0516178975243902],[80.728701737315305,7.0516320816135645],[80.728597079093134,7.0516621490282869],[80.728444726617568,7.0517071075034616],[80.728354514203488,7.0517333110649156],[80.72813558758223,7.0517862932138549],[80.728130202182101,7.0517918571905307],[80.728105291000944,7.0517998817624719],[80.727951465288342,7.0518282882645567],[80.72776498851006,7.0518637591687794],[80.727677899538236,7.051890918430658],[80.727548681376177,7.0517933112597522],[80.727469437391719,7.0517808941683162],[80.727420779246046,7.0517588183476727],[80.727367950222472,7.0517215661780881],[80.727349877017289,7.0516815538587769],[80.72726082881978,7.0516196279654553]]]},"properties":{"OBJECTID":34,"Division":"5","Field_No":"4C","Shape_Length":508.35190164064187,"Shape_Area":9442.7730442523971}},{"type":"Feature","id":35,"geometry":{"type":"Polygon","coordinates":[[[80.727259314260223,7.0516217711804723],[80.727295136378814,7.0516434859418631],[80.727349877017289,7.0516815538587769],[80.727367950222472,7.0517215661780881],[80.727420779246046,7.0517588183476727],[80.727469437391719,7.0517808941683162],[80.727548681376177,7.0517933112597522],[80.727646905864304,7.0518675071185006],[80.727675174049665,7.0518917680490878],[80.727656045324011,7.0518977340999598],[80.727586586687906,7.0519111951579756],[80.727518815986244,7.051916679787916],[80.727258431216313,7.0519211222311027],[80.727226350580892,7.0519217721490426],[80.727176892036297,7.05191459808914],[80.727138134223367,7.0518912652318901],[80.727116633945329,7.0518643448973375],[80.727105751753996,7.0518337684378656],[80.727122062464588,7.0517938506293723],[80.727150504024834,7.0517521970277297],[80.727196486089255,7.0517016915180966],[80.727220198019509,7.0516699364580715],[80.727259314260223,7.0516217711804723]]]},"properties":{"OBJECTID":35,"Division":"5","Field_No":"4B","Shape_Length":154.85952903167194,"Shape_Area":1149.2141081813959}},{"type":"Feature","id":36,"geometry":{"type":"Polygon","coordinates":[[[80.728875175945547,7.0513121077133425],[80.728826710039328,7.051342603970383],[80.728780430632497,7.0513642180030347],[80.728651137910305,7.0513904331736539],[80.728495432023792,7.0513738767401168],[80.728289677399545,7.0513421430540673],[80.728095043918486,7.0513131686233095],[80.727933776562068,7.0512538405731986],[80.727840631148595,7.0511876139243723],[80.727826727922917,7.051120008082548],[80.727822557943384,7.0510827549700812],[80.727449974492771,7.0512952321124658],[80.727277046105627,7.0514061132416712],[80.727265632111639,7.0513980752901162],[80.7272382873944,7.0513849057444906],[80.727155053093398,7.0513542035489136],[80.727105721211259,7.0513233952602992],[80.726984435173179,7.0512074413557855],[80.72692776136023,7.0511608985988454],[80.726896408360176,7.0511285033893802],[80.726875466834272,7.0511130925514118],[80.726858535387805,7.0511049386969962],[80.726809899699987,7.0510756584595446],[80.726779183605501,7.0510636318352775],[80.726698505011512,7.0510441075149739],[80.726543507895769,7.0510325257591138],[80.726511493735671,7.0510196343578428],[80.726483584876419,7.0509907980927338],[80.726490183002156,7.0509845048417645],[80.726515058250712,7.0509588031646384],[80.726545053896359,7.0509392797314554],[80.726558632830191,7.050925248962816],[80.726570970292286,7.0508818238292497],[80.726575928094377,7.0508674462568717],[80.726603792936174,7.050821830648542],[80.726634145212969,7.0507928811478617],[80.726648105032496,7.0507784572135561],[80.726675376986208,7.0507328496201733],[80.726696487395373,7.0507019334160637],[80.726751128320856,7.0506498168112017],[80.726768355313055,7.0506145669115874],[80.726805949807684,7.050570108474429],[80.726851248254221,7.0505406258275585],[80.726874616129678,7.0505230227162219],[80.726890527090006,7.0505065830411144],[80.726899852500978,7.0504875008925403],[80.72689869816584,7.050431356364161],[80.726899282969086,7.0504029150070009],[80.726909848055143,7.0503619914375015],[80.72693186486444,7.0502981361121444],[80.726955383656886,7.050252813758819],[80.726991744764661,7.050190138795088],[80.726998238685852,7.0501571167769441],[80.726997824562488,7.0501369612200069],[80.726997940445173,7.0501312964813359],[80.727032439345351,7.0500983921400895],[80.727065722824932,7.0500787777352576],[80.727082054196799,7.0500619038724901],[80.727087689328556,7.0500381750855574],[80.72707367022025,7.0499975162662691],[80.727034571047511,7.04996022383646],[80.727029207206954,7.0499492473980547],[80.727011975723158,7.0499328121602147],[80.727005749499938,7.049882227106627],[80.72699070900714,7.0498239669188072],[80.726960052201434,7.0497838581509935],[80.726952983358473,7.0497622324548406],[80.726943906780832,7.0497489407239202],[80.726939503239294,7.049726548315431],[80.726933857327737,7.0497046774474796],[80.726921440813896,7.0496864930306549],[80.726914503124931,7.0496652702988465],[80.726887696498565,7.0496397022771644],[80.726879324200098,7.0496310518178111],[80.726872105338501,7.0496016538059969],[80.726859510958192,7.0495832099515434],[80.726876598711542,7.0495749802906422],[80.726889988100851,7.0495659696542718],[80.726899064678491,7.0495615985103948],[80.726930426661696,7.0495392060928852],[80.726957565664733,7.0495215432113438],[80.726966372747782,7.0495124434214693],[80.726971516501081,7.0495075364709301],[80.727007246991505,7.0494903282656853],[80.72705852821781,7.049487955027522],[80.727062931759349,7.0494925044769463],[80.7270967650079,7.0494990616394526],[80.727119718760036,7.0495083049650251],[80.727128127889401,7.049516992870652],[80.727137204467041,7.0495213640149492],[80.727146100483296,7.0495259143555655],[80.727164253638534,7.049534656643881],[80.727182046569382,7.0495437564333239],[80.727191123147023,7.0495481275773288],[80.727204817963525,7.0495573432646701],[80.727214389512881,7.049586626272677],[80.727233867683168,7.0495960077827533],[80.727272733293958,7.0495881053114795],[80.727290245950414,7.0495884601381418],[80.727308212256091,7.0496156632181277],[80.727320626973309,7.0496662188805539],[80.727332093967917,7.0497055547071819],[80.727319307348182,7.0497301964317645],[80.727296576378222,7.0497185718499011],[80.727240808965377,7.0498077278117668],[80.727209005909359,7.049838061910517],[80.727203087808292,7.0498441768723001],[80.727137770405676,7.0498599835890632],[80.727150683687881,7.0498915881056492],[80.727157638444808,7.0499128643185234],[80.727209095740918,7.0499272722323498],[80.727255030194627,7.0499410712350379],[80.727348380424033,7.049992876777937],[80.727366619817531,7.0499986404774164],[80.727388465946959,7.0499760688847593],[80.727407066463215,7.0499900791771406],[80.727406437642514,7.0500206388193787],[80.72741646823097,7.0500353284512052],[80.727425234889836,7.0500436900494403],[80.727447190613702,7.0500432451792268],[80.72745253738627,7.0500433530535656],[80.727478509477777,7.0500701896907403],[80.727488980240707,7.0500648352013746],[80.727521280963373,7.0500314592395164],[80.72754282166558,7.0500121113973657],[80.727559475532644,7.0500344137481816],[80.727582031331124,7.050043246070774],[80.72759454576132,7.0500496463173583],[80.727610648062793,7.0500825952382264],[80.727628391586293,7.050088311685859],[80.727653832773456,7.0501013216856627],[80.727667447639888,7.0501078788395315],[80.727690306170601,7.0501424904471124],[80.727689318922131,7.0501904882721593],[80.727689886657359,7.05021809874283],[80.727721500168855,7.0502482518355514],[80.727734710793428,7.0502752819213388],[80.727742890852412,7.050291045830253],[80.727748190014282,7.0503555715817292],[80.727753557448111,7.0503711393528965],[80.72774816665806,7.0503867730962497],[80.727752773218839,7.050391166520396],[80.727757176760377,7.0504006122037985],[80.727746645810299,7.0504209068268002],[80.727754004809086,7.0504709016336227],[80.727746079871665,7.0505324541326102],[80.727771449193597,7.0505383640350514],[80.72779761532118,7.0505249822826528],[80.727823279290561,7.050512622214681],[80.727839439084207,7.0505017474229108],[80.72786510305356,7.0504893873542773],[80.727869506595056,7.0504848379146363],[80.727889860622753,7.050478280766086],[80.727897186383927,7.0504707117393179],[80.727937965406227,7.0504510714961297],[80.727981514832919,7.0504405319153962],[80.727999225118722,7.0504314749366896],[80.728045999497255,7.0504183784684562],[80.72808077687516,7.050413558896711],[80.728103153010593,7.0504090085648219],[80.728125708809046,7.050404637428934],[80.728143592469735,7.0504000879884279],[80.728166148268173,7.0503957168524503],[80.728228759046871,7.0503764662015245],[80.728288691049372,7.0503681607752435],[80.728340176193242,7.0503692038569428],[80.72834653896038,7.0504144513109281],[80.728357154352125,7.0504245763341959],[80.72836596053682,7.0504336752146228],[80.72837283534372,7.0504402323637967],[80.72837723888523,7.0504543139639217],[80.7283641764827,7.0504921974333827],[80.728359356122866,7.0505617156824076],[80.728377328716775,7.050596350435649],[80.728392869571181,7.0506281510369559],[80.728381283998957,7.0506504774291896],[80.728381837361169,7.0506773835699317],[80.728398108545917,7.0507245754035557],[80.728376024362959,7.0507352112621868],[80.728368341970665,7.0507756462446842],[80.72839788935697,7.0508038272545264],[80.72839071810607,7.0508595206277249],[80.72838631546287,7.0509069513706475],[80.728417767277577,7.0509130475963806],[80.728446170210233,7.0509202733800667],[80.728467102752987,7.0509309787729002],[80.728499052234397,7.0509354060696747],[80.728516438228382,7.0509533702316247],[80.728527896239825,7.0509642985040912],[80.728534500653822,7.0509845048417645],[80.728543514349369,7.0510018743569063],[80.728547980772973,7.0510291094486544],[80.72856325752268,7.0510490964692201],[80.728584729952942,7.0510560137843425],[80.728613575755006,7.0510707657898744],[80.728640876454818,7.0510891364803365],[80.728665043830901,7.0511141079942297],[80.728683196986182,7.05112285025261],[80.728698907622189,7.0511390830729015],[80.728705326084878,7.0511587188293445],[80.728714319119177,7.0511672961554055],[80.728720923533146,7.0511741207505398],[80.728736464387566,7.0511889440740179],[80.728748788374944,7.0512141607508543],[80.728774262799774,7.0512307412611914],[80.728809074313659,7.0512569635715572],[80.728844801210812,7.0512741708196724],[80.728858011835399,7.0512878200067339],[80.728871414699427,7.0513006035265038],[80.728875175945547,7.0513121077133425]]]},"properties":{"OBJECTID":36,"Division":"5","Field_No":"4A1","Shape_Length":941.66560049586383,"Shape_Area":24560.342886202627}},{"type":"Feature","id":37,"geometry":{"type":"Polygon","coordinates":[[[80.725072598364719,7.0503212996603013],[80.725124158967063,7.0502885745286683],[80.725165317078435,7.0502632035679449],[80.725207971783078,7.0502474699698441],[80.725240982174824,7.0502305880895353],[80.725273789547316,7.0502226481851169],[80.72535660792829,7.0502159448230586],[80.725416217435608,7.050203824566557],[80.725451020864654,7.050198199947225],[80.725482364881557,7.050204573445968],[80.725488108709499,7.0502395978214825],[80.725497348780507,7.0502622139774136],[80.725528030739028,7.0502821832006006],[80.725556838811855,7.050274853990314],[80.72558519682876,7.050275429022629],[80.725627815600788,7.0503095814833774],[80.725670388558726,7.0503164622571193],[80.725689427452849,7.0503261985785146],[80.725712100032325,7.0503725907519916],[80.725730872126803,7.0503956776254606],[80.725726248498049,7.0504000879884279],[80.725717175513651,7.0504138254620008],[80.725717543822938,7.0504317316952108],[80.72575116506907,7.0504536141186644],[80.725743955190595,7.050467508498631],[80.725744321703246,7.0504853728281978],[80.725757791042625,7.050498218776684],[80.725762193685838,7.0505116896821045],[80.725767445236968,7.0505218093540885],[80.725797130963841,7.0505606467470363],[80.725854272799083,7.0505668098415146],[80.725875629346646,7.0505524385000218],[80.7259003824243,7.0505473737610069],[80.725945223628315,7.0505666342115783],[80.725961519067596,7.0505749681630325],[80.725985790648238,7.05061555650133],[80.725969047847968,7.0506315263403465],[80.725963702872036,7.0506478759672593],[80.725964846427402,7.0507035016034978],[80.725941967235428,7.0507030380120046],[80.72591020011204,7.0507036816909947],[80.725897484459182,7.0507297007641334],[80.725933620988101,7.0507347093352521],[80.725967640187903,7.0507462688104869],[80.725988833242099,7.050768166374958],[80.725962663521258,7.0507991128864074],[80.726000037030332,7.0508234380625714],[80.72600487176318,7.0508284332598512],[80.726020328175977,7.0508124625361202],[80.726036930839058,7.0507966282147123],[80.726063854246433,7.0507836610274763],[80.726110194738681,7.0507110305079888],[80.726094419423973,7.0506852057856335],[80.726049758781315,7.0506588871585043],[80.726045355239776,7.0506491784812688],[80.726059278228391,7.0506223499013547],[80.726058518253652,7.0505853900597195],[80.726035909454566,7.0505558111293922],[80.726022659304135,7.0505286981483888],[80.725996464430438,7.050503714121608],[80.725983384959903,7.0504839098396328],[80.72596099534978,7.0504693370114886],[80.725919456352699,7.0504626238462356],[80.72590993510903,7.0504482079254007],[80.725891207930303,7.0504303462689748],[80.725910559438148,7.0503778739160063],[80.725917048867743,7.0503580232694567],[80.725888003639668,7.0503466510043422],[80.725865627504263,7.0503376403829332],[80.725836704447048,7.050330641036993],[80.725820695570377,7.0503096545882356],[80.725835534840556,7.050252172753785],[80.725856640758167,7.0502262169519678],[80.725866009288254,7.0502120319282451],[80.725874524418842,7.0501859825142175],[80.725884303479006,7.0501771510858706],[80.72591621523118,7.0501934704170335],[80.725941922319649,7.0502128351905231],[80.725961026790813,7.0502268945094748],[80.725983998509264,7.0502379583105927],[80.726076807952822,7.0502439698504329],[80.726094364626761,7.0502499350310286],[80.726123338887902,7.0502673776785727],[80.726141705842224,7.0502863555280433],[80.726170985530587,7.0503645822027439],[80.726180820286316,7.0503835333025284],[80.726207470605871,7.0504183998650012],[80.726247549840565,7.0504313117880386],[80.726274329517508,7.0504404106683261],[80.726312904074135,7.0504497458019451],[80.726367343776971,7.0504682448962726],[80.726392637640402,7.0504811799975382],[80.726422028719881,7.0505115479300242],[80.726460914093593,7.050578023410246],[80.726467627203704,7.0506053610520203],[80.726473336895666,7.0506219210791139],[80.726471812454619,7.0506960743324356],[80.726463133830649,7.0507212446769625],[80.726454236916069,7.0507525576071144],[80.726448488596589,7.0507692299607259],[80.726427647681987,7.0508541001748641],[80.726422785101363,7.0509587015311705],[80.726433220830017,7.0510092820095949],[80.726450148683213,7.0510340734404693],[80.726493254342145,7.051054834301465],[80.726550751011899,7.0510650894728393],[80.726664819086665,7.05107515920752],[80.72673976912408,7.0510846699580867],[80.726798509960517,7.0511046293390853],[80.726857345120052,7.0511400494819858],[80.726867611965417,7.05114499385913],[80.726879627830655,7.0511574091845697],[80.726921530645399,7.0511895993421092],[80.726966125711073,7.0512267632938954],[80.72708643258548,7.051336623648031],[80.727120965621637,7.0513649829279368],[80.72715802831361,7.05138910569916],[80.727254027674803,7.0514393874711345],[80.727278092642948,7.0514538755743272],[80.727303183487138,7.0514798001041417],[80.727320838975729,7.0514966400374766],[80.727342269185158,7.0515234730243801],[80.72734829508407,7.0515425043135949],[80.727346436469745,7.0515460864430874],[80.727336895463111,7.0515644722705471],[80.727335947740471,7.051566298104488],[80.727307143260916,7.0515801710545887],[80.727168566450231,7.0515865846527346],[80.727145970227582,7.0515923331765418],[80.727119221093375,7.0516165655929219],[80.727078231865249,7.051569214268004],[80.727112967920689,7.0515499993266673],[80.727107273500081,7.0515211773589153],[80.727085634881533,7.0515002676348688],[80.727042357644393,7.0514725761122277],[80.726982565779096,7.0514392332380611],[80.726754789853956,7.0513013408143959],[80.726663679124584,7.0512414368401171],[80.726572568395198,7.0511837928644363],[80.726484874857178,7.0511515804184475],[80.726418819937663,7.0511385820379093],[80.726338528517601,7.0511165418475441],[80.726305501057851,7.0510905459756872],[80.726289556859868,7.05106737533385],[80.72629012639176,7.0510419437923133],[80.726273612661927,7.0510074713293056],[80.726236598478948,7.0509859954658776],[80.725986044871476,7.0508249322532812],[80.725871586927866,7.0507565516258808],[80.725555547932785,7.0505627106214366],[80.72545304836224,7.0505045013360021],[80.725356812744195,7.0504592904431798],[80.725274244094848,7.050412949095195],[80.7252212857139,7.0503965602329597],[80.72518541149303,7.050400516810873],[80.725151814501388,7.0504174708983349],[80.725134161707771,7.0504265127214687],[80.725111384025396,7.0504383806712472],[80.725073231676973,7.050440076347348],[80.725064120065056,7.0504231222606872],[80.725056148415192,7.0503801713701897],[80.725050453994641,7.0503287447678247],[80.725072598364719,7.0503212996603013]]]},"properties":{"OBJECTID":37,"Division":"5","Field_No":"4A1","Shape_Length":860.01751295298743,"Shape_Area":8070.0418160466979}},{"type":"Feature","id":38,"geometry":{"type":"Polygon","coordinates":[[[80.728803068177655,7.0567650217618265],[80.728866275437696,7.0567638913265371],[80.7289465668578,7.0567311140510585],[80.729075260403718,7.0566559525741148],[80.729168648362332,7.05657231370835],[80.729240398600695,7.0565271034079755],[80.729281397710267,7.0565214521201129],[80.729346883996172,7.0565231477739374],[80.729412938915644,7.0565169312680727],[80.729436286129868,7.0565022373842901],[80.7294801328989,7.0565169312680727],[80.72953081315228,7.0565576198263233],[80.729582632469445,7.0566180892221455],[80.729640145308892,7.0566819481335274],[80.729693673221718,7.0567582400415487],[80.729700506706081,7.0567898877713775],[80.729665201118792,7.0568350980461041],[80.729650395086267,7.0568577031817945],[80.729655210056208,7.0568773039268322],[80.729656522494835,7.0568807264346916],[80.729695949552635,7.0569437579884351],[80.729729782801186,7.0569837689615067],[80.729760846543712,7.0570473309496107],[80.729788105022706,7.0570909088446587],[80.729810660821158,7.0571265032655699],[80.729820205421049,7.0571505258874874],[80.729860788610651,7.0571803905711352],[80.729877879058947,7.0571980487030022],[80.729913795500622,7.0572323049597907],[80.729914006604702,7.0572425591028285],[80.729907303376066,7.0572619984683405],[80.72992569907646,7.0573332532527937],[80.729916296410366,7.0573429689219438],[80.729896046587243,7.0573622825803959],[80.729895848957867,7.0573718725461116],[80.729896639475328,7.0574102992702539],[80.729887065231026,7.0574380679990911],[80.729881734628108,7.0574705742056905],[80.729860887425332,7.0574806143813014],[80.729849257835653,7.0575161909420485],[80.729829248761035,7.0575368650359991],[80.72980268647639,7.057528679200356],[80.729811748680973,7.0574671160418276],[80.729802798765789,7.0574216036072439],[80.729784415641831,7.0574122026424781],[80.729724815117677,7.0573930030992758],[80.729667787368498,7.0573706734661199],[80.729554458607183,7.0573183917911058],[80.729549414566861,7.0573131809185679],[80.729471963619702,7.0572675391999704],[80.72939172969177,7.0571929938432865],[80.729365833957075,7.0571755683952793],[80.729356757379463,7.0571711973232691],[80.729298435157943,7.0571354246038345],[80.729227800627172,7.0570981701923277],[80.72914117338938,7.0570372943306747],[80.729082671504798,7.0569972396782701],[80.729070783200342,7.0569849555613846],[80.729010870062467,7.0569436242619119],[80.728842322758965,7.056827587962915],[80.728814837006198,7.056796747052573],[80.728803068177655,7.0567650217618265]]]},"properties":{"OBJECTID":38,"Division":"5","Field_No":"9B","Shape_Length":374.85132481383954,"Shape_Area":6260.8157517291247}},{"type":"Feature","id":39,"geometry":{"type":"Polygon","coordinates":[[[80.72747638855536,7.0544961746349557],[80.72748024861616,7.0545204407769075],[80.727483221141426,7.0545777107926382],[80.727482043450081,7.0546350209194504],[80.727480431872465,7.0546386021334779],[80.727480431872465,7.0546398065696643],[80.727479825509661,7.0546407622732943],[80.727479825509661,7.0546419667094682],[80.727479591049374,7.0546430748620965],[80.727478611885715,7.0546463930792633],[80.727478611885715,7.0546560303515449],[80.727479218248533,7.0546569860551367],[80.727479425759356,7.0546581049058785],[80.727480283650436,7.0546601616298839],[80.727481039133593,7.0546610558189906],[80.727481142439871,7.054662218353914],[80.727481471223243,7.054662868268025],[80.727481338272611,7.0546693130264719],[80.727500569406189,7.0547134385352521],[80.727528112651143,7.0547223117782627],[80.727532516192639,7.0547268611762775],[80.727537473994687,7.0547315897686502],[80.727566180557901,7.0547408365558493],[80.727578251220407,7.0547405922809041],[80.727612472541125,7.054739898682727],[80.727617887585666,7.0547178515316293],[80.727627432185557,7.0546944911787008],[80.727647227461176,7.0546756106849653],[80.727653832773456,7.0546687861414199],[80.727658415978013,7.0546644150457336],[80.727680792113446,7.054633102380051],[80.727687666920303,7.0546265452902643],[80.7276942713343,7.0546197207459684],[80.727714031575573,7.0546133553316102],[80.727721298047911,7.0545837632858213],[80.727739563492577,7.0545841332644423],[80.727752353705583,7.0545973481863031],[80.727772095082315,7.0546068561899782],[80.727806646983069,7.0546061563510056],[80.727828062819427,7.0546065896271175],[80.727851534001161,7.0546242701449868],[80.727861150466296,7.0546289015633361],[80.727880784943451,7.0546285039478063],[80.727888311927231,7.0546286563968303],[80.727888938052971,7.0546289051293867],[80.727890789480782,7.0546291387062183],[80.727898371261801,7.0546291387062183],[80.727933400167984,7.0546410413173506],[80.727949732438134,7.0546657701477979],[80.727972940413522,7.0546732463884858],[80.727986329802818,7.0546822569255339],[80.727995947166249,7.0546868883432721],[80.728034814573661,7.0546861002444796],[80.728045193708439,7.0546914083216512],[80.728044730177771,7.0547139368918108],[80.728032040576053,7.0547383902403968],[80.728040823404584,7.0547638625885893],[80.728074415006319,7.0547892190385282],[80.728115586592409,7.0547726404386237],[80.728121126502785,7.0547669160251516],[80.728125708809046,7.0547625449303819],[80.728130112350584,7.0547579955327233],[80.728143682301237,7.0547536244378897],[80.728168149714648,7.0547340164708183],[80.728184821548012,7.0547452352877693],[80.728229591785123,7.054744328617657],[80.728237949710547,7.0547356934093814],[80.728247025389862,7.0547313214228344],[80.728252530265905,7.0547144833901481],[80.728289846282792,7.0547024622094643],[80.728305257779837,7.0546865388695847],[80.728356627939363,7.0546699905775165],[80.728455654623019,7.0546625910069869],[80.728470935864323,7.0546468013929449],[80.728480672703682,7.0546421120263396],[80.728491860322237,7.054636390285844],[80.728503224908891,7.0546422020693056],[80.728530007280753,7.054633102380051],[80.728553002355412,7.0546287303925244],[80.728579524215846,7.0546422938953413],[80.728598034900614,7.0546419194591854],[80.728610885300725,7.054628641241055],[80.728619961878366,7.0546242701449868],[80.72862885789462,7.0546197207459684],[80.728660400439196,7.0546153496498238],[80.728664803980706,7.0546107993591809],[80.728687359779201,7.0546064282629475],[80.728701274682933,7.0546017005608377],[80.728713973267801,7.0545885801396171],[80.728727798340032,7.054584126132303],[80.728744649836457,7.0545586109815277],[80.728770660555469,7.0545523159960117],[80.728802963973095,7.0545529703678094],[80.728826559122354,7.0545707444968082],[80.728836357047172,7.0545754632841167],[80.728859022440105,7.0545750041540511],[80.728885317026766,7.0545615574376779],[80.728903679489505,7.0545619291993305],[80.728924178145988,7.0545724125208231],[80.728930080077362,7.0545844880872748],[80.728966955021491,7.0545837409979821],[80.728983821789271,7.0545751155933845],[80.728997390841613,7.0545707444968082],[80.729003390689385,7.0545645449035179],[80.729010941029372,7.0545799930702451],[80.729019856808563,7.0545884972287398],[80.729024260350101,7.0545930466281019],[80.729060295369393,7.0546063391115039],[80.729071753380836,7.0546121990371642],[80.729085461672085,7.0546329552801472],[80.72911870742243,7.0546375626274989],[80.729147116643276,7.05464333875039],[80.729157123875538,7.0546536794276946],[80.729166170808782,7.0546813547128409],[80.729177118577141,7.0546866280210541],[80.729190576238409,7.0546956831335255],[80.729195002237816,7.0546866280210541],[80.729199940276928,7.0546822569255339],[80.729226719953871,7.0547002771075471],[80.729239979087453,7.0547000078701716],[80.729244697039348,7.0547001041537296],[80.729255749012268,7.054722719200333],[80.729278170961763,7.0547222654195281],[80.729285230821574,7.0547224080618207],[80.729284776274042,7.0547445300998799],[80.72928954183665,7.0547537135893341],[80.729302883615247,7.0547534434604611],[80.729312281789745,7.0547536333530099],[80.729311766156769,7.0547787080849993],[80.729352353837925,7.0547936792844368],[80.729362645836147,7.0547989427846716],[80.729379223346413,7.0548160705564369],[80.729415259264016,7.0548204425421819],[80.729419661907215,7.0548294521848325],[80.729424245111815,7.0548382844159772],[80.72943298302458,7.0548561637326745],[80.729446711078751,7.0548605865343834],[80.729455782266484,7.0548652250824677],[80.729464638756866,7.0548650458881079],[80.729471378816456,7.0548651822897961],[80.729493800765937,7.0548647285090933],[80.729500539927187,7.0548785175580582],[80.729505262370665,7.0548876181339883],[80.729518597861045,7.0548873480052299],[80.729531992640233,7.0548918991846472],[80.729545561692618,7.0548962702781832],[80.729565646225723,7.0549097856313718],[80.729586000253434,7.0549230335299997],[80.729599390541068,7.0549320431706528],[80.729614525356965,7.0549418944003364],[80.729632380271568,7.0549504930526776],[80.729666874680149,7.0549497941056982],[80.729676121039375,7.054954522695807],[80.729699373930501,7.0549540510849393],[80.72970246862667,7.0549539886789328],[80.729722006984076,7.0549687066827822],[80.729733349112863,7.0549804247418093],[80.72973867971578,7.05495871726899],[80.729747756293378,7.0549543452845427],[80.729752158936577,7.0549453356443221],[80.729765728887273,7.0549365034152256],[80.729770132428811,7.0549319540192341],[80.729774714735072,7.0549275829260418],[80.729779359025102,7.0549227847975962],[80.729797181600304,7.0549142013004706],[80.729801824992052,7.0549094031718598],[80.729819647567254,7.0549008196744927],[80.72982431162022,7.0548960010409214],[80.729885329685899,7.054897236679456],[80.729896988021665,7.0548912742332845],[80.729909595876663,7.0548782483207839],[80.729943389599327,7.0548789330036241],[80.729949860164325,7.0549052808108925],[80.729963430115021,7.0549096519043015],[80.72997681950433,7.0549142013004706],[80.730006847489335,7.0549214680313685],[80.730017028096427,7.0549319878967731],[80.730035321388897,7.0549364142638069],[80.730044305440032,7.0549456975989893],[80.73010043846719,7.0549445609186812],[80.730116108679027,7.0549498850401484],[80.730136462706739,7.0549564421253796],[80.730143794756074,7.0549640182109439],[80.730133740811425,7.0550225327251148],[80.730134362445582,7.0550527434534187],[80.730158194750075,7.0550642216931134],[80.730165693886079,7.0550795664275796],[80.730179193768151,7.0550924416686174],[80.730187999952875,7.0551015413488649],[80.73021055575137,7.0551059124404167],[80.7302198083988,7.0551106445949729],[80.730228438513706,7.0551283045887745],[80.730251361723148,7.0551327470011858],[80.730250635884389,7.0551680545053017],[80.730262352610637,7.0551852125748402],[80.730278381250244,7.0551770159994689],[80.730298128915123,7.0551774153975213],[80.730313553886901,7.0551771033677788],[80.730322796652828,7.0551818301725282],[80.730336365705227,7.0551862012633286],[80.730345950729287,7.0551911028046348],[80.730372265977223,7.0551905696795245],[80.730394732842498,7.0551910252429408],[80.730426768562154,7.0551903762211152],[80.730439707895513,7.0551770070843105],[80.730470827333562,7.0551776373843991],[80.730493537642275,7.0551594380267275],[80.730516093440741,7.0551416853166531],[80.730525247273491,7.0551229555069757],[80.730524897828815,7.0551059570160941],[80.730525161933528,7.0550931022802574],[80.730601464833768,7.0550881597282942],[80.730605868375292,7.0550836103338295],[80.73061800820804,7.0550747781073664],[80.730623840969159,7.0550926199713526],[80.730644194996898,7.0550991770545615],[80.730660046668376,7.0551155559436971],[80.730659691833864,7.0551328299119485],[80.730669534674419,7.0551805356948893],[80.730664277733368,7.0551906650714971],[80.73066459933024,7.0552063182654168],[80.730664231020995,7.0552242474926761],[80.730650714969229,7.0552173355888854],[80.730625676227305,7.0552178428600305],[80.730619437427663,7.055246748399961],[80.730634986366908,7.0552695203262417],[80.730659176200888,7.0552852635603411],[80.730647672375355,7.0552962354147404],[80.730655383513749,7.0553110942667701],[80.730660505707505,7.0553371442840218],[80.730702938528253,7.05534741273327],[80.730709211463889,7.0553602487402705],[80.730721313567372,7.0553660774534181],[80.730732427524075,7.0553888190623715],[80.730754759642039,7.0553960126817437],[80.730763175059636,7.0553958424027465],[80.730770094782272,7.0553959823702819],[80.730776610263021,7.0554093140572007],[80.730793703406249,7.0554256180482815],[80.730799400521775,7.0554603567447716],[80.73079902951757,7.0554784063164213],[80.73079934752117,7.0554938901131719],[80.730794582856916,7.055498434154547],[80.730790179315406,7.0555212613422142],[80.730799166061502,7.0555385780879458],[80.730803568704715,7.0555475886081247],[80.730808151909258,7.0555564199340584],[80.730812555450811,7.0555743518222833],[80.730821632028437,7.0555876433860094],[80.730830528044692,7.0556011141433936],[80.73084107875772,7.0556165649500828],[80.730862070589239,7.0556233270737803],[80.730882992352207,7.0556400928608536],[80.730875831881093,7.0556471991080869],[80.730854762794436,7.0556613269085542],[80.73083198511209,7.0556782808034022],[80.730808637897866,7.0557003207766753],[80.730797818588556,7.0557195355457916],[80.730779596263034,7.0557692667844112],[80.730777319033791,7.0557930024098168],[80.730758527176334,7.0558246493141388],[80.730743722042149,7.0558608179662849],[80.730701582970497,7.0558935953033641],[80.730646916892198,7.0559455865063843],[80.730627555502892,7.0559698873413685],[80.730596806170709,7.0559789290560584],[80.730537583837261,7.0559828855862499],[80.730494876132028,7.0559840151319513],[80.730491930556212,7.0559871434474717],[80.730462418204198,7.0560184881159724],[80.730458376683714,7.0560263815624227],[80.730444195878647,7.0560614384835354],[80.730432807037474,7.0560970410072148],[80.730424264957449,7.0561303835459857],[80.730403195870792,7.0561818103955565],[80.730381557252201,7.0562100668548977],[80.730350238388127,7.0562038503448479],[80.730309807912164,7.0561835060506279],[80.730246030221949,7.0561642913007603],[80.730170864588843,7.0561546843712755],[80.73008544828005,7.0561546843712755],[80.730023948717374,7.0561535539344975],[80.729986365900842,7.0561637260823904],[80.729890699814646,7.0561948086345216],[80.729836602369929,7.0562179781283056],[80.729787061180346,7.0562208042198238],[80.72975688048173,7.0562230650930617],[80.729693673221718,7.0562015894715211],[80.729671465071249,7.0561795495221533],[80.729636729015851,7.0561897225609318],[80.729625584516427,7.0562048238754489],[80.729608790512188,7.0562441751938847],[80.729574037388815,7.0562721838092273],[80.729530654150452,7.0563062110161443],[80.729497067040313,7.0563214879545679],[80.729464180616077,7.0563411636092628],[80.729439223620844,7.0563645426008277],[80.729432925532407,7.0563814403047527],[80.729426628342239,7.0564020422369804],[80.729424295417459,7.0564316707184789],[80.729425462329004,7.0564610682967448],[80.72942382919183,7.0564856044635782],[80.729410301461968,7.0564987988263974],[80.729384411117152,7.0565048174170686],[80.729361786148417,7.0565066690853691],[80.729327033025015,7.0565041229300149],[80.729288781861896,7.0565020394688558],[80.729261259278232,7.0565020394688558],[80.729239669168692,7.0565104883183567],[80.729183180408683,7.0565437630725221],[80.729127421080676,7.0565943991060758],[80.729054897392842,7.0566453961959175],[80.728961964880085,7.0566942224518234],[80.728883609329415,7.0567459434372086],[80.72885008060976,7.0567560701050134],[80.728808534426165,7.0567564320582941],[80.72877638641711,7.056753602403969],[80.728769190013352,7.0567455271017865],[80.728751089858704,7.056736809020367],[80.728707915927842,7.0567013545366866],[80.728682776574601,7.0566716262232383],[80.728678373033105,7.0566626157249557],[80.728649490400088,7.0566284601667153],[80.728590927430076,7.0565436382610178],[80.728432221170507,7.0564293625961927],[80.728370880609631,7.0563940025891334],[80.72833230695133,7.0563504727701041],[80.728326899991643,7.056339409115024],[80.728265513616719,7.0562559788057611],[80.728237992829676,7.056164117455979],[80.728190760310355,7.0561074369257799],[80.728123367799398,7.0560784913215855],[80.727968357208937,7.0560739241065749],[80.727851877157619,7.0560680205153847],[80.727804741656357,7.0560748584109625],[80.727736038503409,7.0559947952947013],[80.72768802355148,7.0559528639192131],[80.727652807795707,7.0559348553756251],[80.72761870774751,7.0559417886649811],[80.727605082999602,7.05591391019043],[80.72755253514876,7.0558701191131705],[80.727537099397225,7.0558597321043957],[80.727521997818997,7.0558499031820539],[80.727473054907364,7.0558130364749214],[80.727427474389842,7.0557999419419017],[80.727407006276081,7.0558418242980574],[80.72735140864485,7.0558310494808278],[80.727342242235665,7.0557844394336424],[80.727325918948637,7.0557571413241531],[80.727289883031048,7.0557170865609624],[80.727278099829462,7.0556992447210343],[80.727271910437153,7.0557036158069497],[80.727265650976236,7.0557100837302418],[80.727196172577237,7.0557336909809028],[80.727133648036826,7.0557476538488979],[80.727072339815322,7.0557488957257215],[80.727010583334462,7.0557351049196662],[80.726922588860816,7.0557436491750067],[80.72688843042215,7.055756622463945],[80.726871636417911,7.0557572295838709],[80.727073220164272,7.0553557341174873],[80.727255341011727,7.0549666562007181],[80.727401316347098,7.0546769167536896],[80.72747638855536,7.0544961746349557]],[[80.728311323204636,7.0556320906432886],[80.728342460608999,7.0556605664482852],[80.728373598013391,7.0556890413600177],[80.728404821656042,7.055717596506101],[80.728450470445509,7.0557476609809866],[80.728486139850489,7.0557597472149425],[80.728511888261494,7.0557785492113796],[80.728523507969683,7.0557966700916248],[80.728523507969683,7.0558139681052765],[80.728515207536475,7.0558312652267956],[80.728509813153167,7.0558386781512912],[80.728496948379998,7.055842385059262],[80.728450885467169,7.0558440325739031],[80.728394031991158,7.0558378543939639],[80.728332664480817,7.055833933523032],[80.728302011268397,7.0558260614695909],[80.728293447628786,7.0558261301160368],[80.72828272533755,7.0558245405496267],[80.728263281303228,7.055818108288431],[80.728233705170823,7.0558079869491745],[80.728209015873531,7.0557993250153848],[80.728189340972207,7.0557885876406363],[80.728167431062403,7.0557732509532798],[80.728164693895749,7.0557759361886037],[80.728158404790435,7.0557872378909243],[80.72814616614302,7.0558093366988226],[80.728155175346998,7.0558143969226839],[80.72818424123632,7.0558295793770558],[80.72822255617983,7.05585130998836],[80.728262768365198,7.0558739107145296],[80.728300107738306,7.0558918274347526],[80.728320418646888,7.0559036372961907],[80.72833437038156,7.0559156504220821],[80.728342527084351,7.0559306804245425],[80.728343807183606,7.0559429333664836],[80.728342165961578,7.0559545390703677],[80.728339089231753,7.0559641094519971],[80.728333344505486,7.0559740854713917],[80.728320213830983,7.0559867092811608],[80.728316527145054,7.0559954817589068],[80.728316871199809,7.0560194768026925],[80.728317136202833,7.0560380193586125],[80.728326369087327,7.056070596093007],[80.728333755035592,7.0560876997468549],[80.728345449303944,7.0561094856197748],[80.728367492164381,7.0561482619213027],[80.728376246246825,7.0561475380138257],[80.728398859537506,7.0561366785100779],[80.728424390556185,7.056131973111353],[80.728451016621207,7.0561279916200919],[80.728471076899822,7.056131973111353],[80.728492231326442,7.0561453662913962],[80.72851010330902,7.0561638268231777],[80.728530163587607,7.0561967663939269],[80.728544627362012,7.0562182562798856],[80.728553506310291,7.0562405645723976],[80.728569189996819,7.0562687978488281],[80.728588156127429,7.0562916027107452],[80.728599739903004,7.0563039465772759],[80.728608581122046,7.0563245413808753],[80.72861405276042,7.0563520516365559],[80.728619523500512,7.0563976595680193],[80.728625957234598,7.0564597889783682],[80.728635527885601,7.0565042673547795],[80.728658404382656,7.0565519899350821],[80.728684314490366,7.0565876655249058],[80.728709991934466,7.0566103687388901],[80.728738703887558,7.0566279751848606],[80.728762046610242,7.0566439590806684],[80.72877231794719,7.0566490558473722],[80.728788890965859,7.0566365461690479],[80.728814801971907,7.0566159282000438],[80.728828106919593,7.0566020286555178],[80.728834643061603,7.0565913724268849],[80.728840479416021,7.0565665848595955],[80.728843513925042,7.0565422599851395],[80.728846781996012,7.0565246535358996],[80.728855885523132,7.0565051945262258],[80.728851450540574,7.0564950009895613],[80.728844447274597,7.0564834184785488],[80.728837444008661,7.0564637267827255],[80.728839078044132,7.0564489009535816],[80.728846314872101,7.0564361594769656],[80.728860320505675,7.0564178576449903],[80.728879228245773,7.0564046534732139],[80.728895802162754,7.0563988613250848],[80.728920545358946,7.0563972396662669],[80.728939920223013,7.0564046534732139],[80.728954625644207,7.0564143834260564],[80.728975868105735,7.0564285147691148],[80.728992674686396,7.0564366221712245],[80.729009015041399,7.0564380120370309],[80.729020453289905,7.0564336106466889],[80.729028156343475,7.0564278193904126],[80.72903656008296,7.0564164677791075],[80.729049061936763,7.056389641316362],[80.729058772724983,7.0563742217383689],[80.729073861726803,7.0563553930208061],[80.729106821812906,7.0563242667953974],[80.729145571540997,7.0562763123986363],[80.729182220109649,7.0562167754792471],[80.729218780643379,7.0561450043376448],[80.729268019999054,7.0560436519306169],[80.729284067503301,7.0560288118238477],[80.729296104029771,7.0560168664558187],[80.72930230420188,7.056005283041312],[80.729304128680212,7.0559893561801905],[80.729282243923265,7.0559600370250513],[80.729239205638024,7.0559296311148225],[80.729176471790169,7.0559013978176797],[80.729098054255729,7.0558728016733809],[80.729023648597376,7.0558456542347052],[80.729008694342838,7.055831537138026],[80.729008329626851,7.0558232113048103],[80.729010153206858,7.055803664897387],[80.729005411898797,7.0557776033167459],[80.728989363496254,7.0557537134589161],[80.728960913851182,7.0557142586833086],[80.728943771300635,7.0556776995371999],[80.728936476980536,7.0556425882047602],[80.728935747548491,7.0556244896062852],[80.728938665276559,7.0556110964112051],[80.728948878223036,7.0555962553990339],[80.728943406584619,7.0555828622031385],[80.728926993466075,7.0555672981732069],[80.728882861032773,7.0555379780998164],[80.728823774344988,7.0555035906652348],[80.728786571515798,7.055485854015588],[80.72877927629736,7.0554869398783673],[80.728760674882778,7.0554938179006372],[80.728747909822616,7.0554985233058503],[80.728728578976003,7.0554992472143327],[80.728710706993411,7.0554952657176262],[80.728678610188325,7.0554938179006372],[80.728667667809859,7.0554949037633916],[80.728646148667224,7.0555166219092111],[80.728635207187068,7.0555423215503499],[80.728625358956592,7.0555745372569545],[80.728607122258012,7.0556118203195215],[80.728578673511279,7.0556425882047602],[80.728568460564802,7.0556418642965077],[80.728525057563544,7.055616887677659],[80.728506820864965,7.0556013227573491],[80.728489678314389,7.0555705557608972],[80.728463417863708,7.055530739015496],[80.728441897822734,7.0555064862991363],[80.728430226910589,7.055507572161865],[80.728404330277556,7.0555383400540128],[80.728357280116242,7.0555835861114931],[80.728311323204636,7.0556320906432886]]]},"properties":{"OBJECTID":39,"Division":"5","Field_No":"9B","Shape_Length":1785.7207937397018,"Shape_Area":56404.868705340676}},{"type":"Feature","id":40,"geometry":{"type":"Polygon","coordinates":[[[80.727517320291298,7.0544362764230151],[80.727541652059088,7.0544192395717822],[80.727568521567534,7.0544118328651431],[80.727594048094659,7.0543995361984635],[80.727607184159041,7.0543862035909264],[80.727630918547192,7.0543672410652407],[80.727650623092927,7.0543582037766495],[80.727666296898022,7.0543571669445626],[80.727701974387841,7.0543429446037109],[80.727718394692914,7.0543362787449588],[80.727733620238652,7.0543374635685856],[80.727745115081049,7.0543374635685856],[80.727759146765777,7.0543333153485515],[80.72778108991325,7.0543279823048266],[80.727821692865746,7.054328278287894],[80.727849010633548,7.0543275383302957],[80.727871402040336,7.0543279823048266],[80.727893784463944,7.0543252034520512],[80.727917473936301,7.0543299053030593],[80.727938246578915,7.0543273733999863],[80.72796120661927,7.0543201396458173],[80.728003846052559,7.0543096509695431],[80.728041019237324,7.0543060340923249],[80.728054868564072,7.0543100129246934],[80.72807709917241,7.0543121828727049],[80.72809277028253,7.0543136298018858],[80.728108441392678,7.0543110978986991],[80.728116094140546,7.0543078429766828],[80.728134681182127,7.0542962684345873],[80.728145978395119,7.0542897585903255],[80.728174040866278,7.0542810779062748],[80.728196636190603,7.0542749291254889],[80.728230164910272,7.0542669723516118],[80.728250938451211,7.0542590155775837],[80.728262600380233,7.054248164944708],[80.728270253128144,7.0542293575370403],[80.728279729456091,7.0542174219292182],[80.728290298135406,7.0542062093400979],[80.728309977528326,7.0542101881733315],[80.728315808492852,7.054215974999769],[80.728330021637248,7.0542170599739915],[80.728343870964011,7.0542156130444917],[80.728360270607823,7.0542134430960353],[80.728398901758297,7.0542181449482007],[80.728413187666277,7.0542164376962413],[80.728440010462336,7.0542125025473288],[80.72845750425418,7.0542057903278703],[80.728478728749408,7.0541914387126354],[80.72850158638181,7.0541858827884241],[80.7285335412531,7.0541826421297573],[80.728553833297028,7.0541851882978976],[80.728575991141838,7.0541828739237742],[80.728598848774254,7.0541789387745686],[80.728612377402442,7.0541740773407566],[80.728624972681047,7.0541768553029387],[80.728639200198501,7.0541817167367249],[80.728651328353152,7.05418704086697],[80.728663457406128,7.0541881980540326],[80.728683515888079,7.05418704086697],[80.728700542555998,7.0541849573953783],[80.728723633750363,7.0541868090729798],[80.72873716237855,7.0541893552410686],[80.728761652249815,7.0541969937452471],[80.728785909457429,7.0542083364958579],[80.728811100014639,7.0542078737993732],[80.728854483252974,7.0542060212303515],[80.728881772274661,7.054203938650371],[80.728919091884848,7.0542020860813368],[80.728941249729615,7.0542006979918188],[80.72895897618514,7.0541972255392764],[80.728980201578665,7.0541888925445582],[80.729003991662324,7.0541743091347859],[80.72902288502938,7.0541597257245421],[80.729047374900645,7.0541451432053366],[80.729074664820672,7.0541370411122095],[80.72908889233814,7.0541402817711685],[80.729110117731693,7.0541467630890615],[80.729126211049987,7.0541513927291239],[80.729140672129432,7.0541506982385469],[80.729161663960994,7.0541469948831033],[80.729186154730598,7.0541391245840179],[80.729212511301014,7.0541361157190998],[80.729232803344985,7.0541349576403887],[80.729271987857672,7.0541377356028123],[80.72930067735291,7.0541395872805657],[80.729333797339123,7.0541384300934151],[80.729365285086445,7.0541361157190998],[80.729381145741101,7.0541294026070132],[80.729417298439714,7.0541143564987703],[80.729446686824232,7.0541069488957504],[80.729464879505386,7.054108106974474],[80.729483772872442,7.0541162081766258],[80.729502898903135,7.0541277818317152],[80.729523190947106,7.0541324114720068],[80.729549547517536,7.0541303288916577],[80.729571938025998,7.0541219950042215],[80.729590364269086,7.0541134302140751],[80.729612055888268,7.0541020883526722],[80.729630249467718,7.0540900511087994],[80.729642611184346,7.0540891257155884],[80.729661737215039,7.0540986158993784],[80.729680396121822,7.054107412483833],[80.729702554864929,7.054121532307648],[80.729726112284936,7.0541342631497859],[80.729740106240428,7.0541361157190998],[80.729764597010032,7.0541310224907763],[80.729782089903551,7.0541245411726674],[80.729807746686376,7.0541125048209148],[80.729840401345271,7.0540986158993784],[80.729884483472901,7.0540912091876127],[80.729920869733476,7.0540888939215218],[80.729947926091498,7.0540898202062552],[80.729981279639702,7.0540928290715161],[80.730016498988746,7.0541062544050961],[80.730054751050147,7.0541351894344428],[80.730101633226539,7.0541662070421296],[80.730123557509359,7.0541775497934776],[80.730148981628517,7.0541979200297904],[80.730169739898102,7.0542060212303515],[80.730194230667706,7.0542097254768468],[80.730228750229116,7.0542071793088725],[80.730256739936735,7.0542053267398508],[80.730286828108888,7.0542023178753528],[80.730310619090844,7.0541986145202911],[80.730335546441665,7.0541899338345875],[80.730384017737777,7.05418704086697],[80.730414630526042,7.0541899338345875],[80.730446701279973,7.0541921037831576],[80.730480229999657,7.0541819770592227],[80.730500274108579,7.0541747433027888],[80.730517403184393,7.0541834239888237],[80.73054473622355,7.0541892108155535],[80.730563687082793,7.0541978906097738],[80.73058227412433,7.0541996994945633],[80.730608513913779,7.0542355063184505],[80.730624185023913,7.0542734830877016],[80.730630015988439,7.0543056721371622],[80.730636940202629,7.05433858598618],[80.730640219951738,7.0543823495713358],[80.730662815276091,7.0544163474971251],[80.730682859385041,7.0544622810222384],[80.730702174960257,7.054494109886539],[80.730746637075256,7.0545707863980081],[80.730761579651684,7.0546105711314313],[80.730783810260007,7.0546264855587735],[80.73080276111925,7.0546449309953871],[80.730815516297966,7.0546604834666367],[80.730816974263689,7.0546756739824943],[80.730815152480275,7.0546923114258284],[80.730798388120448,7.0547078638954748],[80.730768503865903,7.0547201614454957],[80.730757205754585,7.0547342669863555],[80.730752104222063,7.0547519894005521],[80.73076741061621,7.0547711587418194],[80.73080348965297,7.0547968379194987],[80.73083301008981,7.0548145603313035],[80.730876378955116,7.0548489201801203],[80.73091828895636,7.0548749613082293],[80.730946716143549,7.0549154699249454],[80.730956920106848,7.0549592334555733],[80.730957648640555,7.0550134865341638],[80.730955098323463,7.0550518243027076],[80.730949631176642,7.0550706316769665],[80.730941613712744,7.0550818442451453],[80.730930318296345,7.0550709900654809],[80.730929508914286,7.0550701885946445],[80.73090237889437,7.0550658977389844],[80.730860741980948,7.0550550676298212],[80.730826165825661,7.0550478855948304],[80.730786782785316,7.0550416583710058],[80.730781233891776,7.0549898997516056],[80.730776568940513,7.0549811486511054],[80.730768610765423,7.0549644078025446],[80.730751329874309,7.0549458937320537],[80.730714714543296,7.0549317391643687],[80.730691299057142,7.0549102019684478],[80.730685866046286,7.0548875584025605],[80.730655052933713,7.0548713720723981],[80.730543551345718,7.0548789561829857],[80.730457031007447,7.0549051506498222],[80.730430592690297,7.0549008606841319],[80.730417284149368,7.054891769023576],[80.730392771820206,7.0548822940117955],[80.73036867720765,7.054869637185897],[80.730336235449514,7.0548739271518546],[80.730319332749133,7.054882806632417],[80.730302441726835,7.0548834708104122],[80.730286810142573,7.054878557676175],[80.730269008228589,7.0548650066614877],[80.730250864056487,7.0548517953133105],[80.730218134837401,7.0548268792748177],[80.730167055732053,7.0548349572850135],[80.730159181998587,7.0548515198354318],[80.730147092471483,7.0548519959040119],[80.730098095660921,7.0548473350679233],[80.730089681141692,7.0548383191850501],[80.730066642947889,7.0548339534400366],[80.730058205970749,7.0548249134859748],[80.730026204387059,7.0548205718117432],[80.730017389219171,7.0548159412868374],[80.730007644294986,7.0548113758424416],[80.729992196865368,7.0547948257718067],[80.729962524613214,7.0547892012082363],[80.729945497945323,7.0547802575368417],[80.729904887806271,7.0547759666784975],[80.729900566011437,7.0547713361531468],[80.729879621790573,7.0547647541029015],[80.729862243881428,7.0547461348257432],[80.72983136968341,7.0547273684479936],[80.729805406575068,7.0547263467724592],[80.72978823527842,7.0547447440633375],[80.729765597733262,7.0547490340304781],[80.72975229009063,7.0547536645560456],[80.729711679951578,7.0547579554145941],[80.729689306511105,7.0547760299760265],[80.729675905443699,7.0547668759070215],[80.729627635370235,7.0547622846082145],[80.729621986763718,7.0547445737840988],[80.729589985180056,7.0547402321091033],[80.729577226408068,7.0547265616274517],[80.729558324057862,7.0547177062147703],[80.729546090800312,7.0547045991696011],[80.729518472096927,7.0547088900286079],[80.729510145612522,7.0547178105219643],[80.729476037479529,7.0547132539917596],[80.72946887431344,7.054699816194578],[80.729469721424735,7.0546786106312513],[80.729464553416932,7.0546689154110185],[80.729460231622099,7.0546553643901992],[80.729454898324235,7.0546453580308821],[80.72945603199814,7.0546169490270501],[80.729437765655163,7.054597377606294],[80.729394996864485,7.0545915756288897],[80.729379182922216,7.0545841662504838],[80.729365865398094,7.054575069234625],[80.729356774447439,7.0545754267319865],[80.729351689982934,7.0545594837744332],[80.729338915041282,7.0545527733430706],[80.729325264242235,7.0545484824826135],[80.729319985741611,7.0545319306195333],[80.729291350145303,7.054521967050241],[80.729314131420907,7.0545609574482757],[80.729320972990124,7.0545894680882473],[80.729343236836129,7.0546099461796876],[80.729337042952238,7.0546241408753749],[80.729329757615275,7.0546198500155803],[80.729311955701291,7.0546062989933356],[80.729271345562253,7.0545975478855842],[80.729249051173511,7.0545795357232119],[80.729221533081429,7.0545751842400088],[80.729205291541064,7.0545577827643386],[80.729194960915322,7.0545529427308509],[80.72918888291413,7.0545401566263077],[80.729167565892396,7.0545255955154671],[80.729128190936891,7.0545132203985101],[80.729114083793675,7.0544949568256436],[80.729109761998828,7.0544858660486467],[80.729096110301455,7.0544771149386172],[80.729091788506608,7.0544724844102893],[80.729072798121507,7.0544679938497508],[80.729057712712944,7.054451831575828],[80.729042192519799,7.0544591027715633],[80.729022602958395,7.0544724844102893],[80.729015517047415,7.0544619163926354],[80.729015051720125,7.0544502669671418],[80.729015607777256,7.0544363325884687],[80.729001753060658,7.0544235892734291],[80.728993386152084,7.0544059889842234],[80.728979841354231,7.0543935300616356],[80.728974688617782,7.0543826928046345],[80.728957375387282,7.0543667676707447],[80.728952499331939,7.0543565116809495],[80.72894317032771,7.0543479308478823],[80.728926739242837,7.0543303260982295],[80.728904106189262,7.0543294363660713],[80.728876951914842,7.0543364998407085],[80.728867461213866,7.0543165379244384],[80.728848984665106,7.0543208278955483],[80.72883200201467,7.0543297492879207],[80.72880854610429,7.0543254584253905],[80.728790371389451,7.0543130440763937],[80.728741147305143,7.0543208278955483],[80.72872783966254,7.0543299186757773],[80.728709695490423,7.0543342095382569],[80.728703552810501,7.054347128484264],[80.728682312145594,7.054352151280515],[80.728666107436197,7.0543695135372113],[80.728655776810442,7.0543743535726193],[80.728641235780927,7.054384286833554],[80.728593355576294,7.0543824030622222],[80.728584057114773,7.0543923657430074],[80.728570903982373,7.0543985278949597],[80.728565532955301,7.0544264528195662],[80.728535626242859,7.0544404638687794],[80.728516715807828,7.0544533819203004],[80.728495511973847,7.0544600468858754],[80.728478221201271,7.0545008354745296],[80.728462568955749,7.0545081681840367],[80.728433693509245,7.054539105530413],[80.728406042466503,7.0545443458541621],[80.72839779593221,7.0545616938394549],[80.728380833044682,7.0545554264908974],[80.728358333840077,7.0545400567766485],[80.72834126944295,7.0545393854660299],[80.728327943834003,7.0545440222343139],[80.728278347847194,7.0545483122032735],[80.728242968598025,7.0545686842063207],[80.72823807996626,7.0545483122032735],[80.728233415913294,7.0545395619859494],[80.728227725085986,7.0545217201006531],[80.728196142117199,7.0545261981794738],[80.72818865465932,7.0545574038705965],[80.728178021301318,7.054567183787066],[80.728168087730879,7.0545953190989401],[80.728177507464949,7.0546039837298142],[80.728187897379541,7.0546151151814707],[80.728201963200263,7.0546217052574631],[80.728195762129857,7.0546318435614683],[80.72811732213755,7.0546202324753597],[80.728094463606837,7.0546193329371194],[80.728063637019531,7.0546300587492787],[80.727973685116893,7.0545899183031286],[80.727959863637906,7.05457511024429],[80.727914165441092,7.0545707632186092],[80.727903828527133,7.0545383504174071],[80.727843194940405,7.0545301244105953],[80.727814576412072,7.0545083384633518],[80.727797574897011,7.0545126284326551],[80.727780592246546,7.0545215498213381],[80.72777061555702,7.0545083384633518],[80.727766293762187,7.0544903262975192],[80.727759296784427,7.0544838904516984],[80.72775251809729,7.054476628171491],[80.727722561079219,7.0544672119911933],[80.727703217656185,7.0544548128017768],[80.727697526828877,7.0544369709131978],[80.727662778197057,7.0544412608831628],[80.727645386813151,7.0544598953283231],[80.727636186268001,7.0544500378477686],[80.727615206114564,7.0544464111650145],[80.727517320291298,7.0544362764230151]]]},"properties":{"OBJECTID":40,"Division":"5","Field_No":"8","Shape_Length":989.47192172720133,"Shape_Area":17120.59695308017}},{"type":"Feature","id":41,"geometry":{"type":"Polygon","coordinates":[[[80.72997675662225,7.0517803975916342],[80.730095093491272,7.0517150536230897],[80.730166872475692,7.0516899394983286],[80.730201278849407,7.0516816135906497],[80.730248703608197,7.0516780697975658],[80.730250905378981,7.0516803440657858],[80.730273461177433,7.0516847160811738],[80.730303486467491,7.0516923546266739],[80.73040376360602,7.0517159389026496],[80.730451730048941,7.0517303485433898],[80.730565890650198,7.0517472178877849],[80.730585790130377,7.0517573945900658],[80.730569922289177,7.0517962283133411],[80.730565518747682,7.0518096991810273],[80.73055644127173,7.0518319167508885],[80.73055653828979,7.0518366409152042],[80.730577423221817,7.0518466990433533],[80.730623930800704,7.051854215447972],[80.730662617646729,7.0518620813282871],[80.730686745496953,7.0518766068621046],[80.730704808820676,7.0518809779841005],[80.730727184956081,7.0518899885754465],[80.730745277025932,7.0518958164407852],[80.73076313014387,7.0519078305621514],[80.730774799259393,7.0519122016838542],[80.730835021417747,7.0518854382580232],[80.730866563962294,7.0518721465880549],[80.730924885285489,7.0518452940079168],[80.730939741623686,7.0518405083288238],[80.730990049076212,7.0518456122805402],[80.731005846848802,7.051845292224872],[80.731040802093148,7.051855334305495],[80.731061169595577,7.0518342899770419],[80.731083329237009,7.0518492015398575],[80.731111045856792,7.0518545729474829],[80.731154217991033,7.0518655573644242],[80.731227531297975,7.0518922031107758],[80.731280761868447,7.051928022594339],[80.731306897453337,7.051943425381535],[80.731329870968409,7.0519588843339172],[80.731394938639397,7.0520369680830779],[80.731407001217022,7.0520673278899206],[80.731416112828953,7.0520952012469724],[80.731440544309748,7.0521309814879736],[80.73145531530794,7.0521761699296297],[80.731468967005299,7.0522024768807778],[80.731557587604726,7.0523380332563903],[80.731607942667992,7.0524117779193363],[80.731621332057301,7.0524430907352045],[80.731646764261299,7.0524983114063895],[80.731694275258377,7.0525511222962374],[80.731733752621821,7.0525768167528442],[80.731759094994317,7.0525959059474914],[80.731858625632853,7.0527291950770525],[80.731863965218892,7.0527505175185121],[80.731804233540728,7.0527552363243702],[80.731726646947948,7.0527439809069818],[80.731720272502685,7.0527373943703102],[80.731679570735494,7.0527177916670052],[80.731607997465218,7.0526768700850218],[80.731562396286463,7.0526461849139235],[80.731486344914487,7.0525676046916788],[80.731391242072007,7.0524236048083955],[80.731383282100268,7.0524073176504896],[80.731328226153124,7.0523330220280842],[80.731268154013449,7.0522604283038097],[80.731215948420711,7.0522153236731793],[80.731145335449483,7.0521655947274082],[80.731041314132867,7.0521176069137299],[80.730965324744659,7.0520951718268288],[80.730960921203121,7.0520906215114154],[80.730915566162736,7.0520779227078183],[80.730847008536884,7.0520646363924788],[80.730788809384592,7.0520396390757254],[80.730709301295434,7.0519969513334066],[80.730616642768823,7.0519484187836978],[80.730522607124854,7.0518907392351666],[80.730502524388385,7.0518810671360788],[80.730479744011092,7.0518694176456505],[80.730385701180623,7.0518275411708107],[80.730326979208812,7.0518005049349624],[80.730272997646765,7.0517900429472062],[80.730177309102686,7.0517815957946075],[80.730065205643442,7.0517848409276658],[80.72997675662225,7.0517803975916342]]]},"properties":{"OBJECTID":41,"Division":"5","Field_No":"13B","Shape_Length":531.79085699860627,"Shape_Area":4515.9908635726351}},{"type":"Feature","id":42,"geometry":{"type":"Polygon","coordinates":[[[80.730726638780411,7.0520727474370482],[80.730752971994619,7.0520565164325228],[80.730811303199275,7.0520826852049554],[80.730844097995387,7.0520906215114154],[80.730848754861796,7.0520954339335411],[80.730922433783121,7.0521097125091572],[80.730989439120151,7.0521205409041414],[80.731042809827798,7.0521442597777302],[80.731090999052896,7.0521689040471642],[80.73114630383337,7.0521955390778457],[80.731217064128302,7.0522551772559687],[80.731273515159074,7.0523177075142316],[80.731346594005743,7.0524010636455552],[80.731358890145344,7.0524262249822671],[80.731463384874132,7.0525792586221359],[80.731497092358566,7.0526233584760023],[80.73153979826715,7.0526640901693041],[80.731643887855753,7.0527373943703102],[80.731649063948439,7.0527427425881557],[80.731689779190376,7.052769242075084],[80.731713608799922,7.052778572704173],[80.731749923195281,7.0527921612236684],[80.731779534361962,7.0528017682229089],[80.731802881576229,7.052804594335317],[80.731810078878269,7.0528083012675875],[80.731805341163451,7.0528187899778434],[80.73179039948532,7.0528278326456562],[80.731757964015358,7.0528242157568481],[80.731718968148897,7.0528162580665263],[80.73166831125171,7.05281011015781],[80.731627493601835,7.0528137270466811],[80.731579022305738,7.0528267476681643],[80.731550232199197,7.0528491720214062],[80.731535654338757,7.0528864249918035],[80.731536382872449,7.0529211469399637],[80.731556426981385,7.0529573149273999],[80.731603805027802,7.0530188020151634],[80.731658106390086,7.0530828201131159],[80.731723342045996,7.0531479231789929],[80.731793679234428,7.053210494326505],[80.731857092208671,7.0532441312738543],[80.731892442711711,7.0532784912392064],[80.731919411933177,7.0533327436232023],[80.731948566755747,7.053368188558208],[80.73198464669079,7.0533971236336725],[80.732025829056695,7.0534090592626395],[80.732090335280603,7.0534112292148619],[80.732153383538815,7.0534018254941202],[80.732209142866822,7.053390250929354],[80.732283853952396,7.053378677255818],[80.732330866384459,7.0533725284630338],[80.732392092859271,7.0533678266023196],[80.732443479188461,7.0533642097177358],[80.732482838872656,7.053380124187913],[80.73255682052617,7.0534351004717264],[80.732625335931232,7.0534821190700914],[80.732705513265273,7.0535316695711847],[80.732776943703399,7.0535797740269865],[80.732813752172163,7.0536137720117429],[80.732856027787776,7.0536550037586325],[80.732896845437622,7.0536911725802769],[80.732939849586899,7.0537215536750679],[80.732996998608655,7.0537568407819435],[80.732985004303004,7.0537839669467157],[80.732946745055017,7.0538431288506933],[80.732897809329941,7.0538660871728345],[80.732829298416476,7.0538819820124239],[80.732732315400099,7.0538810985200184],[80.732662024924053,7.053857256706185],[80.732612198968496,7.0538563741052629],[80.732604191386059,7.0538705019603469],[80.732623765676109,7.0539614535275259],[80.732668252943924,7.0540568189710386],[80.732689606796527,7.0541371730565157],[80.732714519774291,7.0542413689233463],[80.732690497026994,7.05435174653263],[80.732670922736943,7.0544109083640647],[80.732668252943924,7.054455058859868],[80.732662914256181,7.0545221685326176],[80.732630883926404,7.0545566059649074],[80.732594404241041,7.0545883947045898],[80.732583063908876,7.0546301942594827],[80.732576181915505,7.0546650043368055],[80.732565362606209,7.0547011730795592],[80.732534612375744,7.0547526000878902],[80.732499306788441,7.0547390365883045],[80.73248677978178,7.0547266035286009],[80.732465709796799,7.0547000426392321],[80.732446918837667,7.0546599182464602],[80.732453752322058,7.0546079268990427],[80.732432579929153,7.0545279081048289],[80.732376970619796,7.0544354669274352],[80.732338043923562,7.0543651014290099],[80.732268532286895,7.0542974960510509],[80.732119777564037,7.0542229912258039],[80.732026631252239,7.0541898785606181],[80.731930705552955,7.0541898785606181],[80.731904290591999,7.0541498664545692],[80.731905681184074,7.0541070959958185],[80.731915524024629,7.0541018529925541],[80.731906626211753,7.0540753624970662],[80.731901287523996,7.0540232641021392],[80.731895948836282,7.0539720491935753],[80.731899507961415,7.0538802159191603],[80.731903957317044,7.0538245853153532],[80.731900398191883,7.0537760199710604],[80.731896839066707,7.0537230389412819],[80.731885272359122,7.0536868344614723],[80.7318656980691,7.0536373856098882],[80.731765155927562,7.0535411374784847],[80.731665760036321,7.0534446575326708],[80.731656855935213,7.0534359590024769],[80.731648054242058,7.0534320764464153],[80.731647047230609,7.0534317644155031],[80.731635285588609,7.0534312571423738],[80.731634663056084,7.0534305011360647],[80.731621886317811,7.0534071701382057],[80.731618369413482,7.0533971691010375],[80.731608340621648,7.0533892069629651],[80.731607598613238,7.0533884616547704],[80.731605861271447,7.0533857951274817],[80.731605104889994,7.0533850444701915],[80.731598683732344,7.0533712366548738],[80.731596783795524,7.0533676705868125],[80.731591578058442,7.0533609244774631],[80.731587420655302,7.0533547391322564],[80.731579796653506,7.0533444822285487],[80.731569357331566,7.0533310114055174],[80.73156131830811,7.0533224769123173],[80.731556978546962,7.053313948659607],[80.731552019846589,7.053305753834139],[80.731547864240071,7.0532995675966719],[80.731547490540919,7.0532986573576588],[80.731546581445855,7.0532981162067117],[80.73154520163358,7.0532966353967348],[80.731543564903134,7.0532952918803886],[80.731542367448881,7.0532935721437982],[80.731540889720222,7.0532923659210436],[80.731540696582442,7.0532913834691389],[80.731539767724442,7.0532910438010896],[80.731538749034911,7.0532896191566552],[80.731537132067388,7.0532883763817447],[80.731535618406156,7.0532868741752734],[80.731534704819509,7.0532864988465649],[80.731532862374848,7.0532839749614293],[80.731532697084859,7.0532830772036377],[80.731531453816473,7.053281679304666],[80.731531075625767,7.0532807726316902],[80.731530318345975,7.0532800210827],[80.7315298745782,7.0532792044529833],[80.731529117298422,7.0532786071364431],[80.731528581902523,7.0532777664357544],[80.731525553681692,7.0532747611312514],[80.731523843289395,7.0532720785560166],[80.731522963838742,7.0532715267068538],[80.731522351187721,7.0532707100770997],[80.731520723440411,7.0532694369905231],[80.731518453397669,7.0532671841265202],[80.731517539811065,7.0532668087977992],[80.731514569980732,7.0532637633749751],[80.731514066924149,7.0532628308479577],[80.731513191066753,7.0532623654759652],[80.731512837130524,7.0532604362327138],[80.731510664105883,7.0532567979508842],[80.731509906826091,7.0532560472933783],[80.731506822011397,7.0532504637209108],[80.731506141986713,7.053249655114767],[80.731503703060739,7.0532476349366586],[80.731500728738823,7.05324322014323],[80.731498615002934,7.0532409030898702],[80.731497601703325,7.0532390835031116],[80.731495225659401,7.053237051735266],[80.73149467678877,7.0532361521943283],[80.731493920407274,7.0532354015367966],[80.731486892886821,7.0532247372070112],[80.731484408146741,7.0532188621080181],[80.731483727223747,7.0532182380459005],[80.731479472802562,7.0532177682162587],[80.731478474774292,7.0532173964535625],[80.731454734097966,7.0532076646505146],[80.731454734097966,7.053206601961854],[80.731422335458902,7.053200973812908],[80.731421646451111,7.0532008659393073],[80.731420705915014,7.053200241877164],[80.731419604580466,7.0531998781381038],[80.731417333639399,7.053199643669025],[80.731415182174317,7.053199060616687],[80.73141421558708,7.0531984793473939],[80.731413114252533,7.0531981147167739],[80.731410794802471,7.0531980924288584],[80.731407542901138,7.0531969396969139],[80.731406410125572,7.0531968166675378],[80.731401017538928,7.0531947171441569],[80.731399875780184,7.0531946351245729],[80.73139929546852,7.0531940583128518],[80.73139813394684,7.0531940583128518],[80.731397075731465,7.0531936250354166],[80.731396189094255,7.0531929055809197],[80.731383415050942,7.0531929055809197],[80.731381229449823,7.0531934823926532],[80.731378954915542,7.0531936865500917],[80.731377882327081,7.0531940583128518],[80.731375560182087,7.0531940583128518],[80.731371249167054,7.0531929091469836],[80.731369170465456,7.0531918794444408],[80.731368039486512,7.0531917537404976],[80.731367118713351,7.0531911769287641],[80.73136654379158,7.0531905760460463],[80.731364593549088,7.053189448276596],[80.731363507485923,7.0531892672985563],[80.731361524904088,7.053188452451681],[80.731360682284361,7.0531876670248979],[80.731357680114641,7.0531859401557613],[80.731355433428149,7.0531853633440145],[80.731343498411277,7.0531808692049065],[80.731338544202487,7.0531760175673055],[80.731337619836069,7.0531753400141106],[80.73133046744978,7.0531715073808234],[80.731323544133886,7.0531672789137785],[80.731322749124843,7.0531664845717739],[80.731319090286675,7.0531606050144449],[80.731314134281263,7.0531542101599438],[80.731313234169363,7.0531535825316745],[80.731304271677757,7.0531511593872871],[80.731298763208457,7.0531493371256442],[80.73129792687692,7.0531487014737131],[80.731295942498434,7.0531432863967405],[80.731294630059807,7.0531388653616638],[80.731290216636836,7.0531376520064137],[80.731289372220459,7.0531369191790461],[80.73128646347557,7.0531333762886286],[80.731286407780004,7.0531287751669334],[80.731286040369056,7.0531276821665054],[80.731285414243317,7.053126747856215],[80.731285302852214,7.0531256414830041],[80.731284879745715,7.0531249077641274],[80.731284141330562,7.0531241508657496],[80.731284141330562,7.0531218462930516],[80.731283742478581,7.0531202977271459],[80.731284141330562,7.0531195408288063],[80.731284141330562,7.0531149307918124],[80.731282547719246,7.0531119495572385],[80.731282224325767,7.0531097510750591],[80.731281818287229,7.0531087721888239],[80.731280310015876,7.0531076203481984],[80.731280076453899,7.0531066994105878],[80.731278915830543,7.053104870908137],[80.731277754308906,7.0531006361998898],[80.731277722867873,7.0530971860270055],[80.731276684415391,7.0530951239469211],[80.731274269743892,7.0530926375044833],[80.731272369807073,7.053091327865217],[80.731271548746918,7.0530905130181631],[80.731269663183113,7.0530892176431754],[80.731268517831154,7.053089180199434],[80.731267473988794,7.0530886889732471],[80.731266616995995,7.0530879231596595],[80.731265922598297,7.0530870173778251],[80.731265560577228,7.0530859493397768],[80.731264399055561,7.053084459613955],[80.73126429934257,7.0530833675049092],[80.731263260890103,7.0530828522077753],[80.731262729985772,7.0530818332031684],[80.731261332207197,7.0530800492765469],[80.731260964796206,7.0530789553844571],[80.731259384659666,7.0530772882465955],[80.731258787279984,7.0530763129263594],[80.731256850512253,7.0530753500873837],[80.731256113893679,7.0530744639188852],[80.731255108678909,7.0530723947065725],[80.731255075441211,7.0530712499980099],[80.731254556214992,7.053070219403665],[80.731253751324488,7.0530693929668482],[80.731252781143994,7.0530688170464968],[80.731249499598263,7.0530676678802848],[80.731248515044712,7.0530670776956423],[80.731247117266136,7.0530653338872273],[80.731242868234816,7.0530634750730092],[80.731241913325675,7.053062851010675],[80.731230968252277,7.0530525316942807],[80.731230721215582,7.0530514841610659],[80.731230140903889,7.0530505703555058],[80.731223116078382,7.0530368213704104],[80.731221838674031,7.0530372020484178],[80.73121353105428,7.0530410917399529],[80.731212610281119,7.0530412317082387],[80.731211675134915,7.0530408733181211],[80.731210654648734,7.0530408733181211],[80.731205854950176,7.053039354172066],[80.731201772107212,7.053039354172066],[80.731200962725154,7.0530398605540547],[80.731197922826212,7.0530399532719059],[80.731197000256429,7.0530403669360942],[80.731192943464592,7.0530404293423556],[80.731191182766665,7.0530412718265216],[80.731189166947132,7.0530413797001472],[80.731187636217925,7.0530408733181211],[80.731186615731744,7.0530408733181211],[80.731184737354482,7.0530402644115879],[80.731182207698652,7.053038651656161],[80.731181237518129,7.0530383414080129],[80.731180226015127,7.0530383191200468],[80.731179407649904,7.0530378341344386],[80.731178387163737,7.0530378341344386],[80.731174402237144,7.0530369782775164],[80.731171418932078,7.0530366698123999],[80.731166151211269,7.053033625279598],[80.73116521337009,7.0530332766961736],[80.731164217138456,7.0530331723885977],[80.731163292771996,7.0530327694226367],[80.731162272285871,7.0530327694226367],[80.731161434157713,7.0530323316874632],[80.731160663403173,7.0530316933608006],[80.731159695019286,7.053031373305946],[80.731158879349039,7.053030808975282],[80.731157136617369,7.0530300921950593],[80.731156546424231,7.053029281805502],[80.731155687634811,7.0530274506282176],[80.731155151340616,7.0530254999875428],[80.731154238652252,7.0530236884235933],[80.731153735595711,7.0530217253016723],[80.731152910942285,7.0530203274019243],[80.731152179713646,7.0530174424506917],[80.731152119526513,7.0530154302952273],[80.731151669470563,7.053014522730221],[80.731151656894127,7.0530135179897782],[80.73115074420582,7.0530130650987912],[80.731147527338777,7.0530056494544882],[80.731145635486783,7.0529967280366082],[80.731145791793651,7.0529957794617211],[80.731148812827968,7.0529893534018564],[80.731150523220265,7.0529868464539121],[80.731150648086086,7.0529848628269036],[80.731150435185342,7.0529839374314784],[80.731147545305092,7.0529832518543421],[80.731144497321338,7.0529831350655066],[80.731143479530118,7.0529831475467661],[80.731142566841783,7.0529836004377797],[80.73114206648016,7.0529841478296875],[80.7311318598219,7.0529841478296875],[80.731130859996995,7.0529840176680825],[80.731127942268955,7.0529831350655066],[80.731123886375471,7.0529830236257913],[80.731121212090841,7.0529815552960189],[80.731117987138987,7.0529790831172496],[80.73111696665282,7.0529790831172496],[80.731108204485537,7.0529750810939813],[80.731108193705779,7.0529739176632864],[80.731107371747257,7.0529731028160292],[80.731105729626933,7.0529714731215405],[80.731103704824278,7.0529705432684917],[80.731103112834518,7.0529695848868474],[80.731102199247871,7.0529691212976315],[80.731098332898867,7.0529652850965636],[80.731097752587203,7.052963116925274],[80.731097172275554,7.0529625401132732],[80.731096858763493,7.0529615166508393],[80.731095178913918,7.0529599324236898],[80.731094212326681,7.0529592932054275],[80.731093687710541,7.0529584195179593],[80.731089084743047,7.0529549541882561],[80.731088057070338,7.0529544228436079],[80.73108695753244,7.0529541651949899],[80.731085018968045,7.0529529536222624],[80.731081817372385,7.0529515922745558],[80.731080038708114,7.0529501560393406],[80.731077964498141,7.0529491192041238],[80.731076014255649,7.052947871079164],[80.731075106957206,7.0529472746537394],[80.731074501492699,7.0529464437591072],[80.731071778699089,7.0529443281873094],[80.731066584640118,7.0529417517007484],[80.731060155397628,7.0529391012182137],[80.731053080266449,7.052935158034761],[80.731047511610001,7.0529335301231386],[80.731036138040182,7.0529312380307463],[80.731029530931266,7.0529265495382854],[80.731018893081668,7.0529219430654333],[80.731006532263379,7.0529187434077683],[80.731001405578041,7.0529160697456303],[80.731000593501037,7.0529153217621054],[80.730996651693545,7.0529069735885086],[80.730990978832537,7.0528977276562168],[80.730983123963682,7.0528712174784518],[80.73097402133493,7.0528525909929733],[80.730948996966049,7.052815942469131],[80.730923330301749,7.0527749085645484],[80.730906912691623,7.0527508652106183],[80.730899779169945,7.0527362683827848],[80.730867992283621,7.0527200124390079],[80.730852994011641,7.0527151813014806],[80.730850792240858,7.0527129061468532],[80.730794362769657,7.0527157928830126],[80.730740962417599,7.0527274298709219],[80.730725135000597,7.0527312625078862],[80.730722948501196,7.0527287305960478],[80.730725499716627,7.0526911156565184],[80.730725863534317,7.0526636274712793],[80.730721490535515,7.052624927548508],[80.730729507999413,7.0525996093153394],[80.730795540461017,7.0525293745911704],[80.730809776961621,7.0524717316672856],[80.730833692809441,7.0523519231222593],[80.730822304866564,7.0522993662926519],[80.730781874390573,7.0522032935124281],[80.730726638780411,7.0520727474370482]]]},"properties":{"OBJECTID":42,"Division":"5","Field_No":"11","Shape_Length":979.07168355855219,"Shape_Area":19226.737667420191}},{"type":"Feature","id":43,"geometry":{"type":"Polygon","coordinates":[[[80.727554502459228,7.0544133921248751],[80.727621841969551,7.0542646419306614],[80.727715248792776,7.0542150585219456],[80.727721765171864,7.0541503844250864],[80.727717420919163,7.0540900216887836],[80.727765210393954,7.0540469053164303],[80.727823861398846,7.0539779198254662],[80.727839066283352,7.053885220890133],[80.727945506763064,7.0537903653585401],[80.727971573177641,7.0536955098075467],[80.727984606834085,7.0536286799511814],[80.728017190526074,7.0535618500851731],[80.728075841531009,7.0534734624419251],[80.728097563692884,7.0534325016999722],[80.728160558950506,7.0533139326122969],[80.728182281112382,7.0532621934131479],[80.72822789846083,7.0531738048211521],[80.728271103832725,7.0530810852199615],[80.728338724515737,7.0529539298342874],[80.728388550471266,7.0529115452923126],[80.728432148406966,7.0528938852139209],[80.728448163571855,7.0528285414024836],[80.728443715114565,7.0527790924592493],[80.728420581699382,7.0527137495231385],[80.72842147103151,7.0526863754535682],[80.728473076549633,7.0526545865833432],[80.728528241192919,7.0525963080223368],[80.728582516504048,7.0525486242611368],[80.728612768169569,7.0525035909800673],[80.72903273056491,7.0517115214200237],[80.729110636059616,7.0517240749159216],[80.729135284034371,7.0517280582280888],[80.729217660444235,7.0517457237000389],[80.729350364069603,7.0517687891085554],[80.729366268741671,7.0517741935033804],[80.72937472997333,7.0517829357492667],[80.729418856118414,7.051807120905111],[80.729470787724992,7.0518420667056843],[80.729539180959151,7.0518823714296595],[80.729620741698739,7.0519143065621446],[80.729653410730691,7.0519222125598393],[80.729724686658585,7.0519207691892527],[80.729765367764543,7.0518962782480505],[80.729815577300712,7.0518624914274559],[80.72984049746502,7.0518504897861654],[80.72986811796504,7.0518371874169388],[80.729890045841131,7.0518310466273713],[80.729894602994577,7.0518297708622724],[80.729889504157015,7.0518317232910288],[80.729849521940366,7.0518816136377742],[80.729766107976317,7.0519685359264557],[80.729642376724044,7.0519740544334377],[80.729499182572809,7.0519423207885454],[80.72938101189213,7.0518926515452849],[80.729294817642298,7.0518898913997941],[80.729205842208358,7.0519036885609925],[80.72916135494053,7.0519216250482746],[80.72915440377686,7.0519561179481789],[80.729237817740909,7.0520375217167484],[80.729294817642298,7.0521368619499034],[80.729382402484177,7.0522527576729885],[80.729432451221925,7.0523203642409591],[80.729549230412232,7.0523865907278314],[80.729596498864169,7.0524417793110619],[80.72965766964343,7.0524762721722398],[80.729710497768664,7.0524955878167699],[80.729734132443795,7.0525162844229028],[80.729780010303656,7.0525507772785208],[80.72982310697941,7.0526059658421847],[80.729834229020952,7.0526308008720004],[80.72982692212446,7.0526514430894771],[80.729788769775993,7.0526768745426205],[80.72975061742757,7.0526910024336953],[80.729709047887809,7.0527124773265326],[80.729674881364275,7.0527345174409835],[80.729623062047111,7.0527379087763418],[80.729571243628271,7.0527316922196777],[80.729529674088482,7.0527243452177499],[80.729490382676275,7.0527299965519736],[80.729468174525834,7.0527288661068246],[80.729428313581735,7.0527526018880895],[80.729413508447536,7.052767860221909],[80.72938959170142,7.0528226778881908],[80.729375924732679,7.0529063174313125],[80.729371369375855,7.0529667873040394],[80.729387313573838,7.0530131275050145],[80.729404966367497,7.0530549477070625],[80.729420341033588,7.0530922461282861],[80.72943685566176,7.0531250236613641],[80.729448813136514,7.0531719299600812],[80.729449382668378,7.0532131840342611],[80.729447105439149,7.0532493528904077],[80.729454507557094,7.0532923026233485],[80.72948753591514,7.0533567281067828],[80.729515438486189,7.0533923308384576],[80.729549035477831,7.0534296292325189],[80.729595159476062,7.0534787963869929],[80.72964811785701,7.0535143991092788],[80.729701075339648,7.0535341791907058],[80.729722714856521,7.0535494374987637],[80.729747200236247,7.0535686514656168],[80.729766561625539,7.05359012720929],[80.729765063235661,7.0536060318650264],[80.729765530359614,7.0536092725277131],[80.729760398284398,7.0536275593149398],[80.729754101094244,7.0536504757464904],[80.729746170766902,7.0536706142117254],[80.72973404261225,7.0537007064565422],[80.729719581532819,7.0537226965990341],[80.729704420665769,7.0537393626051106],[80.729677830533348,7.0537530197431781],[80.729653573325763,7.0537673713719879],[80.729613689025427,7.0537851954560375],[80.729572637813604,7.0538134360143481],[80.729549780181202,7.0538444536436238],[80.729523890734711,7.0538884348053976],[80.729500332416364,7.0539361193201735],[80.729487504474108,7.0539509336400608],[80.729486804686516,7.0539687568255145],[80.729482839522859,7.053993756712666],[80.729473276956654,7.054018293010258],[80.729454617151575,7.0540469962510075],[80.729445520810998,7.054060885174084],[80.729437124258027,7.0540770884713728],[80.729439223620844,7.0540858850562609],[80.729439922510153,7.0541034773339915],[80.729442488996938,7.054108569671099],[80.729431335514334,7.0541108180734193],[80.729417298439714,7.0541143564987703],[80.729381145741101,7.0541294026070132],[80.729365285086445,7.0541361157190998],[80.729333797339123,7.0541384300934151],[80.72930067735291,7.0541395872805657],[80.729271987857672,7.0541377356028123],[80.729232803344985,7.0541349576403887],[80.729212511301014,7.0541361157190998],[80.729186154730598,7.0541391245840179],[80.729161663960994,7.0541469948831033],[80.729140672129432,7.0541506982385469],[80.729126211049987,7.0541513927291239],[80.729110117731693,7.0541467630890615],[80.72908889233814,7.0541402817711685],[80.729074664820672,7.0541370411122095],[80.729047374900645,7.0541451432053366],[80.72902288502938,7.0541597257245421],[80.729003991662324,7.0541743091347859],[80.728980201578665,7.0541888925445582],[80.72895897618514,7.0541972255392764],[80.728941249729615,7.0542006979918188],[80.728919091884848,7.0542020860813368],[80.728881772274661,7.054203938650371],[80.728854483252974,7.0542060212303515],[80.728811100014639,7.0542078737993732],[80.728785909457429,7.0542083364958579],[80.728761652249815,7.0541969937452471],[80.72873716237855,7.0541893552410686],[80.728723633750363,7.0541868090729798],[80.728700542555998,7.0541849573953783],[80.728683515888079,7.05418704086697],[80.728663457406128,7.0541881980540326],[80.728651328353152,7.05418704086697],[80.728639200198501,7.0541817167367249],[80.728624972681047,7.0541768553029387],[80.728612377402442,7.0541740773407566],[80.728598848774254,7.0541789387745686],[80.728575991141838,7.0541828739237742],[80.728553833297028,7.0541851882978976],[80.7285335412531,7.0541826421297573],[80.72850158638181,7.0541858827884241],[80.728478728749408,7.0541914387126354],[80.72845750425418,7.0542057903278703],[80.728440010462336,7.0542125025473288],[80.728413187666277,7.0542164376962413],[80.728398901758297,7.0542181449482007],[80.728360270607823,7.0542134430960353],[80.728343870964011,7.0542156130444917],[80.728330021637248,7.0542170599739915],[80.728315808492852,7.054215974999769],[80.728309977528326,7.0542101881733315],[80.728290298135406,7.0542062093400979],[80.728279729456091,7.0542174219292182],[80.728270253128144,7.0542293575370403],[80.728262600380233,7.054248164944708],[80.728250938451211,7.0542590155775837],[80.728230164910272,7.0542669723516118],[80.728196636190603,7.0542749291254889],[80.728174040866278,7.0542810779062748],[80.728145978395119,7.0542897585903255],[80.728134681182127,7.0542962684345873],[80.728116094140546,7.0543078429766828],[80.728108441392678,7.0543110978986991],[80.72809277028253,7.0543136298018858],[80.72807709917241,7.0543121828727049],[80.728054868564072,7.0543100129246934],[80.728041019237324,7.0543060340923249],[80.728003846052559,7.0543096509695431],[80.72796120661927,7.0543201396458173],[80.727938246578915,7.0543273733999863],[80.727917473936301,7.0543299053030593],[80.727893784463944,7.0543252034520512],[80.727871402040336,7.0543279823048266],[80.727849010633548,7.0543275383302957],[80.727821692865746,7.054328278287894],[80.72778108991325,7.0543279823048266],[80.727759146765777,7.0543333153485515],[80.727745115081049,7.0543374635685856],[80.727733620238652,7.0543374635685856],[80.727718394692914,7.0543362787449588],[80.727701974387841,7.0543429446037109],[80.727666296898022,7.0543571669445626],[80.727650623092927,7.0543582037766495],[80.727630918547192,7.0543672410652407],[80.727607184159041,7.0543862035909264],[80.727594994020663,7.0543985760367516],[80.727554502459228,7.0544133921248751]],[[80.728627601151544,7.0533122333806411],[80.728655200990332,7.0533124437787089],[80.728681739020459,7.0533183438390132],[80.728688744981355,7.0533198184083084],[80.728670486723203,7.0533322497227529],[80.728661357144986,7.0533421518029416],[80.728659234425962,7.053350158517671],[80.728657323709342,7.0533579548342304],[80.728659659329097,7.0533697531705846],[80.728665603481318,7.0533817627961231],[80.728683649737079,7.0534064150233551],[80.728686409361629,7.0534123141909664],[80.728685135550549,7.0534190567334889],[80.728687258269559,7.0534274842428424],[80.728689805891733,7.0534371759230403],[80.728697448758169,7.0534468684945066],[80.7287016950945,7.0534565601742854],[80.728705728530102,7.0534628810286906],[80.728708701055396,7.0534689914850404],[80.728710823774421,7.0534765765101133],[80.728712947391742,7.0534835294496991],[80.728716768824967,7.0534930107307225],[80.728718679541558,7.0534940645035631],[80.728722288074067,7.053495960759717],[80.728729930940503,7.0535058628364062],[80.728733328368889,7.0535102874340474],[80.728736724898994,7.0535111308088823],[80.728744580666174,7.0535153441170095],[80.72875498315716,7.0535218762600636],[80.728764111837066,7.0535248253973828],[80.728775152131888,7.0535271433408528],[80.728791286772733,7.0535279867156628],[80.728805935600064,7.0535258791701345],[80.728817612800427,7.0535237725161544],[80.728829714005641,7.0535222970559719],[80.728837143971347,7.0535233508287494],[80.728846697554388,7.0535279867156628],[80.72885519022708,7.0535322000236365],[80.728861771284855,7.0535328321089574],[80.728868140340239,7.0535311471423823],[80.728876845015307,7.0535233508287494],[80.728879698962999,7.0535193488101751],[80.728886133595367,7.0535185722990716],[80.728891177635703,7.053520902723827],[80.728897351756615,7.0535237502282131],[80.728904830231386,7.0535246132163971],[80.728917613257863,7.0535221972060969],[80.728926221813239,7.0535193488101751],[80.728932221661012,7.0535167598455724],[80.728937178564777,7.0535152933005616],[80.728941004489542,7.0535148618064634],[80.728944569902922,7.053515983334508],[80.728948482964284,7.053517967850774],[80.728964831404156,7.0535236967372379],[80.728988609809733,7.0535286856647668],[80.729009126432501,7.0535336754837425],[80.72902733348667,7.0535402825139748],[80.729047443172618,7.0535486431574199],[80.729065785872393,7.0535572730386988],[80.729082634673887,7.0535684651386346],[80.729098395615537,7.0535830289541304],[80.729129619258174,7.0536073762720051],[80.729150664090341,7.0536280023986357],[80.729167794962834,7.0536494050351992],[80.729180191713738,7.0536658240938754],[80.729190382202319,7.0536840279678321],[80.729197990932761,7.053697646772302],[80.729207910130143,7.0537111318489512],[80.729220682376848,7.0537229979315406],[80.729234133749912,7.0537320325579946],[80.729249351210839,7.0537424160484532],[80.72926470521567,7.0537536081439107],[80.729270820047816,7.0537565751100839],[80.729299896716924,7.053755765613321],[80.729324217704914,7.0537525294092251],[80.729354382233836,7.0537459214905107],[80.729378024095482,7.0537375617421754],[80.729402481627432,7.0537248861631419],[80.729425715653932,7.0537112664679382],[80.729438352255031,7.0537043893106901],[80.729451803628095,7.0536922530981725],[80.729461450635938,7.0536706784008905],[80.729468108050511,7.0536495075596157],[80.729469602847118,7.0536291453228053],[80.729469331555933,7.0536122903112366],[80.72947096199816,7.0535854556623283],[80.729472184605243,7.053556194303555],[80.729473815047513,7.0535367761788308],[80.729477891602272,7.0534914684066941],[80.729485092497569,7.0534566778545162],[80.729493788189544,7.0534189212229039],[80.72948827702524,7.0534099962469243],[80.729457917561916,7.0533994611911526],[80.729430318621453,7.0533901911976979],[80.729405903310337,7.0533845024278499],[80.729384470405961,7.053382511670419],[80.729367476975725,7.0533838703422997],[80.729353465053933,7.0533878732535795],[80.729340726943207,7.0533908232832347],[80.729323954498554,7.0533969328490294],[80.729307819857723,7.0534005149641708],[80.729295506650104,7.0534024112207447],[80.729280008016516,7.0534112604179606],[80.729275549677752,7.0534285380158224],[80.729270879336624,7.0534359117520804],[80.729263023569459,7.0534418118108198],[80.729243916403377,7.0534462364090587],[80.729223535426186,7.0534475005799679],[80.729196148488114,7.0534475005799679],[80.729163241402631,7.0534434967777129],[80.729143392228096,7.0534386326616128],[80.729132744497051,7.0534360231916811],[80.729129697411622,7.0534392834689248],[80.729126160744343,7.0534383883860059],[80.72911772556381,7.0534362540945823],[80.729103094702779,7.0534325516249359],[80.729084684629356,7.0534278934491148],[80.729072324709364,7.0534247660078133],[80.729063694594416,7.0534225817913629],[80.729051570033022,7.053416949187465],[80.72903585939703,7.0534102075364258],[80.729027579625068,7.0534104179344315],[80.729020786564888,7.0534038857897734],[80.729007224699046,7.0534007253621764],[80.728988941288051,7.0533912440792701],[80.728968347410159,7.0533828165692176],[80.728948298809669,7.0533786638830742],[80.728938064303648,7.0533786023683858],[80.728925699892059,7.053378198511183],[80.728912422792163,7.0533752600711503],[80.728906678065911,7.0533699724837735],[80.728896758868544,7.0533632299405129],[80.728887237624861,7.0533614264015734],[80.72888222053399,7.0533566229077742],[80.728882084888383,7.0533512292296363],[80.728881812698859,7.0533412504791757],[80.728878824003885,7.0533324850832653],[80.728868904806546,7.0533227764620587],[80.72885830648282,7.0533190008871207],[80.728840507263754,7.053312258343122],[80.72881421537204,7.0533042266652748],[80.728802114166854,7.0532974850125818],[80.728791711675854,7.0532861074705071],[80.728782582097622,7.0532802074097836],[80.728766235454415,7.053277257379416],[80.728759653498315,7.0532703044367757],[80.728756256968211,7.053251763553039],[80.72875158662707,7.0532349076361953],[80.728747340290724,7.053223951780291],[80.728735875991063,7.0532191054922428],[80.728726959313533,7.0532218451248987],[80.728717192829777,7.0532233196945375],[80.728701483092095,7.0532231092964439],[80.728693415322525,7.0532226876087591],[80.728683861739455,7.0532186838045705],[80.728673034345348,7.0532115204629466],[80.728663904767103,7.0532041458315913],[80.728657111706923,7.0532009854026203],[80.728647770126315,7.0532033033477184],[80.728636730729789,7.0532144704937343],[80.728632272391025,7.0532195271799276],[80.728629299865759,7.0532247942641266],[80.728634183107644,7.0532315368093714],[80.728646921218356,7.0532387001506782],[80.728658172617301,7.0532490248120583],[80.728658809522841,7.0532549239816413],[80.72865271175867,7.053266122329509],[80.728646071412101,7.0532688298672896],[80.728641401070917,7.0532713582101128],[80.728637154734571,7.053274729036656],[80.728632272391025,7.0532783111527397],[80.728628874962624,7.053281682870729],[80.728625478432548,7.0532875820399434],[80.728626091083555,7.0532946936723766],[80.728627014551677,7.0533054204067316],[80.728627601151544,7.0533122333806411]]]},"properties":{"OBJECTID":43,"Division":"5","Field_No":"7","Shape_Length":1408.1344024617938,"Shape_Area":33703.193108377855}},{"type":"Feature","id":44,"geometry":{"type":"Polygon","coordinates":[[[80.73110993464077,7.0529758709787185],[80.73111696665282,7.0529790831172496],[80.731117987138987,7.0529790831172496],[80.731121212090841,7.0529815552960189],[80.731123886375471,7.0529830236257913],[80.731127942268955,7.0529831350655066],[80.731130859996995,7.0529840176680825],[80.7311318598219,7.0529841478296875],[80.73114206648016,7.0529841478296875],[80.731142566841783,7.0529836004377797],[80.731143479530118,7.0529831475467661],[80.731144497321338,7.0529831350655066],[80.731147545305092,7.0529832518543421],[80.731150435185342,7.0529839374314784],[80.731150648086086,7.0529848628269036],[80.731150523220265,7.0529868464539121],[80.731148812827968,7.0529893534018564],[80.731145791793651,7.0529957794617211],[80.731145635486783,7.0529967280366082],[80.731147527338777,7.0530056494544882],[80.73115074420582,7.0530130650987912],[80.731151656894127,7.0530135179897782],[80.731151669470563,7.053014522730221],[80.731152119526513,7.0530154302952273],[80.731152179713646,7.0530174424506917],[80.731152910942285,7.0530203274019243],[80.731153735595711,7.0530217253016723],[80.731154238652252,7.0530236884235933],[80.731155151340616,7.0530254999875428],[80.731155687634811,7.0530274506282176],[80.731156546424231,7.053029281805502],[80.731157136617369,7.0530300921950593],[80.731158879349039,7.053030808975282],[80.731159695019286,7.053031373305946],[80.731160663403173,7.0530316933608006],[80.731161434157713,7.0530323316874632],[80.731162272285871,7.0530327694226367],[80.731163292771996,7.0530327694226367],[80.731164217138456,7.0530331723885977],[80.73116521337009,7.0530332766961736],[80.731166151211269,7.053033625279598],[80.731171418932078,7.0530366698123999],[80.731174402237144,7.0530369782775164],[80.731178387163737,7.0530378341344386],[80.731179407649904,7.0530378341344386],[80.731180226015127,7.0530383191200468],[80.731181237518129,7.0530383414080129],[80.731182207698652,7.053038651656161],[80.731184737354482,7.0530402644115879],[80.731186615731744,7.0530408733181211],[80.731187636217925,7.0530408733181211],[80.731189166947132,7.0530413797001472],[80.731191182766665,7.0530412718265216],[80.731192943464592,7.0530404293423556],[80.731197000256429,7.0530403669360942],[80.731197922826212,7.0530399532719059],[80.731200962725154,7.0530398605540547],[80.731201772107212,7.053039354172066],[80.731205854950176,7.053039354172066],[80.731210654648734,7.0530408733181211],[80.731211675134915,7.0530408733181211],[80.731212610281119,7.0530412317082387],[80.73121353105428,7.0530410917399529],[80.731221838674031,7.0530372020484178],[80.731223116078382,7.0530368213704104],[80.731230140903889,7.0530505703555058],[80.731230721215582,7.0530514841610659],[80.731230968252277,7.0530525316942807],[80.731241913325675,7.053062851010675],[80.731242868234816,7.0530634750730092],[80.731247117266136,7.0530653338872273],[80.731248515044712,7.0530670776956423],[80.731249499598263,7.0530676678802848],[80.731252781143994,7.0530688170464968],[80.731253751324488,7.0530693929668482],[80.731254556214992,7.053070219403665],[80.731255075441211,7.0530712499980099],[80.731255108678909,7.0530723947065725],[80.731256113893679,7.0530744639188852],[80.731256850512253,7.0530753500873837],[80.731258787279984,7.0530763129263594],[80.731259384659666,7.0530772882465955],[80.731260964796206,7.0530789553844571],[80.731261332207197,7.0530800492765469],[80.731262729985772,7.0530818332031684],[80.731263260890103,7.0530828522077753],[80.73126429934257,7.0530833675049092],[80.731264399055561,7.053084459613955],[80.731265560577228,7.0530859493397768],[80.731265922598297,7.0530870173778251],[80.731266616995995,7.0530879231596595],[80.731267473988794,7.0530886889732471],[80.731268517831154,7.053089180199434],[80.731269663183113,7.0530892176431754],[80.731271548746918,7.0530905130181631],[80.731272369807073,7.053091327865217],[80.731274269743892,7.0530926375044833],[80.731276684415391,7.0530951239469211],[80.731277722867873,7.0530971860270055],[80.731277754308906,7.0531006361998898],[80.731278915830543,7.053104870908137],[80.731280076453899,7.0531066994105878],[80.731280310015876,7.0531076203481984],[80.731281818287229,7.0531087721888239],[80.731282224325767,7.0531097510750591],[80.731282547719246,7.0531119495572385],[80.731284141330562,7.0531149307918124],[80.731284141330562,7.0531195408288063],[80.731283742478581,7.0531202977271459],[80.731284141330562,7.0531218462930516],[80.731284141330562,7.0531241508657496],[80.731284879745715,7.0531249077641274],[80.731285302852214,7.0531256414830041],[80.731285414243317,7.053126747856215],[80.731286040369056,7.0531276821665054],[80.731286407780004,7.0531287751669334],[80.73128646347557,7.0531333762886286],[80.731289372220459,7.0531369191790461],[80.731290216636836,7.0531376520064137],[80.731294630059807,7.0531388653616638],[80.731295942498434,7.0531432863967405],[80.73129792687692,7.0531487014737131],[80.731298763208457,7.0531493371256442],[80.731304271677757,7.0531511593872871],[80.731313234169363,7.0531535825316745],[80.731314134281263,7.0531542101599438],[80.731319090286675,7.0531606050144449],[80.731322749124843,7.0531664845717739],[80.731323544133886,7.0531672789137785],[80.73133046744978,7.0531715073808234],[80.731337619836069,7.0531753400141106],[80.731338544202487,7.0531760175673055],[80.731343498411277,7.0531808692049065],[80.731355433428149,7.0531853633440145],[80.731357680114641,7.0531859401557613],[80.731360682284361,7.0531876670248979],[80.731361524904088,7.053188452451681],[80.731363507485923,7.0531892672985563],[80.731364593549088,7.053189448276596],[80.73136654379158,7.0531905760460463],[80.731367118713351,7.0531911769287641],[80.731368039486512,7.0531917537404976],[80.731369170465456,7.0531918794444408],[80.731371249167054,7.0531929091469836],[80.731375560182087,7.0531940583128518],[80.731377882327081,7.0531940583128518],[80.731378954915542,7.0531936865500917],[80.731381229449823,7.0531934823926532],[80.731383415050942,7.0531929055809197],[80.731396189094255,7.0531929055809197],[80.731397075731465,7.0531936250354166],[80.73139813394684,7.0531940583128518],[80.73139929546852,7.0531940583128518],[80.731399875780184,7.0531946351245729],[80.731401017538928,7.0531947171441569],[80.731406410125572,7.0531968166675378],[80.731407542901138,7.0531969396969139],[80.731410794802471,7.0531980924288584],[80.731413114252533,7.0531981147167739],[80.73141421558708,7.0531984793473939],[80.731415182174317,7.053199060616687],[80.731417333639399,7.053199643669025],[80.731419604580466,7.0531998781381038],[80.731420705915014,7.053200241877164],[80.731421646451111,7.0532008659393073],[80.731422335458902,7.053200973812908],[80.731454734097966,7.053206601961854],[80.731454734097966,7.0532076646505146],[80.731478474774292,7.0532173964535625],[80.731479472802562,7.0532177682162587],[80.731483727223747,7.0532182380459005],[80.731484408146741,7.0532188621080181],[80.731486892886821,7.0532247372070112],[80.731493920407274,7.0532354015367966],[80.73149467678877,7.0532361521943283],[80.731495225659401,7.053237051735266],[80.731497601703325,7.0532390835031116],[80.731498615002934,7.0532409030898702],[80.731500728738823,7.05324322014323],[80.731503703060739,7.0532476349366586],[80.731506141986713,7.053249655114767],[80.731506822011397,7.0532504637209108],[80.731509906826091,7.0532560472933783],[80.731510664105883,7.0532567979508842],[80.731512837130524,7.0532604362327138],[80.731513191066753,7.0532623654759652],[80.731514066924149,7.0532628308479577],[80.731514569980732,7.0532637633749751],[80.731517539811065,7.0532668087977992],[80.731518453397669,7.0532671841265202],[80.731520723440411,7.0532694369905231],[80.731522351187721,7.0532707100770997],[80.731522963838742,7.0532715267068538],[80.731523843289395,7.0532720785560166],[80.731525553681692,7.0532747611312514],[80.731528581902523,7.0532777664357544],[80.731529117298422,7.0532786071364431],[80.7315298745782,7.0532792044529833],[80.731530318345975,7.0532800210827],[80.731531075625767,7.0532807726316902],[80.731531453816473,7.053281679304666],[80.731532697084859,7.0532830772036377],[80.731532862374848,7.0532839749614293],[80.731534704819509,7.0532864988465649],[80.731535618406156,7.0532868741752734],[80.731537132067388,7.0532883763817447],[80.731538749034911,7.0532896191566552],[80.731539767724442,7.0532910438010896],[80.731540696582442,7.0532913834691389],[80.731540889720222,7.0532923659210436],[80.731542367448881,7.0532935721437982],[80.731543564903134,7.0532952918803886],[80.73154520163358,7.0532966353967348],[80.731546581445855,7.0532981162067117],[80.731547490540919,7.0532986573576588],[80.731547864240071,7.0532995675966719],[80.731552019846589,7.053305753834139],[80.731556978546962,7.053313948659607],[80.73156131830811,7.0533224769123173],[80.731569357331566,7.0533310114055174],[80.731579796653506,7.0533444822285487],[80.731587420655302,7.0533547391322564],[80.731591578058442,7.0533609244774631],[80.731596783795524,7.0533676705868125],[80.731598683732344,7.0533712366548738],[80.731605104889994,7.0533850444701915],[80.731605861271447,7.0533857951274817],[80.731607598613238,7.0533884616547704],[80.731608340621648,7.0533892069629651],[80.731618369413482,7.0533971691010375],[80.731621886317811,7.0534071701382057],[80.731634663056084,7.0534305011360647],[80.731635285588609,7.0534312571423738],[80.731647047230609,7.0534317644155031],[80.731648054242058,7.0534320764464153],[80.731656855935213,7.0534359590024769],[80.731665760036321,7.0534446575326708],[80.731666758962888,7.0534456283945319],[80.731765155927562,7.0535411374784847],[80.7318656980691,7.0536373856098882],[80.731885272359122,7.0536868344614723],[80.731896839066707,7.0537230389412819],[80.731900398191883,7.0537760199710604],[80.731903957317044,7.0538245853153532],[80.731899507961415,7.0538802159191603],[80.731895948836282,7.0539720491935753],[80.731901287523996,7.0540232641021392],[80.731903208122091,7.0540420028714781],[80.731905973136534,7.0540439026914941],[80.731908536928344,7.0540468714388282],[80.73190880372799,7.0540477504733179],[80.731908719286366,7.0540545857242138],[80.731907404152778,7.0540632842427788],[80.731907454458437,7.0540642381645604],[80.731908266535441,7.0540670571371198],[80.731907895531251,7.0540709370133357],[80.731907661070949,7.0540718650811511],[80.731906462718342,7.0540737675755558],[80.731905573386214,7.0540751797363512],[80.731905442232218,7.0540760115204693],[80.731906369293583,7.054076091756869],[80.731907070877824,7.0540779122318549],[80.731908148856164,7.0540798958541817],[80.731915524024629,7.0541018529925541],[80.731905681184074,7.0541070959958185],[80.731904290591999,7.0541498664545692],[80.731930705552955,7.0541898785606181],[80.732026631252239,7.0541898785606181],[80.732119777564037,7.0542229912258039],[80.732268532286895,7.0542974960510509],[80.732338043923562,7.0543651014290099],[80.732376970619796,7.0544354669274352],[80.732432579929153,7.0545279081048289],[80.732453752322058,7.0546079268990427],[80.732446918837667,7.0546599182464602],[80.732465709796799,7.0547000426392321],[80.73248677978178,7.0547266035286009],[80.732499306788441,7.0547390365883045],[80.732533477803528,7.0547521641373638],[80.732516105284233,7.0547755931340168],[80.732523048363063,7.0548000892720291],[80.732510816902177,7.0548079292483807],[80.732485025372057,7.0548073265847426],[80.73244129268906,7.0548058805486225],[80.732415781433332,7.0548084124491126],[80.732401203572891,7.0548008167476555],[80.732380795646264,7.0548008167476555],[80.732339248564372,7.0548098584852195],[80.732302075379593,7.0548217940777374],[80.732269276091955,7.0548344535795122],[80.732229186975758,7.0548583238714606],[80.732193836472717,7.0548742382902905],[80.732154112072536,7.0548930456717756],[80.732125685783672,7.0549020882990305],[80.732086326099491,7.0548988324896262],[80.732041135450814,7.0548966625443761],[80.731982460191389,7.0548890677358918],[80.731978570486234,7.0549417223381168],[80.731968724052379,7.0549366870670944],[80.731935511539717,7.0549500606683804],[80.731918158783358,7.0549497085203807],[80.731911098923533,7.0549564421253796],[80.731897383445784,7.0549706136310837],[80.731859471845851,7.054963266664676],[80.731850575829597,7.05495871726899],[80.731832753254352,7.0549501337725387],[80.731828108066011,7.0549453338612906],[80.731819207558189,7.054945513947108],[80.731793084549722,7.0549321546098973],[80.731780886326504,7.0549319076605252],[80.731752904703711,7.0549324746634285],[80.731737229101995,7.0549271478672031],[80.731715734213878,7.0549275838175642],[80.731650132943614,7.0549262545701525],[80.731621776723358,7.0549453356443221],[80.731598866090351,7.0549365034152256],[80.731571996581877,7.054914112149052],[80.731558427529521,7.0549052808108925],[80.731544641084866,7.0548960037154753],[80.731497519956619,7.0548969576355525],[80.731439382788068,7.0548915969613697],[80.731397031713996,7.0548974657985752],[80.731347336912478,7.0549324630737544],[80.731351833878804,7.0549411464200933],[80.731386601375235,7.0549404421240443],[80.731404096963701,7.0549488687142174],[80.731392375745884,7.0549714570032602],[80.731392178116522,7.0549810639572854],[80.731392621884282,7.055002681386159],[80.731379058221805,7.055016695984019],[80.731372004650211,7.055016838626222],[80.731361001186258,7.0550166157477721],[80.731356232928732,7.0550211633598661],[80.731348462501529,7.0550291923333894],[80.731294385718058,7.0550568470912998],[80.731279848281801,7.0550524759992772],[80.731270952265547,7.0550479266044563],[80.731252889840135,7.0550435555123583],[80.7312232526223,7.0550257136464767],[80.731216409256447,7.0550304556085015],[80.731203823859303,7.0550434583373418],[80.73119461163607,7.0550436455552479],[80.731181088397804,7.0550345449823455],[80.731162795105348,7.0550301177247565],[80.731150243844198,7.0550171488730475],[80.731132101468717,7.0550078717798819],[80.731127079886278,7.0550122428723494],[80.731118182971727,7.0550257136464767],[80.731100120546287,7.0550300847387524],[80.731091223631736,7.0550346341337393],[80.731057390383185,7.0550411912177617],[80.731050545220697,7.0550482635966674],[80.731023825730901,7.0550611317064318],[80.730953237014177,7.0550582280461205],[80.730953354693497,7.0550578215158275],[80.730957490537065,7.0550016891312257],[80.730956920106848,7.0549592334555733],[80.730946716143549,7.0549154699249454],[80.73091828895636,7.0548749613082293],[80.730876378955116,7.0548489201801203],[80.73083301008981,7.0548145603313035],[80.73080348965297,7.0547968379194987],[80.73076741061621,7.0547711587418194],[80.730752104222063,7.0547519894005521],[80.730757205754585,7.0547342669863555],[80.730768503865903,7.0547201614454957],[80.730798388120448,7.0547078638954748],[80.730815152480275,7.0546923114258284],[80.730816974263689,7.0546756739824943],[80.730815516297966,7.0546604834666367],[80.73080276111925,7.0546449309953871],[80.730783810260007,7.0546264855587735],[80.730761579651684,7.0546105711314313],[80.730746637075256,7.0545707863980081],[80.730702174960257,7.054494109886539],[80.730682859385041,7.0544622810222384],[80.730662815276091,7.0544163474971251],[80.730640219951738,7.0543823495713358],[80.730636940202629,7.05433858598618],[80.730630015988439,7.0543056721371622],[80.730624185023913,7.0542734830877016],[80.730608513913779,7.0542355063184505],[80.73058227412433,7.0541996994945633],[80.730563687082793,7.0541978906097738],[80.73054473622355,7.0541892108155535],[80.730517403184393,7.0541834239888237],[80.730500274108579,7.0541747433027888],[80.730480229999657,7.0541819770592227],[80.730461697755331,7.0541875748847218],[80.73041310518667,7.0541897894090591],[80.730384017737777,7.05418704086697],[80.730335546441665,7.0541899338345875],[80.730310619090844,7.0541986145202911],[80.730286828108888,7.0542023178753528],[80.730256739936735,7.0542053267398508],[80.730228750229116,7.0542071793088725],[80.730194230667706,7.0542097254768468],[80.730169739898102,7.0542060212303515],[80.730148981628517,7.0541979200297904],[80.730123557509359,7.0541775497934776],[80.730101633226539,7.0541662070421296],[80.730054751050147,7.0541351894344428],[80.730016498988746,7.0541062544050961],[80.729981279639702,7.0540928290715161],[80.729947926091498,7.0540898202062552],[80.729920869733476,7.0540888939215218],[80.729884483472901,7.0540912091876127],[80.729840401345271,7.0540986158993784],[80.729807746686376,7.0541125048209148],[80.729782089903551,7.0541245411726674],[80.729764597010032,7.0541310224907763],[80.729740106240428,7.0541361157190998],[80.729726112284936,7.0541342631497859],[80.729702554864929,7.054121532307648],[80.729680396121822,7.054107412483833],[80.729661737215039,7.0540986158993784],[80.729642611184346,7.0540891257155884],[80.729630249467718,7.0540900511087994],[80.729612055888268,7.0541020883526722],[80.729590364269086,7.0541134302140751],[80.729571938025998,7.0541219950042215],[80.729549547517536,7.0541303288916577],[80.729523190947106,7.0541324114720068],[80.729502898903135,7.0541277818317152],[80.729483772872442,7.0541162081766258],[80.729464879505386,7.054108106974474],[80.729446686824232,7.0541069488957504],[80.729442237468646,7.0541080704223571],[80.729439922510153,7.0541034773339915],[80.729439223620844,7.0540858850562609],[80.729437124258027,7.0540770884713728],[80.729445520810998,7.054060885174084],[80.729454617151575,7.0540469962510075],[80.729473276956654,7.054018293010258],[80.729482839522859,7.053993756712666],[80.729486804686516,7.0539687568255145],[80.729487504474108,7.0539509336400608],[80.729500332416364,7.0539361193201735],[80.729523890734711,7.0538884348053976],[80.729549780181202,7.0538444536436238],[80.729572637813604,7.0538134360143481],[80.729613689025427,7.0537851954560375],[80.729653573325763,7.0537673713719879],[80.729677830533348,7.0537530197431781],[80.729704420665769,7.0537393626051106],[80.729719581532819,7.0537226965990341],[80.72973404261225,7.0537007064565422],[80.729746170766902,7.0536706142117254],[80.729754101094244,7.0536504757464904],[80.729760398284398,7.0536275593149398],[80.729765530359614,7.0536092725277131],[80.729765348899903,7.0536080163808599],[80.729768405866821,7.0536103717676255],[80.729768977195334,7.0536111750240513],[80.729771373900533,7.0536179362854998],[80.729770877132168,7.0536312493017865],[80.729771284967313,7.0536320989170234],[80.729772800425195,7.053633483442157],[80.729778572100912,7.0536374489075699],[80.729809298076859,7.0536480071373466],[80.729811016554024,7.0536475622706316],[80.729812048718273,7.0536475622706316],[80.729813621668328,7.0536462963172255],[80.729816311224297,7.0536447718240352],[80.729817258946909,7.053644399170147],[80.729819284647903,7.0536439970962048],[80.729820217997485,7.053643566493756],[80.729821012108189,7.0536429504558606],[80.729823007266432,7.0536428818090959],[80.729824454452356,7.0536420268447904],[80.7298254443958,7.0536419261034178],[80.729827306603383,7.0536410729221313],[80.729829298168383,7.0536406984852116],[80.729831148697855,7.0536399950786874],[80.729833130381365,7.0536378269105526],[80.729833949644913,7.053637314288558],[80.729834882096156,7.0536361900862525],[80.729836317603997,7.0536352646921374],[80.729836715557667,7.0536344703509339],[80.729837445887981,7.0536337455479918],[80.7298399387129,7.0536322959421573],[80.729850210049875,7.0536321024830864],[80.729853245457207,7.0536316050168546],[80.729857199841092,7.0536306528772394],[80.729859468985495,7.0536292130780724],[80.729860670033048,7.0536276056737881],[80.729862130693689,7.0536261560679288],[80.729865246051091,7.0536220720306986],[80.729865343967433,7.0536210797728138],[80.729866688745432,7.0536195829165571],[80.729867409194298,7.0536178301950327],[80.729867883504767,7.0536170955854223],[80.72986862461488,7.0536164563680632],[80.729869620846515,7.0536146956228771],[80.729870526348321,7.0536142186615276],[80.729872056179246,7.0536116947781986],[80.729872427183466,7.0536108139598506],[80.729873887844136,7.0536093643539015],[80.729875083501767,7.053607699892515],[80.729876703164194,7.0536064936706122],[80.729877946432595,7.0536051269757065],[80.729878498896468,7.0536042755773876],[80.729880238933177,7.0536024711478671],[80.729880317086597,7.0536015243572585],[80.72988127109744,7.0536004215512564],[80.72988134925086,7.0535994747606727],[80.729881775950616,7.0535985493664821],[80.729881942138945,7.0535955057288655],[80.72988247304329,7.0535935265620635],[80.729884697271942,7.0535877878697715],[80.729885144632931,7.0535868749567641],[80.729890950444627,7.0535796732856388],[80.729900171651011,7.0535731135063502],[80.729910532819503,7.0535663736406082],[80.729919039865237,7.0535589178869413],[80.729931075493425,7.053550954860107],[80.729932029504241,7.0535506348056218],[80.729939174704015,7.0535495667686812],[80.729944183710032,7.0535483239944314],[80.729945007465176,7.0535478550566557],[80.729950064081905,7.0535377630878111],[80.729953153388152,7.053527985824128],[80.729955179089131,7.0535179366476495],[80.729969046382166,7.0535041653885449],[80.729977338730535,7.0535000135949799],[80.729977849871958,7.0534994795764261],[80.729977898380966,7.053498503365546],[80.729979576433905,7.0534959563021564],[80.729980164830437,7.0534940894660192],[80.729981403607198,7.0534924499666687],[80.729983940449571,7.0534879986233738],[80.729984581846708,7.0534872105225084],[80.729986274272676,7.0534860426355381],[80.729987741221521,7.0534846010528565],[80.729993175130701,7.0534816510237865],[80.729995001405669,7.0534810332026554],[80.729996033569947,7.0534810332026554],[80.729997973930935,7.0534804706555567],[80.730002079231795,7.0534800177650023],[80.730008180589195,7.0534789836055358],[80.730009122921942,7.0534793625001422],[80.730009908947807,7.0534800088498439],[80.730011975072955,7.0534800088498439],[80.730013906450822,7.0534806159727976],[80.730016855619894,7.053481266780059],[80.730018531876212,7.053482417728234],[80.730019240646996,7.0534831585787039],[80.730019702381028,7.0534840750579395],[80.730020449779346,7.0534845332976017],[80.730021070515207,7.0534852910868793],[80.730023849004397,7.0534866702633625],[80.730024882066957,7.0534866702633625],[80.730025397699933,7.0534871819939884],[80.730047083030897,7.0534805214720171],[80.730047572612733,7.0534824917241572],[80.730059811260162,7.0534840857561676],[80.7300608425261,7.0534841080440955],[80.730061869300485,7.0534840465294328],[80.73006997839255,7.0534824997477674],[80.730072837730106,7.0534813202710733],[80.730078378538778,7.0534785699417029],[80.730078785475584,7.053477752420795],[80.730079690977391,7.0534774466305379],[80.73009922933484,7.0534775268670522],[80.730100318991276,7.0534785280404266],[80.730100778030362,7.0534793642831994],[80.730101582920867,7.0534798956272109],[80.730102242284303,7.053480650741947],[80.730103359788487,7.0534823071801682],[80.730104053287917,7.0534827466979539],[80.730104429682001,7.0534835954219224],[80.73010546184625,7.0534835954219224],[80.730107446224721,7.0534840937798169],[80.730109134159164,7.0534852268976493],[80.730109555468999,7.053486078296185],[80.730110508581518,7.0534861576412027],[80.730112208194058,7.0534872533153443],[80.730113668854713,7.0534887020301023],[80.730115558910072,7.0534895097443044],[80.730116985434734,7.053490612550573],[80.73011969475364,7.0534916092663362],[80.730121430298766,7.053492044326549],[80.730121973779504,7.0534928458001076],[80.730123650934118,7.0534939976397926],[80.730124012056891,7.053494868651689],[80.73012577904305,7.0534973515259125],[80.730126443796379,7.0534979426015054],[80.730127273839685,7.0534982680051233],[80.730127845168212,7.0534990757193379],[80.730128745280126,7.0534995660535582],[80.73012947561044,7.0535002908566664],[80.730130636233795,7.0535019544269764],[80.73013209599614,7.0535034040332301],[80.730132908073145,7.0535038159139676],[80.730133407536442,7.0535047056476774],[80.730135087386003,7.0535056283675175],[80.730137084340896,7.0535057924065852],[80.730137814671224,7.0535065172097307],[80.730139823304199,7.053506653611775],[80.730141674731996,7.0535071653424133],[80.730142695218149,7.0535072134843073],[80.730146389988917,7.0535090473342503],[80.730151319943189,7.0535127596099798],[80.730153974464884,7.0535143393776476],[80.730158104918544,7.0535143375946161],[80.730163246875222,7.0535138740058967],[80.730164191004604,7.0535135459277374],[80.730184811831947,7.0534999030468883],[80.730185714638793,7.0534994795764261],[80.730176227531075,7.053436554535744],[80.730183938669498,7.0534097822828556],[80.730204347494421,7.0533710824224363],[80.730225849569081,7.0533457642301052],[80.730241155963185,7.0533074254287715],[80.73024625839399,7.0532784912392064],[80.730241902463206,7.0532250171434674],[80.730242791795334,7.0531711525569092],[80.730270373667807,7.0531296506371151],[80.730307743583637,7.0530969791949492],[80.730314861833932,7.053075786930985],[80.730292617750877,7.0530342850026537],[80.730295286645585,7.0529954317697934],[80.730305074688928,7.0529724734044859],[80.730373585602393,7.0529760055979223],[80.730463450368461,7.0530086770486111],[80.730580007674888,7.0530413493885709],[80.730650298150906,7.0530545946660785],[80.73071791883396,7.0530519450756763],[80.730792657767267,7.0530245719176277],[80.730809563162609,7.0530077944460867],[80.73082024053808,7.0529971978664285],[80.73086917626317,7.0529910169739605],[80.730941246301754,7.0529954317697934],[80.730998190507634,7.0530016135537581],[80.731069370315822,7.0529945491672432],[80.731100512211754,7.0529927830706205],[80.73110993464077,7.0529758709787185]]]},"properties":{"OBJECTID":44,"Division":"5","Field_No":"8","Shape_Length":1054.5105040793967,"Shape_Area":41710.295473029415}},{"type":"Feature","id":45,"geometry":{"type":"Polygon","coordinates":[[[80.730722948501196,7.0527287305960478],[80.730723902512054,7.0527298351871552],[80.73071772300122,7.0527305011512986],[80.730705196892885,7.0527370324139254],[80.730690972968688,7.0527450391391255],[80.730671865802591,7.052755152521665],[80.730653819546831,7.0527614733856501],[80.730643841958965,7.0527631583550496],[80.730632164758603,7.0527637904414018],[80.730618577739932,7.0527633696448442],[80.730602443099087,7.0527602092128712],[80.73059352552329,7.0527595771264808],[80.730583720411957,7.0527615393580128],[80.7305704513969,7.0527681232197743],[80.730556850903469,7.0527733903090999],[80.730543581888426,7.0527812918345285],[80.730534293308395,7.0527822796366593],[80.73052699539501,7.0527809628643379],[80.730510409799933,7.0527750369431477],[80.730501174220507,7.0527699009070126],[80.730458713551968,7.0527524128862229],[80.73042559446408,7.0527351361546167],[80.730412644350935,7.052727339827574],[80.730392262475448,7.0527136452154995],[80.730378887459196,7.0527104847831952],[80.730370607687206,7.0527106951815179],[80.730363389723905,7.0527193339935783],[80.730357445571684,7.0527300794631689],[80.730351713421825,7.052744827849267],[80.730345131465768,7.0527511487134307],[80.730337063696197,7.0527528345743278],[80.730326449202792,7.0527581016638692],[80.730320929055367,7.0527688471325307],[80.730320929055367,7.0527789605145612],[80.730323476677498,7.0527892851861829],[80.730330482638436,7.0528057194311424],[80.730338125504872,7.0528202574166405],[80.730341734935664,7.0528354274879046],[80.730345343468144,7.0528446983839634],[80.7303631777215,7.0528537579900741],[80.730380798175787,7.0528634505737537],[80.730390988664354,7.0528735639537485],[80.730400755148139,7.0528836773335017],[80.730419862314236,7.052895475681904],[80.730428142086225,7.0528982153165067],[80.730446400344348,7.0529015861457598],[80.730465719512864,7.0529098032663313],[80.730486737395552,7.0529171779023558],[80.730511152706669,7.0529222345917928],[80.730524527722949,7.0529281337655494],[80.730532382591761,7.0529338225409948],[80.730549791941982,7.0529475180381036],[80.730561043340927,7.0529576314162279],[80.730571233829508,7.0529658485358198],[80.730587581371054,7.0529700627404051],[80.730597771859621,7.0529694306542829],[80.730608812154486,7.0529631097931471],[80.730623672984194,7.0529628985034041],[80.730637684906029,7.0529607918468535],[80.73065658006972,7.0529508888670005],[80.730676112138937,7.0529382471440938],[80.730695006404289,7.0529291875396618],[80.730710080134784,7.0529256054208433],[80.730717298098057,7.0529272912811418],[80.730796487285318,7.0529234987641276],[80.730877587189184,7.0529171779023558],[80.730954652759081,7.0529142278696719],[80.730999608049146,7.052913234718738],[80.731000593501037,7.0529153217621054],[80.731001405578041,7.0529160697456303],[80.731006532263379,7.0529187434077683],[80.731018893081668,7.0529219430654333],[80.731029530931266,7.0529265495382854],[80.731036138040182,7.0529312380307463],[80.731047511610001,7.0529335301231386],[80.731053080266449,7.052935158034761],[80.731060155397628,7.0529391012182137],[80.731066584640118,7.0529417517007484],[80.731071778699089,7.0529443281873094],[80.731074501492699,7.0529464437591072],[80.731075106957206,7.0529472746537394],[80.731076014255649,7.052947871079164],[80.731077964498141,7.0529491192041238],[80.731080038708114,7.0529501560393406],[80.731081817372385,7.0529515922745558],[80.731085018968045,7.0529529536222624],[80.73108695753244,7.0529541651949899],[80.731088057070338,7.0529544228436079],[80.731089084743047,7.0529549541882561],[80.731093687710541,7.0529584195179593],[80.731094212326681,7.0529592932054275],[80.731095178913918,7.0529599324236898],[80.731096858763493,7.0529615166508393],[80.731097172275554,7.0529625401132732],[80.731097752587203,7.052963116925274],[80.731098332898867,7.0529652850965636],[80.731102199247871,7.0529691212976315],[80.731103112834518,7.0529695848868474],[80.731103704824278,7.0529705432684917],[80.731105729626933,7.0529714731215405],[80.731107371747257,7.0529731028160292],[80.731108193705779,7.0529739176632864],[80.731108204485537,7.0529750810939813],[80.73110993464077,7.0529758709787185],[80.731100512211754,7.0529927830706205],[80.731069370315822,7.0529945491672432],[80.730998190507634,7.0530016135537581],[80.730941246301754,7.0529954317697934],[80.73086917626317,7.0529910169739605],[80.73082024053808,7.0529971978664285],[80.730809563162609,7.0530077944460867],[80.730792657767267,7.0530245719176277],[80.73071791883396,7.0530519450756763],[80.730650298150906,7.0530545946660785],[80.730580007674888,7.0530413493885709],[80.730463450368461,7.0530086770486111],[80.730373585602393,7.0529760055979223],[80.730305074688928,7.0529724734044859],[80.730295286645585,7.0529954317697934],[80.730292617750877,7.0530342850026537],[80.730314861833932,7.053075786930985],[80.730307743583637,7.0530969791949492],[80.730270373667807,7.0531296506371151],[80.730242791795334,7.0531711525569092],[80.730241902463206,7.0532250171434674],[80.73024625839399,7.0532784912392064],[80.730241155963185,7.0533074254287715],[80.730225849569081,7.0533457642301052],[80.730204347494421,7.0533710824224363],[80.730183938669498,7.0534097822828556],[80.730176227531075,7.053436554535744],[80.730185714638793,7.0534994795764261],[80.730184811831947,7.0534999030468883],[80.730164191004604,7.0535135459277374],[80.730163246875222,7.0535138740058967],[80.730158104918544,7.0535143375946161],[80.730153974464884,7.0535143393776476],[80.730151319943189,7.0535127596099798],[80.730146389988917,7.0535090473342503],[80.730142695218149,7.0535072134843073],[80.730141674731996,7.0535071653424133],[80.730139823304199,7.053506653611775],[80.730137814671224,7.0535065172097307],[80.730137084340896,7.0535057924065852],[80.730135087386003,7.0535056283675175],[80.730133407536442,7.0535047056476774],[80.730132908073145,7.0535038159139676],[80.73013209599614,7.0535034040332301],[80.730130636233795,7.0535019544269764],[80.73012947561044,7.0535002908566664],[80.730128745280126,7.0534995660535582],[80.730127845168212,7.0534990757193379],[80.730127273839685,7.0534982680051233],[80.730126443796379,7.0534979426015054],[80.73012577904305,7.0534973515259125],[80.730124012056891,7.053494868651689],[80.730123650934118,7.0534939976397926],[80.730121973779504,7.0534928458001076],[80.730121430298766,7.053492044326549],[80.73011969475364,7.0534916092663362],[80.730116985434734,7.053490612550573],[80.730115558910072,7.0534895097443044],[80.730113668854713,7.0534887020301023],[80.730112208194058,7.0534872533153443],[80.730110508581518,7.0534861576412027],[80.730109555468999,7.053486078296185],[80.730109134159164,7.0534852268976493],[80.730107446224721,7.0534840937798169],[80.73010546184625,7.0534835954219224],[80.730104429682001,7.0534835954219224],[80.730104053287917,7.0534827466979539],[80.730103359788487,7.0534823071801682],[80.730102242284303,7.053480650741947],[80.730101582920867,7.0534798956272109],[80.730100778030362,7.0534793642831994],[80.730100318991276,7.0534785280404266],[80.73009922933484,7.0534775268670522],[80.730079690977391,7.0534774466305379],[80.730078785475584,7.053477752420795],[80.730078378538778,7.0534785699417029],[80.730072837730106,7.0534813202710733],[80.73006997839255,7.0534824997477674],[80.730061869300485,7.0534840465294328],[80.7300608425261,7.0534841080440955],[80.730059811260162,7.0534840857561676],[80.730047572612733,7.0534824917241572],[80.730047083030897,7.0534805214720171],[80.730025397699933,7.0534871819939884],[80.730024882066957,7.0534866702633625],[80.730023849004397,7.0534866702633625],[80.730021070515207,7.0534852910868793],[80.730020449779346,7.0534845332976017],[80.730019702381028,7.0534840750579395],[80.730019240646996,7.0534831585787039],[80.730018531876212,7.053482417728234],[80.730016855619894,7.053481266780059],[80.730013906450822,7.0534806159727976],[80.730011975072955,7.0534800088498439],[80.730009908947807,7.0534800088498439],[80.730009122921942,7.0534793625001422],[80.730008180589195,7.0534789836055358],[80.730002079231795,7.0534800177650023],[80.729997973930935,7.0534804706555567],[80.729996033569947,7.0534810332026554],[80.729995001405669,7.0534810332026554],[80.729993175130701,7.0534816510237865],[80.729987741221521,7.0534846010528565],[80.729986274272676,7.0534860426355381],[80.729984581846708,7.0534872105225084],[80.729983940449571,7.0534879986233738],[80.729981403607198,7.0534924499666687],[80.729980164830437,7.0534940894660192],[80.729979576433905,7.0534959563021564],[80.729977898380966,7.053498503365546],[80.729977849871958,7.0534994795764261],[80.729977338730535,7.0535000135949799],[80.729969046382166,7.0535041653885449],[80.729955179089131,7.0535179366476495],[80.729953153388152,7.053527985824128],[80.729950064081905,7.0535377630878111],[80.729945007465176,7.0535478550566557],[80.729944183710032,7.0535483239944314],[80.729939174704015,7.0535495667686812],[80.729932029504241,7.0535506348056218],[80.729931075493425,7.053550954860107],[80.729919039865237,7.0535589178869413],[80.729910532819503,7.0535663736406082],[80.729900171651011,7.0535731135063502],[80.729890950444627,7.0535796732856388],[80.729885144632931,7.0535868749567641],[80.729884697271942,7.0535877878697715],[80.72988247304329,7.0535935265620635],[80.729881942138945,7.0535955057288655],[80.729881775950616,7.0535985493664821],[80.72988134925086,7.0535994747606727],[80.72988127109744,7.0536004215512564],[80.729880317086597,7.0536015243572585],[80.729880238933177,7.0536024711478671],[80.729878498896468,7.0536042755773876],[80.729877946432595,7.0536051269757065],[80.729876703164194,7.0536064936706122],[80.729875083501767,7.053607699892515],[80.729873887844136,7.0536093643539015],[80.729872427183466,7.0536108139598506],[80.729872056179246,7.0536116947781986],[80.729870526348321,7.0536142186615276],[80.729869620846515,7.0536146956228771],[80.72986862461488,7.0536164563680632],[80.729867883504767,7.0536170955854223],[80.729867409194298,7.0536178301950327],[80.729866688745432,7.0536195829165571],[80.729865343967433,7.0536210797728138],[80.729865246051091,7.0536220720306986],[80.729862130693689,7.0536261560679288],[80.729860670033048,7.0536276056737881],[80.729859468985495,7.0536292130780724],[80.729857199841092,7.0536306528772394],[80.729853245457207,7.0536316050168546],[80.729850210049875,7.0536321024830864],[80.7298399387129,7.0536322959421573],[80.729837445887981,7.0536337455479918],[80.729836715557667,7.0536344703509339],[80.729836317603997,7.0536352646921374],[80.729834882096156,7.0536361900862525],[80.729833949644913,7.053637314288558],[80.729833130381365,7.0536378269105526],[80.729831148697855,7.0536399950786874],[80.729829298168383,7.0536406984852116],[80.729827306603383,7.0536410729221313],[80.7298254443958,7.0536419261034178],[80.729824454452356,7.0536420268447904],[80.729823007266432,7.0536428818090959],[80.729821012108189,7.0536429504558606],[80.729820217997485,7.053643566493756],[80.729819284647903,7.0536439970962048],[80.729817258946909,7.053644399170147],[80.729816311224297,7.0536447718240352],[80.729813621668328,7.0536462963172255],[80.729812048718273,7.0536475622706316],[80.729811016554024,7.0536475622706316],[80.729809298076859,7.0536480071373466],[80.729778572100912,7.0536374489075699],[80.729772800425195,7.053633483442157],[80.729771284967313,7.0536320989170234],[80.729770877132168,7.0536312493017865],[80.729771373900533,7.0536179362854998],[80.729768977195334,7.0536111750240513],[80.729768405866821,7.0536103717676255],[80.729765348899903,7.0536080163808599],[80.729765063235661,7.0536060318650264],[80.729766561625539,7.05359012720929],[80.729747200236247,7.0535686514656168],[80.729722714856521,7.0535494374987637],[80.729701075339648,7.0535341791907058],[80.72964811785701,7.0535143991092788],[80.729595159476062,7.0534787963869929],[80.729549035477831,7.0534296292325189],[80.729515438486189,7.0533923308384576],[80.72948753591514,7.0533567281067828],[80.729454507557094,7.0532923026233485],[80.729447105439149,7.0532493528904077],[80.729449382668378,7.0532131840342611],[80.729448813136514,7.0531719299600812],[80.72943685566176,7.0531250236613641],[80.729420341033588,7.0530922461282861],[80.729404966367497,7.0530549477070625],[80.729387313573838,7.0530131275050145],[80.729371369375855,7.0529667873040394],[80.729375924732679,7.0529063174313125],[80.72938959170142,7.0528226778881908],[80.729413508447536,7.052767860221909],[80.729428313581735,7.0527526018880895],[80.729468174525834,7.0527288661068246],[80.729490382676275,7.0527299965519736],[80.729529674088482,7.0527243452177499],[80.729571243628271,7.0527316922196777],[80.729623062047111,7.0527379087763418],[80.729674881364275,7.0527345174409835],[80.729709047887809,7.0527124773265326],[80.72975061742757,7.0526910024336953],[80.729788769775993,7.0526768745426205],[80.72982692212446,7.0526514430894771],[80.729834229020952,7.0526308008720004],[80.729832391966212,7.0526266981041283],[80.72982310697941,7.0526059658421847],[80.729780010303656,7.0525507772785208],[80.729734132443795,7.0525162844229028],[80.729710497768664,7.0524955878167699],[80.72965766964343,7.0524762721722398],[80.729596498864169,7.0524417793110619],[80.729549230412232,7.0523865907278314],[80.729432451221925,7.0523203642409591],[80.729382402484177,7.0522527576729885],[80.729294817642298,7.0521368619499034],[80.729237817740909,7.0520375217167484],[80.72915440377686,7.0519561179481789],[80.72916135494053,7.0519216250482746],[80.729205842208358,7.0519036885609925],[80.729294817642298,7.0518898913997941],[80.72938101189213,7.0518926515452849],[80.729499182572809,7.0519423207885454],[80.729642376724044,7.0519740544334377],[80.729766107976317,7.0519685359264557],[80.729849521940366,7.0518816136377742],[80.729889504157015,7.0518317232910288],[80.729894602994577,7.0518297717538072],[80.729924339027122,7.0518214449571124],[80.729971800616838,7.0518099595048609],[80.730185089411378,7.0518046415879301],[80.730277764107669,7.0518203341231871],[80.730337344868857,7.0518436848144184],[80.730388933319006,7.0518650572217556],[80.730459225591673,7.0518924456042038],[80.73049803101533,7.0519122908358582],[80.730514993004519,7.0519204598319023],[80.730555981334291,7.0519451353164193],[80.730646396767639,7.0519969513334066],[80.730717739170871,7.0520407106822534],[80.730752971994619,7.0520565164325228],[80.730726638780411,7.0520727474370482],[80.730781874390573,7.0522032935124281],[80.730822304866564,7.0522993662926519],[80.730833692809441,7.0523519231222593],[80.730809776961621,7.0524717316672856],[80.730795540461017,7.0525293745911704],[80.730729507999413,7.0525996093153394],[80.730721490535515,7.052624927548508],[80.730725863534317,7.0526636274712793],[80.730725499716627,7.0526911156565184],[80.730722948501196,7.0527287305960478]]]},"properties":{"OBJECTID":45,"Division":"5","Field_No":"7","Shape_Length":928.65346254514395,"Shape_Area":22649.465494535183}},{"type":"Feature","id":46,"geometry":{"type":"Polygon","coordinates":[[[80.725847051242525,7.0537322572201262],[80.725833596276189,7.0536798440812865],[80.725815765616105,7.0536240378246431],[80.725816589371206,7.0535839686126378],[80.725837795001823,7.0535529135222417],[80.725906066065107,7.0534779253750717],[80.725974870727654,7.0534017122714499],[80.726062451077979,7.0533656905275084],[80.726078194951626,7.0533595265787712],[80.726121976143631,7.0533423835973901],[80.726181501209297,7.0533190766660629],[80.726260538581258,7.0533071446008693],[80.726340659321451,7.053308768053558],[80.726401923525501,7.0532920396257888],[80.726426325361899,7.0532724850878372],[80.726433846955757,7.053266458431521],[80.726456956116451,7.0532278120501557],[80.726487442242259,7.0531426115180356],[80.72651705251063,7.0530362472330275],[80.72653678310752,7.0530119827963116],[80.726587876585967,7.0529760002488269],[80.726640420843566,7.0530155800702188],[80.726664146248538,7.0530552561721285],[80.726669820906167,7.0530898631018895],[80.726676695713053,7.0530964193219212],[80.726687608447122,7.053107694344134],[80.726778128983341,7.0531125816431581],[80.726794692120563,7.0531464744631283],[80.726807615284244,7.053165399595084],[80.727028426570982,7.0531715341263368],[80.727059341193154,7.0531636691597948],[80.727095413043358,7.0531263974898097],[80.727105661922451,7.0530936235229094],[80.727094096113191,7.0530600792824316],[80.72706971673469,7.0530541792188455],[80.727055605099892,7.0530446827730398],[80.72705647556738,7.0530023339000953],[80.727070275486795,7.0529821231928613],[80.72707870258246,7.0529648794559732],[80.727090367206429,7.0529477970831911],[80.727124868801553,7.0529595205424691],[80.727150593856351,7.0529917319711766],[80.727173149654831,7.0529961030826511],[80.727193465054953,7.0530030061044364],[80.727202530852793,7.0530491073750445],[80.727218696934656,7.0530540900670964],[80.727252005567067,7.0530427713592019],[80.727272871634511,7.0530078773572438],[80.727290588208533,7.0529917319711766],[80.727317367885476,7.0530008316926951],[80.727338618431844,7.0530227879907397],[80.727358291536547,7.0530275495866599],[80.727381948669574,7.0530519932176459],[80.727392611671988,7.0530621627590993],[80.727483180717243,7.053071932008943],[80.727529972163765,7.0530772080100173],[80.72754704284911,7.0530859377500521],[80.727563639223987,7.0531030851985346],[80.727574129749854,7.0531081383198737],[80.727603089638009,7.05310755080981],[80.727609693153639,7.053087349913862],[80.727602980941867,7.0530678836275502],[80.727552826202924,7.0529986537148899],[80.727577945793186,7.0529689474516424],[80.727624124588687,7.0528859150435359],[80.727643503045996,7.0528765817420433],[80.727703347911898,7.0528712986065649],[80.727734530232055,7.0528587424672313],[80.727746573046744,7.0528341018005776],[80.727758904220664,7.0527838843693162],[80.727751973718256,7.0527570389741916],[80.727707424466658,7.0527193651967535],[80.727662819519551,7.0527107210355222],[80.727564019211357,7.0526872527076092],[80.727498115208832,7.0526394646481076],[80.727467874323111,7.0526352745115046],[80.727466548409751,7.0526290160521015],[80.727463899277978,7.0526216048592145],[80.727460580901337,7.0526175386435366],[80.727458102449447,7.052611465619707],[80.727457806903729,7.0526102005549856],[80.727457165506607,7.0526036755312083],[80.727456557347182,7.0525958301683964],[80.727456557347182,7.0525932073209638],[80.727451830412136,7.052590861735764],[80.727450756027054,7.0525901199923604],[80.727443925237651,7.0525839337453258],[80.727440524215979,7.0525799192373633],[80.727431240127515,7.0525705993024825],[80.727430507102255,7.0525695080838009],[80.727429676160597,7.0525671856779244],[80.727429209036671,7.0525647553983442],[80.72742827478875,7.0525638282190357],[80.727425507079374,7.0525594571034516],[80.727424845919344,7.0525574904134949],[80.727424845919344,7.0525561789896445],[80.727423028627499,7.0525546874790486],[80.727421821291784,7.0525543344376951],[80.72742088165397,7.0525535989348569],[80.727420221392251,7.0525525576411647],[80.727419041005959,7.0525519719134593],[80.727418397812201,7.0525512462173019],[80.727417223714127,7.052550893175936],[80.727416289466248,7.0525499659966142],[80.727413659199087,7.0525499347934648],[80.727412998937353,7.0525492786357589],[80.727411858076934,7.0525488462492731],[80.727409394896426,7.0525461476224534],[80.727408695108821,7.0525450519461099],[80.727407604554074,7.0525445616108726],[80.727407013462624,7.0525433892639002],[80.727404924879565,7.0525420671418093],[80.727404264617846,7.0525414109840909],[80.727403165978245,7.0525408760729338],[80.727391325284515,7.0525407557179083],[80.727390492546235,7.0525412398125411],[80.727389343600976,7.0525414109840909],[80.727386700757421,7.0525414109840909],[80.727386039597349,7.0525420671418093],[80.727383670739954,7.0525427224079795],[80.727382349318177,7.0525427224079795],[80.727381073710461,7.0525429969957099],[80.727378766836821,7.0525440338318681],[80.727376123993253,7.0525440338318681],[80.727374924742335,7.0525445464550334],[80.727373637456566,7.0525446890980383],[80.727369673191205,7.0525446890980383],[80.727368625755588,7.0525453452557052],[80.727367323198436,7.0525453907231723],[80.727366256898179,7.0525460005218887],[80.727360972109352,7.0525460201353001],[80.727346451741113,7.0525466468728872],[80.727338094714,7.0525487125214781],[80.727258442894396,7.052550326170107],[80.727254027674803,7.0524831457816557],[80.72724620963686,7.0524452526683197],[80.727239079708468,7.0524315125804327],[80.72723470491303,7.0524230832698809],[80.727190449410557,7.052361996395053],[80.727123589600595,7.0523070904138638],[80.72709327954459,7.0522691375543172],[80.727086680520515,7.0522422671668394],[80.727089237125796,7.0521179251861756],[80.72707405110593,7.0520658345947149],[80.72704642970757,7.0519949347159416],[80.727022843541477,7.051949483258265],[80.726997825460813,7.0519167511094762],[80.726948135150877,7.051844780492428],[80.726948792717636,7.0518127882978661],[80.726963092100348,7.0517852331964921],[80.72699791529233,7.0517740151993733],[80.727047733163062,7.0517440235711106],[80.727124847241996,7.0516643466258273],[80.727152200942385,7.0516482270470222],[80.727159580602432,7.0516502222695063],[80.727125308976042,7.0516975281186234],[80.727068729486177,7.0517845921935702],[80.727059590026485,7.0518032953926788],[80.72706109290796,7.0518764062701189],[80.727097556423644,7.051917555260375],[80.727144633534422,7.0519521988274168],[80.727200297641005,7.0519701308552047],[80.727330057487166,7.0519746490770787],[80.72754334628172,7.0519652506763109],[80.727629116526714,7.0519520000185008],[80.727663255202472,7.0519433139415781],[80.727858415994561,7.0518900269108249],[80.727933845732338,7.0518854462817107],[80.728053727703667,7.0518586757221877],[80.728134785386686,7.0518410120375812],[80.728358309585559,7.0517884783295122],[80.728363758766079,7.0517828465972512],[80.728487189981053,7.0517499771426184],[80.728574760449916,7.0517202217656649],[80.728635822533022,7.051700550372213],[80.728693134149836,7.051681076895469],[80.72875192169866,7.0516747355117531],[80.72884763629385,7.0516766754598734],[80.729009721117222,7.0517077663368912],[80.729110636059616,7.0517240749159216],[80.72903273056491,7.0517115214200237],[80.728618509302564,7.0524927617025046],[80.728612768169569,7.0525035909800673],[80.728582516504048,7.0525486242611368],[80.728548834172486,7.0525782155454371],[80.728535526529882,7.0525805834186919],[80.72852996685657,7.052585697168972],[80.728518277978111,7.0526068341812191],[80.728497123551477,7.0526450856717204],[80.728461103803525,7.0526619621149225],[80.728460277353449,7.0526623490339038],[80.728417808600099,7.0526871341356525],[80.728420988636202,7.052701236172406],[80.728420581699382,7.0527137495231385],[80.728443715114565,7.0527790924592493],[80.728448163571855,7.0528285414024836],[80.728432148406966,7.0528938852139209],[80.728388550471266,7.0529115452923126],[80.728338724515737,7.0529539298342874],[80.728271103832725,7.0530810852199615],[80.72822789846083,7.0531738048211521],[80.728227718797783,7.0531741525129403],[80.728182281112382,7.0532621934131479],[80.728160558950506,7.0533139326122969],[80.728097563692884,7.0534325016999722],[80.728075841531009,7.0534734624419251],[80.728017190526074,7.0535618500851731],[80.727984606834085,7.0536286799511814],[80.727971573177641,7.0536955098075467],[80.727945506763064,7.0537903653585401],[80.727839066283352,7.053885220890133],[80.727823861398846,7.0539779198254662],[80.727765210393954,7.0540469053164303],[80.727717420919163,7.0540900216887836],[80.727721765171864,7.0541503844250864],[80.727715248792776,7.0542150585219456],[80.727621841969551,7.0542646419306614],[80.727561620709537,7.0543976684744676],[80.727539258947147,7.0543925235411518],[80.72754507733525,7.0543593520480954],[80.727532475768484,7.0543477605685032],[80.727523832178804,7.0543384995092007],[80.727505516428479,7.0543299186757773],[80.727496701260606,7.054325288145999],[80.72748305046153,7.0543209981749273],[80.727469741920601,7.0543119073945331],[80.727438118527658,7.0543076165318377],[80.727433796732825,7.0542940646089241],[80.727406946987273,7.0542731050852412],[80.727402344019765,7.0542539205676018],[80.727380315532386,7.0542254027748932],[80.727392914404234,7.0541825930964057],[80.727414172137117,7.0541758995983672],[80.727431105380205,7.0541511003120307],[80.727473039635981,7.0540824545040657],[80.727504057564431,7.0540189857180193],[80.727510542502472,7.0540128003816038],[80.727535380021763,7.0539751926784851],[80.727572236101238,7.0539290442497293],[80.727598751673497,7.0539090707261902],[80.727622470790266,7.0538969407596461],[80.727648548882968,7.0539238850469435],[80.727675515409473,7.0539033801796593],[80.727698722486522,7.0538501343841737],[80.72769903779519,7.0538347664295475],[80.727689778859542,7.053816922734045],[80.727678531053883,7.0537825155582823],[80.727656191749404,7.0537710916692919],[80.727587086151217,7.0537506884280967],[80.727582031331124,7.0537454659256822],[80.727575156524239,7.0537389088233011],[80.727561159873787,7.0537244466455986],[80.727484744684162,7.0537151775501794],[80.727465646501201,7.0537054109884387],[80.727444280970502,7.0537120777478091],[80.727433665578772,7.0537276240097766],[80.727416313720738,7.053771298501081],[80.727397810222527,7.0537588475850566],[80.727382961070873,7.0537491826571017],[80.727366813853649,7.053708542885456],[80.72734829508407,7.0536964895840448],[80.727319745726035,7.0536749844252524],[80.727275560292171,7.05366962462847],[80.727203594458089,7.0536381014976346],[80.727184383087433,7.0536182509908514],[80.727138799874979,7.0536337401988964],[80.727118168267836,7.0536198566121424],[80.727092272533142,7.0536251219087545],[80.727089980930856,7.0536273070157476],[80.727092182701639,7.0536205724999137],[80.727098504146284,7.0536083899263211],[80.727096501801512,7.0535967369132884],[80.727091727255768,7.053568947449155],[80.72707588995732,7.0535613205242944],[80.727056326447055,7.0535760564027088],[80.727029901604666,7.0535845686033376],[80.727014561972865,7.0535924139493558],[80.726983077818801,7.0535985154888294],[80.726966630564249,7.0535981820616387],[80.726948168388532,7.0536044556637263],[80.726867790730168,7.0535970427034558],[80.726839638427478,7.0535874776219796],[80.72682268003156,7.0535963704999416],[80.72684514599851,7.0536071908365452],[80.726854042913061,7.0536157262160124],[80.726802553277594,7.0536212794725017],[80.72678118954353,7.0536158438961927],[80.726755309080175,7.053602609332918],[80.726744392752849,7.0536138879089041],[80.726718921921275,7.053593477528648],[80.72669166434062,7.0535803490552169],[80.726678852568043,7.0535806084865484],[80.726667619135412,7.0535803811498132],[80.726645463087223,7.05358083047419],[80.726624978803827,7.053567045844173],[80.726597525390432,7.0535604022621543],[80.726571060123831,7.0535671349958209],[80.726552997698434,7.0535715069933973],[80.72653965322489,7.0535783315531386],[80.726526038358443,7.0535848877662621],[80.72652141383135,7.0535943512148815],[80.726486110938978,7.0535936353270721],[80.726471699266881,7.0535985324276371],[80.726454192000318,7.0535981776040533],[80.726442959466013,7.0535984049407636],[80.726369184424982,7.0535969107589978],[80.726320668213106,7.0536092538058739],[80.726301468520546,7.0536027305791986],[80.72626764515347,7.0535980429850538],[80.726232503059549,7.0535987544152778],[80.72620711127972,7.053611740245513],[80.726193541329039,7.0536161113511353],[80.726184645312784,7.0536206616515482],[80.726174223058848,7.0536256808896116],[80.726181377241772,7.0536464300447026],[80.726171075362132,7.0536562563392824],[80.726166497547425,7.0536609858340933],[80.726138606654473,7.0536604206126574],[80.726121739886707,7.053651795190885],[80.726098392672469,7.053647424085594],[80.726076807952822,7.0536697262613393],[80.726072224748251,7.0536740982579369],[80.726063418563513,7.0536831970745242],[80.726054252154356,7.0536919401759031],[80.726045176475054,7.0537056820094319],[80.72601871570005,7.0537051462080891],[80.725983642776413,7.0537202101599554],[80.725968971491184,7.0537277131614236],[80.725955401540489,7.0537320842659517],[80.725946505524234,7.0537366336736982],[80.725913960459792,7.0537418936198923],[80.725868264957938,7.0537409673344467],[80.725858744612566,7.0537407747669238],[80.725847051242525,7.0537322572201262]],[[80.727237232772239,7.0533893166195467],[80.727232558837812,7.0533992507931478],[80.727234469554432,7.053402621618762],[80.727239140793898,7.0534112604179606],[80.727244872943714,7.0534213737859579],[80.727253789621244,7.0534295908973066],[80.727266315729565,7.0534363334395751],[80.727279477845101,7.0534401259523909],[80.727289295532842,7.0534476904730514],[80.727294763577973,7.0534538214345259],[80.727304636062954,7.0534692027745418],[80.727315002621324,7.0534686883693372],[80.727331069888493,7.0534686883693372],[80.727354912972757,7.0534686883693372],[80.727387566733356,7.0534738324213855],[80.727415185436755,7.0534781901555492],[80.727442508594436,7.0534918366031105],[80.727471015731666,7.053495951844571],[80.727498487111362,7.053495951844571],[80.727525749183613,7.0534910404786331],[80.727556147274527,7.0534824052470126],[80.727581427663239,7.0534897843315134],[80.727608001625967,7.0534822492315561],[80.727624452473762,7.0534609000782966],[80.727634575588709,7.0534219693192384],[80.727642168149487,7.0533729911603587],[80.727634575588709,7.0533415946047722],[80.727628248754158,7.0532976401365675],[80.72761939046714,7.0532775462309925],[80.727597878511006,7.0532762909747841],[80.727567508267924,7.0532850813342449],[80.727527014909853,7.0532838260780615],[80.727487786379712,7.0532637321718763],[80.727471335531888,7.0532273128004723],[80.727452354129966,7.0531946609785887],[80.727420719058898,7.0531871258738361],[80.727387818261604,7.0531984285309086],[80.727376429420431,7.0532335917567055],[80.727373897967979,7.0532624760241074],[80.727353651738099,7.053301407688072],[80.727310626927576,7.053301407688072],[80.727282788136904,7.0533265243999734],[80.727237232772239,7.0533893166195467]]]},"properties":{"OBJECTID":46,"Division":"5","Field_No":"4B","Shape_Length":1660.2243927876611,"Shape_Area":35496.019851791971}},{"type":"Feature","id":47,"geometry":{"type":"Polygon","coordinates":[[[80.72688003297084,7.0557569255781472],[80.726835662484049,7.0557814065085287],[80.726706052656525,7.0559050262720913],[80.726661014721458,7.0559803429940589],[80.726633875718406,7.0560247697088858],[80.72659606922133,7.0560879930542493],[80.726564749458959,7.0561318206628636],[80.726474608910081,7.056106700537069],[80.726404963424443,7.0560590153543643],[80.726365688181872,7.0559995479449551],[80.726352961749271,7.055986398143463],[80.726297715359308,7.0559940535567423],[80.726254667192563,7.0560113881150306],[80.726209270829671,7.0560035071495104],[80.726194669613065,7.0559964757947604],[80.726169647939145,7.0559334984942446],[80.726136191084677,7.0559082963385737],[80.726094772461863,7.0558998751149762],[80.726040874443143,7.0559009663258072],[80.726003192811945,7.0558918479395469],[80.725973671476766,7.0558823372877431],[80.725963918467713,7.0558680552624207],[80.725953507891873,7.055846752577791],[80.725913272350311,7.0558196773500725],[80.725879261235349,7.0558255604396747],[80.725878644991027,7.0558555304072783],[80.725901475674007,7.0558773064844837],[80.725901848474834,7.0558954157711744],[80.725886346247989,7.0558881695603635],[80.725865003175144,7.0558772547767683],[80.725837150011444,7.0558682825980243],[80.725811708824267,7.0558552718687411],[80.725805246344123,7.0558544882294809],[80.72579056787238,7.0558483947433368],[80.725779750359735,7.0558466054782691],[80.725765955830241,7.0558450560299883],[80.72575504579109,7.0558408659223799],[80.72574450495955,7.0558358324441599],[80.725743377573863,7.0558349525215318],[80.725741955540798,7.0558346173129252],[80.725738318262216,7.0558342660570847],[80.725732470229701,7.0558342482268319],[80.725728161909586,7.0558334369506879],[80.725724635123782,7.0558324821410228],[80.725721169423423,7.0558313311986876],[80.725719861476378,7.0558306821777652],[80.725717521365041,7.0558289535354435],[80.725712423425819,7.0558261078282234],[80.725711845809087,7.0558256736617597],[80.725702058664069,7.0558148952780719],[80.725698632489568,7.0558121841891381],[80.725698000973949,7.0558109467700527],[80.725696690331915,7.0558103048811809],[80.725692528437236,7.0558089274946498],[80.725688949549124,7.0558081946715436],[80.725688149150216,7.0558081670346482],[80.725677272348761,7.0557969286302002],[80.725605845503878,7.0557288028180274],[80.725589155704199,7.0556777450043491],[80.725563322851613,7.0556158481738676],[80.725490141596964,7.0555003633884983],[80.725425764730431,7.0553893994374199],[80.725410351436807,7.0553084348826642],[80.725542470258915,7.0552078668243379],[80.725601935137433,7.0551641068832582],[80.725592068940685,7.0551339246906757],[80.725570660290828,7.0551015083628235],[80.725530852347319,7.0550516638302252],[80.725455831343027,7.055019441846631],[80.725380361181038,7.055007781736979],[80.725263475091211,7.0550014716018445],[80.725224800821607,7.0549786809405957],[80.725205692757214,7.0549589374729385],[80.725178077647044,7.0549409645512444],[80.725161183031503,7.0549295959646825],[80.725122047027853,7.0549162981414861],[80.725101693000113,7.054909741055682],[80.725065836745557,7.0548962702781832],[80.725043370778621,7.0548890329668561],[80.725052267693172,7.0548739681614938],[80.725074823491667,7.0548562154405037],[80.725097199627058,7.0548382844159772],[80.725110769577753,7.0548294521848325],[80.725119258657188,7.0548206805764844],[80.72517914933718,7.0548026898191436],[80.72520512681858,7.0548070609135189],[80.725240190759038,7.0548159814049924],[80.725269175800022,7.0548114311163213],[80.725306127100893,7.0547925336886008],[80.725358179081752,7.0548210621445513],[80.725399655196696,7.054860622194953],[80.72542542786222,7.0548983662277909],[80.725476645308134,7.0549759163559287],[80.725625060467792,7.0549158318796499],[80.725662613639955,7.0548881967266412],[80.725690302411962,7.0548476462063849],[80.725671074871613,7.0547872862355492],[80.72565491597625,7.0547542226440063],[80.725645370478063,7.0547402428072932],[80.725636564293325,7.0547222226268067],[80.725582465950282,7.0546242701449868],[80.725555326947244,7.0545746225857435],[80.725472563363496,7.0545431975831487],[80.72545970847176,7.0545237331410622],[80.725430294934441,7.0545039406206893],[80.72540991395725,7.054503527849346],[80.725391201151581,7.054550626575578],[80.725358510560071,7.0545617339576232],[80.725314393398151,7.0545564722376843],[80.725277917306045,7.0545440783997284],[80.725196268531562,7.0545834013308868],[80.72510685382143,7.0546507552599946],[80.725097199627058,7.0546554045083418],[80.725034976022286,7.0547005231655113],[80.724988448680449,7.0547201302424991],[80.724957820620844,7.0547400645043803],[80.724944783371143,7.0547535352864337],[80.724919847935467,7.054748758552523],[80.724904436438464,7.0547190595336886],[80.724895095756153,7.0546955485148564],[80.7248821222868,7.0546637981176641],[80.72487500134153,7.0546084965769067],[80.724867935193501,7.0543721310255112],[80.724852492255465,7.0543332636406708],[80.724824556446762,7.054294171590735],[80.724784876962346,7.0542563249844115],[80.724771667236084,7.05424267588484],[80.724734963870219,7.0542076687508066],[80.724701912155979,7.0541685838224124],[80.724674928561456,7.0540903230210859],[80.724697228340077,7.0540756344093651],[80.724724757211959,7.0540750763205518],[80.724768429707822,7.0540811288203003],[80.724787258396177,7.0540933835942274],[80.724792382386553,7.0540986783054747],[80.724844017549088,7.0541235462412972],[80.724889099501624,7.0541567222088339],[80.724925051875928,7.0542048685009391],[80.724971659167792,7.0542493221315921],[80.724988830464454,7.0542670632861642],[80.725082485222714,7.0543090358240343],[80.725173734292639,7.0543237823768488],[80.725260557363171,7.0543431710485685],[80.725330824483024,7.054332264252186],[80.72538485724904,7.0543026490090597],[80.725438057276776,7.0542186967962435],[80.725456745827955,7.0541826822479639],[80.725464960022933,7.0541658753983647],[80.725485965329227,7.0541377445179583],[80.725550149057938,7.0540714273469449],[80.725638003394408,7.054021981210969],[80.725687676636383,7.0539706575373584],[80.725791777004744,7.0538780406200319],[80.725835966930191,7.0538073933177694],[80.7258366550397,7.0538087787339041],[80.725867769087913,7.0538161952568661],[80.725879780461554,7.0538121138958827],[80.725898315400812,7.0538124892241969],[80.725906997618054,7.0538478431878211],[80.725930889211327,7.0538569776616704],[80.72594119109101,7.0538358977635216],[80.725965092565787,7.0538303043913579],[80.726000510442475,7.0538423389674323],[80.726018835175978,7.0538480571516855],[80.726036279560461,7.0538391357500263],[80.726049848612817,7.053834764646516],[80.726058745527411,7.0538302152397359],[80.726076568102656,7.0538216317223696],[80.726085474898682,7.0538124286011072],[80.726103767292813,7.0538080022233354],[80.72611715668215,7.0538034519247539],[80.726130726632803,7.0537990808208999],[80.726135130174342,7.053790070266702],[80.726137710135831,7.0537856991627219],[80.726176484118454,7.0538117911670479],[80.726195939830845,7.0537916892601391],[80.726224994042113,7.0537990808208999],[80.726266137780442,7.0538034519247539],[80.726292391942906,7.0537945314137636],[80.726306217913461,7.0537900773988165],[80.726314857909856,7.0537811497554586],[80.726319441114441,7.053776778651363],[80.726323853639116,7.0537632802039161],[80.726338087444802,7.0537681166795725],[80.726364108045317,7.0537675897934893],[80.726379479118123,7.053777933164902],[80.726421382831191,7.053761059436888],[80.726431681117617,7.0537454659256822],[80.726441785367925,7.0537306685380115],[80.726454236916069,7.0537187917574489],[80.726474991592411,7.0536928049468006],[80.726481420834915,7.0536731380947364],[80.726531236908968,7.0536652660045913],[80.726557491071475,7.0536741874095972],[80.726580530163574,7.0536816092838173],[80.726631708083602,7.0536729437441439],[80.726650072342977,7.0536823349781805],[80.72668452542905,7.0536706284759658],[80.726692286873103,7.0536786476662554],[80.726727451424921,7.0537121874043276],[80.726741147139734,7.0537402113286465],[80.726771252379862,7.0537454659256822],[80.726791140181945,7.0537320824829202],[80.726796804958099,7.0537321974885208],[80.726841385650715,7.0537412615348263],[80.726876164825256,7.0537405572369574],[80.726881001354755,7.05374555507733],[80.726926024018482,7.0537499261816796],[80.726938753146058,7.0537630787212224],[80.726948608563006,7.0537678251537717],[80.726957386001672,7.0538124624787351],[80.726961969206243,7.0538212938377329],[80.726966372747782,7.0538436860482516],[80.726970955952325,7.0538525174067033],[80.726978539529952,7.0538757173292357],[80.726961219112994,7.0538840592447469],[80.726948489985389,7.0538972117804866],[80.726922529572008,7.0539073768458183],[80.726898206787368,7.0539152114882011],[80.726876828680233,7.0539373005787418],[80.726858535387805,7.05394172695528],[80.726852664897407,7.0539537410236077],[80.726822590200015,7.0539595688629291],[80.726803706714435,7.0539643732420165],[80.726783559299236,7.0539639649277373],[80.726776391641579,7.0539420380943518],[80.726750788757684,7.0539507375065638],[80.726737218807003,7.0539551086089798],[80.726726492922481,7.0539605941062193],[80.726709839055459,7.0539549347633725],[80.7266840645933,7.0539554571916918],[80.726669910737712,7.0539506483549674],[80.726656341685327,7.0539462772524999],[80.726647444770762,7.05394172695528],[80.726637929815283,7.0539373558527361],[80.726624978803827,7.0539507375065638],[80.726610617437359,7.0539553635825349],[80.726595727861522,7.053955062250143],[80.726575981094967,7.0539554625407739],[80.726566567649087,7.0539506483549674],[80.726552997698434,7.0539462772524999],[80.726539608309096,7.05394172695528],[80.72651705251063,7.0539373558527361],[80.726504163482943,7.0539240383876933],[80.726489389789791,7.0539195139442219],[80.726459105784897,7.0539350013591715],[80.726449744441354,7.0538926614828208],[80.726444981573721,7.053878848333559],[80.726436174490672,7.053870448469409],[80.726431770949119,7.0538658990629477],[80.726413270145869,7.0538615279596923],[80.726400319134413,7.0538749087241728],[80.726382025841971,7.0538793359928436],[80.726373359794422,7.053888290379807],[80.726359565264929,7.0538949339570935],[80.726346225282938,7.0538881120766135],[80.72633291943697,7.0538883813144224],[80.726316178433322,7.053871084120348],[80.726286048040365,7.0538533286863201],[80.726269836144454,7.0538616197858302],[80.726270209843619,7.0538798156284539],[80.72627447324794,7.0538838818330891],[80.726279462491021,7.0538838818330891],[80.726281382190791,7.0538833068052398],[80.726282757511513,7.0538831507899236],[80.726283389925456,7.0538828369762854],[80.726286921202856,7.0538828307356676],[80.72628890019142,7.0538835314672692],[80.726289606267201,7.0538835314672692],[80.726290254850852,7.0538837766341818],[80.726290799229915,7.0538842108024911],[80.726291496322574,7.0538842330904057],[80.726291527763607,7.0538849026189085],[80.726292059566248,7.0538851994937524],[80.726292451231714,7.0538857834367352],[80.726292989322573,7.0538860812031139],[80.726293319004284,7.0538866865424765],[80.726294724867699,7.0538867043728057],[80.726295267450155,7.0538871403241465],[80.726295915135466,7.0538873881655748],[80.726296621211276,7.0538873881655748],[80.726297275184805,7.0538876110445976],[80.726297828547004,7.0538880318401374],[80.726298511266634,7.0538880897886989],[80.726299924316564,7.0538880897886989],[80.726301190941115,7.0538877385313814],[80.726301757778074,7.0538874033213759],[80.726302458463977,7.0538873881655748],[80.726302832163142,7.0538870583046762],[80.726303517577719,7.0538870377997931],[80.726304078126446,7.0538866865424765],[80.72630760491225,7.0538866419666846],[80.726308980232943,7.0538863361766948],[80.726316045482648,7.0538863361766948],[80.726317422600005,7.0538866259193993],[80.726320230733563,7.0538867311182685],[80.726323255361123,7.0538884062769034],[80.726324576782915,7.0538887905202996],[80.726325263095802,7.0538888769973429],[80.72632720435513,7.0538896998666081],[80.726328416182454,7.0538904211030928],[80.726331745338896,7.053891577399332],[80.726332884402666,7.0538924020516545],[80.726334267808198,7.0538939577470909],[80.726336528867762,7.0538956409292997],[80.726338866284138,7.0538972046483721],[80.726342255627699,7.0538982138444926],[80.726345577597627,7.0538986070030338],[80.726355822883448,7.0539028140670199],[80.726356492128332,7.0539029709738328],[80.726358397455044,7.053903882994681],[80.726360484241454,7.0539042440586535],[80.726363127983319,7.0539052309668575],[80.726364227521231,7.053906061859772],[80.726366194831712,7.0539068303465386],[80.726366870364785,7.0539070211309669],[80.726367577338948,7.0539070211309669],[80.72636893289669,7.0539073723882577],[80.726369638972514,7.0539073723882577],[80.726371591909938,7.0539080731197954],[80.726372274629568,7.0539081729696083],[80.726372921416569,7.0539084234855904],[80.726382106690323,7.0539084234855904],[80.72638562269637,7.0539080962992333],[80.726389153075431,7.0539080526149505],[80.726391245251733,7.053907722754027],[80.726394767545955,7.0539077646552899],[80.726395400858237,7.0539080731197954],[80.72639673036484,7.0539084234855904],[80.726397251387723,7.0539088692435854],[80.726397508305894,7.0539094647762424],[80.726398215280014,7.053910371447996],[80.726401394417806,7.0539128427302558],[80.726402294529734,7.0539138751057617],[80.726402454429859,7.0539145107566377],[80.72640280746775,7.0539148611224451],[80.72640280746775,7.0539169651000906],[80.726402454429859,7.0539173154658847],[80.726402326869064,7.0539178896021486],[80.726401760930457,7.053918227486708],[80.72640063084981,7.0539214431847634],[80.726400328117549,7.0539235257660158],[80.726399984961134,7.0539248862193631],[80.726399981367877,7.0539283916600342],[80.726399628329958,7.0539304599770336],[80.726399628329958,7.0539318623315808],[80.726399981367877,7.0539331826666833],[80.726400034368467,7.0539387849527717],[80.726400688341997,7.0539421976756804],[80.726400688341997,7.0539443016532495],[80.726401020718654,7.0539484944525492],[80.726400688341997,7.0539547939038698],[80.726400688341997,7.0539583002358466],[80.726399981367877,7.0539610131186627],[80.726399981367877,7.053963117096143],[80.726397282828756,7.0539688227976995],[80.726396787857027,7.0539708581283902],[80.726396471650048,7.0539714857555529],[80.726396400683157,7.0539723086247035],[80.726396353072431,7.0539728676051405],[80.726396129391929,7.0539735326759692],[80.726396448293855,7.0539784217488775],[80.726396521955721,7.0539819155994534],[80.726397037588697,7.0539832181041255],[80.726397468780021,7.0539837628202839],[80.726397681680751,7.0539843922304524],[80.726399309428047,7.0539866834261318],[80.726400457474966,7.0539892465341474],[80.726400822190953,7.0539897948163564],[80.726402185833592,7.0539901540972334],[80.726403449763168,7.0539907817243703],[80.726412626952126,7.0539908138189533],[80.726414517007484,7.0539915145503898],[80.726418049183167,7.0539915145503898],[80.726419411029127,7.0539911641846968],[80.72642187780292,7.0539899401334321],[80.726422452724691,7.0539895487580102],[80.726423750790275,7.0539890610988403],[80.726424853921444,7.0539882881546152],[80.726425492623605,7.0539879939544017],[80.726426878724098,7.0539877184760265],[80.726428100432884,7.0539870516221921],[80.726430797175382,7.0539862554985291],[80.726432916301121,7.0539862554985291],[80.726433614292105,7.0539862920506975],[80.726434248502684,7.0539866067557693],[80.726434954578508,7.0539866067557693],[80.726437492319178,7.0539876587444459],[80.726438898182607,7.0539876863814435],[80.726439530596551,7.0539880001950186],[80.726440940951562,7.0539880091101894],[80.726441575162141,7.0539883140085813],[80.726443657456983,7.0539884709153684],[80.726444959115824,7.0539889407442216],[80.726446319165163,7.0539891190473769],[80.726446903968437,7.0539894114645714],[80.726453262243979,7.0539894114645714],[80.726453615281912,7.0539897618302767],[80.726454882804788,7.0539901121960078],[80.72645579818807,7.0539908138189533],[80.726472342460639,7.0539911124767531],[80.726476614848139,7.0539955263715477],[80.72649463145946,7.0539951608500537],[80.726508801484769,7.0539954479181661],[80.726526038358443,7.0540042632264193],[80.726535114936055,7.0540086343283397],[80.726543755830761,7.0540175619673464],[80.726557580902991,7.0540220159801184],[80.72656876941987,7.0540277377281964],[80.726579957038425,7.0540220159801184],[80.726602689805006,7.0540176448782876],[80.726611569651581,7.0540358139693176],[80.726620763908514,7.0540445838095058],[80.726638201106496,7.0540442307692848],[80.726660879974148,7.0540519370310717],[80.726684875772023,7.0540437832283844],[80.72670387783522,7.0540340657069551],[80.726719248908054,7.0540444090724268],[80.726732727230583,7.0540441362686055],[80.726737218807003,7.0540533286870852],[80.726747519788347,7.0540684140239964],[80.726778976992975,7.0540755416917307],[80.726786644113929,7.0540443181377981],[80.726794941852219,7.0540364041527255],[80.726877037089395,7.0540265653850023],[80.726898628995571,7.0540488746746313],[80.726928769269975,7.0540585841720933],[80.726934920034736,7.0540711705904471],[80.726943996612349,7.0540755416917307],[80.726952808186965,7.054084646741047],[80.726966288306116,7.0540843730457548],[80.726975362188838,7.0540890142761405],[80.726980391856074,7.0540889126433601],[80.726995533858528,7.0540732665437442],[80.727005545582372,7.0540637175194254],[80.727081910466353,7.0540575366411673],[80.727091749713665,7.0540274372873908],[80.727065339244305,7.0540210460109503],[80.727056326447055,7.0540143953033176],[80.727076626575823,7.0539878370476137],[80.727083566959749,7.0539828062238081],[80.727083594807524,7.053982866846872],[80.727084851550586,7.0539840436477785],[80.727085350115573,7.0539856849284055],[80.727086959896553,7.0539867012564486],[80.727088715204644,7.053990185300294],[80.72709006806744,7.0539915876547008],[80.727091720967564,7.0539922857115709],[80.727093308290662,7.0539951768973514],[80.727094393455531,7.0539965854923379],[80.727095813692003,7.0539974565032804],[80.727096770397779,7.0539990719299288],[80.727098732318339,7.0539990719299288],[80.727100366353852,7.0539998609214134],[80.727104533638467,7.0540030231279589],[80.727106661747385,7.0540059990076616],[80.727108402682404,7.0540068789337624],[80.727111600684793,7.0540110102179021],[80.727112328320189,7.0540126595220887],[80.727113682979635,7.0540140502867201],[80.727113842879746,7.0540144960445881],[80.727105661922451,7.0540264762334193],[80.727101258380955,7.0540426830979923],[80.727132711093986,7.0540487792824296],[80.727144326310594,7.0540663662124787],[80.727185465557355,7.054074339037113],[80.727191569609715,7.0540806465103518],[80.727190425156039,7.0541363154185719],[80.727195615621739,7.0541513704412342],[80.727200019163277,7.0541737617442895],[80.727204602367863,7.0541825930964057],[80.727209005909359,7.0541946454936237],[80.727180208616318,7.0542039217115642],[80.727170947884048,7.0542228717627449],[80.727163719140961,7.054236802581741],[80.727164213214365,7.0542608307027486],[80.727191123147023,7.0542673423304496],[80.727204512536332,7.0542767879348345],[80.727195435958691,7.0542942785725851],[80.72719585008204,7.0543144009625331],[80.727222804930449,7.0543209241791827],[80.727231471876308,7.054329878557609],[80.727254027674803,7.0543387099067862],[80.727262923691057,7.0543700225923409],[80.727272181728381,7.0543835807536208],[80.727314043220616,7.0543937119306888],[80.727315507474515,7.0543952239402277],[80.727327158623751,7.0544023747823106],[80.727365627179182,7.0544098296309059],[80.727379747797116,7.0544146277646949],[80.727393316849472,7.0544189988627348],[80.727397720391025,7.0544235482637383],[80.727412591102208,7.0544332274418631],[80.727420186357946,7.0544418261036448],[80.727411021745411,7.0544594870144888],[80.727411294833246,7.0544727625629511],[80.727438248783372,7.0544814459179159],[80.727451896887459,7.0544860826867728],[80.727465163207597,7.054485814340766],[80.727478465460308,7.0544860835782695],[80.72748024861616,7.0545204407769075],[80.72747638855536,7.0544961746349557],[80.727401316347098,7.0546769167536896],[80.727255341011727,7.0549666562007181],[80.727186585756513,7.0551135429058451],[80.727073220164272,7.0553557341174873],[80.726871636417911,7.0557572295838709],[80.72688003297084,7.0557569255781472]],[[80.725978128917191,7.05393670148006],[80.725977369840777,7.0539438532207637],[80.725976422118137,7.0539527746203623],[80.725979683900945,7.0539636974729731],[80.725984685720434,7.0539732179708965],[80.725986341315519,7.0539824407023017],[80.725984710873263,7.0539918800718961],[80.725981314343159,7.0540094099470805],[80.725972482107295,7.0540366484280277],[80.725963184544113,7.0540733931389932],[80.725961069011603,7.0540927443775301],[80.72596392206097,7.0541017789967713],[80.725975742991807,7.0541216009543479],[80.725986476961111,7.0541323891841046],[80.725998297891948,7.0541410190545193],[80.726007809254156,7.0541534244929629],[80.726017048426868,7.054168392146603],[80.726024114574912,7.0541820118283463],[80.72602914154723,7.0541913165750225],[80.726036614632079,7.0541996763151644],[80.726043544236163,7.0542065534650593],[80.726055637356524,7.0542150487152648],[80.726061207809593,7.0542242188424709],[80.726063653922111,7.0542417487088649],[80.726058218216338,7.0542661557236004],[80.726054006914296,7.0542904272267464],[80.726053429297551,7.0543042956376487],[80.726055229521407,7.0543130815200339],[80.726062566960636,7.0543209027828278],[80.726069496564747,7.0543269704351204],[80.72608050182528,7.0543307460018649],[80.726089334061143,7.0543315554976225],[80.726097350626745,7.0543296672685276],[80.726103872395711,7.0543256224641651],[80.726107133280195,7.0543219815161908],[80.726117867249528,7.0543076878530409],[80.726130639496205,7.0542896186224082],[80.726143683034181,7.0542761335626167],[80.726149797866285,7.0542692564137903],[80.726158493558245,7.0542646722421489],[80.726167597085336,7.0542658855944858],[80.726176292777268,7.0542707398951912],[80.726190151985492,7.0542768084396794],[80.726199391158175,7.0542764036917562],[80.726216919086013,7.0542747855915211],[80.726223440854952,7.0542768084396794],[80.726234174824313,7.0542853036886006],[80.726240560947645,7.0542906973558477],[80.726257137559585,7.0542917760892871],[80.726274937676934,7.0542911021037842],[80.72628594293748,7.0542888091265867],[80.726294502983819,7.0542847643218689],[80.726299937791296,7.0542807186256278],[80.726304965661953,7.0542743808436104],[80.726307818711291,7.0542644021130343],[80.726313253518768,7.0542468722474929],[80.726315563985679,7.0542356801639183],[80.726321813565107,7.0542085763135098],[80.726327384916516,7.0541878102448017],[80.726332684078358,7.0541744606923888],[80.726341651061517,7.0541636733551343],[80.726355066501966,7.0541511832229853],[80.726351616072989,7.0541470965158704],[80.726345827329283,7.0541389222099919],[80.726342209813637,7.0541314103000445],[80.726337423589811,7.0541245064035687],[80.726330411340697,7.0541163864797305],[80.726320838893031,7.0541080463514225],[80.726316887204092,7.0541035727261798],[80.726308094494073,7.0540915871902516],[80.726299690754601,7.054081148433661],[80.726292344332194,7.0540757360421456],[80.726282827580079,7.0540699911152149],[80.726275815330979,7.0540653516676581],[80.726267800561999,7.0540591101663619],[80.726262569672102,7.0540514333247053],[80.726256948015063,7.0540423202511038],[80.726251772820717,7.0540336484776063],[80.726247988218418,7.0540252530738154],[80.726242589343556,7.0540160847257107],[80.726234575472915,7.0540049274056749],[80.726228899018622,7.0539977471374309],[80.726226672993349,7.0539917267311587],[80.72622570191453,7.0539874465636769],[80.726226310972294,7.0539773492553302],[80.72622604956257,7.0539721713312646],[80.726224224185898,7.0539649215242637],[80.726218919634135,7.0539542206591408],[80.72621117974964,7.0539397219359872],[80.726202918842304,7.0539239287312254],[80.726192135465652,7.0538996777137664],[80.726187179460226,7.0538872508720978],[80.726179700985455,7.0538779300720424],[80.726171700589546,7.0538721476989661],[80.726161613407228,7.0538688687029625],[80.726153960659317,7.0538676606986765],[80.726139003709847,7.0538694722593185],[80.726127090252547,7.0538724071301582],[80.72610969886864,7.0538776715323985],[80.726103785259113,7.0538804325575661],[80.726098480707392,7.0538822450096541],[80.726092132313269,7.0538831944742189],[80.72607961069653,7.0538869058554106],[80.726070577238019,7.0538912448638804],[80.726060827822252,7.0538969166887124],[80.726046826680218,7.0539042520823019],[80.72603769620369,7.0539063230739192],[80.726031522082735,7.0539054600864599],[80.726023783096551,7.0539054600864599],[80.72601665226982,7.0539077040322002],[80.725995173551382,7.0539171104172036],[80.725988477509247,7.053921771262643],[80.72598204197854,7.0539299696432591],[80.725978128917191,7.05393670148006]]]},"properties":{"OBJECTID":47,"Division":"5","Field_No":"5","Shape_Length":1608.5401617654752,"Shape_Area":44095.68162379197}},{"type":"Feature","id":48,"geometry":{"type":"Polygon","coordinates":[[[80.725325057298903,7.0504414680141885],[80.725432820997,7.0504949985972276],[80.72545304836224,7.0505045013360021],[80.725503104286517,7.0505329275310133],[80.72550519915778,7.0505341177135437],[80.725555547932785,7.0505627106214366],[80.725871586927866,7.0507565516258808],[80.725986044871476,7.0508249322532812],[80.726236598478948,7.0509859954658776],[80.726273612661927,7.0510074713293056],[80.72629012639176,7.0510419437923133],[80.726289556859868,7.05106737533385],[80.726305501057851,7.0510905459756872],[80.726338528517601,7.0511165418475441],[80.726418819937663,7.0511385820379093],[80.726484874857178,7.0511515804184475],[80.726572568395198,7.0511837928644363],[80.726663679124584,7.0512414368401171],[80.726754789853956,7.0513013408143959],[80.726982565779096,7.0514392332380611],[80.727042357644393,7.0514725761122277],[80.727085634881533,7.0515002676348688],[80.727107273500081,7.0515211773589153],[80.727112967920689,7.0515499993266673],[80.727078231865249,7.051569214268004],[80.727119221093375,7.0516165655929219],[80.727062011884485,7.0516683941279616],[80.727031347892265,7.0516909593974848],[80.726936316914987,7.0517444452601312],[80.7268965035816,7.051785582672367],[80.726887507852325,7.0518131030044389],[80.72689479768087,7.0518555304398829],[80.726979153079313,7.0519936215074699],[80.727021100809807,7.0520653317776958],[80.727034668963867,7.0521068418165429],[80.727045046302038,7.0521490989448861],[80.727037059380848,7.0521800373404],[80.727029367107065,7.052221287936872],[80.727044881910345,7.0522813843525203],[80.727071189073442,7.0523199113492971],[80.727132711093986,7.0523671725540629],[80.727160583122284,7.052389508669215],[80.727196694498417,7.0524268196253219],[80.727205776465937,7.0524454033349864],[80.727209005909359,7.0524520112722495],[80.727222330619981,7.0524776896870414],[80.727227738478007,7.0524997110907597],[80.727226823993036,7.0525442058949395],[80.727224393151886,7.0525501549985696],[80.727212915377507,7.0525782440740459],[80.727185259843168,7.0526235171663174],[80.727153799045283,7.0526535238933983],[80.727153504397876,7.0526538047216949],[80.727122663437527,7.0526686583094103],[80.727084188593906,7.0526779693271608],[80.727011304681653,7.0526838685040216],[80.726922769422202,7.0527000379717855],[80.72688377535232,7.052711240790674],[80.726852879594787,7.0527270402774516],[80.72680987275055,7.0527594371581062],[80.726777550468313,7.0528046674398199],[80.726737329299766,7.0528308450851354],[80.726639297051122,7.0528748245601465],[80.726563890669567,7.0529202197613934],[80.726509611765152,7.0529676217646964],[80.726469514564101,7.0530317254554467],[80.726441292192831,7.0530993488485638],[80.726436264322174,7.0531300072440866],[80.726430603139264,7.0531629568373742],[80.72642233594371,7.0532030278688467],[80.726413079703022,7.05322987323812],[80.726388879089285,7.0532529546200688],[80.726388212539334,7.053252784340283],[80.726387826263746,7.0532524883565664],[80.726387483107331,7.0532524883565664],[80.726387203731264,7.0532523367986197],[80.72638686955797,7.0532523180767424],[80.726386448248107,7.0532519267006855],[80.726386157193943,7.0532518081288815],[80.726385611018273,7.053251468460819],[80.726385036096502,7.0532512054632592],[80.726384725279402,7.0532511279012349],[80.726384146764332,7.0532508105211003],[80.726383808997795,7.0532507882331723],[80.726383552079625,7.0532505831842114],[80.726383265517057,7.0532504485650973],[80.726382923258925,7.0532504485650973],[80.726381989909342,7.0532502221197309],[80.726381405106096,7.0532499823015824],[80.726380466366635,7.0532497683374373],[80.726380124108502,7.0532497683374373],[80.726379842935813,7.0532496212371019],[80.726379191657244,7.0532494473912397],[80.726375425919585,7.0532494277778657],[80.726374769251109,7.0532492583895765],[80.726374091921386,7.0532492218373823],[80.726373481067,7.0532489178299667],[80.726373138808867,7.0532489178299667],[80.726372179408145,7.0532486459172219],[80.72637193955795,7.0532484078821058],[80.726371181379861,7.0532479951096425],[80.726370938834719,7.0532477543999592],[80.726370622627741,7.0532476322621172],[80.726368997575378,7.0532470946772081],[80.726368018411748,7.05324687803851],[80.726367709391283,7.0532467345042242],[80.726367373421368,7.0532467077587233],[80.726366821855791,7.0532463885955572],[80.726366144526068,7.0532463680906483],[80.726365873234855,7.05324619781085],[80.726365672910532,7.05324619781085],[80.72636594420176,7.0532460284225609],[80.726358778340739,7.0532448801483287],[80.726358175571193,7.0532446804484756],[80.726357685989342,7.0532444094272284],[80.72635754944541,7.0532443924884083],[80.72635699248994,7.0532444094272284],[80.72635587678235,7.0532449960455788],[80.726354493376817,7.0532459490775556],[80.726354386477297,7.0532460373377575],[80.726353031817851,7.0532474495010842],[80.726352374251064,7.0532479710386706],[80.726352253876811,7.053248037902466],[80.726351195661408,7.0532484087736407],[80.726350652180656,7.0532485496333592],[80.726350517433374,7.0532485531994222],[80.726348825007364,7.0532478783208576],[80.726348028201713,7.0532473095328623],[80.726347782961668,7.053247198093211],[80.72634765090929,7.0532471775882897],[80.726347428127113,7.0532470385116151],[80.726347147852749,7.0532470385116151],[80.726347020291968,7.0532469832375693],[80.726346743610861,7.0532469689732782],[80.726346474116298,7.0532468994349156],[80.72634633397908,7.0532468994349156],[80.7263459459069,7.0532467603582285],[80.726345798583182,7.0532467603582285],[80.726345679107268,7.053246701518094],[80.726345412307637,7.0532466212815539],[80.726345307204724,7.0532465508516813],[80.726344745757686,7.0532465508516813],[80.726344615501972,7.0532464866624522],[80.726344336125905,7.053246481313332],[80.726344209463448,7.0532464242562165],[80.726344072021234,7.0532464117750076],[80.726343510574168,7.0532464117750076],[80.726343440505573,7.0532463422366325],[80.726343303961642,7.0532463235147933],[80.726343065009786,7.0532462031599454],[80.726342662564548,7.05324611757431],[80.726342267305824,7.0532459945448958],[80.726342127168607,7.0532459945448958],[80.726341890013373,7.0532458652749019],[80.726341751672834,7.0532458545767112],[80.726341641180042,7.0532457796892665],[80.726341377973654,7.0532457155000241],[80.726341262090997,7.0532456308058862],[80.72634087940871,7.0532455068849877],[80.726340518285937,7.0532453588931041],[80.726340281130717,7.0532452278400655],[80.726340029602426,7.053245158301741],[80.726339893956833,7.0532451476035254],[80.726339778074177,7.0532450887633784],[80.72633951396945,7.053245019225054],[80.72633940257839,7.0532449496866914],[80.726336456104235,7.0532449496866914],[80.726336324051886,7.0532449140259947],[80.726336210864147,7.0532448346809771],[80.726336080608448,7.0532448106100043],[80.726334817577168,7.0532448106100043],[80.726334199536254,7.0532450406214595],[80.72633399741531,7.0532452278400655],[80.726333881532611,7.0532452866802124],[80.726332904165602,7.0532452982699247],[80.726332764926724,7.0532452848971809],[80.726330853311794,7.0532448106100043],[80.726329744790746,7.053244679556979],[80.726329612738411,7.0532446430047475],[80.726328523980257,7.0532440073529425],[80.726327991279319,7.053243839747724],[80.726327459476664,7.0532433868569528],[80.726327159439364,7.0532430935477644],[80.726325954798554,7.0532415538974629],[80.726325291841874,7.0532410412750224],[80.726325041211908,7.0532409164626273],[80.72632493970228,7.0532408210702604],[80.726324819328028,7.0532407720368067],[80.726324398916489,7.0532407720368067],[80.726321235948376,7.0532405883842646],[80.726320874825646,7.0532405785775714],[80.726319381825633,7.0532399081565922],[80.726319044957378,7.0532398698213283],[80.72631706147726,7.0532393563074036],[80.726316468589147,7.0532390380357342],[80.726315451696266,7.0532388936099393],[80.726314766281703,7.053238888260819],[80.726314512956804,7.0532386760797312],[80.726314223699276,7.053238547701234],[80.726313538284714,7.053238547701234],[80.72631329304464,7.0532383150152382],[80.726312994803976,7.0532382080331466],[80.726312657935722,7.0532381955519377],[80.726312380356291,7.0532380377533475],[80.726312156675817,7.0532374805550644],[80.726311937486855,7.053237358417185],[80.726311814417684,7.053237140886977],[80.726311799146302,7.0532357831061736],[80.726311282615043,7.0532345296328947],[80.726311129003108,7.0532335222183811],[80.72631100952718,7.0532332101873294],[80.726310797524775,7.0532329489727621],[80.726310786745017,7.0532326128707377],[80.726310615166753,7.0532324434824485],[80.726305491176376,7.0532324283266608],[80.726304847084336,7.053232258046874],[80.726304503927906,7.053232258046874],[80.726304195805739,7.0532321769187867],[80.726303912836443,7.0532319923746964],[80.726303263354481,7.0532318399252656],[80.726302812400206,7.0532314084309],[80.726302522244382,7.0532313237367488],[80.726302338988077,7.0532310678712777],[80.726302012001284,7.0532310295360521],[80.72630187905061,7.0532307442505005],[80.72630155296217,7.0532307282032152],[80.72630122687373,7.0532303189967642],[80.726300766936319,7.0532299213800647],[80.726300606137869,7.0532297083074162],[80.726300062657117,7.0532293677478322],[80.726299891977249,7.0532291983595305],[80.726299823705261,7.0532289255552385],[80.726299548820791,7.0532288577999456],[80.726298521148109,7.0532288577999456],[80.726297863581323,7.053228688411644],[80.726297596781663,7.0532285181318581],[80.72629700838516,7.0532282747476334],[80.726296766738344,7.0532280340379749],[80.726296130731129,7.0532277906537502],[80.726295544131261,7.053227442962001],[80.726295236009122,7.0532273279562858],[80.726294564967588,7.0532272691161522],[80.726293962198028,7.0532269508444694],[80.726293719652915,7.0532267110263085],[80.726293427700426,7.0532265906714606],[80.726292845592141,7.0532258872643254],[80.72629257879251,7.0532257481876384],[80.726292457519932,7.0532254584445262],[80.726291943683592,7.0532250884648366],[80.726291638256413,7.0532245107616447],[80.726291174725716,7.0532240150779986],[80.726291053453139,7.0532237244433649],[80.726290811806336,7.0532234837337064],[80.726290633939911,7.0532228578885574],[80.726290426429088,7.0532225922163923],[80.72629034108914,7.0532222766192767],[80.726289888338229,7.0532214225457173],[80.726289716759993,7.0532208136393884],[80.726289716759993,7.0532204730797909],[80.726289556859868,7.0532201993839641],[80.72628954608011,7.053219864173462],[80.726289246042811,7.0532192534841007],[80.726289032243756,7.0532182719235283],[80.726289032243756,7.0532169114681453],[80.726288824732933,7.0532167197919282],[80.7262875536168,7.0532162169761561],[80.726286371433886,7.0532155305078286],[80.726285823461566,7.0532151221929],[80.726285515339427,7.0532149768755703],[80.726283286619193,7.0532141067546616],[80.726279873919424,7.0532139025972231],[80.726278160832194,7.0532138981396244],[80.726275644651082,7.0532128523898097],[80.726275156865867,7.0532123682959273],[80.726274892761182,7.0532121792942384],[80.726273211114986,7.0532118583479768],[80.726270813511462,7.0532118583479768],[80.726270488321347,7.0532118155551533],[80.726270202657062,7.0532116532990159],[80.726267876020501,7.0532110809449069],[80.726267543643829,7.0532110078404804],[80.726267201385738,7.0532110078404804],[80.726266614785828,7.0532106833281558],[80.72626432857345,7.0532099701143149],[80.726264022247946,7.0532098176648583],[80.726264365404361,7.0532098176648583],[80.72625734237549,7.0532087977690212],[80.726253205633597,7.053207594220642],[80.72625170814203,7.0532067686756017],[80.726249471336956,7.0532059110359278],[80.726247266871241,7.0532049740511855],[80.726246372149248,7.0532044837166596],[80.726244762368239,7.0532039024473923],[80.726244144327339,7.0532036091381656],[80.726243823628778,7.0532035021560997],[80.726240453149828,7.0532028959243123],[80.726239485664252,7.0532025598222621],[80.72623923413596,7.0532023476411236],[80.726238027698557,7.0532006965510305],[80.726237154536093,7.0531996481266237],[80.726233422934399,7.053197241921298],[80.726233157033079,7.0531970297401596],[80.726232262311058,7.0531960036036931],[80.726228503759899,7.0531936321675435],[80.726227618919353,7.053193114195957],[80.726226699942828,7.0531926577390847],[80.726224768564975,7.0531919614640382],[80.726223439058344,7.0531916316026049],[80.726223192919974,7.0531913980250609],[80.726222896475932,7.0531912883684287],[80.726222486844151,7.0531908666807182],[80.726221369339925,7.0531900981927302],[80.726220700993352,7.0531899323705165],[80.726220069477719,7.0531896827456491],[80.72621927446869,7.0531890390701077],[80.726218987007798,7.0531889080170567],[80.726218861243666,7.053188628972122],[80.72621862229181,7.0531883855878847],[80.7262184695782,7.0531880815804557],[80.726218174930779,7.0531879175412744],[80.726217645823084,7.0531875056602571],[80.726217320632941,7.053187398678153],[80.726217134681676,7.0531871321144655],[80.726216555268309,7.0531868503949902],[80.726216313621492,7.0531866096853069],[80.726215722530043,7.0531862753662882],[80.726215545561942,7.0531860444632981],[80.726215229354963,7.0531860177177466],[80.72621486014738,7.0531856049452335],[80.726214346311053,7.0531853374900111],[80.72621400405292,7.0531853374900111],[80.726213445300786,7.0531849541375262],[80.726212847921161,7.0531846795501769],[80.726212511052907,7.0531846581537589],[80.726212238863397,7.0531844878739474],[80.726211919961457,7.053184388915505],[80.726211647771933,7.053184190107161],[80.726210980323657,7.0531841482058217],[80.726210708134147,7.0531839779260226],[80.726210365876014,7.0531839779260226],[80.7262102068742,7.0531837791176288],[80.726209923006579,7.053183638257897],[80.726209580748446,7.053183638257897],[80.726209308558936,7.0531834679780854],[80.726208986962064,7.0531834189446316],[80.726208693212939,7.0531832976982747],[80.726207777829671,7.0531822778023612],[80.726207452639557,7.0531822367925692],[80.726207164280325,7.0531821075225496],[80.726206981024021,7.0531819497239985],[80.726206867836282,7.0531816564147594],[80.726206625291155,7.0531814157050761],[80.726206348610049,7.0531812579064868],[80.726206018928366,7.0531812053069691],[80.726205096358569,7.0531807479585495],[80.726204068685846,7.0531807479585495],[80.726203828835693,7.0531805099234326],[80.72620370756313,7.0531802192887598],[80.726203223371186,7.0531797387608899],[80.726202684382031,7.053179387503052],[80.726202345717155,7.0531790380282322],[80.726202069934345,7.0531788775551014],[80.726201899254463,7.0531787081667998],[80.726201415062533,7.0531784112914853],[80.726201104245433,7.0531783158991441],[80.726200539205124,7.0531776882709121],[80.726200398169624,7.0531774457781591],[80.726199896011366,7.0531770080431127],[80.726199786416885,7.053176777140135],[80.726199329174435,7.0531763839809445],[80.726198758744218,7.0531761379221658],[80.726198587165996,7.0531759685338518],[80.726198451520403,7.0531756841398092],[80.726197967328474,7.0531752027204293],[80.726197507391035,7.0531748568116734],[80.726197360965628,7.0531746009461767],[80.726197077996318,7.0531744583034008],[80.726196826468055,7.053174240773167],[80.726196534515566,7.0531741177437777],[80.726196120392231,7.0531737094287985],[80.726195846406057,7.0531735819418113],[80.726195414316408,7.05317317897594],[80.726194780105828,7.0531729605541589],[80.726192747218349,7.0531727501560901],[80.726192440892831,7.0531725977065829],[80.726192100431334,7.0531725878998897],[80.726191829140134,7.0531724176200781],[80.726191490475259,7.0531723935491062],[80.726190831111822,7.0531722170286644],[80.726189816015577,7.0531720636876605],[80.726188866496315,7.053171674986106],[80.72618798075743,7.0531711891091025],[80.726187324088954,7.0531710009989368],[80.726185761918714,7.0531703038323172],[80.726183616741807,7.0531692393605612],[80.726182778613648,7.0531686536336444],[80.72618155241328,7.0531680447272391],[80.726178424479457,7.0531666602007181],[80.726178159476433,7.0531664533686618],[80.726177184804342,7.0531661306393811],[80.726172817195433,7.0531652774571914],[80.726170418693656,7.0531652774571914],[80.72616974495719,7.0531653924629572],[80.726169414377168,7.0531654735910188],[80.726169106255028,7.0531656215829281],[80.726167768663544,7.0531659166751988],[80.726166060067868,7.0531659576850032],[80.726165723199657,7.0531659166751988],[80.726164735052848,7.0531656367387168],[80.726164328116027,7.0531651080689022],[80.726163779245368,7.053164699753923],[80.726163474716486,7.0531645642432865],[80.726162802776656,7.0531644314071915],[80.726162125446947,7.0531644759830598],[80.726161148978235,7.0531647915802136],[80.726159153819978,7.0531652774571914],[80.726157782990839,7.0531652774571914],[80.726157611412631,7.0531651080689022],[80.726155898325402,7.0531651080689022],[80.726155566847027,7.053165133031384],[80.726155284776056,7.0531652774571914],[80.726154941619626,7.0531652774571914],[80.726154346934877,7.0531654932044061],[80.726154104389764,7.0531657339141276],[80.726153326448738,7.0531661654085438],[80.726153193498078,7.0531664506941079],[80.726152851239945,7.0531667912537692],[80.726152525151505,7.0531668081925893],[80.726152217029366,7.0531669526184348],[80.726151956517938,7.0531671665826048],[80.726151357341635,7.0531674393869093],[80.726151105813358,7.0531676578086779],[80.726150423992053,7.0531676720729699],[80.726150110479992,7.053167828088502],[80.726149446625016,7.0531679591415779],[80.72614876570205,7.0531679974768169],[80.726148456681571,7.0531681383365612],[80.726148191678575,7.0531683380364525],[80.726147883556436,7.0531683719141176],[80.726147849420443,7.0531686777045781],[80.726147677842221,7.0531688479844403],[80.726147349957159,7.0531688765129728],[80.726146954698422,7.0531694292537592],[80.726146485777846,7.0531699213713548],[80.726146327674357,7.0531702218127323],[80.726145600937272,7.0531709430503247],[80.726144743944516,7.0531714993571617],[80.726144628960142,7.0531717739445234],[80.72614445738192,7.053171944224335],[80.726144310058217,7.053172224160817],[80.726144068411429,7.0531724639789779],[80.726143943545594,7.0531727581797394],[80.726143362335606,7.0531730461398574],[80.726142294238727,7.0531738841662088],[80.726142117270626,7.0531741721263268],[80.726141869335606,7.0531743236842868],[80.726141716621996,7.0531746276917149],[80.726141545043774,7.0531747979715265],[80.726136748938472,7.0531779156078391],[80.726136724683954,7.0531783426446575],[80.72613597638734,7.0531787144074167],[80.726132492720652,7.0531810082816451],[80.726131449776616,7.0531822760193297],[80.726130893719457,7.0531846840077757],[80.726130893719457,7.0531863440131159],[80.726130765260379,7.0531870465288051],[80.726130476002837,7.0531875894628735],[80.726130476002837,7.0531909094735425],[80.726127600495644,7.0531936348421098],[80.726126712061813,7.0531949319998617],[80.726126712061813,7.0531957620025256],[80.726126293446896,7.0531961774495935],[80.726125457115359,7.0531974915461655],[80.726125387945075,7.0531982529019768],[80.726124620783821,7.0531993949357057],[80.726124620783821,7.0532018849436469],[80.726124306373478,7.0532024029152076],[80.726122905001645,7.0532032757106826],[80.726122313910182,7.0532038632206184],[80.726121618614172,7.053204308087766],[80.726118696394536,7.053205862002474],[80.726118307423988,7.0532065939382056],[80.726117716332539,7.0532071805566066],[80.726117419888496,7.053207889312862],[80.726116719202594,7.0532082138251742],[80.726116166738677,7.0532088066842054],[80.726115838853602,7.0532095600163416],[80.726115420238685,7.0532099754634094],[80.726115318729057,7.0532107038330771],[80.726115002522079,7.0532112200216064],[80.726114166190541,7.0532120500242321],[80.726114063782603,7.053212779285384],[80.7261136451677,7.0532131938409544],[80.726112961549774,7.0532135593630212],[80.726112492629184,7.0532141967979332],[80.726111238581041,7.0532148547376901],[80.726110942136984,7.0532155634939713],[80.726110156111133,7.0532165147429291],[80.726109983634586,7.0532171735742217],[80.726109147303063,7.053218003576835],[80.726107745931216,7.0532185893037269],[80.72610608853951,7.0532186552759875],[80.726104544335527,7.0532192820126713],[80.726102097324699,7.0532198231636691],[80.726099847943246,7.0532209215129891],[80.726099110426389,7.0532211408262286],[80.726098057600893,7.0532221250613549],[80.7260977234276,7.0532227402082759],[80.726097047894484,7.0532231262352507],[80.726096223241044,7.0532231547638347],[80.726096182816875,7.0532239446481393],[80.72609538690952,7.0532239847664346],[80.726093909180889,7.0532244911482582],[80.72608876273263,7.0532272521772938],[80.726086269009414,7.0532273475696599],[80.726083785167646,7.0532276997189696],[80.726078768076789,7.0532277202238909],[80.726075451496769,7.0532281356709463],[80.726074615165231,7.0532281356709463],[80.726072168154374,7.0532286384866936],[80.726069924162786,7.0532297519917755],[80.726068329653174,7.0532302111231768],[80.726062474434158,7.0532302111231768],[80.726061777341485,7.0532304340025176],[80.726061319200696,7.0532310411257644],[80.726057136644741,7.0532310411257644],[80.726052973851722,7.0532306542072671],[80.726052197707304,7.0532303814029751],[80.726050000428131,7.0532292019256317],[80.726049409336682,7.0532286153072556],[80.726049011382997,7.0532278896121552],[80.726047651333644,7.0532271318224842],[80.72604609814654,7.0532265148924935],[80.726045269001517,7.053226475665733],[80.726043810137497,7.0532259639348274],[80.726041606570121,7.0532249181850375],[80.726040549253014,7.0532239847664346],[80.726039725497898,7.0532239731767099],[80.726039295204885,7.0532235702108768],[80.726036787108598,7.0532235648617814],[80.72603470661042,7.053222582409699],[80.726033585512937,7.0532216267031815],[80.726032803978626,7.053221494758608],[80.726032140123635,7.0532210802030626],[80.726031320860088,7.0532210400848054],[80.726030729768638,7.0532204525748821],[80.726030015608004,7.0532201592657069],[80.726029688621239,7.0532194638821952],[80.726029005901609,7.0532191572002247],[80.726028233350462,7.0532181747481681],[80.726020705468386,7.0532181747481681],[80.726020042511692,7.0532185893037269],[80.726019206180169,7.0532185893037269],[80.726018500104388,7.0532189022262886],[80.726016033330581,7.0532190047507815],[80.726015370373915,7.0532194193063393],[80.726014562788464,7.0532194888446638],[80.726013871085698,7.0532198347533948],[80.726005506872099,7.0532198347533948],[80.726004750490645,7.0532201735299598],[80.726004105500266,7.0532206647560081],[80.726003272761972,7.0532206870439484],[80.72600089222648,7.053221475145234],[80.725997550493631,7.053221494758608],[80.725994230320325,7.0532210909012782],[80.725990288512875,7.0532197473846772],[80.725987923248709,7.053217399128104],[80.725984600380485,7.0532173447455548],[80.725983863761954,7.0532171058189164],[80.725983267280625,7.0532165147429291],[80.725980845422612,7.0532159352566675],[80.725978614905742,7.0532148021381857],[80.725978022915967,7.0532142155197848],[80.725974519486385,7.0532119715707111],[80.725974108057983,7.0532115338357029],[80.725970787884677,7.0532111273037934],[80.725965769895481,7.0532111192801317],[80.725964951530273,7.0532112289367648],[80.725961777782388,7.0532122791441649],[80.725960954925583,7.0532123638383286],[80.725958445930985,7.0532123638383286],[80.72595777488948,7.0532119671131133],[80.725952764086813,7.0532119492827583],[80.725952101130147,7.0532123638383286],[80.725950428467101,7.0532123638383286],[80.725949655915926,7.0532125180708043],[80.725948265323879,7.0532131938409544],[80.725947218786558,7.0532141067546616],[80.725946883714983,7.0532147994636194],[80.725946102180671,7.0532148547376901],[80.725944954133752,7.0532155242672108],[80.725943738713184,7.0532166582772273],[80.725941651028464,7.0532180401290665],[80.725940856019434,7.0532181747481681],[80.725940345776337,7.0532186998518434],[80.725939007286556,7.0532193506594991],[80.725936527038044,7.0532194193063393],[80.725935193039859,7.0532202305870628],[80.725924327916488,7.0532202502004493],[80.725923246344891,7.0532210802030626],[80.725922410013354,7.0532210802030626],[80.725920749926715,7.0532225280271508],[80.725920001630101,7.0532227402082759],[80.725919700694476,7.0532232706610838],[80.725919165298578,7.0532235702108768],[80.725911653586138,7.0532239847664346],[80.725910846899012,7.0532239143365754],[80.725910154297964,7.0532235702108768],[80.725900117421276,7.0532235702108768],[80.725898547166153,7.0532240257762266],[80.725895294366495,7.0532245490968704],[80.725893199495275,7.0532259024201132],[80.725891989464586,7.053226475665733],[80.725891262727529,7.0532265844308686],[80.725890889028378,7.0532272610924904],[80.725890263800935,7.0532278013519409],[80.725888019809332,7.0532289148570486],[80.725886692997662,7.0532297653645317],[80.72588515148864,7.0532303796199436],[80.725884456192617,7.0532308405343764],[80.725882982955554,7.0532313718786934],[80.725882390965751,7.0532319593885662],[80.725881691178159,7.0532322856839098],[80.725880854846622,7.0532322856839098],[80.725880102058426,7.053232636050188],[80.725879353761812,7.0532330069213742],[80.725878715957933,7.0532335311335395],[80.725865734403783,7.0532377141325959],[80.725865418196804,7.0532223390255124],[80.725831636152222,7.0532141638117647],[80.725793676941564,7.0532012653390899],[80.725776133742386,7.0532130699200435],[80.725758662408452,7.0532191277801584],[80.725730831702634,7.0531968255827211],[80.725705489330153,7.0531781768224313],[80.725666928248245,7.0531688444183391],[80.725644500908885,7.0531764651090452],[80.725627532631464,7.0531677879702324],[80.725611219225911,7.0531599310272624],[80.725554539124744,7.0531523094447799],[80.725497475442936,7.0531716999485878],[80.725492691914056,7.0531522202930557],[80.725478169749181,7.0531427693166382],[80.725465283416412,7.0531294536117644],[80.725449293404367,7.0530643425196438],[80.725434223267172,7.0530720496892751],[80.725407320521029,7.0530490182233079],[80.725429332838743,7.0530280238740906],[80.725443599882112,7.0530089177584223],[80.725454786602327,7.0529746950667898],[80.725447130261173,7.0529450387269916],[80.725384620992116,7.0528854175765403],[80.725353312009531,7.0528623771860888],[80.725319029603341,7.052833807599626],[80.725308607349419,7.0528445762459819],[80.725303976534121,7.0528437480257642],[80.725323396313925,7.052806326554987],[80.725312454833784,7.0527532963807786],[80.725312973161678,7.0527281074248043],[80.725337215097952,7.0526926036006063],[80.725353476401196,7.0526428586587189],[80.725352857461971,7.0526127743688258],[80.725203274492458,7.0526079262913459],[80.725189444928645,7.0525656201713414],[80.725180794152465,7.052540531055242],[80.72510650886835,7.052542035938659],[80.725034234912172,7.0524910490950381],[80.725007335759315,7.0524653929689762],[80.725002932217791,7.0524608435487366],[80.72498968206736,7.052454462057387],[80.724984959623882,7.0524182262752326],[80.725007425590832,7.0524074068023532],[80.725018880907356,7.0524015486318374],[80.725025308353182,7.052349330585054],[80.725044000497618,7.0523219564939836],[80.725077874170367,7.0523056425869006],[80.725107502405066,7.0523157105115786],[80.725135008819066,7.0523087120870196],[80.725200484325171,7.05226196528284],[80.725214022834834,7.0522329222626325],[80.725198302317352,7.0522179278008723],[80.725081518635463,7.0522202938929146],[80.725042909044546,7.0522195120305664],[80.725002932217791,7.0522423679084918],[80.72498002158477,7.0522467390270389],[80.72497633579718,7.0522442588206644],[80.724952814309788,7.0522284316803514],[80.724929980033565,7.0522174338992283],[80.724899475941456,7.0522100521198814],[80.724876649750072,7.0521928573878352],[80.72485438680242,7.0521933076050827],[80.724845658771116,7.0522111674104888],[80.724806957552033,7.0522000483822955],[80.724759408825733,7.0521703545491139],[80.724746101183086,7.0521566046463526],[80.72473783308925,7.0521396871748472],[80.724724466157795,7.0521139276130373],[80.724682557054848,7.0520623888717191],[80.724665307604781,7.0520459367699928],[80.724650665963964,7.0520462336459824],[80.724659752423065,7.0521168063292885],[80.724643915124602,7.052147326604377],[80.724653133636053,7.0521920086614873],[80.724647732066245,7.052202418040503],[80.724620920049972,7.0522110550790478],[80.724605513044523,7.052218935217625],[80.724612023135393,7.0522378184860637],[80.724617764268359,7.0522553796308207],[80.724611260465721,7.0522805695040418],[80.72458453558599,7.0522868841338857],[80.724567091201493,7.0522779627021634],[80.724553522149137,7.0522735915839085],[80.72454791845837,7.052267802058668],[80.724553786253821,7.0522507820665119],[80.7245534844199,7.0522360880473007],[80.724530440836219,7.0522289862053276],[80.724513173419851,7.0522468281789665],[80.72450210527721,7.0522573855489501],[80.724449458611673,7.0522646808501595],[80.72443678877292,7.0523092755270644],[80.724427263037626,7.0523325887498221],[80.724409739601384,7.0523582520154156],[80.724405336059874,7.0524029465334559],[80.724397849500306,7.0524246585836652],[80.724378286888353,7.0524340801546215],[80.724353958713806,7.05245045111438],[80.724323077329288,7.0524185436559392],[80.724303710550075,7.0524315767697763],[80.724297499598208,7.0524251596172585],[80.724292916393637,7.05242078850039],[80.724288512852112,7.052416238188183],[80.724282601937546,7.0524106002229505],[80.724254480177564,7.0524029465334559],[80.724234198015083,7.0524165947957274],[80.724192986903091,7.0524157594425683],[80.724170290069139,7.0523923080385647],[80.724153672134705,7.0524008068881283],[80.724133740315168,7.052390613261136],[80.724108784218259,7.0524074068023532],[80.724101844732687,7.0524117779193363],[80.724095304997419,7.0523983962210703],[80.724068255825912,7.0523940251039603],[80.724061650513619,7.0523872005267512],[80.724052485002773,7.0523784582922762],[80.72404543232949,7.0523711710165218],[80.724046601037685,7.0523143348976847],[80.724037579257271,7.0523057299557586],[80.724009844671187,7.0523003549872971],[80.723996454383581,7.052295804673907],[80.723979195052024,7.0522902451608855],[80.723973876127232,7.0522685848124746],[80.723958127761989,7.0522535636062962],[80.723970936839592,7.0522201414431276],[80.723981613316766,7.0521989491390373],[80.724008305857126,7.0521177112215092],[80.72402699081502,7.0520117487764695],[80.724030549940181,7.0519137333149224],[80.724046565105056,7.0518457406594317],[80.724088383478176,7.0518218996323023],[80.724169351329664,7.0517803975916342],[80.724234303117967,7.0517424277500629],[80.724259216095732,7.0516850307878105],[80.724246759157708,7.0516629558541606],[80.724351749756551,7.0515119590360644],[80.724594652412748,7.0512285088922626],[80.724720106633725,7.0510925233701442],[80.724944324332029,7.0508479263859609],[80.725114266719146,7.0506342347850302],[80.725325057298903,7.0504414680141885]]]},"properties":{"OBJECTID":48,"Division":"5","Field_No":"4B","Shape_Length":1279.8888471063158,"Shape_Area":64431.516607615878}},{"type":"Feature","id":49,"geometry":{"type":"Polygon","coordinates":[[[80.725325057298903,7.0504414680141885],[80.725298751932428,7.0504655239692857],[80.725114266719146,7.0506342347850302],[80.724944324332029,7.0508479263859609],[80.724720106633725,7.0510925233701442],[80.724594652412748,7.0512285088922626],[80.724351749756551,7.0515119590360644],[80.724277409675182,7.0516188746307362],[80.724249394814748,7.0516591651098217],[80.724156005059484,7.051595845767074],[80.724111516893359,7.0515375661813424],[80.724043896210361,7.0514263061872633],[80.723964707921425,7.0512938529294553],[80.723872174260634,7.0511640483434554],[80.723792985971713,7.0510289463002183],[80.72375205782906,7.0509371115507005],[80.723742270684042,7.0508726509613222],[80.723763624536645,7.0508099564679299],[80.723787648182295,7.0507578585972093],[80.723834804344818,7.0507243034893357],[80.723878402280519,7.0506739708229276],[80.723899756133122,7.0506315860723339],[80.723879292510944,7.0505627106214366],[80.723846371052403,7.0504991325872819],[80.723818789179944,7.05042407529844],[80.72383213545011,7.050348135389835],[80.723868615135473,7.0503145802522811],[80.723922000216177,7.0502774937898112],[80.7240287703776,7.050228044574232],[80.724100840416199,7.0502033199644707],[80.724130201851267,7.0502112670013961],[80.724173799786968,7.0502147992159001],[80.724201381659441,7.0502024364650548],[80.724252097845437,7.0501741796391357],[80.724282349510958,7.0501627003867133],[80.724320608758902,7.0501688822084887],[80.724381112089901,7.0502209801454407],[80.724464748836141,7.0503013348964174],[80.724536817976414,7.0503551998166918],[80.724585754599815,7.0503772757042285],[80.72462045472264,7.0503693277785793],[80.724659604201051,7.0503472527822337],[80.724748578736651,7.0503004522887274],[80.724826876795134,7.0502819086115345],[80.724908733978779,7.0502854408254905],[80.724985252474681,7.0502951539679453],[80.725029740640792,7.050309282823199],[80.725050453994641,7.0503287447678247],[80.725054419158297,7.0503645501079442],[80.725056148415192,7.0503801713701897],[80.725064120065056,7.0504231222606872],[80.725073231676973,7.050440076347348],[80.725111384025396,7.0504383806712472],[80.725134161707771,7.0504265127214687],[80.725151814501388,7.0504174708983349],[80.72518541149303,7.050400516810873],[80.7252212857139,7.0503965602329597],[80.725274244094848,7.050412949095195],[80.725325057298903,7.0504414680141885]]]},"properties":{"OBJECTID":49,"Division":"5","Field_No":"3","Shape_Length":551.96913078342823,"Shape_Area":15629.268080345373}},{"type":"Feature","id":50,"geometry":{"type":"Polygon","coordinates":[[[80.72410911300166,7.0502055585789902],[80.724064805396907,7.0502156827152902],[80.7240287703776,7.050228044574232],[80.723922000216177,7.0502774937898112],[80.723868615135473,7.0503145802522811],[80.72383213545011,7.050348135389835],[80.723818789179944,7.05042407529844],[80.723846371052403,7.0504991325872819],[80.723879292510944,7.0505627106214366],[80.723899756133122,7.0506315860723339],[80.723878402280519,7.0506739708229276],[80.723834804344818,7.0507243034893357],[80.723787648182295,7.0507578585972093],[80.723763624536645,7.0508099564679299],[80.723742270684042,7.0508726509613222],[80.72375205782906,7.0509371115507005],[80.723792985971713,7.0510289463002183],[80.723872174260634,7.0511640483434554],[80.723964707921425,7.0512938529294553],[80.724043896210361,7.0514263061872633],[80.724111516893359,7.0515375661813424],[80.724156005059484,7.051595845767074],[80.724249394814748,7.0516591651098217],[80.724246759157708,7.0516629558541606],[80.724259216095732,7.0516850307878105],[80.724234303117967,7.0517424277500629],[80.724169351329664,7.0517803975916342],[80.724088383478176,7.0518218996323023],[80.724046565105056,7.0518457406594317],[80.724030549940181,7.0519137333149224],[80.72402699081502,7.0520117487764695],[80.724008305857126,7.0521177112215092],[80.723981613316766,7.0521989491390373],[80.723970936839592,7.0522201414431276],[80.723958127761989,7.0522535636062962],[80.723951522449696,7.0522467390270389],[80.723932235620552,7.0522420719241135],[80.723905014870795,7.0522328224124893],[80.723888617921915,7.0522244367827591],[80.723848088631229,7.0522200656640077],[80.723825712495838,7.0522021345373984],[80.723787186448249,7.0521977634184303],[80.723764774380228,7.0522128443581735],[80.723744835374191,7.0522334473674269],[80.723730949216531,7.0522379201192376],[80.7237178760342,7.0522646710434538],[80.723710802699614,7.0522690421617851],[80.723690913999249,7.0522556586763274],[80.723686378405375,7.0522557505027956],[80.723681660453508,7.0522556551102511],[80.723672783301865,7.0522374904069878],[80.723656142011222,7.0522216177989536],[80.723615397124888,7.0522150330379345],[80.723610038674224,7.0521932131040348],[80.72360034764894,7.0521888419849779],[80.723573582345011,7.0521979363731644],[80.723551761368469,7.0521974941796035],[80.723525075116328,7.052218879943414],[80.723502112381013,7.0522244367827591],[80.72348389095383,7.0522290726826879],[80.72346493739964,7.0522286884379177],[80.723448736283487,7.0522231833067455],[80.723432535167333,7.0522176790670184],[80.723426978188982,7.0522044239588615],[80.723401923277407,7.0521705159141232],[80.723385978181099,7.0521303913021347],[80.723388256308667,7.0520964832519386],[80.723405909102325,7.0520637056460762],[80.723407048166081,7.0519902381903403],[80.723412742586675,7.051939376098761],[80.72343665843448,7.0518924705667487],[80.723471394489891,7.0518314362216188],[80.723527769163852,7.051708237059569],[80.723538018941269,7.0516534192613705],[80.723530047291419,7.05157316994437],[80.723537378442472,7.0515413114591308],[80.723556031060994,7.051537518930755],[80.723583079334233,7.0515331478055154],[80.723591976248798,7.0515304536303907],[80.723577911326402,7.0514960302373737],[80.723556031060994,7.0514751606306438],[80.723551627519498,7.051456794413097],[80.723571052689195,7.0514193603489899],[80.723555755278227,7.051389881322252],[80.723529071721018,7.0513770300493528],[80.723514869356393,7.0513674729457509],[80.723516264440022,7.0512996246364521],[80.723502112381013,7.0512788985557506],[80.723489970751643,7.0512605145],[80.723457180447156,7.0512476748133137],[80.723445744893581,7.0512418273263702],[80.723430310938681,7.0512029810753356],[80.723421234361041,7.0511896884942402],[80.723412113765988,7.0511667336054957],[80.723393296755717,7.0511487854992145],[80.72339894536222,7.0511269057831507],[80.723398609392305,7.0511105588476868],[80.723360531604044,7.0510982924050678],[80.723349606293581,7.0510648692670337],[80.723340517139519,7.0510562010038642],[80.723335953697855,7.0510468623163947],[80.723322195100977,7.0510203502496349],[80.723322658631673,7.0509978420048096],[80.723322033404244,7.0509674322026754],[80.723331460324815,7.0509443605135695],[80.723340357239394,7.0509219681628652],[80.72334943291871,7.0509086755737034],[80.723360554061941,7.0508918374020775],[80.723371898885659,7.0508863732650102],[80.723380970073407,7.0508817346770805],[80.723394190579427,7.0508820021336263],[80.723403261767174,7.0508773635456583],[80.723416830819531,7.0508729915226498],[80.723434624648675,7.050863892650848],[80.723453106587328,7.0508549908051981],[80.723463874692627,7.050843864612296],[80.723471725069899,7.0508363776114988],[80.7234991371608,7.0508185355835353],[80.723525476663255,7.0507913209843949],[80.723533565094087,7.0507747716615974],[80.723538149196983,7.0507659357868473],[80.72353803511092,7.0507603887367782],[80.723472918032613,7.0507617081893796],[80.723415188699207,7.0507558508895851],[80.723375280144396,7.0507616404337181],[80.72334714131641,7.0507610698596119],[80.723314291723113,7.0507617358265673],[80.723279178375265,7.0507516482546366],[80.723273048271778,7.0507703996376225],[80.723268465965518,7.0507836922307536],[80.723259569050967,7.0508111546734344],[80.723268555797063,7.0508372183166275],[80.723272958440276,7.0508511251663917],[80.723253492846368,7.0508696911088409],[80.723210746513587,7.050890279021985],[80.723195971922081,7.0509002212728458],[80.723167302189793,7.0509140282702916],[80.723142656011646,7.0509219681628652],[80.72311706660247,7.0509484080219886],[80.723097693535067,7.0509546486736818],[80.72307984131541,7.0509666628195014],[80.723027951031341,7.0509750484719786],[80.722914755220728,7.0509805491603741],[80.722891274157504,7.0509963504892008],[80.722886208557625,7.0510272408195611],[80.722872625132226,7.0510334814701867],[80.72284648505574,7.0510201131049204],[80.722742416128398,7.0510152962140138],[80.722732499625977,7.0509950042915959],[80.722755251257198,7.0509652381679047],[80.722760733675358,7.050949810385581],[80.722737652362468,7.0509354390559702],[80.722720384946058,7.0509532810794422],[80.722712510314267,7.0509576522101529],[80.722611831628797,7.0509441750770661],[80.722585678077635,7.0509308004685236],[80.722558027034879,7.0509218923835286],[80.722544341201512,7.0509077510656786],[80.722530463128678,7.0508793543138388],[80.722496898476436,7.0508575084629221],[80.722486737632224,7.0508385484672909],[80.722509203599174,7.0508239257250356],[80.722525603243014,7.0508128904666485],[80.722509113767671,7.0507971631278794],[80.722497206598575,7.0507848601245673],[80.722504888990883,7.0507700564016522],[80.722504549427711,7.0507535391729039],[80.722459688460717,7.0507480973222378],[80.722427170345753,7.0507398239974357],[80.722411775018415,7.0507557323171328],[80.722420075451623,7.0507717288969669],[80.722396783932936,7.0507792319461817],[80.72239238039144,7.050783781382961],[80.722378097178421,7.0507883825279505],[80.722360928576705,7.0507971631278794],[80.722345800947309,7.0508044486453594],[80.722338462609756,7.0508194654408971],[80.722329707629001,7.0508278154351709],[80.722288799249284,7.0508327580326036],[80.72227999935275,7.0508058376365517],[80.722261988131322,7.0507971631278794],[80.722257522606043,7.0507880268106691],[80.722220792290685,7.0507791374448674],[80.722201992348431,7.0507351729267445],[80.722176616738295,7.0507302552908779],[80.722161558279183,7.0507225543229337],[80.722129805528823,7.050716873544026],[80.72211318310282,7.0507446720944698],[80.722113996078122,7.0507842271439332],[80.722122788788155,7.0507926136912529],[80.722133087972878,7.0508032557889742],[80.722140671550505,7.050820425609988],[80.722100939065484,7.0508583224223722],[80.722112709690649,7.050903916630582],[80.722087257723715,7.0509411902624475],[80.72208228644692,7.0509715064565448],[80.722070935334997,7.0509933808308025],[80.722078395843425,7.0510077575077279],[80.722101146576307,7.0510294571420573],[80.722136105413924,7.0510287492739776],[80.722149657398305,7.0510514126420496],[80.722174230812868,7.0510610339417381],[80.722181110111336,7.0510960172424886],[80.722190186688948,7.0511182312805216],[80.722203576078286,7.0511559265846913],[80.722183848176329,7.0511672961554055],[80.722154240602862,7.05114499385913],[80.722121995575748,7.0511406227301876],[80.722095400053448,7.0511542237790588],[80.722081034195426,7.0511981713184895],[80.722059531222484,7.0512119016362345],[80.722042412028088,7.0511942129643765],[80.722027638334922,7.0511896884942402],[80.722001472207339,7.0512030702274417],[80.721987902256643,7.0512074413557855],[80.72196905919526,7.0512138433693332],[80.721956540273453,7.0512074413557855],[80.721942970322772,7.0512030702274417],[80.721934073408207,7.0511985199032621],[80.721902327844376,7.0511941202461577],[80.721889371443041,7.0511807340551034],[80.721871079048881,7.0511763067606319],[80.721855589398473,7.051171043219215],[80.721819222002509,7.0511334673801267],[80.721812757725701,7.0510999533094365],[80.721821743573486,7.0510826363977177],[80.721835838140308,7.0510449803145203],[80.721869899560929,7.0509793420400921],[80.721886350408738,7.0509552495592889],[80.721923998802296,7.0509089501624134],[80.721975177620664,7.0508640014165049],[80.721999460879402,7.050799123584687],[80.721982330905249,7.0507541899839943],[80.72191821275355,7.0507124578349405],[80.721883384171662,7.0506845478422502],[80.721844878785348,7.0506262449622641],[80.721839716167395,7.0505752302706099],[80.721859833938183,7.0505290725878265],[80.721902344014069,7.0504521012047539],[80.721890459302827,7.0504060638652541],[80.721862092302786,7.0503734136275291],[80.7218405462107,7.0503230265401244],[80.721835223692622,7.0502790432567428],[80.721846056476664,7.0502476233118152],[80.721901115118726,7.050184249393217],[80.721923384354653,7.0501452559521685],[80.721933983576662,7.0501006227314065],[80.721922053051387,7.0500660182528856],[80.721911607441271,7.0500333644251025],[80.721931788992421,7.0499748323416238],[80.721938476949717,7.0499272722323498],[80.721959738275856,7.0498656091040264],[80.721977715361334,7.0498539087460328],[80.722005964682083,7.0498470725415947],[80.722019879585829,7.0498423438993889],[80.722032419168869,7.0498293882752501],[80.722038814275379,7.049770953342132],[80.722051171500411,7.0497351131867072],[80.722119341952379,7.0496949393299495],[80.72217212336524,7.0496551800284566],[80.722194680062032,7.0496418882944951],[80.722220112266029,7.0496247737042719],[80.722230535418277,7.0496003441568327],[80.722219492428493,7.0495253268409988],[80.722227210753374,7.0495104544304548],[80.722263463165007,7.0494758766536068],[80.722329515389518,7.0494772148318887],[80.72238779718684,7.0494902301980016],[80.72241563777412,7.0494946013425155],[80.722459435135818,7.0494834581779831],[80.722509578196664,7.0494611745226461],[80.722577701936203,7.0493857140965135],[80.722601359967541,7.0493631496062257],[80.722625442901986,7.0493382653673633],[80.722630430348445,7.0493027987273864],[80.722642532451971,7.0492731804880888],[80.722668343744999,7.0492234405281717],[80.722720265470144,7.0491835536981284],[80.722802791000319,7.0491618450620788],[80.722933323397626,7.0491460106842609],[80.723041603627038,7.0491266521068603],[80.723078607928542,7.0491345510199075],[80.723101361356385,7.0491650215660568],[80.723153950529735,7.0492064132919463],[80.723195891073715,7.0492497476469982],[80.723239915709172,7.0492843976542563],[80.72331985858294,7.0493169445518671],[80.723429367707624,7.0493371670088329],[80.723496098160211,7.0493759848875381],[80.723603110866748,7.0494743619534592],[80.723708889288076,7.0495392060928852],[80.723717336146706,7.0495479341165534],[80.723803012068615,7.049601806256649],[80.72382122002108,7.049610575289269],[80.723981719317962,7.0497110883970127],[80.724149256016759,7.0498053822124715],[80.724252566766026,7.049860364269704],[80.72426108818479,7.0498691689583648],[80.724317452079006,7.0499000611469453],[80.724411010717503,7.0499548693458607],[80.724435318230803,7.0499665768334498],[80.724476626360797,7.0499901941836569],[80.724618476632401,7.0500867943131666],[80.724654164901992,7.0501195595776114],[80.724647290095135,7.0501281217670311],[80.724597179373617,7.0501490315529836],[80.724536817976414,7.0501512915643287],[80.724465068636363,7.0501337731328944],[80.724375666502681,7.0501055163028017],[80.724287972964618,7.0500812151600805],[80.724216792258147,7.0500851708491554],[80.724162126179834,7.0501173842607985],[80.724114863117791,7.050169941338007],[80.72410911300166,7.0502055585789902]]]},"properties":{"OBJECTID":50,"Division":"5","Field_No":"3","Shape_Length":1511.4105242572996,"Shape_Area":48659.25680378847}},{"type":"Feature","id":51,"geometry":{"type":"Polygon","coordinates":[[[80.724671511370147,7.0501374827610919],[80.724689979834054,7.0501565649241051],[80.724749845361231,7.0501800057430186],[80.724756314129564,7.0501866894920475],[80.72487945878197,7.0502334480954865],[80.724981342108237,7.0502729372159063],[80.724996830860363,7.0502808583974677],[80.724946245828406,7.0502716659041553],[80.724861968583411,7.0502581022733404],[80.72479876132337,7.0502631884120674],[80.72474808106999,7.0502756215915898],[80.724689428268476,7.0503067045389374],[80.72463248406261,7.0503372213672071],[80.724598317539105,7.0503485240937938],[80.724560734722544,7.0503423075050318],[80.724526568199025,7.0503208325023001],[80.724492971207411,7.0502908800070099],[80.724460513279567,7.0502654493143506],[80.724429763049088,7.0502292802251967],[80.724396735589323,7.0501970677128609],[80.724364847193371,7.0501693761123088],[80.724323847185502,7.0501445106387193],[80.724280569948363,7.0501320774557117],[80.724240709004278,7.0501399888329201],[80.724207112012621,7.0501428149615748],[80.724226473401956,7.0501179485950507],[80.724258361797894,7.0501134276804942],[80.724324423005584,7.0501172746034406],[80.72442406862848,7.0501467706501284],[80.72450151328745,7.0501659856496568],[80.72456699867503,7.0501716370150618],[80.724623373349004,7.050161464735571],[80.724653863068056,7.0501462749631871],[80.724671511370147,7.0501374827610919]]]},"properties":{"OBJECTID":51,"Division":"5","Field_No":"3","Shape_Length":193.50728682217076,"Shape_Area":793.90569378801513}},{"type":"Feature","id":52,"geometry":{"type":"Polygon","coordinates":[[[80.721906983812502,7.0531967845728909],[80.721903709453287,7.0532104310287727],[80.721902800358222,7.0532270043355085],[80.72190982787869,7.05324803077034],[80.721920634611564,7.0532726134663344],[80.721925447784841,7.0532926708199311],[80.721934114730701,7.0533172187443967],[80.721941140454533,7.0533392481318415],[80.721960258400401,7.0533439811959475],[80.72204178051247,7.0533082973325083],[80.722112658486679,7.0532869160765879],[80.722142001955447,7.0532971266226934],[80.722177204236473,7.0533156184711832],[80.72221507900548,7.0533462171207617],[80.722238314828601,7.0533854536764773],[80.722269710049503,7.0534037761331918],[80.7222986268185,7.0534387084405665],[80.722306878742671,7.0534645847173856],[80.722320183690343,7.0534967399453858],[80.722344640323954,7.0535385966559154],[80.722269922950204,7.0535256803619433],[80.722219275036181,7.0535331780174468],[80.722169063703362,7.0535647198772455],[80.722105268046818,7.0536330706699992],[80.722064417159288,7.0536920694457823],[80.722057421079867,7.0536985053026084],[80.722046566736296,7.053710134242162],[80.72201957146369,7.0536895838980733],[80.721992355205515,7.0536697672710806],[80.721937893943107,7.0536273087987791],[80.721873000545301,7.0535875418111713],[80.721806680622834,7.053556470673719],[80.721776681383901,7.0535448738249062],[80.721740189122102,7.053529064559374],[80.721705132368129,7.0534553236404118],[80.721675962274261,7.0534080295605426],[80.721657849543178,7.0533913697831627],[80.721626073436624,7.0533709995113547],[80.721604617176041,7.0533563420799092],[80.721588137582174,7.0533216790045286],[80.721565500037002,7.0532861645276101],[80.721543205648302,7.0532458501191133],[80.721521058583278,7.0532188353624798],[80.721470248972494,7.0531744021378202],[80.721453513358753,7.0531564701566207],[80.72144418435451,7.0531478893013277],[80.721439861661395,7.0531387984978808],[80.721426210862333,7.053116666576388],[80.72142142014691,7.053101644506218],[80.721423747681825,7.053043349062623],[80.721408435897786,7.0530212590379282],[80.721418488944153,7.0529831716177132],[80.721459995601833,7.0529805362912334],[80.721462156948419,7.0529828515628719],[80.721493573728836,7.0530011865167497],[80.721525390259572,7.0530268916466357],[80.72158567260503,7.0530350695381818],[80.72164726649082,7.0530819589071498],[80.721703941202094,7.053131693103647],[80.72174838894405,7.0531889775554317],[80.721784213757559,7.0531875680664555],[80.721834344241969,7.0531612344257333],[80.72185920871074,7.0531568107162945],[80.721893504591662,7.0531657312395613],[80.721913907128396,7.0531705561317635],[80.721906983812502,7.0531967845728909]]]},"properties":{"OBJECTID":52,"Division":"5","Field_No":"2","Shape_Length":301.81233882658961,"Shape_Area":3233.3507639739933}},{"type":"Feature","id":53,"geometry":{"type":"Polygon","coordinates":[[[80.721554757084519,7.0541604344793338],[80.721486936077213,7.0541283818217151],[80.721394929727495,7.054084899039947],[80.721335850226197,7.054070770299905],[80.721245256028112,7.0540641882396988],[80.721177830279544,7.0540432206819732],[80.721128715789675,7.0540001292676742],[80.721086719550158,7.0539379647581235],[80.721051129196894,7.0538644975997196],[80.72100557383223,7.0537966817508435],[80.720969679848395,7.0537581851884514],[80.720920869887436,7.0537246276233834],[80.720850401544993,7.0536900136089749],[80.720799151759721,7.0536787109639247],[80.720735801667544,7.0536864814209714],[80.720657503609075,7.0537147380326104],[80.720571375834595,7.0537458207491639],[80.720527244299618,7.0537599486076576],[80.720473859218913,7.053766306010071],[80.720417626478763,7.0538037461250944],[80.720399831751294,7.0538425992901201],[80.720401967046726,7.0538962863868937],[80.720418338842762,7.0539252490663538],[80.720444674751974,7.053982469230796],[80.720453928297701,7.0540375693637927],[80.720442539456528,7.0541209260770561],[80.720416203547359,7.0541767322738167],[80.720404102342172,7.054214172355648],[80.720414779717629,7.0542523185146004],[80.720432574445098,7.0542742176963076],[80.720464605673172,7.0542911716419807],[80.720521549879052,7.0543222534283121],[80.720536497845359,7.0543377943207011],[80.720524937425964,7.0543503807314591],[80.720501227292345,7.0543547536131284],[80.720423026251922,7.0543168116196169],[80.720355251957017,7.0542892174405738],[80.720323971720504,7.0542512754416427],[80.720304856469568,7.054206434893497],[80.720322511958159,7.0541437961253948],[80.720320287729507,7.0540974373157459],[80.72031695138655,7.0540532867858472],[80.720273576233083,7.0539892679305156],[80.720239097994138,7.053956155248625],[80.720170201703425,7.0539094736914256],[80.720086728450596,7.0538943437735062],[80.720021109214017,7.0538954474703432],[80.719929687667573,7.0539034541755061],[80.719872076013473,7.0538943437735062],[80.719829812974282,7.0538689569630497],[80.719790886278062,7.0538027306881794],[80.719744173883299,7.0537133249791859],[80.719733051841757,7.0536636559258676],[80.719753071696175,7.053585288057211],[80.719781988465172,7.0534870518325237],[80.719839822003181,7.053308241166941],[80.719906553354065,7.0531139768680715],[80.71996438779037,7.0529594492210617],[80.719994416673671,7.052893222816107],[80.720042241182782,7.0528645248529536],[80.720151235572828,7.052856798066462],[80.720217966923713,7.052861212863605],[80.720340307583925,7.052847967580564],[80.720444853516696,7.052822581604226],[80.720548286436824,7.0527905716468391],[80.720587846445298,7.0527697948163413],[80.720627931968252,7.0528049999760478],[80.720651129163841,7.0528289684396457],[80.720750554699478,7.0529093985171993],[80.720813757467923,7.052991254117682],[80.720842225079281,7.053018405289782],[80.720857532371724,7.0530342217049213],[80.720889491734567,7.0530604670925907],[80.720993805003687,7.0531326033429913],[80.721051338504381,7.0531920497242524],[80.72107476477035,7.053239983935546],[80.72110958616571,7.0533373010585283],[80.721147762768666,7.0533975479957594],[80.721174632277112,7.0534467017808478],[80.721192694702538,7.0534689157061115],[80.721210578363198,7.0534913070421421],[80.721285129548647,7.053578990383909],[80.721325139613072,7.0536325705292384],[80.721365171237082,7.0536586259900345],[80.721390795680563,7.0537290593510775],[80.721435327864143,7.0537856100110865],[80.721448961595215,7.0538084087547102],[80.721457793831078,7.0538168335824611],[80.721485008292618,7.053854916476479],[80.721518400468355,7.0539389614729204],[80.721528752653668,7.0539916001358973],[80.721535801733737,7.0541202806197925],[80.721554757084519,7.0541604344793338]]]},"properties":{"OBJECTID":53,"Division":"5","Field_No":"1","Shape_Length":715.13308480513581,"Shape_Area":17344.239129435726}},{"type":"Feature","id":54,"geometry":{"type":"Polygon","coordinates":[[[80.722544401388646,7.0536222432018798],[80.722521158378967,7.0536110493202102],[80.722545937507775,7.0535949217855149],[80.72260805421304,7.0535894380669939],[80.722632721950745,7.0535871629166156],[80.722634923721529,7.0535894380669939],[80.722705509743292,7.0535951509052692],[80.722771891649501,7.0536150923477496],[80.722789894786132,7.053651928918363],[80.72279853029093,7.0536685717475587],[80.722828221407724,7.0536919401759031],[80.722851256008227,7.0537103981309901],[80.722864077662265,7.0537366336736982],[80.722883844191813,7.0537624938865653],[80.722922578648507,7.0537811497554586],[80.722927677486069,7.0537967477230161],[80.722945583604655,7.0538312538560382],[80.72295899006194,7.0538440399801603],[80.722990696998224,7.0538433980885662],[80.723052342087939,7.0538818946438342],[80.72308154721614,7.053893330119827],[80.723083621426127,7.0538952691671506],[80.723090133313633,7.0538997927193154],[80.72309152570233,7.0539005255454494],[80.723098995193936,7.053903221489815],[80.72310485310787,7.0539056758333185],[80.72310586191594,7.0539056990127555],[80.72310670992556,7.0539061322895291],[80.723124532500819,7.0539147158053312],[80.723136858284818,7.053927452002239],[80.723210088048475,7.054038332501249],[80.723219040658577,7.0540676704999274],[80.7232010671664,7.0541023049909883],[80.72319173636555,7.0541257892944591],[80.723192389440726,7.0541575522097677],[80.723201277372183,7.0541919780794817],[80.723210143744041,7.054200434994768],[80.72321778211888,7.0542083275807119],[80.723225000980491,7.054237725300144],[80.72323733754429,7.0542679155747843],[80.723254306720008,7.0542841010345176],[80.723300007611769,7.0542896453678585],[80.723324786740577,7.0542959492721078],[80.723341308555291,7.0543130200054982],[80.723389872377837,7.0543208680137042],[80.723429025449505,7.0543321171521933],[80.723462206521148,7.0542978330437958],[80.723461672023589,7.0542718079305038],[80.723466525621063,7.0542577291210113],[80.723481602944787,7.0542433480873878],[80.723569914523736,7.0542451373586514],[80.723583950700061,7.0542738584156472],[80.723619615613458,7.0543078741797052],[80.723639560009417,7.0543486859612052],[80.723627832503368,7.0544055280709612],[80.723619025420334,7.0544681534309266],[80.723611874830667,7.0544958527980883],[80.723620091720548,7.0545356803306714],[80.723650478133365,7.0545706553453265],[80.723672854268756,7.0546064282629475],[80.723704395915021,7.0546241809935557],[80.723722905701436,7.0546366363438597],[80.723786748070395,7.0547110359038401],[80.723810121335774,7.0547333291132199],[80.723821129291238,7.0547447030536725],[80.723834699241934,7.0547535352864337],[80.723839400125811,7.0547583913650813],[80.723902367535644,7.0547938308418745],[80.723929812864213,7.0548305861909046],[80.723981430060419,7.0548624034402012],[80.724009206867336,7.0548757815012237],[80.724049698428772,7.0548836286084295],[80.724087307296458,7.0548828672553796],[80.724121662466189,7.0548473698369714],[80.724136269971027,7.0548426644251681],[80.724163158344112,7.054843209140321],[80.72418102853004,7.0548702674863932],[80.7241805434398,7.0548938872610609],[80.724153564336874,7.0549557868626191],[80.724153752084774,7.0549648838709844],[80.724173624615503,7.0549778179551348],[80.724175551501773,7.0549802295002797],[80.724175551501773,7.0549852915162692],[80.7241759350824,7.0549875265415842],[80.7241759350824,7.054988287894469],[80.724176168644377,7.0549890109122551],[80.724176526173864,7.0549896626089144],[80.72417754306673,7.054990782350365],[80.724178111700326,7.0549921953998957],[80.724179149254482,7.0549934925525717],[80.724172362482506,7.055026388522446],[80.724172084903074,7.055026801293331],[80.724171341098028,7.0550297539871085],[80.724170180474687,7.055031718883563],[80.724169801385642,7.055035502468181],[80.724169803182278,7.05503930655758],[80.724169990031839,7.0550415317760233],[80.724167196271296,7.0550613973775533],[80.724151420058263,7.0551027796613308],[80.724130290784473,7.0551129562898742],[80.724124475989669,7.0551304183675914],[80.72412226433741,7.0551461464507375],[80.724095215165903,7.0551772798874568],[80.724090811624365,7.0551862904146576],[80.724078979015459,7.0552040431230152],[80.724068345657429,7.0551772798874568],[80.724043415611675,7.0551675187056375],[80.724036892944383,7.0551429218460227],[80.724054296904725,7.0550319043184251],[80.724043284457636,7.0549892462719273],[80.724013072318016,7.0549714418475356],[80.723987468535782,7.0549766482888607],[80.72391232895383,7.0549810193815956],[80.723819536578247,7.0549666838376517],[80.723782635583021,7.0549388873236154],[80.723771792019221,7.0549007224994762],[80.723769842675054,7.0548926257686366],[80.72376922283749,7.054891679872183],[80.723768538321266,7.0548892701095989],[80.723732556302565,7.0548334007012095],[80.723717535572689,7.0547874493826743],[80.723716392915648,7.0547835935833589],[80.723714077058844,7.0547811517256696],[80.723668884613531,7.0547334967179305],[80.723597621262044,7.0547069759470862],[80.723526357910544,7.0546775069363097],[80.723508541623502,7.0546421467954383],[80.723487757302806,7.0546008892824936],[80.723484786574161,7.0545537397450309],[80.723464001355097,7.0544977499416799],[80.723422430916997,7.0544564941989174],[80.723368982954241,7.0544506003937215],[80.723291780840427,7.0544417601315104],[80.723229426081588,7.0544152375609555],[80.723193795304155,7.0543887176634028],[80.723175978118817,7.0543651424387006],[80.723167069526141,7.0543268331417828],[80.723161132560421,7.0542885247332192],[80.723148687300494,7.0542386070087932],[80.723137813193972,7.054166660823519],[80.723101596714983,7.0541421584113788],[80.723099779423166,7.0541409290114512],[80.723097940571776,7.0541396844557864],[80.723076460955014,7.0541346687893594],[80.723038755967607,7.0541245465217619],[80.723020731271419,7.0541153291422516],[80.723012442516293,7.054106765243513],[80.723003277005446,7.054098023041492],[80.722982338174489,7.0540551785821632],[80.722968220251474,7.053997685622857],[80.722958170798421,7.0539632151628853],[80.722927251684638,7.0539126002379229],[80.722866345908372,7.053845702657676],[80.722808283299983,7.0538048123784574],[80.722803239259676,7.0538038352767298],[80.72279392373018,7.0538020299564508],[80.722755933976799,7.0537946678157315],[80.722742850912994,7.0537811497554586],[80.722734360935263,7.0537730521135176],[80.722715891573017,7.0537499261816796],[80.722677343067531,7.0537166209151296],[80.722602771220849,7.0536697316104595],[80.72257390565585,7.0536399068185496],[80.722544401388646,7.0536222432018798]]]},"properties":{"OBJECTID":54,"Division":"5","Field_No":"5","Shape_Length":613.69787722280364,"Shape_Area":4011.3486062109837}},{"type":"Feature","id":55,"geometry":{"type":"Polygon","coordinates":[[[80.723817297976552,7.0542330582172941],[80.723823126246117,7.054224775148036],[80.723836901012675,7.0542205520397294],[80.723841549794301,7.0542257165882907],[80.723876752075313,7.0542365083816803],[80.723863727402033,7.0542725443221412],[80.723870951653524,7.0542993200911965],[80.723894232392439,7.0543099273392489],[80.723956624880515,7.0543163819092882],[80.723970783227699,7.0543321126946079],[80.723993705538803,7.0543391387255543],[80.724026140110468,7.0543566356015557],[80.724105555673134,7.0543609318128633],[80.724119845174357,7.0543450557115621],[80.724116582493266,7.0542907107285791],[80.724129211907837,7.054267638313517],[80.724145059087746,7.0542333604410041],[80.724168885104035,7.0542462134176382],[80.724177755069149,7.0542560682280033],[80.724174342369409,7.0543129094575976],[80.724187525146178,7.0543493831260058],[80.72419941704392,7.0543711075662063],[80.724225689172698,7.0543876950956328],[80.724247558658305,7.0544045188759483],[80.724264396679999,7.0544332292248821],[80.724279355426091,7.0544738689329298],[80.724265875306955,7.0544858250389684],[80.724261635258827,7.0544934314437429],[80.724275114479639,7.0545125883145126],[80.72428384790085,7.0545351418557409],[80.724294298002548,7.0545444100432135],[80.724324867671641,7.0545921265849785],[80.724323177042308,7.0546202824001831],[80.724265875306955,7.0546508631332516],[80.724242859571049,7.0546685695033702],[80.72417482925627,7.0546811755184562],[80.724125519832029,7.0547077747440179],[80.724074301487789,7.0547471778975686],[80.724062330538288,7.0547604784001798],[80.72401324479452,7.0547575738464507],[80.724005521978057,7.0547489939123231],[80.723994981146504,7.0547396437096168],[80.723980013417233,7.0547009921021173],[80.723928759140378,7.0546891536815508],[80.723891710821448,7.0546793033380206],[80.723850600320787,7.0546613402121299],[80.723800781551745,7.0546267949143298],[80.723792997649795,7.0546181463311477],[80.723757144090186,7.0545328301579522],[80.723731675953573,7.054510240064479],[80.723718347649694,7.0544814120403396],[80.723726943628677,7.0544414712806969],[80.723731184575129,7.0543921553454476],[80.723738937934343,7.0543779900626387],[80.723775444569142,7.0543261074484374],[80.723791779534281,7.0542839254060308],[80.723803328275579,7.0542675126098668],[80.723809279614329,7.0542483789083823],[80.723817297976552,7.0542330582172941]]]},"properties":{"OBJECTID":55,"Division":"5","Field_No":"5","Shape_Length":229.13530296708623,"Shape_Area":2461.4251808348386}},{"type":"Feature","id":56,"geometry":{"type":"Polygon","coordinates":[[[80.725748804296501,7.0535983585819144],[80.725740509253171,7.0536143434738596],[80.72572184495651,7.0535893489153088],[80.725688768089441,7.0535813439877577],[80.725633474088767,7.0535907066950818],[80.725609515121818,7.0535715069933973],[80.725553370416563,7.0535407345129562],[80.725540005281744,7.053513386346256],[80.725521884465863,7.0534784683087954],[80.725510824408062,7.0534334270944941],[80.725488896531985,7.0534065576660927],[80.725465344501856,7.0534459439915329],[80.725456745827955,7.0534109287736486],[80.725444549401331,7.0533755551632682],[80.725453749048185,7.0533351899460843],[80.725544425891258,7.0533466958654225],[80.725563728890094,7.0532876453376376],[80.725583258264351,7.0532816641488898],[80.725625656949163,7.0533033467378257],[80.725666184443185,7.0533519807785252],[80.725697015522059,7.0533813874674909],[80.725722563608755,7.0533980151506439],[80.725749596610598,7.0534067234882301],[80.725767933022155,7.0534063526171833],[80.725798123602232,7.0533303641641023],[80.725773430711683,7.0533068120649594],[80.725789723456003,7.0532854958897389],[80.725816202197322,7.0532727427363282],[80.725838578332727,7.0532548116504543],[80.725852148283408,7.0532504405414356],[80.725865899693787,7.0532457680995417],[80.725865734403783,7.0532377141325959],[80.725864729188956,7.0532380377533475],[80.725863975502463,7.0532380555837024],[80.725862645097536,7.0532383783129449],[80.72586196327623,7.053238390794192],[80.725861656950698,7.0532385432436362],[80.725860970637839,7.0532385423521395],[80.725879353761812,7.0532330069213742],[80.725880102058426,7.053232636050188],[80.725880854846622,7.0532322856839098],[80.725881691178159,7.0532322856839098],[80.725882390965751,7.0532319593885662],[80.725882982955554,7.0532313718786934],[80.725884456192617,7.0532308405343764],[80.72588515148864,7.0532303796199436],[80.725886692997662,7.0532297653645317],[80.725888019809332,7.0532289148570486],[80.725890263800935,7.0532278013519409],[80.725890889028378,7.0532272610924904],[80.725891262727529,7.0532265844308686],[80.725891989464586,7.053226475665733],[80.725893199495275,7.0532259024201132],[80.725895294366495,7.0532245490968704],[80.725898547166153,7.0532240257762266],[80.725900117421276,7.0532235702108768],[80.725910154297964,7.0532235702108768],[80.725910846899012,7.0532239143365754],[80.725911653586138,7.0532239847664346],[80.725919165298578,7.0532235702108768],[80.725919700694476,7.0532232706610838],[80.725920001630101,7.0532227402082759],[80.725920749926715,7.0532225280271508],[80.725922410013354,7.0532210802030626],[80.725923246344891,7.0532210802030626],[80.725924327916488,7.0532202502004493],[80.725935193039859,7.0532202305870628],[80.725936527038044,7.0532194193063393],[80.725939007286556,7.0532193506594991],[80.725940345776337,7.0532186998518434],[80.725940856019434,7.0532181747481681],[80.725941651028464,7.0532180401290665],[80.725943738713184,7.0532166582772273],[80.725944954133752,7.0532155242672108],[80.725946102180671,7.0532148547376901],[80.725946883714983,7.0532147994636194],[80.725947218786558,7.0532141067546616],[80.725948265323879,7.0532131938409544],[80.725949655915926,7.0532125180708043],[80.725950428467101,7.0532123638383286],[80.725952101130147,7.0532123638383286],[80.725952764086813,7.0532119492827583],[80.72595777488948,7.0532119671131133],[80.725958445930985,7.0532123638383286],[80.725960954925583,7.0532123638383286],[80.725961777782388,7.0532122791441649],[80.725964951530273,7.0532112289367648],[80.725965769895481,7.0532111192801317],[80.725970787884677,7.0532111273037934],[80.725974108057983,7.0532115338357029],[80.725974519486385,7.0532119715707111],[80.725978022915967,7.0532142155197848],[80.725978614905742,7.0532148021381857],[80.725980845422612,7.0532159352566675],[80.725983267280625,7.0532165147429291],[80.725983863761954,7.0532171058189164],[80.725984600380485,7.0532173447455548],[80.725987923248709,7.053217399128104],[80.725990288512875,7.0532197473846772],[80.725994230320325,7.0532210909012782],[80.725997550493631,7.053221494758608],[80.72600089222648,7.053221475145234],[80.726003272761972,7.0532206870439484],[80.726004105500266,7.0532206647560081],[80.726004750490645,7.0532201735299598],[80.726005506872099,7.0532198347533948],[80.726013871085698,7.0532198347533948],[80.726014562788464,7.0532194888446638],[80.726015370373915,7.0532194193063393],[80.726016033330581,7.0532190047507815],[80.726018500104388,7.0532189022262886],[80.726019206180169,7.0532185893037269],[80.726020042511692,7.0532185893037269],[80.726020705468386,7.0532181747481681],[80.726028233350462,7.0532181747481681],[80.726029005901609,7.0532191572002247],[80.726029688621239,7.0532194638821952],[80.726030015608004,7.0532201592657069],[80.726030729768638,7.0532204525748821],[80.726031320860088,7.0532210400848054],[80.726032140123635,7.0532210802030626],[80.726032803978626,7.053221494758608],[80.726033585512937,7.0532216267031815],[80.72603470661042,7.053222582409699],[80.726036787108598,7.0532235648617814],[80.726039295204885,7.0532235702108768],[80.726039725497898,7.0532239731767099],[80.726040549253014,7.0532239847664346],[80.726041606570121,7.0532249181850375],[80.726043810137497,7.0532259639348274],[80.726045269001517,7.053226475665733],[80.72604609814654,7.0532265148924935],[80.726047651333644,7.0532271318224842],[80.726049011382997,7.0532278896121552],[80.726049409336682,7.0532286153072556],[80.726050000428131,7.0532292019256317],[80.726052197707304,7.0532303814029751],[80.726052973851722,7.0532306542072671],[80.726057136644741,7.0532310411257644],[80.726061319200696,7.0532310411257644],[80.726061777341485,7.0532304340025176],[80.726062474434158,7.0532302111231768],[80.726068329653174,7.0532302111231768],[80.726069924162786,7.0532297519917755],[80.726072168154374,7.0532286384866936],[80.726074615165231,7.0532281356709463],[80.726075451496769,7.0532281356709463],[80.726078768076789,7.0532277202238909],[80.726083785167646,7.0532276997189696],[80.726086269009414,7.0532273475696599],[80.72608876273263,7.0532272521772938],[80.726093909180889,7.0532244911482582],[80.72609538690952,7.0532239847664346],[80.726096182816875,7.0532239446481393],[80.726096223241044,7.0532231547638347],[80.726097047894484,7.0532231262352507],[80.7260977234276,7.0532227402082759],[80.726098057600893,7.0532221250613549],[80.726099110426389,7.0532211408262286],[80.726099847943246,7.0532209215129891],[80.726102097324699,7.0532198231636691],[80.726104544335527,7.0532192820126713],[80.72610608853951,7.0532186552759875],[80.726107745931216,7.0532185893037269],[80.726109147303063,7.053218003576835],[80.726109983634586,7.0532171735742217],[80.726110156111133,7.0532165147429291],[80.726110942136984,7.0532155634939713],[80.726111238581041,7.0532148547376901],[80.726112492629184,7.0532141967979332],[80.726112961549774,7.0532135593630212],[80.7261136451677,7.0532131938409544],[80.726114063782603,7.053212779285384],[80.726114166190541,7.0532120500242321],[80.726115002522079,7.0532112200216064],[80.726115318729057,7.0532107038330771],[80.726115420238685,7.0532099754634094],[80.726115838853602,7.0532095600163416],[80.726116166738677,7.0532088066842054],[80.726116719202594,7.0532082138251742],[80.726117419888496,7.053207889312862],[80.726117716332539,7.0532071805566066],[80.726118307423988,7.0532065939382056],[80.726118696394536,7.053205862002474],[80.726121618614172,7.053204308087766],[80.726122313910182,7.0532038632206184],[80.726122905001645,7.0532032757106826],[80.726124306373478,7.0532024029152076],[80.726124620783821,7.0532018849436469],[80.726124620783821,7.0531993949357057],[80.726125387945075,7.0531982529019768],[80.726125457115359,7.0531974915461655],[80.726126293446896,7.0531961774495935],[80.726126712061813,7.0531957620025256],[80.726126712061813,7.0531949319998617],[80.726127600495644,7.0531936348421098],[80.726130476002837,7.0531909094735425],[80.726130476002837,7.0531875894628735],[80.726130765260379,7.0531870465288051],[80.726130893719457,7.0531863440131159],[80.726130893719457,7.0531846840077757],[80.726131449776616,7.0531822760193297],[80.726132492720652,7.0531810082816451],[80.72613597638734,7.0531787144074167],[80.726136724683954,7.0531783426446575],[80.726136748938472,7.0531779156078391],[80.726141545043774,7.0531747979715265],[80.726141716621996,7.0531746276917149],[80.726141869335606,7.0531743236842868],[80.726142117270626,7.0531741721263268],[80.726142294238727,7.0531738841662088],[80.726143362335606,7.0531730461398574],[80.726143943545594,7.0531727581797394],[80.726144068411429,7.0531724639789779],[80.726144310058217,7.053172224160817],[80.72614445738192,7.053171944224335],[80.726144628960142,7.0531717739445234],[80.726144743944516,7.0531714993571617],[80.726145600937272,7.0531709430503247],[80.726146327674357,7.0531702218127323],[80.726146485777846,7.0531699213713548],[80.726146954698422,7.0531694292537592],[80.726147349957159,7.0531688765129728],[80.726147677842221,7.0531688479844403],[80.726147849420443,7.0531686777045781],[80.726147883556436,7.0531683719141176],[80.726148191678575,7.0531683380364525],[80.726148456681571,7.0531681383365612],[80.72614876570205,7.0531679974768169],[80.726149446625016,7.0531679591415779],[80.726150110479992,7.053167828088502],[80.726150423992053,7.0531676720729699],[80.726151105813358,7.0531676578086779],[80.726151357341635,7.0531674393869093],[80.726151956517938,7.0531671665826048],[80.726152217029366,7.0531669526184348],[80.726152525151505,7.0531668081925893],[80.726152851239945,7.0531667912537692],[80.726153193498078,7.0531664506941079],[80.726153326448738,7.0531661654085438],[80.726154104389764,7.0531657339141276],[80.726154346934877,7.0531654932044061],[80.726154941619626,7.0531652774571914],[80.726155284776056,7.0531652774571914],[80.726155566847027,7.053165133031384],[80.726155898325402,7.0531651080689022],[80.726157611412631,7.0531651080689022],[80.726157782990839,7.0531652774571914],[80.726159153819978,7.0531652774571914],[80.726161148978235,7.0531647915802136],[80.726162125446947,7.0531644759830598],[80.726162802776656,7.0531644314071915],[80.726163474716486,7.0531645642432865],[80.726163779245368,7.053164699753923],[80.726164328116027,7.0531651080689022],[80.726164735052848,7.0531656367387168],[80.726165723199657,7.0531659166751988],[80.726166060067868,7.0531659576850032],[80.726167768663544,7.0531659166751988],[80.726169106255028,7.0531656215829281],[80.726169414377168,7.0531654735910188],[80.72616974495719,7.0531653924629572],[80.726170418693656,7.0531652774571914],[80.726172817195433,7.0531652774571914],[80.726177184804342,7.0531661306393811],[80.726178159476433,7.0531664533686618],[80.726178424479457,7.0531666602007181],[80.72618155241328,7.0531680447272391],[80.726182778613648,7.0531686536336444],[80.726183616741807,7.0531692393605612],[80.726185761918714,7.0531703038323172],[80.726187324088954,7.0531710009989368],[80.72618798075743,7.0531711891091025],[80.726188866496315,7.053171674986106],[80.726189816015577,7.0531720636876605],[80.726190831111822,7.0531722170286644],[80.726191490475259,7.0531723935491062],[80.726191829140134,7.0531724176200781],[80.726192100431334,7.0531725878998897],[80.726192440892831,7.0531725977065829],[80.726192747218349,7.0531727501560901],[80.726194780105828,7.0531729605541589],[80.726195414316408,7.05317317897594],[80.726195846406057,7.0531735819418113],[80.726196120392231,7.0531737094287985],[80.726196534515566,7.0531741177437777],[80.726196826468055,7.053174240773167],[80.726197077996318,7.0531744583034008],[80.726197360965628,7.0531746009461767],[80.726197507391035,7.0531748568116734],[80.726197967328474,7.0531752027204293],[80.726198451520403,7.0531756841398092],[80.726198587165996,7.0531759685338518],[80.726198758744218,7.0531761379221658],[80.726199329174435,7.0531763839809445],[80.726199786416885,7.053176777140135],[80.726199896011366,7.0531770080431127],[80.726200398169624,7.0531774457781591],[80.726200539205124,7.0531776882709121],[80.726201104245433,7.0531783158991441],[80.726201415062533,7.0531784112914853],[80.726201899254463,7.0531787081667998],[80.726202069934345,7.0531788775551014],[80.726202345717155,7.0531790380282322],[80.726202684382031,7.053179387503052],[80.726203223371186,7.0531797387608899],[80.72620370756313,7.0531802192887598],[80.726203828835693,7.0531805099234326],[80.726204068685846,7.0531807479585495],[80.726205096358569,7.0531807479585495],[80.726206018928366,7.0531812053069691],[80.726206348610049,7.0531812579064868],[80.726206625291155,7.0531814157050761],[80.726206867836282,7.0531816564147594],[80.726206981024021,7.0531819497239985],[80.726207164280325,7.0531821075225496],[80.726207452639557,7.0531822367925692],[80.726207777829671,7.0531822778023612],[80.726208693212939,7.0531832976982747],[80.726208986962064,7.0531834189446316],[80.726209308558936,7.0531834679780854],[80.726209580748446,7.053183638257897],[80.726209923006579,7.053183638257897],[80.7262102068742,7.0531837791176288],[80.726210365876014,7.0531839779260226],[80.726210708134147,7.0531839779260226],[80.726210980323657,7.0531841482058217],[80.726211647771933,7.053184190107161],[80.726211919961457,7.053184388915505],[80.726212238863397,7.0531844878739474],[80.726212511052907,7.0531846581537589],[80.726212847921161,7.0531846795501769],[80.726213445300786,7.0531849541375262],[80.72621400405292,7.0531853374900111],[80.726214346311053,7.0531853374900111],[80.72621486014738,7.0531856049452335],[80.726215229354963,7.0531860177177466],[80.726215545561942,7.0531860444632981],[80.726215722530043,7.0531862753662882],[80.726216313621492,7.0531866096853069],[80.726216555268309,7.0531868503949902],[80.726217134681676,7.0531871321144655],[80.726217320632941,7.053187398678153],[80.726217645823084,7.0531875056602571],[80.726218174930779,7.0531879175412744],[80.7262184695782,7.0531880815804557],[80.72621862229181,7.0531883855878847],[80.726218861243666,7.053188628972122],[80.726218987007798,7.0531889080170567],[80.72621927446869,7.0531890390701077],[80.726220069477719,7.0531896827456491],[80.726220700993352,7.0531899323705165],[80.726221369339925,7.0531900981927302],[80.726222486844151,7.0531908666807182],[80.726222896475932,7.0531912883684287],[80.726223192919974,7.0531913980250609],[80.726223439058344,7.0531916316026049],[80.726224768564975,7.0531919614640382],[80.726226699942828,7.0531926577390847],[80.726227618919353,7.053193114195957],[80.726228503759899,7.0531936321675435],[80.726232262311058,7.0531960036036931],[80.726233157033079,7.0531970297401596],[80.726233422934399,7.053197241921298],[80.726237154536093,7.0531996481266237],[80.726238027698557,7.0532006965510305],[80.72623923413596,7.0532023476411236],[80.726239485664252,7.0532025598222621],[80.726240453149828,7.0532028959243123],[80.726243823628778,7.0532035021560997],[80.726244144327339,7.0532036091381656],[80.726244762368239,7.0532039024473923],[80.726246372149248,7.0532044837166596],[80.726247266871241,7.0532049740511855],[80.726249471336956,7.0532059110359278],[80.72625170814203,7.0532067686756017],[80.726253205633597,7.053207594220642],[80.72625734237549,7.0532087977690212],[80.726264365404361,7.0532098176648583],[80.726264022247946,7.0532098176648583],[80.72626432857345,7.0532099701143149],[80.726266614785828,7.0532106833281558],[80.726267201385738,7.0532110078404804],[80.726267543643829,7.0532110078404804],[80.726267876020501,7.0532110809449069],[80.726270202657062,7.0532116532990159],[80.726270488321347,7.0532118155551533],[80.726270813511462,7.0532118583479768],[80.726273211114986,7.0532118583479768],[80.726274892761182,7.0532121792942384],[80.726275156865867,7.0532123682959273],[80.726275644651082,7.0532128523898097],[80.726278160832194,7.0532138981396244],[80.726279873919424,7.0532139025972231],[80.726283286619193,7.0532141067546616],[80.726285515339427,7.0532149768755703],[80.726285823461566,7.0532151221929],[80.726286371433886,7.0532155305078286],[80.7262875536168,7.0532162169761561],[80.726288824732933,7.0532167197919282],[80.726289032243756,7.0532169114681453],[80.726289032243756,7.0532182719235283],[80.726289246042811,7.0532192534841007],[80.72628954608011,7.053219864173462],[80.726289556859868,7.0532201993839641],[80.726289716759993,7.0532204730797909],[80.726289716759993,7.0532208136393884],[80.726289888338229,7.0532214225457173],[80.72629034108914,7.0532222766192767],[80.726290426429088,7.0532225922163923],[80.726290633939911,7.0532228578885574],[80.726290811806336,7.0532234837337064],[80.726291053453139,7.0532237244433649],[80.726291174725716,7.0532240150779986],[80.726291638256413,7.0532245107616447],[80.726291943683592,7.0532250884648366],[80.726292457519932,7.0532254584445262],[80.72629257879251,7.0532257481876384],[80.726292845592141,7.0532258872643254],[80.726293427700426,7.0532265906714606],[80.726293719652915,7.0532267110263085],[80.726293962198028,7.0532269508444694],[80.726294564967588,7.0532272691161522],[80.726295236009122,7.0532273279562858],[80.726295544131261,7.053227442962001],[80.726296130731129,7.0532277906537502],[80.726296766738344,7.0532280340379749],[80.72629700838516,7.0532282747476334],[80.726297596781663,7.0532285181318581],[80.726297863581323,7.053228688411644],[80.726298521148109,7.0532288577999456],[80.726299548820791,7.0532288577999456],[80.726299823705261,7.0532289255552385],[80.726299891977249,7.0532291983595305],[80.726300062657117,7.0532293677478322],[80.726300606137869,7.0532297083074162],[80.726300766936319,7.0532299213800647],[80.72630122687373,7.0532303189967642],[80.72630155296217,7.0532307282032152],[80.72630187905061,7.0532307442505005],[80.726302012001284,7.0532310295360521],[80.726302338988077,7.0532310678712777],[80.726302522244382,7.0532313237367488],[80.726302812400206,7.0532314084309],[80.726303263354481,7.0532318399252656],[80.726303912836443,7.0532319923746964],[80.726304195805739,7.0532321769187867],[80.726304503927906,7.053232258046874],[80.726304847084336,7.053232258046874],[80.726305491176376,7.0532324283266608],[80.726310615166753,7.0532324434824485],[80.726310786745017,7.0532326128707377],[80.726310797524775,7.0532329489727621],[80.72631100952718,7.0532332101873294],[80.726311129003108,7.0532335222183811],[80.726311282615043,7.0532345296328947],[80.726311799146302,7.0532357831061736],[80.726311814417684,7.053237140886977],[80.726311937486855,7.053237358417185],[80.726312156675817,7.0532374805550644],[80.726312380356291,7.0532380377533475],[80.726312657935722,7.0532381955519377],[80.726312994803976,7.0532382080331466],[80.72631329304464,7.0532383150152382],[80.726313538284714,7.053238547701234],[80.726314223699276,7.053238547701234],[80.726314512956804,7.0532386760797312],[80.726314766281703,7.053238888260819],[80.726315451696266,7.0532388936099393],[80.726316468589147,7.0532390380357342],[80.72631706147726,7.0532393563074036],[80.726319044957378,7.0532398698213283],[80.726319381825633,7.0532399081565922],[80.726320874825646,7.0532405785775714],[80.726321235948376,7.0532405883842646],[80.726324398916489,7.0532407720368067],[80.726324819328028,7.0532407720368067],[80.72632493970228,7.0532408210702604],[80.726325041211908,7.0532409164626273],[80.726325291841874,7.0532410412750224],[80.726325954798554,7.0532415538974629],[80.726327159439364,7.0532430935477644],[80.726327459476664,7.0532433868569528],[80.726327991279319,7.053243839747724],[80.726328523980257,7.0532440073529425],[80.726329612738411,7.0532446430047475],[80.726329744790746,7.053244679556979],[80.726330853311794,7.0532448106100043],[80.726332764926724,7.0532452848971809],[80.726332904165602,7.0532452982699247],[80.726333881532611,7.0532452866802124],[80.72633399741531,7.0532452278400655],[80.726334199536254,7.0532450406214595],[80.726334817577168,7.0532448106100043],[80.726336080608448,7.0532448106100043],[80.726336210864147,7.0532448346809771],[80.726336324051886,7.0532449140259947],[80.726336456104235,7.0532449496866914],[80.72633940257839,7.0532449496866914],[80.72633951396945,7.053245019225054],[80.726339778074177,7.0532450887633784],[80.726339893956833,7.0532451476035254],[80.726340029602426,7.053245158301741],[80.726340281130717,7.0532452278400655],[80.726340518285937,7.0532453588931041],[80.72634087940871,7.0532455068849877],[80.726341262090997,7.0532456308058862],[80.726341377973654,7.0532457155000241],[80.726341641180042,7.0532457796892665],[80.726341751672834,7.0532458545767112],[80.726341890013373,7.0532458652749019],[80.726342127168607,7.0532459945448958],[80.726342267305824,7.0532459945448958],[80.726342662564548,7.05324611757431],[80.726343065009786,7.0532462031599454],[80.726343303961642,7.0532463235147933],[80.726343440505573,7.0532463422366325],[80.726343510574168,7.0532464117750076],[80.726344072021234,7.0532464117750076],[80.726344209463448,7.0532464242562165],[80.726344336125905,7.053246481313332],[80.726344615501972,7.0532464866624522],[80.726344745757686,7.0532465508516813],[80.726345307204724,7.0532465508516813],[80.726345412307637,7.0532466212815539],[80.726345679107268,7.053246701518094],[80.726345798583182,7.0532467603582285],[80.7263459459069,7.0532467603582285],[80.72634633397908,7.0532468994349156],[80.726346474116298,7.0532468994349156],[80.726346743610861,7.0532469689732782],[80.726347020291968,7.0532469832375693],[80.726347147852749,7.0532470385116151],[80.726347428127113,7.0532470385116151],[80.72634765090929,7.0532471775882897],[80.726347782961668,7.053247198093211],[80.726348028201713,7.0532473095328623],[80.726348825007364,7.0532478783208576],[80.726350517433374,7.0532485531994222],[80.726350652180656,7.0532485496333592],[80.726351195661408,7.0532484087736407],[80.726352253876811,7.053248037902466],[80.726352374251064,7.0532479710386706],[80.726353031817851,7.0532474495010842],[80.726354386477297,7.0532460373377575],[80.726354493376817,7.0532459490775556],[80.72635587678235,7.0532449960455788],[80.72635699248994,7.0532444094272284],[80.72635754944541,7.0532443924884083],[80.726357685989342,7.0532444094272284],[80.726358175571193,7.0532446804484756],[80.726358778340739,7.0532448801483287],[80.72636594420176,7.0532460284225609],[80.726365672910532,7.05324619781085],[80.726365873234855,7.05324619781085],[80.726366144526068,7.0532463680906483],[80.726366821855791,7.0532463885955572],[80.726367373421368,7.0532467077587233],[80.726367709391283,7.0532467345042242],[80.726368018411748,7.05324687803851],[80.726368997575378,7.0532470946772081],[80.726370622627741,7.0532476322621172],[80.726370938834719,7.0532477543999592],[80.726371181379861,7.0532479951096425],[80.72637193955795,7.0532484078821058],[80.726372179408145,7.0532486459172219],[80.726373138808867,7.0532489178299667],[80.726373481067,7.0532489178299667],[80.726374091921386,7.0532492218373823],[80.726374769251109,7.0532492583895765],[80.726375425919585,7.0532494277778657],[80.726379191657244,7.0532494473912397],[80.726379842935813,7.0532496212371019],[80.726380124108502,7.0532497683374373],[80.726380466366635,7.0532497683374373],[80.726381405106096,7.0532499823015824],[80.726381989909342,7.0532502221197309],[80.726382923258925,7.0532504485650973],[80.726383265517057,7.0532504485650973],[80.726383552079625,7.0532505831842114],[80.726383808997795,7.0532507882331723],[80.726384146764332,7.0532508105211003],[80.726384725279402,7.0532511279012349],[80.726385036096502,7.0532512054632592],[80.726385611018273,7.053251468460819],[80.726386157193943,7.0532518081288815],[80.726386448248107,7.0532519267006855],[80.72638686955797,7.0532523180767424],[80.726387203731264,7.0532523367986197],[80.726387483107331,7.0532524883565664],[80.726387826263746,7.0532524883565664],[80.726388212539334,7.053252784340283],[80.726388879089285,7.0532529546200688],[80.726378950908753,7.0532624243160997],[80.726334469929157,7.053268589157657],[80.726302864502514,7.0532679481567833],[80.726237539913342,7.05325847222025],[80.726192195652757,7.0532593904830012],[80.726136907940287,7.0532734568416018],[80.726110284570225,7.0532825030665469],[80.726025824068884,7.0533200377215106],[80.725952093943619,7.0533577435447032],[80.725905055460387,7.0533893959645777],[80.725880684166754,7.0534145768609244],[80.725846497880269,7.0534744368697853],[80.725762193685838,7.0535625855864073],[80.725748804296501,7.0535983585819144]]]},"properties":{"OBJECTID":56,"Division":"5","Field_No":"4B","Shape_Length":289.02561930798146,"Shape_Area":1606.6040222432637}},{"type":"Feature","id":57,"geometry":{"type":"Polygon","coordinates":[[[80.724910554863854,7.0527030762661846],[80.724923386399368,7.052700267983508],[80.724936217036571,7.0526974605923662],[80.725012196543318,7.0527117810507605],[80.725038666301487,7.0527060494796796],[80.725088424883381,7.0527019208584649],[80.725110557575334,7.0526971289475586],[80.725160316157258,7.0526930003262676],[80.725184861724088,7.0526906039250026],[80.725190538178339,7.0527093204602913],[80.725225757527383,7.0527394421876801],[80.725213307775874,7.0527961070828962],[80.725199799808919,7.0528279485429692],[80.725166292648851,7.052848783319547],[80.725143380219208,7.0528539505579406],[80.725124370969468,7.0528487859941134],[80.725097077456198,7.0528446564826357],[80.725070348983223,7.052838869639074],[80.725047986322551,7.0528264828872667],[80.725022268454268,7.052816794760397],[80.724993628366377,7.052800931978954],[80.724962787406056,7.0527917136815601],[80.72495549578089,7.0527833129061683],[80.724930828941524,7.0527777489414012],[80.724901007569017,7.0527652819513236],[80.724895217927028,7.0527303656405227],[80.724910554863854,7.0527030762661846]]]},"properties":{"OBJECTID":57,"Division":"5","Field_No":"4B","Shape_Length":92.298901554397347,"Shape_Area":460.75984961744706}},{"type":"Feature","id":58,"geometry":{"type":"Polygon","coordinates":[[[80.719727939529477,7.0511659945343554],[80.719741693634816,7.0510846084430927],[80.71973283714442,7.0510244432250113],[80.719754870123396,7.0509755833849415],[80.71976106849884,7.0509503417324941],[80.719781529426058,7.0509203759050694],[80.719782300180597,7.05091924723855],[80.71978984872392,7.0509136921665876],[80.719816221464029,7.0508942846293445],[80.719817653378598,7.0508913541972618],[80.719840000767931,7.0508734007311862],[80.719891725761968,7.0508549203749693],[80.719917703243368,7.0508554463728759],[80.719943214499111,7.0508818059988059],[80.719954927632088,7.0508862841128286],[80.719961467367355,7.0508729023704806],[80.7199667692242,7.050862685530273],[80.719985310451662,7.0508450004111713],[80.720138908890505,7.0508367083661074],[80.720154345540365,7.0508314635428153],[80.720168273020519,7.0508304391841383],[80.720202613817193,7.0508236234991379],[80.7202198713521,7.0508239729757127],[80.720273116295616,7.0508228942341944],[80.720299604918409,7.0507955245104839],[80.720339423641704,7.0507790589909387],[80.720356784482888,7.0507794102506089],[80.720365855670607,7.0507747716615974],[80.720372640645962,7.05077258564961],[80.720375174793375,7.0507752040497627],[80.720438217661695,7.0507955129207076],[80.720484848309809,7.0508045493873039],[80.720545674136005,7.0508104557202209],[80.720572497830361,7.0508172803206604],[80.720600816321394,7.0508241334496828],[80.72062998821194,7.0508340453902392],[80.720688597894338,7.0508675550225419],[80.720695425988808,7.050874610526277],[80.720747867838455,7.0509041261381844],[80.720783640549698,7.0509245794299877],[80.720858742402413,7.0509607493564035],[80.720936492488562,7.0510335706223559],[80.720982580554207,7.0510654416238028],[80.721015882000117,7.0510998507844729],[80.721062124575994,7.0511193385500119],[80.721106119567011,7.0511489432984655],[80.72116007058635,7.0511780068916465],[80.721171105491308,7.0512005864494052],[80.721170040089376,7.0512523909599087],[80.721192350647797,7.0512736706763546],[80.721224147415583,7.0512788094036711],[80.721238455781418,7.0512836708678757],[80.721297988033598,7.051349614890845],[80.721326452950024,7.0513705620655278],[80.721367929963307,7.0513858614548379],[80.721399292844836,7.0513993323344453],[80.721437502685447,7.0514039673511215],[80.721489156712579,7.0514127140616161],[80.721519248477989,7.0514175773074532],[80.721575677050851,7.0514061034349522],[80.721604367444414,7.0513867975517099],[80.721679068648484,7.0513802029720516],[80.721709323907263,7.0513680194480193],[80.721790290860454,7.051363648321189],[80.721850308202903,7.051345195621689],[80.721902029603712,7.0513326786679089],[80.721934393208443,7.0513187780732407],[80.721952945215705,7.0513191542950748],[80.721994193158579,7.0513617734527898],[80.722010848822279,7.0513958545117781],[80.722028431547315,7.0514126249095233],[80.722057780405962,7.0514468281031215],[80.722076751926465,7.0514649224072619],[80.722160475809247,7.0514707324474868],[80.722157222111292,7.0516290040852798],[80.722158762722017,7.0517039488473188],[80.722169318824911,7.0517653843933159],[80.72220052090799,7.0518022826259159],[80.722230625249793,7.0518140703036458],[80.722240917247987,7.0518193338377602],[80.722259696529022,7.0518387368786657],[80.722271247066942,7.0518497542822214],[80.722255916418291,7.0518792965776083],[80.72221636449467,7.0518888679349807],[80.722184884832146,7.0518761923053503],[80.72214076138205,7.0518408337335998],[80.722113712210515,7.051836462611222],[80.722109263753225,7.0518318659342505],[80.722104815295921,7.051836462611222],[80.722075886848828,7.0518411377419064],[80.722032924022088,7.0518855274100396],[80.722028340817488,7.0518898994234558],[80.722014951428179,7.0519122908358582],[80.72199683779877,7.051935988323601],[80.721950429034564,7.0519686714374483],[80.721905352471936,7.0520047940317907],[80.721871079048881,7.052010333043313],[80.721850869649941,7.0520154744369909],[80.721799621661305,7.0520144358166048],[80.721773654959705,7.0520277158927778],[80.721724143414519,7.0520091143359656],[80.721700105395811,7.0520015007581875],[80.721663793695413,7.0520469673665893],[80.721654852763365,7.0520652622391804],[80.721646508312702,7.0521095137003051],[80.721664481804922,7.0521441474462767],[80.721670300193011,7.0521560545788988],[80.721679198904198,7.052210322250243],[80.721662966347012,7.0522795852669562],[80.721629050453458,7.0523959267137633],[80.72177826601208,7.0523929035731676],[80.721794694401993,7.0523984853729464],[80.721893634847376,7.052402857381554],[80.721911517609712,7.0524074068023532],[80.722010488597846,7.0524117797023802],[80.722002668763309,7.0524344581585838],[80.721972742287932,7.0524860423259588],[80.721861328734818,7.0524779722984841],[80.721807454970602,7.0524790644089164],[80.72179258246274,7.0524944306254973],[80.72178141011554,7.0525050878399238],[80.72174985229961,7.0525635242111742],[80.721704497259253,7.0526339479320823],[80.721652534211628,7.0527056732589655],[80.72161366410927,7.0527427470457669],[80.721583379206095,7.0527573331751938],[80.7215325615105,7.052771561805339],[80.721511963141026,7.0527820950923914],[80.721501691804079,7.052781887368635],[80.72146429044723,7.0527691787772877],[80.721430744659543,7.0527597857417472],[80.721392371325578,7.0527453690008635],[80.721327093448821,7.05270144300464],[80.721315330010171,7.0526773711183477],[80.72130951880861,7.0526125006726677],[80.721300172736377,7.0525988131893351],[80.72124338573569,7.0525714640755046],[80.721208155606888,7.0525629375919587],[80.721135304033979,7.0525644139467287],[80.721111817580862,7.0525455930978973],[80.721058779249873,7.0525223601225067],[80.720987187115,7.0525238106233621],[80.720960727238293,7.0525148196577554],[80.720909533148571,7.0525010768973493],[80.720904989469858,7.0524963821599327],[80.720869094587727,7.0524876960931753],[80.720822283378283,7.0524757862945364],[80.720792846484727,7.0524607321089068],[80.720755975133898,7.0523557495216975],[80.720729805413058,7.0523092755270644],[80.720707429277624,7.0522690421617851],[80.720681732070616,7.0522284896291163],[80.720643639010987,7.0522016629236939],[80.720597517707645,7.0521836043091293],[80.720555388517468,7.0521844574931007],[80.720494823202699,7.0522026516185559],[80.720462207171352,7.0522019910027822],[80.720442330149083,7.0521753711283219],[80.720424267723644,7.0521531580325343],[80.720419223683336,7.0521428369128039],[80.720395343768132,7.0521200612667121],[80.720285575030303,7.0520671941619852],[80.720260912682491,7.052029851973721],[80.720225937675224,7.0520070879118331],[80.720201808926703,7.0519993156435365],[80.720151920089094,7.0519295016256986],[80.72013863400602,7.0519023165119918],[80.72013187777678,7.0518748015343196],[80.720132379036698,7.0518504211391217],[80.720157474372485,7.0517947697865333],[80.720168244274419,7.0517740151993733],[80.720175366117999,7.0517522282309306],[80.720166859072251,7.051735833175468],[80.720143616062586,7.0517533417395875],[80.720127445489169,7.0517424598447729],[80.720127990766542,7.0517159406856935],[80.720114436087215,7.0517030127510827],[80.720109833119707,7.0516945914509614],[80.720132389816499,7.0516668509063161],[80.720132168830901,7.0516560635106673],[80.720092169546291,7.0516324917129234],[80.720086800315798,7.0515562381872252],[80.720087459679235,7.0515241817832441],[80.720087271931348,7.0515150383481942],[80.720067984203865,7.051505748703593],[80.720043305686403,7.0514802494305542],[80.720008932550371,7.0514200637588988],[80.719978150878831,7.051400029503724],[80.719957394405895,7.0514214759277847],[80.719943207312596,7.0514283085428788],[80.719907563958756,7.0514192399936713],[80.719880129409972,7.051433269855865],[80.719862706585033,7.0514215454663898],[80.719855059227001,7.0514171743400551],[80.719846182075401,7.051444332736633],[80.719819092479696,7.0514437835598613],[80.719807664112651,7.0514088207903285],[80.719784327678184,7.0513936319503818],[80.719763855971166,7.0513724797269166],[80.7197413001727,7.0513547268716685],[80.719735129645017,7.0513483516057205],[80.719725403585443,7.0513087466792559],[80.719741829280409,7.0513012008455886],[80.71976818046096,7.0513146770767845],[80.719777246258801,7.0513095971902517],[80.719759182935064,7.0512923694384879],[80.71974533540498,7.0512780614175128],[80.719726604632967,7.0512309168908605],[80.719727939529477,7.0511659945343554]]]},"properties":{"OBJECTID":58,"Division":"5","Field_No":"2","Shape_Length":970.10749577844649,"Shape_Area":32956.192762147097}}]}