{"type":"FeatureCollection","features":[{"type":"Feature","id":1,"geometry":{"type":"Polygon","coordinates":[[[80.709272084626392,7.0525143824964767],[80.709286508668171,7.0525166091861484],[80.709291409421297,7.0525166089870002],[80.709303609541593,7.0525177610304057],[80.709330440028836,7.0525152798328996],[80.709382633990174,7.0525018284213248],[80.70941893606313,7.0524960170845965],[80.709472693742114,7.0524920837986542],[80.709500089338945,7.0524814457547587],[80.70950483185679,7.0524802274189016],[80.709508671344963,7.052482803457564],[80.709520498228159,7.0524860046186593],[80.709542533483912,7.0524861985882428],[80.709552269654935,7.0524873140993627],[80.709554631380641,7.0524869038790152],[80.70956164065835,7.0524847164422031],[80.709571214356615,7.0524826053351513],[80.709573501015612,7.0524817429466591],[80.709582422338741,7.0524777218334513],[80.709586352229067,7.0524748150249845],[80.709589394238819,7.0524710679810223],[80.709595403571811,7.0524604711789349],[80.709597705578034,7.052453586961569],[80.70960105574818,7.0524471035056697],[80.709606255957127,7.0524419424226323],[80.709608248497915,7.0524405780972463],[80.70961703860435,7.0524362892874493],[80.709643567079212,7.0524315029307214],[80.709652901004901,7.0524286466324257],[80.709660880247796,7.0524229894777539],[80.709667202323061,7.0524155641507864],[80.709679611021016,7.0524077264226905],[80.709686471896418,7.0524051745239502],[80.709688843588253,7.0524046982893864],[80.709708431238141,7.0524044858637422],[80.70980628207441,7.0523817056910412],[80.7098628448623,7.0523657309071472],[80.709938753617052,7.0523621434621244],[80.709941153368092,7.0523616780820468],[80.709993733593564,7.0523497820779673],[80.710026733079175,7.0523404253102706],[80.710031167945203,7.0523383731471805],[80.710032332277137,7.0523366542107784],[80.710033556117963,7.0523365784224952],[80.710053169388686,7.0523280634735119],[80.710094147035221,7.0523205770541733],[80.710110305665268,7.0523148496136132],[80.710120558902361,7.0523082088798814],[80.710122415687522,7.0523066591484751],[80.710128772148636,7.0522992537149554],[80.710135860802623,7.0522926450865429],[80.710159899956537,7.0522879198400643],[80.710167157860511,7.0522878259177606],[80.710168092318057,7.0522857768735125],[80.710175026220881,7.0522788960238278],[80.710197399579442,7.0522694020878722],[80.710218407493741,7.0522627384618755],[80.710220812660538,7.0522623761729832],[80.710240423809367,7.0522623762422549],[80.710242804535241,7.0522620175670481],[80.71028816399334,7.0522435497552909],[80.710290169188028,7.0522422984680544],[80.71032282168359,7.0521966894653429],[80.710341726049933,7.0521571410385535],[80.710369859000778,7.0521234041389755],[80.710371697681168,7.0521218489780955],[80.710386307053412,7.0521129227476811],[80.710387518504234,7.0521108484213668],[80.710391575922785,7.0521086243816047],[80.710393803722297,7.0521078903933949],[80.710396255907227,7.0521078898361003],[80.710398460214748,7.0521068510905165],[80.710403186439081,7.0521055893360645],[80.710407156973005,7.0521032621919977],[80.710407394341487,7.0521018071833295],[80.71044416512882,7.0520713975704172],[80.71044648885227,7.0520708535015943],[80.710450751767198,7.0520685110251478],[80.710461153063008,7.052058188839843],[80.710462701213359,7.0520563551086219],[80.710463475485653,7.0520540465028185],[80.710465162079686,7.0520525781342762],[80.710539761221057,7.0520215281790142],[80.710575170263496,7.051999716586864],[80.71061342991301,7.0519833294732548],[80.710638771346808,7.0519741849999154],[80.710645955223413,7.0519726477735079],[80.710669431643225,7.0519656480699169],[80.710676025567707,7.0519624260217268],[80.710677773731021,7.0519608391958561],[80.710682045298057,7.0519549020677852],[80.710683356312771,7.0519528720661242],[80.710684131489003,7.0519505634600472],[80.710685826235419,7.0519490480674962],[80.71069014888289,7.0519467643776865],[80.710696267694175,7.0519427157186954],[80.710701000739036,7.0519315924109618],[80.710702363336921,7.0519296546566101],[80.710707986186151,7.051924987376375],[80.710709346080762,7.0519229619030881],[80.710710142060194,7.0519207681478617],[80.710711368876773,7.0519188403218305],[80.710711630250501,7.0519140465866981],[80.710714152723611,7.0519098726255294],[80.710715642039645,7.0519080027125858],[80.710721759039828,7.0519039540529738],[80.710725631430932,7.0518978902642386],[80.710728976640297,7.0518943494390847],[80.710733054512787,7.0518882757317263],[80.710735883681281,7.0518852837528563],[80.710738296661873,7.0518744305081666],[80.710746331976509,7.0518561355453047],[80.710751237797083,7.051845828857461],[80.710752656663715,7.0518364305150101],[80.710753183601199,7.0518356375052278],[80.710754793377419,7.0518332774705605],[80.710757168130925,7.0518303188872533],[80.710758081710438,7.0518286595984314],[80.710759193506149,7.0518271585925731],[80.710760726168374,7.0518260184674935],[80.710761573496228,7.0518255799941381],[80.710763032845762,7.0518243801739633],[80.710764670488189,7.0518234019359518],[80.710766095448463,7.0518221433304742],[80.710767702321533,7.0518211126378771],[80.710771128738457,7.0518194121041544],[80.710773601040728,7.0518179610269875],[80.710775142753221,7.051816832659215],[80.710775772866768,7.0518161572248275],[80.71077931977409,7.0518073325171748],[80.710779912778264,7.0518066299481195],[80.710781419192699,7.0518054681157132],[80.710784973796166,7.0517998392570673],[80.710787541658576,7.0517947383793516],[80.71080102920773,7.0517812605622376],[80.710801495580512,7.0517798734091484],[80.710810726656959,7.051761588560713],[80.710824613456282,7.0517348381728526],[80.710826859476001,7.0517332613638519],[80.710828837602691,7.0517313598682243],[80.710831163264331,7.0517298933967902],[80.710834856732546,7.0517280608701682],[80.710837017934836,7.0517245578589876],[80.710844173529296,7.0517181300918352],[80.710850026455546,7.0517123225013654],[80.710853723544574,7.0517104881664832],[80.710857798787671,7.0517102084015999],[80.710865476192311,7.0517072532757288],[80.710869369091554,7.0517033770257349],[80.710873518385171,7.0516979146438183],[80.710875724584881,7.0516962736226558],[80.710879539291938,7.0516948480543],[80.710880686285066,7.0516940903997263],[80.71088566101534,7.0516893678630375],[80.710898581451417,7.0516791093235156],[80.710920406011368,7.0516582019199552],[80.710943627257365,7.0516310920170922],[80.710944759767202,7.0516303334560222],[80.710967341793605,7.0516171480993801],[80.710976620002981,7.0516112306613765],[80.710983334063414,7.0516097756564342],[80.710988648687632,7.0516083177422093],[80.710995543583095,7.0516083187090546],[80.710999610543809,7.0516089975152996],[80.711006472041447,7.0516083256671882],[80.711010607893527,7.0516083190124856],[80.71101737081699,7.0516069888093309],[80.711021325252773,7.0516032183714836],[80.711022474955058,7.0516025032197298],[80.711027515411416,7.0516002802164355],[80.711031424245306,7.0515989441871714],[80.711046499629816,7.0515974342855063],[80.711053390913364,7.0515973710446564],[80.711056890710239,7.0515952319264583],[80.711058824027745,7.051590108350398],[80.711061363558301,7.0515869065279162],[80.711062350353757,7.0515859851695017],[80.711065790426701,7.0515837085870459],[80.711111589788359,7.0515647035926454],[80.711112590156432,7.0515638193129266],[80.711117534304208,7.0515576851342443],[80.711126194700881,7.0515486242089871],[80.71114354632445,7.0515365712180023],[80.711147570170866,7.0515348553916928],[80.711149852547962,7.0515321979301753],[80.711156675802869,7.0515266590529508],[80.711157861036625,7.0515243089049156],[80.711159771416717,7.0515213692451377],[80.711160686916713,7.0515189096372763],[80.711161034753587,7.0515171914880597],[80.711162192832518,7.0515148331973734],[80.711165575371197,7.051509706206275],[80.711167310006132,7.0515077413731051],[80.711168495239789,7.0515053912250378],[80.711170015367713,7.0515032482118549],[80.711170409238747,7.0515024642261128],[80.711173450949644,7.0514942534742797],[80.711174770141383,7.0514919829246105],[80.711175173193112,7.0514902801564494],[80.711175174220969,7.0514894047800052],[80.711175453133976,7.0514886054048231],[80.711200552809728,7.0514473757821916],[80.711208144089483,7.0514388464429087],[80.711209204411261,7.0514364546787967],[80.711212707172905,7.051432522303827],[80.711213495819777,7.0514309552367225],[80.711215800627244,7.051429716647708],[80.711216633437871,7.0514295132932743],[80.711217516006002,7.0514295125123034],[80.711220127442104,7.0514299415223647],[80.711221712336126,7.0514307104113119],[80.711225920419523,7.0514320104994752],[80.711228236646534,7.0514332578730414],[80.711230668769034,7.0514342900358891],[80.7112358843967,7.0514351697583981],[80.711236762433657,7.0514352060536547],[80.711239411042939,7.051435206423661],[80.711242879836604,7.0514346706496136],[80.711243649313985,7.0514342484421446],[80.711246969077777,7.0514313704722547],[80.711250692485152,7.0514290261043628],[80.711257047636764,7.0514242965218861],[80.711257686784606,7.0514237386490031],[80.711257686957069,7.0514225060681373],[80.711267124828495,7.0514140529481937],[80.711268904508501,7.0514136182213401],[80.711269355405989,7.0514128396693652],[80.711270037103532,7.0514122429168786],[80.71127901757383,7.0514057611388123],[80.711279801535696,7.051405328985842],[80.711280542013256,7.0514051455133506],[80.711280658001428,7.0514042674399864],[80.711282393566989,7.05140211450904],[80.711283909014384,7.0514010702371532],[80.711287398972743,7.0513980647823358],[80.711289860382522,7.0513968017983331],[80.711290596511517,7.0513953495717212],[80.71129386835085,7.051392102634404],[80.711295408231464,7.0513911090075094],[80.711298178475531,7.0513886885437671],[80.711300607667098,7.0513847867649693],[80.711301840891423,7.0513823208709692],[80.711306025925083,7.0513607264205529],[80.711313301735132,7.0513489948572081],[80.711316474251916,7.0513374869913044],[80.71131684730743,7.0513366713515184],[80.711320561906476,7.0513325762286101],[80.711322691177998,7.0513308140163744],[80.711323470619874,7.0513303375512857],[80.71132776964086,7.051328644369633],[80.711329620770286,7.0513286446278673],[80.711330513271136,7.0513288174764748],[80.711333992677439,7.0513300622988337],[80.711336733557644,7.0513304822831584],[80.711339507988924,7.0513304817658238],[80.711340238417932,7.0513309512070128],[80.711340893690647,7.0513315987877307],[80.711341711047822,7.0513318593443488],[80.711344471917982,7.0513317385512551],[80.711348094630907,7.0513309414509315],[80.711350464240411,7.0513323606511156],[80.711351943179693,7.0513334623126429],[80.711352791317537,7.0513336948397862],[80.711353711002261,7.0513336678385956],[80.711357118367076,7.0513322340706468],[80.711361465346101,7.0513306647864997],[80.711362214917187,7.0513301828912933],[80.711363965868188,7.0513280462398331],[80.711366582252538,7.0513254494128565],[80.711371172577202,7.0513249716703621],[80.711379999544761,7.0513222219755782],[80.711380923752415,7.0513222166785301],[80.711382637592862,7.0513200610312161],[80.711390922266347,7.0513114051814769],[80.711391745137178,7.0513110752213075],[80.711407187321555,7.0513080958476628],[80.711408101587139,7.0513079820314148],[80.711434013777819,7.051307982023812],[80.711434922583067,7.0513080771034202],[80.711449054824172,7.0513124586674554],[80.711449963626805,7.051312572737638],[80.711452738963075,7.0513125731240782],[80.711453623370019,7.0513123670634847],[80.711457894339432,7.0513106006272244],[80.711458738035333,7.0513102308799853],[80.7114602190927,7.0513091278222761],[80.711461991760103,7.0513070472409822],[80.711463806731757,7.0513066875764121],[80.711467466521952,7.0513061445927505],[80.711468825050687,7.051307385501608],[80.711470323005742,7.0513084410453439],[80.711474018931611,7.0513084162389879],[80.71147838491035,7.0513069102584129],[80.711482380771898,7.0513046247070186],[80.711485849184328,7.0513003224604587],[80.711489311988743,7.0512972880622655],[80.71149146315507,7.0512943005059086],[80.7114973341791,7.0512884413637016],[80.711498119954882,7.0512879811768707],[80.71150995795324,7.0512827585979094],[80.711516428310929,7.0512827260383162],[80.711531523682254,7.0512871086381468],[80.711534556906614,7.0512877773485174],[80.711544891626986,7.0512872163018159],[80.711544825581456,7.0512869730319716],[80.711560716713933,7.0512776969725364],[80.711561601068624,7.0512778652979886],[80.711563395068765,7.0512785953292996],[80.711565818964971,7.051280198111832],[80.711568520836224,7.0512812312147313],[80.71156928837685,7.0512817124168157],[80.711569826873372,7.0512824024837739],[80.711571767617471,7.0512824009448671],[80.711572681885869,7.0512822663290393],[80.711573515621041,7.051281920996705],[80.711578698282949,7.0512790116322943],[80.711579227853818,7.0512787946703641],[80.711580149458115,7.0512779827238408],[80.711582302188262,7.0512767612938498],[80.711582869780472,7.0512765226336453],[80.711585923994193,7.0512759714260733],[80.711586371212178,7.0512756097623512],[80.711590256189993,7.0512700460539],[80.711595361818482,7.0512677932110437],[80.711595882350679,7.0512674803904867],[80.711600962281437,7.0512612539852864],[80.711604756531514,7.051257182383325],[80.711605116867517,7.0512566986250151],[80.711605359628876,7.0512554886856931],[80.711605400619277,7.0512536456980479],[80.711605584454318,7.0512530714837585],[80.711607807328292,7.0512486614498249],[80.71160819481743,7.0512481975902102],[80.711608194903278,7.0512475808476047],[80.711607889201076,7.0512457513765234],[80.711607338089408,7.0512446471317567],[80.711607264851722,7.0512440484652474],[80.711607263384408,7.0512415833032174],[80.711607365751675,7.0512410090776081],[80.711611322010356,7.0512370921359153],[80.711611877839957,7.0512368173014455],[80.711612211115764,7.051235645355904],[80.711614631874099,7.0512337773779903],[80.711616465820143,7.0512336645933535],[80.71161706779742,7.0512335145607192],[80.711617644436743,7.0512333102656823],[80.711619667752657,7.0512318781122225],[80.711626791958324,7.0512297177894565],[80.711637226858159,7.0512312855113795],[80.711648708009207,7.0512339837716702],[80.711649283735625,7.0512338346396675],[80.711656059568298,7.0512307527714233],[80.711656555665371,7.0512304019661931],[80.711657344221749,7.0512294724401317],[80.71165849965125,7.0512266149660974],[80.711658802153508,7.0512254195040533],[80.711658807670318,7.0512248036665248],[80.711660116876502,7.0512227148812956],[80.711660501647984,7.0512222654903036],[80.711663431008375,7.0512212512557806],[80.711665646181103,7.0512201419690825],[80.711665922342931,7.0512195912797573],[80.71166634784791,7.0512191446073524],[80.711666880135127,7.051218921315499],[80.711669364077565,7.0512118336416796],[80.711679264888346,7.051194027250661],[80.71167968677274,7.0511935787691122],[80.711681043837913,7.051192326481547],[80.711687226909845,7.0511882054730313],[80.711689858546876,7.0511865663155699],[80.711691092322766,7.0511866261714937],[80.711693529047167,7.0511871103178798],[80.711694111062542,7.0511873021133278],[80.711696283370344,7.0511884979186821],[80.711696737727863,7.051188869655034],[80.711696934074538,7.051189453869565],[80.711697249915559,7.0511899784158949],[80.711698005619851,7.0511909542762794],[80.711698497997034,7.0511913160704438],[80.711700726439844,7.0511924205477712],[80.711704254737626,7.0511935876030973],[80.711704862108917,7.0511937043439312],[80.711706709585116,7.0511939342960916],[80.711709799060046,7.051193676994874],[80.71171040824855,7.0511937449029602],[80.711712796067971,7.0511944044794967],[80.711714465138471,7.0511952231157604],[80.711716790470646,7.0511960888673739],[80.711721590556166,7.0511973628080593],[80.711725254711681,7.0511979683026329],[80.711729511981602,7.0511970618652455],[80.711738147692415,7.0511961524175346],[80.7117497058331,7.0511985043334855],[80.711750277889053,7.0511987124051494],[80.711760425071688,7.0512058208205532],[80.711760980827066,7.0512060795315747],[80.711768697308997,7.0512084363405885],[80.711774126269205,7.0512114240441992],[80.711776196139908,7.0512137013953593],[80.711779708727704,7.0512171880151033],[80.711779936766078,7.0512177026017531],[80.711782205958031,7.0512186994709039],[80.711782723683712,7.0512190404692534],[80.711783826161124,7.0512194240514079],[80.711784269648192,7.0512198545666323],[80.711784824495894,7.051220131363781],[80.711786037425227,7.0512203865485485],[80.711786640286036,7.0512203920579362],[80.711787229596766,7.0512201968076091],[80.711787841512702,7.0512201797103886],[80.71178968445868,7.0512204413125943],[80.711790212147562,7.0512207389052231],[80.711791151633577,7.0512215248848094],[80.711791702747036,7.0512226191819334],[80.711792797827513,7.0512241223046095],[80.711794395134532,7.0512267649333786],[80.71179484858267,7.0512271674162088],[80.711796407194115,7.0512281678041271],[80.711803237816042,7.0512281615156045],[80.711807546635811,7.0512275905853876],[80.711808083394516,7.0512277597665616],[80.711814071435839,7.0512331367465446],[80.711814451553863,7.0512336052341826],[80.711817731786894,7.0512415944043214],[80.711824181770353,7.0512513989728438],[80.7118246533269,7.0512517698071431],[80.711829594441639,7.0512543595441164],[80.711833310320671,7.051254051687172],[80.711834495174827,7.0512544090554803],[80.711836930089348,7.0512548932008663],[80.711839401260832,7.0512550237642113],[80.711840608758365,7.0512552843739646],[80.711841230629261,7.0512552835557223],[80.711841772878373,7.0512550259010798],[80.711843326338979,7.0512540060491116],[80.711848196679256,7.0512512874488715],[80.711850038793528,7.0512510200266352],[80.711852519947257,7.0512509697283674],[80.711853111962938,7.0512508513450651],[80.711854230860766,7.0512503206671777],[80.71185660800829,7.0512496102047564],[80.711860645411832,7.0512480083177547],[80.711861242862184,7.0512478646144006],[80.711864956022183,7.051247581173314],[80.711868061755197,7.0512475816029916],[80.711869829526563,7.0512481560873814],[80.711870445055425,7.0512481959623763],[80.711885349134334,7.0512481971196692],[80.711885924823619,7.0512483156645125],[80.711892932925238,7.0512544044802254],[80.71189333476984,7.0512548603103982],[80.711894168227303,7.0512565171301667],[80.71190037848946,7.0512586747794721],[80.711900378404138,7.0512592906177725],[80.711902136056395,7.0512610343795288],[80.711905207102859,7.0512631219624726],[80.711906676987624,7.0512642498461249],[80.711908420316888,7.051264837891706],[80.711922067899195,7.0512654366261049],[80.711922676200047,7.0512653788340458],[80.711928626309557,7.0512636081040121],[80.711936610976636,7.0512511224302985],[80.71194186700464,7.0512413312371809],[80.71194203907281,7.0512407488822886],[80.711942566404673,7.0512370882892919],[80.711942835320357,7.0512365683454936],[80.711944017701867,7.0512351713426797],[80.711944560861468,7.0512348748025362],[80.711946014768685,7.0512337201935686],[80.711951961257427,7.0512319458454575],[80.711956287247773,7.0512315774827528],[80.711956762516692,7.0512312872634046],[80.7119584954185,7.0512287328137981],[80.71195937448627,7.051227859367251],[80.711961529930946,7.0512266370315562],[80.711966494941308,7.0512266259613217],[80.711967030790092,7.0512268295061524],[80.711968347671728,7.0512281364227913],[80.711968945082489,7.0512282784827169],[80.711971380902199,7.051228762627531],[80.711977576023799,7.0512291297306318],[80.711978795291401,7.0512293722553592],[80.711979274183463,7.0512290648544989],[80.71198366408953,7.0512247075682595],[80.711984169236317,7.0512243712329505],[80.711986496618294,7.0512235115510702],[80.7119906389823,7.0512222117185503],[80.711995703890082,7.0512198458263438],[80.71200288834919,7.0512139823374858],[80.71202167901366,7.0512098368397629],[80.712033599134074,7.0512063731508698],[80.71203413505016,7.0512060901743245],[80.712035758255013,7.0512047474909849],[80.712040919683616,7.0512048042706805],[80.712045035617066,7.0512048030299166],[80.712045474662744,7.051204623131869],[80.712062583429329,7.0511876677828047],[80.712071116475158,7.0511829348722497],[80.712075905229185,7.0511810590796324],[80.712077487791788,7.0511790517192452],[80.712078851315184,7.0511769095857515],[80.712080588535713,7.0511758490641601],[80.712080836620913,7.0511754068884755],[80.712087141142106,7.0511701527850539],[80.712090543033099,7.0511690029657874],[80.712093538432697,7.0511682708838546],[80.712098088072239,7.0511674241681739],[80.712100012620951,7.051166708216237],[80.712102480287541,7.0511659968607177],[80.712102869558308,7.0511657373760643],[80.712103512358652,7.051164939859091],[80.712104291914002,7.0511636341361443],[80.712106338778653,7.0511620907530776],[80.712107032263802,7.051161338458833],[80.712107675969477,7.0511605400376816],[80.712108370443488,7.0511591818527322],[80.712108795184534,7.0511577087826289],[80.712108822410272,7.0511572032744612],[80.712108588116209,7.0511495473139361],[80.712108655166759,7.0511490698450263],[80.712116658209013,7.0511411265433832],[80.712117069210095,7.051140826367531],[80.712129068561111,7.0511338792668861],[80.712143540263739,7.0511250641923109],[80.712143950359717,7.0511247631120177],[80.712145621583005,7.0511231048290748],[80.712152624719465,7.0511192687864295],[80.712153146137751,7.0511190907082488],[80.712156830687363,7.0511162191122283],[80.712157205499111,7.0511157841884771],[80.712160714783678,7.0511104247985612],[80.712160895897881,7.0511098831389916],[80.712163077106723,7.0510990587924196],[80.712163130591961,7.0510984890815251],[80.712161055483932,7.0510882365799805],[80.712158491636842,7.0510774956811888],[80.712158191590518,7.0510740230714228],[80.712158186399805,7.0510722804562755],[80.712157169245828,7.0510701949664867],[80.712156815374343,7.0510697554208042],[80.71215632751742,7.0510694334175863],[80.712156135681738,7.0510689541043767],[80.712156195584512,7.051067796589801],[80.71215638673911,7.0510666517537119],[80.712156693662621,7.0510662050645196],[80.71215762068195,7.0510654998267306],[80.712160381240992,7.0510610609260249],[80.712162690645258,7.0510592779354955],[80.712163435745126,7.0510583900010575],[80.712163746293925,7.051057910757037],[80.712163784471045,7.0510567595696783],[80.712164952452255,7.0510547539604911],[80.712167160491362,7.0510528479691672],[80.712169230055721,7.0510507936511457],[80.712170155371155,7.0510493161283314],[80.712172066425794,7.0510479879531758],[80.712175502084705,7.0510448323679098],[80.712177650595251,7.0510413709470461],[80.712178055273313,7.051040973104274],[80.712181544197563,7.0510388412105423],[80.712187611123767,7.0510367069587314],[80.712200555286827,7.0510312837565117],[80.712207066230363,7.0510257348732148],[80.712223411098989,7.0510146140513799],[80.71222480342189,7.0510136737556559],[80.712231962527042,7.0510078274416461],[80.712246602932908,7.0509965273301978],[80.712247043851519,7.0509958916575961],[80.71224864291446,7.0509792353049381],[80.712248915475357,7.0509785344985145],[80.712257962633899,7.0509740449158249],[80.712265549091498,7.0509740405330454],[80.71226693869886,7.0509730984281784],[80.712271305007263,7.0509691580249791],[80.712272041890884,7.0509687719839027],[80.712274366573155,7.0509677838875069],[80.712284918860277,7.0509648463152255],[80.712289106359876,7.0509644263844233],[80.712292126300895,7.0509629482449281],[80.712292922902094,7.0509627466922344],[80.712295914982221,7.050959814410823],[80.712297421333375,7.0509590649409271],[80.712299898921856,7.0509585995593254],[80.712302372772896,7.0509589815200773],[80.712307430109149,7.0509589804063566],[80.712309928503444,7.0509586145021759],[80.712310724207285,7.0509583559774951],[80.712313048889527,7.0509573669765837],[80.712316739656032,7.0509553472445745],[80.712318155509195,7.0509544395071213],[80.71231862642901,7.0509528606383212],[80.712319266468924,7.0509523841523958],[80.712328856846199,7.0509471558178163],[80.712337250654045,7.0509346132213313],[80.712342272709265,7.0509212951639668],[80.712343533229728,7.0509046034961251],[80.71235864913794,7.0508912687382583],[80.712361368788635,7.0508880768806899],[80.712363155132479,7.0508852393863606],[80.71236369019195,7.0508845992050002],[80.712367861909001,7.0508804580162909],[80.71236924331312,7.0508799228515979],[80.712392049658177,7.0508674211177329],[80.71239205093616,7.0508581256669576],[80.712393800891689,7.0508565985195339],[80.712405652758321,7.0508491124197903],[80.712407866963417,7.0508484317745639],[80.712430700356933,7.0508432812168023],[80.712449402665058,7.0508430206255683],[80.712482011936089,7.050839674608941],[80.712514035036762,7.0508334310853948],[80.71251684346754,7.0508297129279107],[80.712519060854774,7.0508256302506211],[80.712520513024486,7.0508239249119296],[80.712530553382791,7.0508179451492294],[80.712532716915774,7.0508171243276836],[80.712534989037025,7.0508165612507137],[80.712539637260861,7.0508162824538161],[80.71255111818445,7.0508140042480107],[80.712558087342614,7.0508136543277704],[80.712566973157379,7.0508107156166568],[80.712576044450813,7.0508084081424318],[80.712583020865708,7.0508079469920748],[80.712615357038317,7.0508025987759559],[80.71264282694176,7.0507967434762566],[80.712652090006898,7.0507953810356527],[80.712666135949249,7.0507953513039343],[80.712679765054588,7.050791970124501],[80.712685964284844,7.0507887344288784],[80.712699441215875,7.0507794751823871],[80.712715388092164,7.0507594377455485],[80.712716549728796,7.0507574692109909],[80.712723053329469,7.0507327334738852],[80.712723981441968,7.0507306428249263],[80.712729238012244,7.0507233412010502],[80.712742706483198,7.0507097331026038],[80.71275113400651,7.0507020665680216],[80.712751548767642,7.0507007418035341],[80.712759586204925,7.0506661917473981],[80.712760034456934,7.0506648769349329],[80.712761046603845,7.0506638732836642],[80.712761999228888,7.0506612518052263],[80.712762082181641,7.0506570096761756],[80.712762534963815,7.0506556641176283],[80.712763428530806,7.0506546541199642],[80.712764617161568,7.050653865719684],[80.712766123944689,7.0506499430079383],[80.712766287975469,7.0506485512899504],[80.712766068202825,7.0506471604239049],[80.71276415575106,7.0506388666926636],[80.712764824162292,7.0506361140498059],[80.712767289195639,7.0506347723830185],[80.712768667838986,7.0506345591527841],[80.712778668454121,7.0506345252485723],[80.712782913002385,7.0506339244581433],[80.712784073560613,7.0506332192509289],[80.712790180831149,7.0506272525108651],[80.712796034387068,7.0506231847970646],[80.712797246538344,7.0506225022047166],[80.712798621551741,7.0506223558932009],[80.712806307537576,7.0506160005128269],[80.712820161713864,7.0506016816732497],[80.712821377431496,7.0506013969798023],[80.71284365182602,7.0506063665116354],[80.712864548359178,7.0506257225977826],[80.712880284503754,7.0506440904686558],[80.712881916255782,7.0506464156840192],[80.712884144609632,7.0506481739752722],[80.712885367436826,7.0506488578037079],[80.712888039458861,7.0506497226923983],[80.712889199812196,7.0506505186473314],[80.712894321976123,7.0506530333396409],[80.712899797288728,7.0506546537126837],[80.712903741908448,7.0506563154757975],[80.712907903874012,7.0506572538166665],[80.712922158896475,7.0506573425709052],[80.712925044240492,7.0506604411457934],[80.712926479340382,7.0506644148999946],[80.712935146831754,7.0506693337428006],[80.712940828664969,7.0506699603015743],[80.712944921795241,7.0506711961523143],[80.712946045945017,7.050671961355488],[80.712947760983084,7.0506742314187463],[80.712956939140028,7.0506781646275494],[80.712958294169567,7.0506785292506784],[80.712962573045147,7.050678444827013],[80.712973832148549,7.0506764722389823],[80.712975250587803,7.0506764995612787],[80.712996588505391,7.0506785597780315],[80.713020681643357,7.0506820754105544],[80.713037832209437,7.0506834938973313],[80.713037779744951,7.0506832225957723],[80.713069481496177,7.0506702273765498],[80.713089852013155,7.0506571040133581],[80.713090935654478,7.0506562134104112],[80.713092710134973,7.0506540414872489],[80.713096276930173,7.0506516808055384],[80.713097518924187,7.0506512071131491],[80.713098531070202,7.0506502043654642],[80.713101287490971,7.050649487617914],[80.71310414158026,7.0506494527369243],[80.713107991630693,7.0506476156917932],[80.713111145721342,7.0506447756671431],[80.713112445642096,7.0506443444853915],[80.713116690180982,7.0506438106112217],[80.713122358422311,7.0506445393535078],[80.713125121890286,7.0506452523283754],[80.713126399941544,7.0506458864263646],[80.713130464995288,7.0506472380239451],[80.713136063500684,7.0506482308165097],[80.713138512764132,7.0506496898083437],[80.713139800808108,7.0506500625606998],[80.713142605182256,7.0506495076917588],[80.713148287992837,7.050649603415386],[80.713153633810748,7.0506516099103109],[80.713156981771618,7.050654267240918],[80.713161160048543,7.0506550780733592],[80.713173226625102,7.0506594819131649],[80.7131937601781,7.0506655951505346],[80.713195016503803,7.0506662364798931],[80.713211346505275,7.0506776882210911],[80.713222463537178,7.050688722366635],[80.713226166110331,7.050693040970927],[80.713226900966248,7.0506942474263088],[80.713227921915106,7.0506950795341297],[80.713229276933617,7.0506955273534189],[80.71323213192052,7.0506955503479061],[80.713236840279862,7.050692366893295],[80.713242901387403,7.0506863485950966],[80.713244175991122,7.0506857076085145],[80.713250921319215,7.0506804842954951],[80.713253599341343,7.0506771613013841],[80.713254651734232,7.0506730730369362],[80.713259888538161,7.0506646147857728],[80.713267898519589,7.0506586962256463],[80.713271504508285,7.0506543379166358],[80.713271523901682,7.0506515037968702],[80.713274298011243,7.0506404950446964],[80.713285573097892,7.0506207635184905],[80.713286590668631,7.0506198050825457],[80.713314360276982,7.0505998234831937],[80.713330815378839,7.0505898809590866],[80.713345107291715,7.0505849163946293],[80.713345821395606,7.0505856254739205],[80.713348680005836,7.0505856249559855],[80.713355524824905,7.0505876623979216],[80.713371081805775,7.0505856243661311],[80.71337535886714,7.050585561641979],[80.71338225400055,7.0505836951635699],[80.713384732611757,7.0505823390263114],[80.71338536638018,7.0505813714951486],[80.713386452714701,7.0505806409555811],[80.713389196807526,7.050577370419834],[80.713391109653713,7.0505761417144983],[80.713392119083608,7.0505751371571614],[80.713392719375165,7.0505740556778091],[80.713394032880871,7.0505735693338947],[80.713401177595657,7.0505735693945395],[80.713406789021292,7.0505727309482635],[80.713416657336538,7.0505670405237977],[80.713423475834261,7.0505562167969282],[80.713431364634985,7.0505427218686689],[80.713441045935369,7.0505343564554153],[80.713445750962151,7.0505290189204812],[80.713448015091672,7.0505272910805612],[80.713449254391136,7.0505266564188531],[80.713454862232254,7.0505255448684609],[80.713457530873782,7.0505246354879079],[80.713463091664821,7.0505233747191367],[80.713466843069909,7.0505213640292625],[80.713468143833822,7.0505213868126084],[80.713477579160497,7.0505246354796691],[80.713497588523765,7.0505246354653215],[80.713508684779427,7.0505219710415927],[80.713510056146106,7.0505220128249606],[80.713518140072253,7.0505248380897019],[80.713529151372853,7.0505278880189044],[80.713534718172767,7.0505290517179215],[80.713538287043036,7.0505314115560216],[80.713568775769474,7.0505388183841378],[80.713575165122094,7.050541989772193],[80.71357642423925,7.0505420704257764],[80.713599829027444,7.050528405764215],[80.713607640174118,7.0505201513264097],[80.713621056609512,7.0505095690324113],[80.713622717954649,7.0505072695835898],[80.713623729194055,7.050506266834617],[80.713623799272753,7.0505034589467552],[80.713625454280148,7.0505011694445354],[80.713626556896315,7.0505005230078757],[80.713630671538269,7.0504966277736303],[80.713633997590534,7.0504939469279462],[80.713634517335535,7.0504927424506274],[80.713634517526941,7.0504913226764998],[80.713637618465214,7.0504865654938369],[80.713639549759904,7.0504827730576354],[80.713650141531545,7.0504755291127719],[80.713657468784618,7.0504711116165071],[80.713658766006745,7.0504705474985769],[80.713662889332838,7.0504693778698542],[80.713676706734489,7.0504657588517023],[80.713689488958565,7.0504594149936377],[80.713698831350271,7.050453715449291],[80.713707723352513,7.0504450569263382],[80.713707723274325,7.0504456374964137],[80.713714350079613,7.050439920404787],[80.713718191184284,7.0504372640442048],[80.713721088761474,7.0504369334543524],[80.713724394694822,7.0504357655238801],[80.71372707332705,7.0504345993177351],[80.713727620085436,7.0504344510835688],[80.713732801792062,7.0504317451656773],[80.713733687173999,7.0504310010335587],[80.713736262640595,7.0504296358642744],[80.713739143044435,7.0504291162702035],[80.713742422735649,7.0504278841297436],[80.713744706613198,7.0504273798288759],[80.713747284794479,7.0504260209900877],[80.713750302053271,7.0504242353736819],[80.71375358807957,7.0504230122771405],[80.713759263849568,7.0504215950738027],[80.713763159982832,7.0504203358865123],[80.713780180056474,7.0504160435808112],[80.713793373395362,7.0504085205486069],[80.713807827247877,7.0503974184073916],[80.713821077807992,7.0503884457655239],[80.713821708749521,7.0503882975425407],[80.713822256441588,7.0503879367944231],[80.713823704938463,7.0503865732820907],[80.713825835982973,7.0503849873998758],[80.71382644158291,7.0503848102354079],[80.713836433137061,7.0503848043410393],[80.713839059167455,7.0503843814739167],[80.713845439243357,7.0503824868857956],[80.713846745476005,7.0503822275226202],[80.713847406276599,7.0503821715437143],[80.713848685274897,7.0503824963642154],[80.713851345650212,7.0503824641656143],[80.713863265442654,7.0503811861583632],[80.713869560828371,7.0503763254061571],[80.713878994223762,7.0503669923336432],[80.713879382621201,7.0503664832564965],[80.713881302308565,7.0503547382737173],[80.713881165704137,7.0503541414076691],[80.713876072194552,7.0503471928747219],[80.713874075990645,7.0503422912211864],[80.713873413730823,7.0503397328259743],[80.713873363216564,7.0503384170412264],[80.713874438102465,7.050335301820958],[80.7138749869073,7.0503333946946949],[80.71387502863422,7.0503327399764073],[80.713875304797057,7.0503321585390291],[80.713877423406672,7.0503287983893497],[80.713878250091327,7.0503270052439975],[80.713881945729497,7.0503223241017885],[80.713884296048761,7.0503191159080068],[80.713887350645081,7.0503156491745669],[80.713887367027269,7.0503149890269965],[80.713887683195438,7.050313090912681],[80.713896263608817,7.0503058873867595],[80.713896805847213,7.0503056930317332],[80.713898726875968,7.0503041794662078],[80.71391352075122,7.050295500026416],[80.713926388883152,7.0502897367433341],[80.713943397839017,7.0502873018926495],[80.713955669618841,7.0502870014943788],[80.713958740042841,7.0502870028096964],[80.713959343796049,7.0502870951306225],[80.713961751552816,7.0502875729310954],[80.713964380033531,7.0502891232783949],[80.713966632936092,7.0502900911967261],[80.713971031897472,7.050292255810664],[80.713973881302422,7.0502933856811261],[80.713975465270295,7.0502943164329839],[80.713978404323598,7.0502951931072699],[80.713981976106922,7.0502960834309301],[80.713983810929605,7.0502961524043624],[80.713985576920678,7.0502964953759308],[80.713985830307735,7.0502970009217867],[80.713986289198502,7.0502973256321901],[80.713989199532122,7.050296362926348],[80.713989782504044,7.0502961703852911],[80.713991541525814,7.0502944822649694],[80.713996448417831,7.0502890308077077],[80.713998402931537,7.0502875687922026],[80.713999453946997,7.0502869485728663],[80.714005657921746,7.0502819648197361],[80.714006006487082,7.0502814801536662],[80.714012599874707,7.0502684064526635],[80.714014119900369,7.0502668991632405],[80.714024327207937,7.0502577533843889],[80.714042110305513,7.0502605763196229],[80.714051577424883,7.0502629884882024],[80.714052888194587,7.0502626432151461],[80.714053517347523,7.0502623304063325],[80.714053586414991,7.0502602948030173],[80.714053736764185,7.0502596473337471],[80.714054899267282,7.0502579166306756],[80.714057344531668,7.0502554472738499],[80.714061399266328,7.0502527366800427],[80.714061778616099,7.0502521932375695],[80.714062299276051,7.0502509055629146],[80.714063103540767,7.0502475380022203],[80.714065028584116,7.0502430772747289],[80.714065111140229,7.0502417081532069],[80.714065824588445,7.0502405579601612],[80.714067739346618,7.050238547019978],[80.714068067107362,7.0502379502160286],[80.714070554547121,7.050231472941741],[80.714070890454607,7.0502308761388628],[80.714081173306454,7.0502186303778105],[80.714084110499513,7.0502131144501226],[80.71408434322035,7.0502124751306621],[80.71408500403173,7.0502055734886451],[80.714086035647014,7.050187583188495],[80.71408641160069,7.0501853604330282],[80.714107335069102,7.0501795521007962],[80.714108935561256,7.0501787574218389],[80.714110238298247,7.0501775575700973],[80.714135524672301,7.0501524634980877],[80.714137084426397,7.0501516995602787],[80.714159297022633,7.0501449075032898],[80.714174295075821,7.0501391191766576],[80.714184082631235,7.050134768015127],[80.714185770882935,7.0501343034224959],[80.714189346405036,7.0501343048036604],[80.714190940516161,7.0501338420070709],[80.71419381601514,7.0501293660324054],[80.714195091597603,7.0501281535163951],[80.714203499936076,7.0501215459052],[80.714204987303788,7.0501205613047038],[80.714206637535526,7.0501201093673425],[80.714211913802032,7.0501209926819648],[80.714226216795538,7.0501209954927804],[80.714227024019749,7.0501225691080522],[80.714228229566956,7.0501238660561114],[80.714229710349755,7.0501247425344857],[80.71423144374161,7.0501251732193184],[80.714232991524682,7.0501259312413556],[80.714234256820504,7.0501271856945644],[80.714239611048995,7.0501272072072876],[80.71424791394054,7.0501239229380133],[80.714249651046032,7.0501236582052167],[80.71425128485096,7.050124204629002],[80.714254351409764,7.0501260290404302],[80.714258322933901,7.0501295781006652],[80.714261174013885,7.0501317198978288],[80.714267486914551,7.0501379993961457],[80.714284282170141,7.0501564207160765],[80.714304237977387,7.0501642122359858],[80.714305662821772,7.0501637132439017],[80.714313247554173,7.0501561849286398],[80.714314333069581,7.0501547906197484],[80.714326429108155,7.05013509444509],[80.714330891549025,7.0501296022309319],[80.71433219232766,7.0501227169513285],[80.714334657804343,7.0501179958519371],[80.71433680168559,7.0501151574931011],[80.714342908938264,7.0501023342177609],[80.71434395915071,7.0501009408084077],[80.714350653854083,7.0500950654615284],[80.71435400544128,7.0500909105809271],[80.714359947110964,7.0500843659408243],[80.714363145359727,7.0500829149409467],[80.714366344108811,7.0500845024387546],[80.714368091095082,7.0500848092337689],[80.714373413556316,7.0500854682826404],[80.714378775928608,7.0500855087854539],[80.714385367009626,7.0500828573064585],[80.714399274404443,7.050096658998541],[80.714400890148639,7.0500968816747269],[80.714420394728805,7.0500943729844261],[80.714443541616319,7.0500933587050927],[80.714457732929006,7.0500687089688645],[80.714463202726961,7.0500641429054918],[80.714465731271446,7.0500616337677027],[80.714467486455817,7.0500615544210223],[80.714468903204548,7.0500606674763047],[80.714469388389261,7.0500606675407171],[80.714473964540076,7.0500509431471023],[80.714476244121798,7.0500486889929563],[80.714481982702324,7.0500445742181226],[80.714482290804625,7.0500420485078514],[80.714482060933861,7.0500416813255375],[80.714482242044966,7.0500411396650193],[80.714485501765125,7.0500334923075973],[80.714491501092411,7.0500221882647454],[80.714491927497079,7.0500217542502392],[80.714509387086025,7.0500135752311319],[80.714512584278253,7.0500132555278503],[80.71451445537673,7.0500128054273237],[80.714516169932793,7.0500119311823815],[80.714518131710051,7.0500102828767819],[80.714520472949658,7.0500072383594681],[80.71452283601549,7.0500034296990659],[80.714524292852843,7.0500005840136835],[80.714525618348901,7.0499984002693026],[80.714527440746807,7.0499965954987092],[80.714529561032478,7.049994199345754],[80.714531956461684,7.0499920727150878],[80.714534237160578,7.0499882188279503],[80.714536877191293,7.0499845955887368],[80.714538658968834,7.0499819362352447],[80.714539103578659,7.0499807398857373],[80.714539975508586,7.0499790317507491],[80.714540747775985,7.0499780090731248],[80.71454154808076,7.0499771645492419],[80.714544418005659,7.0499669181389972],[80.714553097599321,7.0499557211598365],[80.714553504087917,7.0499552998030381],[80.714558757445744,7.0499514580659675],[80.714562213108792,7.0499474442707317],[80.714562200592312,7.0499462677555291],[80.714561916512864,7.049945124663993],[80.714561915685607,7.0499445377635883],[80.71456161991668,7.0499428068658814],[80.714561553087407,7.0499416384823137],[80.71456123551431,7.0499405062381149],[80.714560497993006,7.0499389045988554],[80.714559503377529,7.0499374439986395],[80.714555300202989,7.0499332908279557],[80.714553907254398,7.049932186474936],[80.714552984155389,7.0499306806684388],[80.714550907011088,7.0499285841913961],[80.714550376706569,7.0499275314986836],[80.714549766477234,7.0499216795967961],[80.714550038346317,7.0499193419791375],[80.714551231835017,7.0499160178762077],[80.714559818141097,7.0499120228474688],[80.714560379381027,7.0499118800401339],[80.714575798435774,7.049912168751618],[80.714585845988196,7.0499130201389875],[80.714586393643586,7.0499129270671235],[80.714596035915235,7.0499051015002054],[80.714604092416494,7.0499031040318076],[80.714608087191579,7.0499019795933702],[80.714612465860057,7.0499001715437792],[80.714615993820956,7.0498970385602995],[80.714617793657098,7.049894714709664],[80.714619169701137,7.0498936025847119],[80.714619434992997,7.0498930772129516],[80.714619751816542,7.0498930374650621],[80.714634284406188,7.0498886028210945],[80.714634612190807,7.0498878188235556],[80.714636578533259,7.0498858675725966],[80.714636947045875,7.0498851269875713],[80.714638429901541,7.0498840248241734],[80.714641176317087,7.0498836191504282],[80.714642058869998,7.049883711507368],[80.714662217230597,7.0498930476085011],[80.714663110637701,7.0498932014602591],[80.714675158783606,7.0498932030545518],[80.714676057650919,7.0498931380628189],[80.714676820782728,7.0498927429782414],[80.714678598646785,7.0498922829172264],[80.714679526471826,7.0498922821356711],[80.714684099593129,7.0498917094051166],[80.714685754399554,7.0498908803673848],[80.714687924380513,7.0498891570304663],[80.714688991803811,7.0498876605306942],[80.714692269945999,7.049884409048353],[80.714693024937489,7.0498839651296548],[80.714698539457302,7.0498834241744959],[80.714702842980785,7.0498817164930498],[80.714713043300833,7.049877320159168],[80.714715328218873,7.0498757668484879],[80.714717320806685,7.0498738526775533],[80.71471989079474,7.0498728003949491],[80.714721532025649,7.0498719523646658],[80.714728894716785,7.049866364672682],[80.714729440642074,7.0498656648052034],[80.714734372042727,7.0498527635979977],[80.714734384902641,7.0498513501556683],[80.714738322619809,7.0498299464494085],[80.714738874855527,7.0498294419147447],[80.714739806864046,7.0498183560429144],[80.714740155483227,7.0498174562957754],[80.714748073542353,7.0498082089148886],[80.714748854794749,7.0498076863241943],[80.714765152893619,7.0498071956262178],[80.714770425252993,7.0498102239686871],[80.714778968951052,7.0498135222290452],[80.714780308478254,7.0498147405180109],[80.714781162005707,7.0498152796023641],[80.714784213406546,7.0498153641066663],[80.71479025636566,7.0498162864015566],[80.714794190827249,7.0498194655876469],[80.714797916392513,7.0498211056023381],[80.71480329196298,7.0498239937892944],[80.714808873067597,7.0498264678271321],[80.714815765885675,7.0498282918357376],[80.714816623947655,7.0498287667142803],[80.714820227960757,7.0498323437550194],[80.714822155044573,7.0498329200579137],[80.714828181698053,7.0498339363989091],[80.714832254162829,7.0498339911952774],[80.714833222737653,7.0498338683362984],[80.714835258815327,7.0498316430863142],[80.714836697670449,7.0498278587187855],[80.714839985261293,7.0498215958683685],[80.714862397367455,7.0497981345694063],[80.714867325024983,7.0497929751991633],[80.71490509292282,7.0497689868991431],[80.714921927656789,7.0497558756491241],[80.714924123032446,7.0497537679806497],[80.714928175088502,7.0497507065047076],[80.714935236141272,7.0497466651479401],[80.71494536354804,7.0497460009064818],[80.714950458889305,7.0497460015776774],[80.71495552623638,7.049745495828847],[80.714961637209726,7.0497454695042467],[80.714969607670497,7.049743795762863],[80.714972418456981,7.0497426078633438],[80.714975152324058,7.0497412517511346],[80.714975974314967,7.0497406902798687],[80.714979793956815,7.0497359512689197],[80.71498073239286,7.0497309912258048],[80.714981075583708,7.0497300661569628],[80.714982960513566,7.0497276826312971],[80.714985643324539,7.0497222317748829],[80.714987056833863,7.0497184383603928],[80.714989985511309,7.0497087508214902],[80.714993981643758,7.0497041782275742],[80.714996151681859,7.049702006349059],[80.715006852788378,7.0496959379965096],[80.715006851244723,7.0496939150440987],[80.715009980123753,7.0496899238103321],[80.715010707986707,7.0496892682778798],[80.715019409097323,7.0496863891801569],[80.71503672366849,7.049686329964576],[80.715043683910181,7.0496848125355056],[80.715046734429066,7.0496847143663866],[80.715052776723624,7.0496838018030505],[80.715055588398755,7.0496827350813192],[80.715065622689124,7.049681158371361],[80.715069862990276,7.0496783537443113],[80.715075299953881,7.0496755854471438],[80.715076930369236,7.0496743720710064],[80.715081763406957,7.0496728263279671],[80.7150878319176,7.0496721742102952],[80.715091909819947,7.0496721702246381],[80.715092902837853,7.0496720229518175],[80.715097736787826,7.0496704229498626],[80.715098669187569,7.0496700486860551],[80.715101551704009,7.0496671869084819],[80.715103471932622,7.049664825994828],[80.715103825977394,7.0496639624207056],[80.715112848920782,7.0496573630124306],[80.715113462740803,7.0496566179376776],[80.715121414695091,7.0496304761456106],[80.715121542458817,7.0496294787031557],[80.715122498659923,7.0496133241490915],[80.715120523353775,7.0495871177508747],[80.715128387278725,7.0495695560859328],[80.715128925979712,7.0495687178568724],[80.715129651135044,7.0495679990218267],[80.7151258303265,7.0495472336434046],[80.715127123930529,7.0495466161663005],[80.715130146857064,7.0495429495667743],[80.715142533343936,7.0495306561292503],[80.715143454088604,7.0495294245733868],[80.715144318947523,7.049526397040955],[80.715145958611245,7.0495236852161476],[80.715146531786161,7.0495222646128441],[80.715147562036833,7.0495212039868456],[80.715155289509113,7.0495156280919336],[80.715160018156169,7.0495162979056554],[80.715163192657045,7.0495164167876023],[80.715172016967927,7.0495127925477439],[80.715173318749478,7.0495119399497357],[80.715194332959541,7.0494903386263754],[80.715195207543019,7.0494890772219652],[80.715200636311451,7.0494659943942777],[80.715199896394395,7.0494344011549286],[80.715200062248755,7.0494328502767702],[80.715206669322427,7.049411720019215],[80.71520734839342,7.0494103853396233],[80.715211621188303,7.0494082652818211],[80.715213189902371,7.0494081687258747],[80.71522260734281,7.049409684688241],[80.71522958770764,7.0494134312755152],[80.715238932686745,7.0494152971978741],[80.715244894909176,7.0494175153593996],[80.7152464210902,7.0494173346964937],[80.715254091076446,7.0494152304569582],[80.715263583703191,7.0494094341387479],[80.715264968673083,7.0494092597875007],[80.715267849738041,7.0494105388661614],[80.715268342965061,7.049411329301944],[80.715279966134744,7.0494076945749891],[80.715297221654708,7.0494091844332099],[80.715312477015416,7.0494082378047977],[80.715313297171832,7.0494078526740758],[80.715317949993477,7.0494000083522597],[80.715318571060294,7.0493992180624314],[80.71531931159933,7.0493985299758197],[80.715322864743413,7.0493965689821669],[80.715323502073105,7.0493960120076835],[80.715324260872123,7.0493941338451407],[80.715324297344182,7.0493921190365034],[80.715324479415344,7.0493911496348582],[80.715325852045183,7.0493884386787347],[80.715328679518265,7.049384230367715],[80.71533006465873,7.0493827547072696],[80.71533238872442,7.0493794569753456],[80.71533386272796,7.0493768066215683],[80.71533625649009,7.0493735351238893],[80.715338909111466,7.0493704635136343],[80.715341263774221,7.049368534013996],[80.715341835056336,7.0493677355787963],[80.715345313011056,7.0493593132457466],[80.715347054322365,7.0493545603949501],[80.71535087970156,7.0493474330861483],[80.715366011082779,7.0493324143968223],[80.715378477738994,7.0493092149266081],[80.715379087908531,7.0493086895995081],[80.715404532452979,7.0493190871214546],[80.715415166792525,7.0493250741714863],[80.715416670142957,7.0493264236057378],[80.715417512810774,7.049326940983959],[80.715418479515861,7.0493272621420777],[80.715419370262126,7.0493269918683836],[80.715420090890206,7.0493262766495537],[80.715426080884342,7.0493168770799093],[80.715432859559755,7.0493124233109903],[80.715436449806532,7.0493105319535676],[80.715438375460764,7.0493081891254858],[80.715442258263181,7.0493049377167374],[80.715445061805923,7.0493037371529619],[80.715451255602503,7.0493002246991052],[80.715452055873925,7.0492996134868324],[80.715452985555629,7.0492992500737399],[80.715455931159426,7.0492984646089463],[80.715460007247515,7.0492984651413986],[80.715460995745516,7.0492982645126387],[80.715474623083793,7.0492940675587628],[80.715475546434817,7.0492936607376739],[80.715485159437776,7.0492879358714715],[80.715489610597942,7.049285475812014],[80.715498560601361,7.0492827884524818],[80.715525056241589,7.0492711579003071],[80.715538435649592,7.0492662401732638],[80.715539417787497,7.0492662204064649],[80.715543415019809,7.0492670140120053],[80.715544231439637,7.0492675114916672],[80.715546887783475,7.0492705729438372],[80.715547729380916,7.0492723545538167],[80.715549358570996,7.0492735701654334],[80.715552376472161,7.0492736863113628],[80.71555337310572,7.0492735706890466],[80.715560956301061,7.0492706136642287],[80.715565969382354,7.0492697127160664],[80.71557307295113,7.049265788915954],[80.71557378723719,7.0492651143902272],[80.715576247069961,7.0492618908285856],[80.715577868607568,7.0492593227858809],[80.715579076639216,7.0492554714665383],[80.715580986907639,7.0492531024107326],[80.715583131593831,7.0492509431865127],[80.715583888423723,7.0492502704749391],[80.715586432238226,7.0492485869723245],[80.715587090411901,7.0492478382854502],[80.715589938698869,7.0492436480618137],[80.715592452835494,7.0492404823833077],[80.71559320891771,7.0492386033156578],[80.715593308617755,7.0492376176254821],[80.715592777946654,7.0492254970246977],[80.715588264594331,7.0492120655525836],[80.715588915523213,7.0492113412812536],[80.715622554036443,7.0491789395428421],[80.715623389541989,7.049178849220203],[80.715639076501418,7.0491861463712562],[80.715642620979224,7.0491881444643214],[80.715643575078019,7.0491879555867785],[80.715645506844851,7.0491873155834393],[80.71564630711265,7.0491867287873387],[80.715649189622653,7.0491838679105916],[80.715659272563286,7.0491770199429311],[80.71566873504068,7.0491732791200468],[80.715675820513397,7.0491692775449115],[80.715683926172588,7.049165020181321],[80.715685626271735,7.0491639044780836],[80.715687256683708,7.0491626910997685],[80.71568774378531,7.049161867332332],[80.715687991031004,7.0491608870872424],[80.715688118019855,7.0491588795248354],[80.715689334961127,7.0491561106711931],[80.715691255184524,7.0491537506593582],[80.715694139504535,7.0491508888782279],[80.71569714342678,7.0491401885116911],[80.715697595233323,7.0491393068635189],[80.715699551660464,7.0491369766987466],[80.715699829673625,7.0491360660898774],[80.715699848040956,7.0491340449486177],[80.715700338910267,7.0491320935010897],[80.71571002056649,7.0491204625589514],[80.715710021603584,7.0491194506307764],[80.715712372216217,7.0491138487061544],[80.715712887383546,7.0491129878654588],[80.715718616374659,7.0491058797917496],[80.71573720227299,7.0490953659315929],[80.715737781697072,7.0490945964350153],[80.715744088313897,7.0490796733472738],[80.715758190224108,7.0490665336773031],[80.715777711950736,7.0490431840923531],[80.715777321923511,7.0490423303684668],[80.715769845690687,7.0490302730715282],[80.71576775226491,7.0490280726014642],[80.715765619320095,7.0490234955868791],[80.715765101803981,7.0490215412952599],[80.715765412543306,7.0490195599818231],[80.715765965869508,7.0490176166811542],[80.715766072015938,7.0490157827444575],[80.715777071357934,7.0489992858539416],[80.71577707144624,7.0489986076178299],[80.715778428638046,7.04899624934108],[80.715778776582525,7.0489935590496398],[80.715779787562838,7.0489875328269207],[80.715780198053707,7.0489841661161101],[80.71578049150834,7.0489828449502552],[80.715778475209788,7.0489653127364784],[80.715776080813455,7.0489526375485516],[80.715775709463429,7.048940428345623],[80.715775967521793,7.0489398270097956],[80.715783331852606,7.0489283874796111],[80.715783569092579,7.0489277780022235],[80.715783570174565,7.0489264197214734],[80.715786724328595,7.048922878834353],[80.71578879926038,7.0489211193072459],[80.715791048997929,7.0489185649100774],[80.715795548349604,7.0489144038376548],[80.71579587982167,7.048913087198323],[80.715797589179644,7.0489103726671916],[80.715803482227855,7.0488250531357179],[80.715799786334316,7.0488249803104841],[80.715799733927639,7.0488242541388635],[80.71579874831842,7.0488231326604387],[80.715795402467919,7.0488181539725971],[80.715793841220616,7.0488165359505199],[80.715791655690083,7.0488126136531353],[80.715790003133094,7.048810113912217],[80.715788314478104,7.0488067713451663],[80.715786356961431,7.0488035779551392],[80.715786049284347,7.0488028978703881],[80.715782157420648,7.0487923648097315],[80.715779853929206,7.0487836867051765],[80.715782445404471,7.0487704867580598],[80.715780595722364,7.0487663990146157],[80.71577895764996,7.0487638893280771],[80.715777272616222,7.0487605449528319],[80.715775734232707,7.0487571318687001],[80.715773044696832,7.0487517761666849],[80.715772673756376,7.0487503274060961],[80.715772350690258,7.0487496536495531],[80.715771531654042,7.0487483992584146],[80.71577100128016,7.0487478683566867],[80.715770393925567,7.0487476394861073],[80.715760364355049,7.0487270460292244],[80.715760827028092,7.0487261282097773],[80.715761753561409,7.0487221267370055],[80.715762123000061,7.0487212052881842],[80.715771940092907,7.0487121254342719],[80.715786268657752,7.0487100636495219],[80.71579426816831,7.0487006344934606],[80.715800619315516,7.0486912593820454],[80.715801674017598,7.0486831315371621],[80.715801683200851,7.0486821223229752],[80.71580135474278,7.0486811474288995],[80.715801247289733,7.0486791118022163],[80.71580257357131,7.0486777726841812],[80.715803639212353,7.0486760112172506],[80.71580484710833,7.0486731763470871],[80.715807333005131,7.0486713499539171],[80.715815362674277,7.0486666621241625],[80.715816875431003,7.048665280527505],[80.715818117569114,7.0486636375487048],[80.715818324077759,7.0486626790017937],[80.715818246496141,7.0486606424746547],[80.715815932516193,7.0486560482547409],[80.71581474708411,7.0486532022219626],[80.715813701471376,7.0486471305162732],[80.715812750495246,7.0486441995083391],[80.715812071691843,7.0486434994804936],[80.715808560733109,7.04864132053007],[80.715805885550878,7.0486369613850375],[80.715805417326692,7.0486318465194184],[80.715805720688834,7.0486309042627413],[80.715809008231787,7.0486248439715542],[80.715810399881462,7.0486150540396721],[80.715811073552516,7.0486134571071277],[80.715812008806353,7.0486119976644073],[80.715814750118895,7.0486090047382168],[80.715839563676781,7.0486057831729028],[80.715850144194803,7.0486009591220817],[80.715850554298186,7.0486005657983428],[80.715860906799719,7.0485880695104397],[80.715860907769695,7.0485875712330923],[80.71586022093561,7.0485859786455061],[80.715860175749924,7.0485854098255949],[80.715860176730374,7.048584831064205],[80.715860725645484,7.0485819970126737],[80.715860757401998,7.04858142187254],[80.715860757702487,7.0485791104438116],[80.715860490063776,7.0485768161622975],[80.715860091819181,7.0485765077392637],[80.715857883244482,7.0485757767662749],[80.715855308378281,7.048572650215692],[80.715851793111568,7.0485687973782154],[80.715850458198645,7.0485669053783102],[80.715849593030299,7.0485654004861029],[80.71584937132647,7.0485648750504089],[80.715848892850289,7.0485620245878717],[80.715848705542939,7.0485615054868447],[80.715843904043609,7.0485573007039077],[80.715840517105562,7.0485550539461919],[80.715840118874866,7.048554638813993],[80.715839391217486,7.0485537362133206],[80.715839184900645,7.0485532207270705],[80.715838669538414,7.0485486267406934],[80.7158384423998,7.048548129338041],[80.715836796067265,7.0485464950273888],[80.715834043653928,7.0485443659129468],[80.71583186782091,7.0485424466743511],[80.715831591798846,7.0485419727775298],[80.715831135876627,7.0485397065053172],[80.715830889727798,7.0485392181433495],[80.71582954747177,7.0485381083747649],[80.715828446857287,7.0485373431814953],[80.715832379112371,7.048522662140269],[80.715832112122584,7.0485223392651992],[80.715832730788918,7.0485191109414815],[80.715833034539671,7.0485151799242134],[80.715833368675518,7.0485072988635888],[80.715834382081525,7.0485034873080208],[80.715834663850274,7.0485015349288158],[80.715834906519945,7.0485009344952632],[80.71583720622823,7.0484969386264185],[80.715838660252913,7.0484947413300354],[80.715846898949707,7.0484836184222655],[80.715847613241124,7.0484828905415098],[80.715860610427484,7.0484586574941819],[80.71588710979124,7.0484109773134316],[80.715892623217414,7.0484047762371258],[80.715894617827288,7.0484011474802353],[80.715897842705573,7.0483966543578704],[80.715898307133301,7.0483961606621728],[80.715903072433562,7.0483933226357198],[80.715906220137768,7.0483906200467112],[80.715910162754412,7.0483867338125847],[80.715911257241416,7.0483858893243978],[80.715911662830905,7.0483854010469607],[80.715912356496943,7.0483831774266346],[80.715919149671265,7.0483645222915845],[80.715918178650327,7.0483625959750587],[80.71591806382753,7.0483615442419829],[80.715918063621544,7.0483561608555609],[80.715918377855203,7.0483551444463943],[80.715948660682031,7.0482813255309988],[80.715951321806244,7.0482754315514455],[80.715953127107781,7.0482727441615367],[80.715953454007661,7.0482717765869767],[80.715955801459728,7.04826954685063],[80.715958510026795,7.0482677530407996],[80.715960280024589,7.048265074689442],[80.715964859080117,7.0482604913104883],[80.715969218900014,7.0482572878875906],[80.715977085490437,7.048253643613136],[80.71598085860613,7.0482515171531768],[80.715982719116838,7.0482488858378272],[80.715983179981308,7.0482479472186652],[80.715983215702622,7.0482447188191957],[80.715983675955059,7.0482415203170969],[80.715983722678402,7.0482372148800474],[80.715987042731271,7.0482247312431356],[80.715990763585836,7.0482067964480262],[80.715990777521171,7.0482040410024096],[80.715993489830907,7.0481873467966922],[80.715995792029929,7.0481850618910569],[80.715996230260373,7.0481841549199649],[80.7159967429495,7.0481744733913043],[80.715995660258685,7.0481681231521058],[80.715995660538326,7.0481659672654651],[80.715995153139261,7.048162779489858],[80.71599507132494,7.0481584767490908],[80.715994610092068,7.04815527812766],[80.715990776246244,7.0481440894476863],[80.715990776950719,7.0481247027454783],[80.715990233341131,7.0481215375730146],[80.715989642812843,7.0481032504411374],[80.715981027330031,7.0480882883402849],[80.715972850949569,7.0480796555959602],[80.715972297085131,7.0480787864776264],[80.715970740571464,7.0480616305185029],[80.715972236001221,7.048054243363941],[80.71597387219748,7.0480502727292071],[80.715976837103199,7.0480471622699783],[80.715980383963895,7.0480446921410325],[80.715983225781827,7.0480414405927094],[80.71598382422718,7.0480405634847525],[80.715985390876426,7.0480354145186901],[80.715987563816299,7.0480317116306113],[80.715988063481973,7.0480317116952991],[80.715998012902389,7.0480211777150226],[80.716011049139496,7.0480097615227351],[80.716011698215922,7.0480093438132503],[80.716025402398728,7.0480055646461626],[80.716035785435494,7.0480017741972443],[80.716038701213662,7.0480005655054558],[80.716039375632334,7.0480001713114095],[80.716041196167495,7.0479986649583193],[80.716041894111072,7.0479983485383988],[80.716043444743633,7.0479980421762374],[80.716048510479368,7.0479958453463318],[80.716049157741466,7.0479954574789607],[80.716050106544586,7.0479942033169412],[80.716051489761853,7.0479935487718643],[80.716052438565058,7.0479922937055175],[80.71605497967721,7.0479904419972979],[80.716058549966746,7.0479887848498395],[80.716059214431326,7.0479883671422909],[80.716064182623796,7.0479844909868534],[80.716065644560317,7.0479840860428213],[80.716069248335401,7.0479824786369427],[80.716069844014228,7.0479819930968644],[80.716073383859111,7.047977773117001],[80.716074530097018,7.047975722279042],[80.716082762493102,7.0479642096062225],[80.71608308302207,7.0479635051863587],[80.716086279814235,7.0479521799599798],[80.716093161430166,7.0479354844837623],[80.71609618107081,7.0479290922721036],[80.716096620169594,7.0479284665429578],[80.716097884843549,7.0479275262189161],[80.716100116240781,7.0479267478921601],[80.716104036681656,7.0479263034758919],[80.716112649433015,7.0479274114701873],[80.716118172907514,7.0479274311744247],[80.716122954484803,7.0479246727274383],[80.716125843114824,7.0479233998252369],[80.71613253097793,7.0479210033503348],[80.716133261485382,7.0479208632758841],[80.716134624607761,7.0479216022772047],[80.716145617109916,7.0479226870660696],[80.716147897370419,7.0479220398710689],[80.716151797916083,7.0479214480484726],[80.716158674886174,7.0479196529670247],[80.716164949195161,7.0479163403672898],[80.716169372385551,7.0479130465191453],[80.716191984364215,7.0479037114818999],[80.716195182630585,7.0479019647582168],[80.71621065403582,7.0478889084472138],[80.716227075651389,7.0478777061037627],[80.716240217142158,7.0478642687747266],[80.716255329161257,7.0478513887572767],[80.716264708447838,7.047846730935845],[80.71626929266175,7.0478442048708176],[80.716278924026994,7.0478361712740947],[80.716282516101472,7.0478340312235561],[80.716286494580316,7.0478327602693813],[80.716294363776782,7.0478298900833405],[80.716297416178847,7.0478291326606364],[80.716304663287687,7.0478279769753325],[80.716316743512991,7.0478244851625718],[80.716325043360655,7.0478233160477695],[80.716328067714628,7.047822458242325],[80.716332042579026,7.0478211366456698],[80.716339651164219,7.0478176135099382],[80.716346571658448,7.0478152197748516],[80.716348401179445,7.047814212603515],[80.716352539219699,7.0478110172872244],[80.71635346529122,7.0478105435453928],[80.71637363226904,7.047801761625319],[80.716391840612431,7.0477914303610687],[80.716412657942271,7.0477793378260998],[80.716424967751834,7.0477713968107629],[80.716427980328632,7.0477706104440276],[80.716436546923319,7.0477646096070083],[80.716439807833353,7.0477614078470188],[80.716448561605858,7.0477569326130647],[80.716454845799149,7.047754152652141],[80.716456020830776,7.0477534239252826],[80.716458622474093,7.0477524557382401],[80.716461035889182,7.0477510878198419],[80.716463297261939,7.0477494883772636],[80.716465202793543,7.0477486747386218],[80.716467056194958,7.0477449790416875],[80.716468054045706,7.0477424118198586],[80.716469526979481,7.0477409497318595],[80.716471835546031,7.0477383871999484],[80.716477833040216,7.0477336891499762],[80.716478147214062,7.0477331248978272],[80.716478768611339,7.0477297337967526],[80.716494013761377,7.0477092041887879],[80.716494428409746,7.047708652609928],[80.716503610969397,7.0476992525310376],[80.716519058503678,7.0476886903070417],[80.716531059961483,7.0476782406797387],[80.716538924824704,7.0476738394838412],[80.716550363458964,7.0476688310465923],[80.716558918784614,7.0476659690828765],[80.716562095278007,7.0476645759409671],[80.716564580184823,7.047663344582725],[80.716564900687175,7.0476628400161081],[80.716599227026222,7.0476440645090239],[80.716599853547791,7.0476430553738956],[80.716603643812888,7.047641251751398],[80.716621785912366,7.0476391696301013],[80.716632853928829,7.0476372240579011],[80.716634248844514,7.0476370931109189],[80.71663561565633,7.0476372967568244],[80.716642218716771,7.047639679567979],[80.716643529445193,7.0476395838784507],[80.716646137432548,7.0476385478675496],[80.716650728971487,7.047635339041932],[80.716653314329037,7.0476343030280839],[80.71667298412271,7.0476343046419441],[80.716676984330107,7.047632981236946],[80.716680018897364,7.0476301113298154],[80.716681135990655,7.0476294250977798],[80.716693779694239,7.0476294249071705],[80.71669651525869,7.0476288148446278],[80.716697586206493,7.0476279784903744],[80.716711191218025,7.0476138882917407],[80.716729296723045,7.0476006839925258],[80.716748324434491,7.0475747651428842],[80.716759553779752,7.0475570673269097],[80.716764773946039,7.0475505261800224],[80.716766865401183,7.0475468947186473],[80.71676994907709,7.0475422324650383],[80.716773359709975,7.0475361387227],[80.716778294537676,7.0475311846118798],[80.716781578904246,7.0475285643269148],[80.71678678219773,7.0475265447521789],[80.716790442148564,7.047524468912723],[80.716795141383514,7.0475214129286199],[80.716802396666921,7.0475129196253627],[80.716803640477394,7.0475123039457745],[80.716825854420989,7.0474936986944465],[80.71682585469965,7.0474915201998529],[80.716843438313532,7.0474750964683803],[80.716845233434753,7.0474740901949815],[80.716855566294711,7.0474661371596721],[80.716857492657937,7.0474652131956548],[80.716870442597909,7.0474629721469499],[80.716876602700623,7.0474607636914461],[80.716881351905556,7.0474562544787629],[80.716886830580762,7.0474526297790634],[80.716899145376885,7.0474480383340685],[80.716901268097999,7.0474476488450222],[80.716919681482324,7.0474405423729936],[80.717003836361442,7.0474031759484719],[80.717035049908674,7.0473828789549442],[80.717044394819993,7.0473708120611214],[80.717046737008786,7.0473671887691651],[80.717054153798117,7.0473627459089832],[80.717054322432446,7.0473606352594027],[80.717060531011555,7.0473544749514048],[80.717063717406859,7.0473463817380528],[80.717064889857838,7.0473445786831865],[80.717072180390375,7.0473364434888284],[80.717078846027732,7.0473307715687561],[80.71708759733761,7.0473241992160354],[80.717092323008444,7.0473196565385177],[80.717112684180833,7.0473067988634206],[80.717128176632457,7.0472987153518059],[80.717133257954387,7.0472948636156456],[80.71714086116107,7.0472908123460893],[80.717140995051352,7.0472843103387737],[80.717147302064959,7.0472728353832856],[80.717163910155023,7.0472398942034191],[80.717180467266488,7.0472091993347128],[80.717180960897252,7.0472068219534076],[80.717183911780168,7.0471999866113428],[80.717185563977083,7.0471982134594242],[80.71719146187182,7.0471936293311259],[80.717201692325631,7.0471865227137531],[80.717203913772281,7.0471856512359698],[80.717223741357472,7.0471832347084025],[80.717236227262859,7.0471712125203156],[80.717236915492677,7.047168964480651],[80.717257873980543,7.0471212473427602],[80.717263797943957,7.0470895663241322],[80.717264685300322,7.0470874358705959],[80.717303869209701,7.0470655618390223],[80.717315547788274,7.0470526922033851],[80.717318119065936,7.0470484413444341],[80.717319670788314,7.0470466482843683],[80.717329148520804,7.0470435124157014],[80.717339847732546,7.0470373906535348],[80.717344850505711,7.0470319039036431],[80.71735346982247,7.0470168201168724],[80.717356747983445,7.0470131146490571],[80.717364276792225,7.0470032305349939],[80.717371341779454,7.0469962202750205],[80.717372783080165,7.0469943340563539],[80.717372639780365,7.0469894000959261],[80.717371848943003,7.0469870469684048],[80.71737033207738,7.0469852173474097],[80.7173624585906,7.0469792514899936],[80.717360245060348,7.0469748092149516],[80.71735155761607,7.0469489428997996],[80.717358594925344,7.0469174853863263],[80.717359394491581,7.0469152445950538],[80.717401333513678,7.0468883130701059],[80.717435927130893,7.04685256987272],[80.717441922297809,7.0468446379794933],[80.717443877171959,7.0468401293121437],[80.717447675248934,7.0468337426154957],[80.71744957633797,7.0468322272238026],[80.717459054970433,7.046829091352568],[80.717461111722756,7.0468278065807946],[80.717468250015429,7.0468208813341313],[80.717482231072765,7.0468104753388054],[80.717482678522757,7.0468082100863407],[80.717482678244536,7.0468032535360656],[80.717480318143217,7.046791103766739],[80.717480182399228,7.0467836766109242],[80.717482404047757,7.0467740341811123],[80.71748767400257,7.0467601626551],[80.717486446981383,7.046735412304284],[80.717487674166463,7.0467159289935628],[80.717496416708428,7.0466998170133337],[80.717498639950236,7.046699043200352],[80.717506201809854,7.0466925837287118],[80.717507329688317,7.0466853213176659],[80.717508177231508,7.0466830561156586],[80.717512926576873,7.0466773251668142],[80.717516979470972,7.0466744490523485],[80.717520367143393,7.0466708439760852],[80.717532179348481,7.0466462263959588],[80.717532791555669,7.0466438562636808],[80.717534997275905,7.0466241488060612],[80.717535734393493,7.0466218230009829],[80.71755089356752,7.0465933398960381],[80.717566443926074,7.0465708759602395],[80.717568677166696,7.046569765743012],[80.717570821190449,7.0465655139243557],[80.717579294419608,7.0465602600182065],[80.717588255967726,7.0465516602080953],[80.717593335249958,7.046535191464117],[80.71759498994389,7.0465279490141146],[80.717597819168333,7.0465239079870434],[80.717605932651608,7.0465145330717807],[80.717614048396641,7.0465087510000055],[80.717621688088201,7.0465023674986753],[80.717622546475312,7.0465002406580064],[80.717622555560411,7.0464928044772019],[80.717624978153339,7.0464831864883717],[80.717631916411278,7.0464761056716885],[80.717632969418702,7.0464739399699416],[80.717638316967069,7.0464548333724348],[80.717639494861345,7.0464528982867281],[80.717658088329117,7.0464457809558159],[80.717697967898573,7.0464482900220906],[80.717715298347031,7.0464505828315609],[80.717740201143371,7.0464493298689828],[80.717744668527274,7.0464471139545379],[80.717748674339731,7.0464443047513869],[80.717748787796197,7.0464418594979872],[80.717755115499813,7.0464312020370112],[80.717767975600253,7.046416112444728],[80.717769753971965,7.0464114907143474],[80.717770175499339,7.0464066065621589],[80.717773711426332,7.0463973386822474],[80.717780159129219,7.0463897767061301],[80.717784155004637,7.0463868029161087],[80.717788869947114,7.0463810665341207],[80.717792382519875,7.0463775519029861],[80.717792394910688,7.0463725980671228],[80.717795745849259,7.046365947251334],[80.71779770392456,7.0463647302892625],[80.717826484523499,7.0463564313867391],[80.717875360528993,7.0463463091910707],[80.717908523337158,7.0463292444036441],[80.717947556657279,7.0463236633407345],[80.717974775776909,7.0463155604697869],[80.717994528119547,7.0463137118095185],[80.717996536981957,7.0463117189507276],[80.718001387230117,7.0463097246388653],[80.718009846233642,7.0463095629206354],[80.718012562769658,7.0463090333319407],[80.718025686826991,7.0463039301157222],[80.718027880313159,7.046302212191641],[80.718033156917144,7.0463001184581104],[80.718035241786694,7.0462983525917133],[80.718038491984231,7.0462937862075634],[80.718038610913538,7.0462909955064026],[80.718041154219279,7.0462859488425753],[80.718044568243371,7.0462814810492036],[80.718045595946464,7.0462789698949999],[80.718045596101391,7.0462705082197781],[80.718048841639231,7.0462597816413233],[80.718070266648724,7.0462371909142814],[80.718071877265288,7.0462348986771186],[80.718086382722817,7.0462074174532923],[80.718104821367831,7.0461859883961671],[80.718106977753095,7.0461841691837703],[80.718131714383873,7.0461652142136622],[80.718139163677208,7.0461611981765486],[80.718150218146505,7.0461586783262931],[80.718172951939636,7.0461586775460461],[80.7181868080296,7.0461556416806141],[80.718205106462037,7.0461479165912362],[80.718212459836963,7.0461436410025664],[80.718217743670365,7.0461416232303149],[80.718225073515512,7.046137305135705],[80.718235239404777,7.0461322594208937],[80.718240595633659,7.0461303962952533],[80.718262724499681,7.0461252290837333],[80.718265276359034,7.0461241478409091],[80.718271893946863,7.0461188186326735],[80.718275912573247,7.0461148292954796],[80.71828731860279,7.0461022553117143],[80.718288564434346,7.0460999051521931],[80.71828856423285,7.0460942649395859],[80.718289154742294,7.0460916434039627],[80.718327245743382,7.0460424561229473],[80.718337943921995,7.0460225489595221],[80.71836457136466,7.0459971880446588],[80.718375866454309,7.0459886418638149],[80.718378350455339,7.0459873055950846],[80.71841237279672,7.0459730614366709],[80.718414665833066,7.0459714836919192],[80.718420695126568,7.045965500588677],[80.718420616431544,7.0459650484214071],[80.718423313095997,7.0459641571018397],[80.718425382590922,7.0459622582974246],[80.718427778780836,7.0459609835109562],[80.718433351252528,7.045959878225891],[80.718449375600343,7.0459540980258915],[80.718459761386185,7.0459495153427092],[80.718463330658039,7.0459485689680195],[80.718477595857507,7.0459384722531695],[80.71847738307234,7.0459390039639667],[80.718489621990955,7.0459399749085208],[80.718513144128195,7.0459404860517756],[80.718514138007251,7.0459406209179765],[80.718521358212584,7.0459444425443447],[80.718530940085316,7.0459479967862215],[80.718534649339318,7.0459496403864943],[80.718534650118343,7.0459506559323444],[80.718535441183761,7.0459512067582581],[80.718535908139714,7.0459521789547779],[80.718580892374874,7.045959156798812],[80.718582608399046,7.0459608589322293],[80.718599688190466,7.0459623992877365],[80.718602629887258,7.0459637091001737],[80.718610563958208,7.0459701777435964],[80.718626312503275,7.045976726029739],[80.718631811922961,7.0459807545295119],[80.718636852344943,7.0459853291786629],[80.718642732913935,7.0459888323184847],[80.718645896425357,7.0459897921881938],[80.718649326180881,7.0459897926126285],[80.718659476749167,7.0459914442435032],[80.718674482837571,7.0459996410024042],[80.718676383399242,7.046002321627153],[80.71867902451595,7.0460041016457309],[80.718682285777945,7.0460051411070168],[80.718709517022745,7.0460085157604082],[80.718722358327199,7.0460132939394819],[80.71873159973795,7.0460177723450954],[80.718734803562455,7.0460221306349737],[80.718741663979301,7.0460221305783168],[80.718758534307185,7.0460193301901484],[80.718764859166683,7.046016794367743],[80.718773741491617,7.0460117484826243],[80.71879052319008,7.0460083051144142],[80.71880759883318,7.0460068114849959],[80.718896759821618,7.0460067103446713],[80.71890638327821,7.046003408971977],[80.718908813078073,7.0460011692830591],[80.718920674903984,7.0459844888453596],[80.718943245615137,7.045963609182734],[80.718947363079721,7.0459581620960741],[80.718946182802611,7.0459574538721146],[80.718906737173057,7.0459523468689911],[80.718905022537825,7.0459540494829085],[80.718898163027262,7.045954048637765],[80.718878110976206,7.0459494576723154],[80.718868450337567,7.0459459992852027],[80.718855471303485,7.0459350391958022],[80.718837962681363,7.0459243290426219],[80.718835308026541,7.0459222261827925],[80.718814245274046,7.0458998300318472],[80.71881276832984,7.0458972290396362],[80.718838581160369,7.0458491714988618],[80.718854412112918,7.0458114653240305],[80.718856319663487,7.0458088656535764],[80.718865957595028,7.0458055986474237],[80.718870818138242,7.0458007955252722],[80.718887670548398,7.045789086723004],[80.71890572662079,7.0457792879817198],[80.718912167304723,7.0457770397437036],[80.718922267600817,7.0457752721476075],[80.718939127250806,7.0457635588227712],[80.718945538078145,7.0457611894024028],[80.718954467451368,7.0457562619848009],[80.718961159665881,7.0457549126661956],[80.718962837224652,7.0457529089105932],[80.718976159263534,7.0457496595375115],[80.718993032325969,7.0457466140717591],[80.719020249914948,7.0457431710744274],[80.719057384219028,7.04573654972251],[80.71911910513154,7.0457158647659348],[80.7191211092278,7.0457157655372589],[80.719190672900211,7.0456858747024809],[80.719308105883357,7.0456755220158085],[80.71931069229511,7.0456731340362309],[80.719301025687869,7.0456371592021245],[80.719300540177414,7.0455733958905276],[80.719302991046305,7.0455690853206558],[80.71933330762576,7.0455389970419118],[80.719336464527785,7.0455347842242171],[80.719342704874336,7.0455200889637002],[80.719352267015722,7.0455073501425387],[80.719364604136871,7.0454972395998032],[80.719385850982405,7.0454947408605015],[80.719407268644417,7.045494396219512],[80.719432915317782,7.0454868166692339],[80.719450618590187,7.0454750075712047],[80.719455352978002,7.0454728631136421],[80.719476640543348,7.0454704629455431],[80.719487357952147,7.0454704615396722],[80.719495705428372,7.0454643132153265],[80.71951568020954,7.0454566551977713],[80.719529059041548,7.0454478053927403],[80.719533936431745,7.0454457956947429],[80.719549535982992,7.0454419253182756],[80.719554805160982,7.0454412088382838],[80.71957624269254,7.0454412087359577],[80.719619033894574,7.0454385733441978],[80.719664090333353,7.0454098613955667],[80.719724833660123,7.0453661578044375],[80.719809990364254,7.0453107616596755],[80.719829726242821,7.0453024597272815],[80.719865055370477,7.0452899374362898],[80.719894336118585,7.0452767859113923],[80.719898101166393,7.0452736655760217],[80.719956409415744,7.0452157422096473],[80.719958155389989,7.0452168122255046],[80.719968832584129,7.0452124818475621],[80.720000247142977,7.0451968934448841],[80.720003223689858,7.0451944548668939],[80.720008745082495,7.0451889771935052],[80.720015314274974,7.0451793705441164],[80.720027279246182,7.0451550902260918],[80.720071431368325,7.0451112715452897],[80.720125231260084,7.045079889259898],[80.720188877115191,7.0450613105424056],[80.720192347799312,7.0450596370732335],[80.720208647854122,7.0450490250901927],[80.720227104441122,7.0450427640258591],[80.720241370926701,7.0450364717099445],[80.720248626222698,7.0450345427745535],[80.720254872564325,7.0450298944423029],[80.720260143804282,7.0450195325301488],[80.720264604948156,7.0450087943254145],[80.720273629628835,7.0450014505638734],[80.720286690663258,7.0449930166835202],[80.720292785860963,7.0449881775220904],[80.720295040141139,7.0449851221124975],[80.720302969885367,7.0449674464191983],[80.72031162554822,7.0449500990793377],[80.720317266660857,7.0449275741733297],[80.720315826930374,7.0449240887700801],[80.72031640397033,7.0449204607273845],[80.720317791148432,7.0449168562942281],[80.720323974750798,7.0449070081418652],[80.720349672852464,7.0448778606326394],[80.720385479034078,7.0448421969364974],[80.720387854596154,7.0448392383027034],[80.720408617237354,7.0447605581484636],[80.720410149233246,7.0447570423552452],[80.720432745196888,7.044720818203591],[80.720444670129098,7.0447055493690742],[80.720451121260268,7.0446914988948226],[80.720455802716103,7.0446853039934068],[80.720489567251249,7.0446758606597246],[80.720491054800362,7.0446731099114661],[80.720493062485019,7.0446656983855975],[80.720500375658261,7.044656624459753],[80.720509410288145,7.0446492580867925],[80.720512861959946,7.0446475782826905],[80.720546592990715,7.0446382072860469],[80.720553580526342,7.0446347617774192],[80.720568724720664,7.0446310043514586],[80.720576516563895,7.0446309094260684],[80.720595357681077,7.0446259171469823],[80.720599067267898,7.0446247564499425],[80.720630845560137,7.0446099240549636],[80.720645944509599,7.0446060345910597],[80.720715159080157,7.044594164675396],[80.720759167081255,7.0445889004798277],[80.720779076906481,7.0445865181740377],[80.720812000759736,7.0445825792826744],[80.720854821902236,7.0445862414309097],[80.720858214500495,7.0445865312154661],[80.72088832975119,7.0445962182041617],[80.720921518987808,7.0446060999840716],[80.721032715343028,7.0446228204095238],[80.721081095186335,7.0446344872892839],[80.721088863448614,7.0446347812080496],[80.721100428793477,7.0446364926383147],[80.721104217046971,7.0446360336950891],[80.721115470685561,7.0446328373701075],[80.721121714297695,7.044628189025774],[80.721137276908834,7.044622526239019],[80.721203784020474,7.0446186446498738],[80.721270564533,7.0446068096323726],[80.721297886904566,7.0446198250486924],[80.721300828514728,7.0446218610092277],[80.721300828360597,7.0446231641272634],[80.721329654145137,7.0446293774611206],[80.721330877686938,7.0446316465320464],[80.721333325115737,7.0446332646405132],[80.721358448467029,7.0446414064398395],[80.721374734664479,7.044648140986058],[80.721403949693226,7.0446619189569528],[80.721406453264308,7.0446633643474694],[80.721411963223503,7.0446702016187439],[80.721423022544542,7.0446798157909871],[80.721425712655375,7.0446806553122601],[80.721478353042883,7.0446861543196073],[80.721481162795584,7.0446856599898808],[80.721493105469776,7.0446808422999307],[80.721494476764022,7.044681360633807],[80.721605489377467,7.0446752388068168],[80.721621055793477,7.0446833695224695],[80.721632797841892,7.0446834712794848],[80.721638259473551,7.0446856395636122],[80.721640728644644,7.0446871175041874],[80.72164280670691,7.0446891813950483],[80.721653812368814,7.0446932927982422],[80.721656090513946,7.0446950429151718],[80.7216590052128,7.0446950179362169],[80.721660502557427,7.0446935838680957],[80.721669323585999,7.0446935830939799],[80.721671985836579,7.044692720689576],[80.721681491085789,7.0446858589568695],[80.721683571443322,7.0446837964580427],[80.721684820852005,7.0446816398130423],[80.721698640894218,7.0446766821690519],[80.721700750181228,7.0446749289493189],[80.721701643916987,7.0446722197260385],[80.72170164425988,7.0446692996926528],[80.721702510845688,7.0446665425374979],[80.721704959207287,7.0446602288964559],[80.721755893454301,7.044649169663268],[80.721805310818482,7.0446440461713644],[80.721823318018025,7.0446410170132365],[80.721894459753059,7.0446364621530551],[80.72190358469777,7.0446383839839051],[80.721908845327278,7.0446409953558113],[80.721920593716263,7.0446410527948968],[80.721929269743811,7.0446425097548637],[80.72193221068963,7.0446425110024142],[80.721940703407469,7.0446401806691652],[80.721943331292493,7.0446390424431042],[80.721945409838469,7.0446369781342462],[80.721950452812194,7.0446353672331226],[80.722059004402652,7.0446353672244424],[80.722223310239741,7.0446562732922615],[80.722379188690141,7.0446939027305229],[80.722522424928613,7.0447273509132371],[80.722549394214553,7.0447491118472403],[80.722557078971434,7.0447670688145383],[80.722563869019552,7.0447805366583225],[80.722578344454021,7.0447908628934242],[80.722730829189075,7.0448385161562497],[80.722829190012234,7.0448642054847426],[80.722908567886932,7.04488475610734],[80.722951706232735,7.0448933185837204],[80.72298276869671,7.0449001705185088],[80.723041440104339,7.0449001699959899],[80.723082852173135,7.0448779068740448],[80.72310163083263,7.0448648624651087],[80.723117366921315,7.0448539301881032],[80.723152491108308,7.0448514979721866],[80.723191567365504,7.0448487931010533],[80.723245061497295,7.0448453673213374],[80.723272670823462,7.0448350920197562],[80.723267495064675,7.0448025523643132],[80.723293378359756,7.0447511757432117],[80.72333134198395,7.0447100744184095],[80.723384834051018,7.0446689712374226],[80.723448682650769,7.0446330075438546],[80.723481469364145,7.0446090306344855],[80.723485785319411,7.0446087354128171],[80.723531509280747,7.0446056062386937],[80.723572927625483,7.0446552713936805],[80.723602259816616,7.0447220610974037],[80.723624695733463,7.0447700140398171],[80.723655753545273,7.0448179661469963],[80.723693720513793,7.0448590679411751],[80.723733408115891,7.0448933206437703],[80.723766195494591,7.0449275716604758],[80.723790352845825,7.0449857987127755],[80.723804158366931,7.0450371753145218],[80.723817861180379,7.0450682599775343],[80.723837742738155,7.0451158852593858],[80.723839986956889,7.0451215772714191],[80.72385937773285,7.0451707579189655],[80.723907695577424,7.0452598130732378],[80.723959463566558,7.045360852593709],[80.724004326025451,7.0454447699351617],[80.724062994949833,7.0455560868551697],[80.724126846922317,7.0456519912018045],[80.724164876608526,7.0457078902717525],[80.724191382120267,7.0457659801089862],[80.724216782896079,7.0458196866058795],[80.72425654065546,7.0458832580705302],[80.724281942181136,7.0459303874802268],[80.724309551879145,7.0459819021587968],[80.724349312720861,7.0460586250697634],[80.724390174528793,7.0461331569445003],[80.724427720964016,7.0461967281475575],[80.724457541553605,7.0462285118128332],[80.724498402188047,7.0462570095191674],[80.724542577626622,7.0462855075903521],[80.724581231980764,7.046300852685877],[80.724607739180612,7.0463282536627352],[80.724629824573356,7.0463797677086557],[80.724650808303934,7.0464236103265669],[80.724677752196371,7.0464475839937135],[80.724682835232585,7.0464521079411337],[80.724619282954947,7.0465325840281272],[80.724608207938061,7.0465491616067775],[80.724602760615795,7.0465563702016816],[80.724544635538194,7.0465906300510053],[80.724512486350577,7.0466113886459611],[80.724478400709003,7.0466425267513211],[80.724455160293857,7.0466559812766363],[80.724433081024586,7.0466794304200429],[80.724416813803913,7.0467124903660174],[80.724384276947575,7.0467920637507575],[80.724440828538718,7.0468416527420779],[80.724454385301087,7.0468439593507695],[80.724472203008773,7.0468524166799904],[80.724486146421228,7.0468616422452159],[80.724500866443734,7.0468712531346238],[80.724505125884704,7.0468827845295721],[80.724505127186333,7.0468954711654668],[80.724504352360682,7.0469196886361196],[80.724505747352907,7.0469431991737457],[80.724508721203023,7.0469648497109247],[80.724511943185561,7.046993634417019],[80.724509217249661,7.0470216814447655],[80.724494344024762,7.0470546484035159],[80.724484674706133,7.0470797429741729],[80.724462117076556,7.0470743308508128],[80.724441541730585,7.0470696568682278],[80.72442840325796,7.0470745766871756],[80.724418239704107,7.0470834342249047],[80.724383037615567,7.0470849097606019],[80.724320815340604,7.0470807275961826],[80.724266773758544,7.0470802341344339],[80.724230113946405,7.0470769148174126],[80.724218108329495,7.0470857558671058],[80.724180149196997,7.0471261184340834],[80.724131343166235,7.0471745553159018],[80.72408292739199,7.047221837425953],[80.724040317931923,7.0472572040234649],[80.724016303187,7.0472818068349978],[80.723997324358606,7.0473033337312421],[80.723991126045732,7.0473075616119996],[80.723972535199238,7.0473240913059891],[80.723950455873904,7.047347541329863],[80.723923341873373,7.0473790636065008],[80.72390358702863,7.0474028964148037],[80.723888482410118,7.0474163518265716],[80.723871050936793,7.0474263452579784],[80.723853232859341,7.0474371100258848],[80.723817211952991,7.0474590211371799],[80.723795908151587,7.0474763191859324],[80.723780026403418,7.0474859302633694],[80.72376104748389,7.0474920801772702],[80.723747490741928,7.04749746293896],[80.723724249140645,7.0475128390962603],[80.723702558346886,7.047526292853866],[80.723668859206001,7.0475405166339593],[80.723615795309698,7.0475628128496011],[80.723582871214305,7.0475831869574668],[80.723548397549322,7.0476104798015173],[80.723518573234088,7.047643155652926],[80.723472867010003,7.0476389264141961],[80.723423285664822,7.0476346985395866],[80.72340663011046,7.0476350827903795],[80.723398498256458,7.0476396956816858],[80.723397845555837,7.0476481572829686],[80.723397846814592,7.0477007133578962],[80.723402575734298,7.0477307452918883],[80.723424325755119,7.0477776708588218],[80.723430944609547,7.0478086416860419],[80.723422433677158,7.0478274115858879],[80.723401629443373,7.0478611980481372],[80.723360966214813,7.0478949831562216],[80.723324127165441,7.0479230073049983],[80.723309408256497,7.0479353088355072],[80.723291592176523,7.0479441501037803],[80.723264090109083,7.0479568354155218],[80.723231941472889,7.0479714436740251],[80.723214898626196,7.0479864352736952],[80.723198629497375,7.048003350438937],[80.723185072391715,7.0480275682564519],[80.723171516391801,7.0480579372241774],[80.723150598554227,7.0480875366834068],[80.723113802947353,7.0481232854786899],[80.723085913623947,7.048150195610086],[80.723056864213518,7.0481659572120883],[80.723033622532355,7.0481736448483145],[80.72298055762684,7.0481801796847554],[80.722921681608838,7.0481847930840003],[80.722881398893577,7.0481836390798405],[80.722846150413332,7.0481863298931362],[80.722837072980354,7.0481877992670912],[80.722814377078919,7.0482037542024836],[80.722734943375698,7.0482778961854651],[80.722657400415542,7.0483614233530529],[80.722573236125356,7.0484355656669599],[80.722528377270081,7.0484767420873071],[80.722421991801809,7.0485471298037723],[80.722331857916231,7.0485881897328744],[80.722213651340482,7.0486131188314793],[80.722108742275239,7.0486204496705023],[80.722042250001891,7.0486629754759127],[80.721984627063591,7.0487187007829819],[80.721941776528482,7.0487231007003643],[80.721853121639896,7.0487333642638133],[80.721783675592448,7.0487612262198889],[80.721686154675965,7.0488301489100964],[80.721614865654701,7.0488578098666972],[80.72147417697883,7.0490797764102737],[80.721319061511451,7.0492301420721324],[80.721156728498315,7.0493375437293393],[80.721062936349412,7.0494556876835377],[80.720915035503779,7.0496096342455763],[80.720731058397604,7.0497528386197681],[80.720637266636629,7.0497981354001666],[80.720446075172006,7.0499998651513174],[80.720330637844114,7.0501466505289478],[80.720312601298247,7.0502110925501587],[80.720312602628056,7.0502826943920596],[80.720330639168978,7.0503686164193304],[80.720384749940166,7.0504366373456815],[80.720406394050329,7.0505046606990778],[80.72044607477001,7.050590583510739],[80.720467720366173,7.0506765050605278],[80.720435253038147,7.0507194669723035],[80.720406392825893,7.0507481076807101],[80.720345068630166,7.0507767490079667],[80.720258490380203,7.0508125494611766],[80.720168307069628,7.0508304494557379],[80.720070906105846,7.0508376107268251],[80.71998793795909,7.050826870098609],[80.719930218149173,7.0508411901731005],[80.719840034891035,7.0508734117380643],[80.719764278787792,7.0509342728795534],[80.719720992223728,7.0510237757974057],[80.719710169011222,7.0510738970349607],[80.719638020571111,7.0511454991406524],[80.719583909608616,7.0512350016313841],[80.71956226573397,7.0513066035447123],[80.719482904416282,7.0514390669408202],[80.719367467604712,7.0515393087929468],[80.719273675384358,7.0516359721811908],[80.719248319105205,7.0517306517367659],[80.719179286194631,7.0517653761933623],[80.719156607016615,7.0517606872507672],[80.719156666320387,7.0517642593014322],[80.719156700466471,7.0517663039613367],[80.719156819089591,7.0517733214586071],[80.719163066283798,7.0517920080817502],[80.719169329252608,7.0518001965164556],[80.719317814950031,7.0518108512665663],[80.719328678268639,7.0518253921692686],[80.719339528916478,7.0518399222183961],[80.719362545663714,7.0518747737086516],[80.719441280444471,7.0519810231370466],[80.719477917728113,7.0520159658122052],[80.719519321819945,7.0520359064838134],[80.719540092744239,7.0520044569490752],[80.719566108019379,7.0519389777830623],[80.719576062120169,7.0519197966710241],[80.719620116367565,7.0518676990367712],[80.719629367399079,7.0518536923271125],[80.719628993045617,7.0518355806650019],[80.719604377215973,7.0518121061772598],[80.719544573423349,7.0517900426519269],[80.719498020249773,7.0517357970770771],[80.719518006880079,7.0516778302245493],[80.719575184360266,7.0516357530980232],[80.719598886446491,7.0516178993857412],[80.71968971433671,7.0516156388014339],[80.719692084753959,7.0516180807396323],[80.719747533227363,7.0516359467920662],[80.719792064413852,7.051658719229204],[80.71983487729095,7.0516909704813404],[80.719857148693421,7.0517365334659576],[80.719871404009396,7.0518090277808962],[80.719860509235858,7.0519042471899942],[80.719871470688901,7.0519680425011559],[80.719876585447579,7.0520096036199797],[80.719902675482757,7.0520437329087429],[80.719917839182756,7.0520901206681188],[80.719930055708346,7.052157634671862],[80.719943625575581,7.0521798453816507],[80.719948409273073,7.0521896342639616],[80.719978993253079,7.0522344196333524],[80.720036421577376,7.0523038200772525],[80.72011510136538,7.0523576941865294],[80.720140418424492,7.052391592768176],[80.720192839528224,7.0524285059847047],[80.720244671881161,7.0524385546455601],[80.720285161392894,7.0524467878802808],[80.720343062323138,7.05246342428934],[80.720368929941856,7.0524808291277088],[80.720396231909689,7.0525090388898164],[80.720428802773085,7.0525546157436709],[80.720474377270875,7.0526041930350285],[80.720491707299161,7.0526572105666014],[80.720502864648665,7.0526735465419605],[80.720511476408888,7.0526837283499466],[80.720587889451735,7.0527698083738564],[80.720548326970516,7.0527905875024954],[80.720518793698261,7.0527997256816723],[80.720444895787864,7.0528225950779575],[80.720340353802612,7.0528479774869064],[80.720218008874326,7.0528612254407133],[80.720151278903018,7.052856812477895],[80.720042286349724,7.0528645375374515],[80.719994459297084,7.0528932365127073],[80.719964431180784,7.0529594621782152],[80.719906596321891,7.0531139899033182],[80.719839862987612,7.0533082548428023],[80.719782031425083,7.0534870652089339],[80.719753113646732,7.0535853010216627],[80.719733092795309,7.0536636692149983],[80.719744217116641,7.0537133382441546],[80.719790928267983,7.0538027462796835],[80.719829856606012,7.0538689694497707],[80.719872119253125,7.0538943550729005],[80.719929729785591,7.053903466695453],[80.720021152629187,7.0538954619151806],[80.720086771826246,7.0538943584435598],[80.720170244188282,7.0539094886612377],[80.720239138074589,7.0539561695526292],[80.720273618694478,7.053989281571182],[80.720316994646168,7.0540532978040194],[80.720320329524057,7.054097450466557],[80.72032255526247,7.0541438095234419],[80.720304899864871,7.0542064483745266],[80.720324015073771,7.054251290214574],[80.720355296150089,7.054289229978175],[80.720423067239082,7.0543168251454693],[80.720501269566881,7.0543547642011859],[80.720524977379057,7.0543503955862619],[80.720536540153674,7.0543378052941801],[80.720521604345919,7.0543222791335456],[80.720521583528182,7.0543222628534012],[80.720464649044501,7.0542911846762397],[80.720432618641638,7.0542742303569446],[80.720414822257254,7.054252334760986],[80.720404145446324,7.0542141858671057],[80.720416246186218,7.0541767459787756],[80.720442582551158,7.0541209393587057],[80.720453970075496,7.0540375828041073],[80.720444717378911,7.0539824827024393],[80.720418381949429,7.0539252599313507],[80.720402009407834,7.0538963027120474],[80.720399875065198,7.0538426123865374],[80.720417669690733,7.0538037597375238],[80.720473903574387,7.0537663179100889],[80.720527285948862,7.0537599606483452],[80.720571418988442,7.0537458342094403],[80.720657544594644,7.0537147514623264],[80.720735843470479,7.0536864955568648],[80.72079919499626,7.0536787260102649],[80.720850443496317,7.0536900279150263],[80.720920912100226,7.0537246417184285],[80.72096972205668,7.0537581994097538],[80.721005615999985,7.0537966949284536],[80.721051172216875,7.0538645085708476],[80.721086762394833,7.0539379784191878],[80.721128760049737,7.0540001423774283],[80.721177872161533,7.0540432333685699],[80.721245300072908,7.0540642006536691],[80.721335892034475,7.0540707848272746],[80.721394972075586,7.0540849135810459],[80.721440984610936,7.0541066569255024],[80.721486979047185,7.0541283948373872],[80.721554791295148,7.0541604454044586],[80.721554816639866,7.0541604535462747],[80.721584634671331,7.0541704696262322],[80.721619283143994,7.0541781576615596],[80.721652122348033,7.0541761819747162],[80.721680651360046,7.0541709149783243],[80.721693256744032,7.054167293773089],[80.721718060359166,7.0541892462103855],[80.721651735956613,7.0542519933454102],[80.721587048835232,7.0543242441066321],[80.721576411314302,7.0543359275060853],[80.721485149510045,7.0544361663796975],[80.721475488351459,7.0544507943404993],[80.721443872349823,7.0544809504139376],[80.721356655489544,7.0545765551254513],[80.72131853892968,7.0546242812571212],[80.721233078577242,7.0547312425361168],[80.721202584947605,7.0547694236140561],[80.721195702816345,7.0547835047874328],[80.721096615442775,7.0549286201757759],[80.721011043788167,7.0548975196759631],[80.720877423662202,7.0547999381712199],[80.72086463566589,7.054793779169068],[80.720850234111637,7.0547840895297202],[80.720838288695191,7.0547717451147847],[80.720739536246057,7.0547041312884184],[80.720626022458163,7.0546230866020201],[80.720532048774913,7.0545619237802732],[80.720524034906106,7.0545627231382282],[80.720496435799575,7.0545730489115153],[80.720444846597232,7.0546316215142832],[80.720414156108319,7.0546728961774026],[80.720372690484069,7.0547181629970375],[80.720294425183283,7.0547891495203192],[80.720122105164535,7.0549299359680466],[80.720054671289049,7.0550099207842294],[80.720020174545965,7.055057072101258],[80.719931531738609,7.0551663541281409],[80.719911074671487,7.0551914436682353],[80.719867796612519,7.0552451321040834],[80.719828573189446,7.0552820432780594],[80.719777179345201,7.0553109000483385],[80.719731199617542,7.055346468390165],[80.719698061213819,7.0553813663839406],[80.719687919631241,7.0554008278099722],[80.719664251652915,7.0554417659666244],[80.719643966011319,7.0554786767164286],[80.719622324359676,7.0555008216505986],[80.719594599717311,7.055515586634904],[80.719561463423446,7.0555330349635055],[80.719531035998671,7.0555538395318846],[80.719511422740709,7.0555773294241204],[80.719496548155632,7.0556088701029589],[80.719491139228495,7.0556410820342554],[80.719485728572266,7.0556726229637787],[80.719474231801712,7.0557075217744387],[80.719451240304025,7.0557310103469897],[80.719421488391035,7.0557424200657533],[80.71939849590035,7.0557518157963157],[80.719357921171252,7.0557719472061473],[80.719313968042925,7.0557934220102023],[80.719280831306676,7.0558142271342916],[80.719246345479675,7.0558377170006956],[80.7192105033198,7.0558638888952263],[80.719195626327405,7.0558705997969833],[80.71918345409496,7.0558699300143566],[80.719163843947413,7.0558605344905923],[80.719128681365717,7.0558444270406948],[80.719091487254687,7.0558303332470311],[80.719050914671385,7.0558108719274326],[80.719019809144839,7.0558028196988856],[80.718997492021686,7.0557967797464443],[80.718967064987837,7.0557920817009006],[80.718935281699757,7.055796778410766],[80.718904850457861,7.0558041601953754],[80.718882533886401,7.0558229536213171],[80.718856161066626,7.0558565067686176],[80.718825732650174,7.0559068407797465],[80.718798007083308,7.0559652244271431],[80.718778398112377,7.0560048210358719],[80.718756756302241,7.0560350215634706],[80.718735795225143,7.0560504556209702],[80.718715508785621,7.056056496645156],[80.718687781699117,7.0560685775687597],[80.718651943766616,7.0560967615203358],[80.718628951231395,7.0561135400370487],[80.718561327710276,7.0561719250525927],[80.718539687271374,7.0562054805770842],[80.718509934848029,7.056242391004468],[80.718485593931348,7.0562705781794124],[80.718452456539296,7.0562960802536914],[80.718428112246627,7.0563222526121931],[80.718413236270635,7.0563423871346584],[80.718397007563226,7.0563725865096902],[80.718380102061928,7.0564148656341326],[80.718366575865844,7.0564558031758189],[80.718348318831858,7.0564839883877939],[80.718321269393613,7.0565276109619948],[80.71829760348453,7.056557809406355],[80.718259056101132,7.0565940495275195],[80.718236064114933,7.0566061283014339],[80.718194813910614,7.0566195522230162],[80.718166412164337,7.0566262623064651],[80.718122458668304,7.0566423698894747],[80.718099467200943,7.0566430407282716],[80.71806227394255,7.0566363296771568],[80.718041987595299,7.0566269340218684],[80.718016967325823,7.0566222356869002],[80.71798383447485,7.0566255928723942],[80.717947315639023,7.0566329747350443],[80.717913507164369,7.0566390131235117],[80.717887134467603,7.0566490793559309],[80.717853322599254,7.0566604893681513],[80.717826274300933,7.0566658585023623],[80.717799899307963,7.0566725688181604],[80.717765411330078,7.056683305928928],[80.71774764006102,7.0566850508285057],[80.717733932118406,7.0566880125420131],[80.717713013877173,7.0566934656381681],[80.717691919802917,7.05670067850739],[80.717675610792426,7.0567068366435093],[80.717661783951584,7.0567122915351579],[80.71764104367908,7.0567205579731258],[80.717621721822667,7.0567291781760568],[80.717603461574782,7.0567393819669029],[80.71758879158979,7.0567479475921138],[80.717582698772418,7.0567539957833452],[80.717573837064165,7.0567732366701996],[80.717570786828162,7.0567922051874712],[80.717566909718371,7.0568073230289148],[80.717552888111257,7.0568139019557021],[80.71753687611367,7.056804883013112],[80.717517399810248,7.0568035955217887],[80.717452916534029,7.0568237816186707],[80.717397088148317,7.0568495529447874],[80.717339959713456,7.0568766109390442],[80.717314857022814,7.0568864882980415],[80.717278071434492,7.0568985155380783],[80.717244313190108,7.0569079649586692],[80.717179394536956,7.0569277232214311],[80.717116211109257,7.0569479076279871],[80.717043935210242,7.0569723899793688],[80.716938768811957,7.0570088991249253],[80.716870820342933,7.0570290856030109],[80.716827542108689,7.0570376737740252],[80.71675872861239,7.0570479822973651],[80.716698572122951,7.0570544250706506],[80.716638417088888,7.0570565732465864],[80.71659080917793,7.0570655921983958],[80.716538878262966,7.0570724655560131],[80.716503386938697,7.0570716037057934],[80.7164579471454,7.0570724651012195],[80.716402115294429,7.0570823438833665],[80.716367925862841,7.0570939400274666],[80.716337632116449,7.0571081148718529],[80.7163133942001,7.0571154149916708],[80.716285265749576,7.0571222868676422],[80.716259298087806,7.0571287303756511],[80.716223375689893,7.0571433340355787],[80.716169279769616,7.0571691027244743],[80.716052534246487,7.0572302536476856],[80.715973415148895,7.0572664946521231],[80.71588686103027,7.057306759781568],[80.715771900695017,7.057366485665808],[80.715683317205901,7.0574195058492233],[80.715617046156737,7.0574591007600906],[80.715562949236158,7.057491983619907],[80.715482479070346,7.0575382893841319],[80.715416424525401,7.0575833174158742],[80.715393434846334,7.0576044844093557],[80.715365737492348,7.057623176580667],[80.715345239524851,7.0576399435037054],[80.715335545596901,7.0576470890310414],[80.715322529546938,7.057654238644381],[80.715302584768395,7.0576701799988557],[80.715283473142634,7.0576833759629141],[80.715249432330069,7.0577069469762401],[80.715232529081277,7.0577226753085345],[80.715247322753115,7.057744694594974],[80.715272680525104,7.0577782516067193],[80.715294866365142,7.0578055141723111],[80.715333961401853,7.0578338252447876],[80.715381510262219,7.0578547971002683],[80.715461811786795,7.0578663321917388],[80.715532602075427,7.0578862553527566],[80.71557697953061,7.0578831096109873],[80.715752377215978,7.0578726243364374],[80.715963695643779,7.0578537498087188],[80.716136979870058,7.0578485055222462],[80.716339848410968,7.057848505487855],[80.716581809548117,7.0578401174421677],[80.716695921829057,7.0578359233966559],[80.716749808141486,7.0578285836464687],[80.716770938774957,7.0578191453073345],[80.716806862193963,7.0577897850018507],[80.716840676368903,7.0577541322035682],[80.716857244779092,7.057730225149391],[80.716872794085262,7.0577121055773047],[80.716891052380305,7.0576892884367197],[80.716909987131032,7.0576785494064769],[80.71693230219293,7.0576657987070126],[80.716962059290978,7.0576577468696788],[80.717008716233366,7.0576530476699242],[80.717059434118738,7.0576470069798747],[80.717123673910422,7.0576490209253455],[80.717181152482326,7.0576597597336734],[80.717221051004088,7.057663115287566],[80.717261626007982,7.0576570750959666],[80.717313017046024,7.0576678113068807],[80.717343449754225,7.0576785493780889],[80.71737117542763,7.0577000249351061],[80.71738807973091,7.0577396206789791],[80.717410394766475,7.0577698185663253],[80.717441500674227,7.057789952544276],[80.717466521504804,7.0578120996590634],[80.717482749318108,7.0578469955912819],[80.717486806126686,7.0578711566752634],[80.717485454867543,7.0578980001766451],[80.717476663851599,7.0579235016388573],[80.717457728617632,7.0579523604419254],[80.717434736961977,7.0579825580207007],[80.717413774050954,7.0580114147566766],[80.717407688619176,7.0580375875612686],[80.717417830849314,7.0580570505978022],[80.71742121296468,7.058076513682833],[80.717412425114318,7.0580912764091694],[80.717414398850821,7.058109718344844],[80.717395783749311,7.058112409940966],[80.717335261003143,7.0581293030070906],[80.717263391928981,7.0581565191841982],[80.717232412329693,7.0581751387044571],[80.717154338476547,7.058212978867803],[80.717078081355808,7.0582580257314831],[80.717032084270855,7.0582838534256034],[80.716947354896746,7.0583529259198796],[80.716888043550298,7.0584171934053153],[80.716847492062371,7.0584652444006162],[80.716804523555226,7.0585211020300234],[80.71677063032638,7.0585727575630521],[80.716738553562067,7.0586196059902484],[80.716729669358784,7.0586372407936011],[80.716699457201102,7.0586779871426151],[80.716668857179272,7.0587079711932486],[80.716651426758062,7.0587264223996344],[80.716622763506933,7.0587452583066561],[80.716591001365657,7.0587667850539857],[80.716555754861332,7.0587898486862182],[80.716535998645,7.0588106064956424],[80.716528640400028,7.0588229078442462],[80.716525541900751,7.0588436659847433],[80.716518955766077,7.0588632697717069],[80.716515470478683,7.0588790306206173],[80.716500750611857,7.0589017107439664],[80.7164914554712,7.0589190072760077],[80.716467052145632,7.0589447644394756],[80.71645766795784,7.0589506087209966],[80.716256727944725,7.0589506090517755],[80.716206731238813,7.0589506089256684],[80.716200175808012,7.0589566796460117],[80.716190880645527,7.0589670590706399],[80.716181584070512,7.0589743629214228],[80.71616608951264,7.0589885857850252],[80.716148272775712,7.0589981945354694],[80.716133166842582,7.0590031934407467],[80.716117284834809,7.0590035775284692],[80.716101017505395,7.0590016555639048],[80.716085135746923,7.059000117982337],[80.716065768313499,7.0589962739470247],[80.716037881524031,7.058995505285071],[80.716019287648734,7.0589947369215045],[80.715997208904284,7.0589924298665396],[80.715981717137112,7.0589851264230639],[80.715968933573208,7.0589862786704645],[80.715949955138555,7.0589912770675554],[80.715924002994669,7.0589958893207827],[80.715907324868127,7.058999631921905],[80.715876296219719,7.0590186953626404],[80.715837878698522,7.0590348251491521],[80.715783206779335,7.0590817492466673],[80.715740356357074,7.0591330725579251],[80.715678299496517,7.0591814633835996],[80.71554974922816,7.0592371858417877],[80.715496556540046,7.0592621144580328],[80.715409379672082,7.0592782432585892],[80.715304470574111,7.0592943751438293],[80.715271502489756,7.0593028985047352],[80.715188387610311,7.0592754036686385],[80.715096039265646,7.0592364535563954],[80.715033702667554,7.0592227051969427],[80.714913649686537,7.0592020836611606],[80.714818992469475,7.0591814636430792],[80.714763582595097,7.0591470950811219],[80.714689701886201,7.0590852329079823],[80.714581193762413,7.0590462814580031],[80.714495770677729,7.059018787097],[80.714384950321303,7.0590096225073573],[80.714297220416427,7.0590119132074376],[80.714207180045165,7.0590439898912001],[80.714149461776032,7.0590852324861562],[80.714002718065927,7.0592445177904271],[80.713968733959348,7.0592826436554068],[80.713934751225992,7.0593105055494476],[80.713908153533524,7.0593427652081058],[80.713857916152449,7.0593618286497959],[80.71382984087677,7.0593691597746178],[80.713782559455538,7.0593647602634864],[80.713748575110074,7.0593574298441002],[80.713683560134143,7.0593427657782568],[80.713637755798118,7.0593266356848376],[80.713588994529573,7.0593075724967287],[80.713566831993745,7.0593090390195306],[80.71350920667355,7.0593383663000786],[80.713461923869545,7.0593442307247836],[80.713407252601726,7.0593442314756194],[80.713333372486574,7.0593325006627259],[80.713262450304441,7.0593163707494142],[80.713164929830455,7.0592899759609358],[80.713058543522507,7.0592782443092803],[80.713015692431739,7.0592723794291752],[80.71297284344746,7.0592577155663463],[80.712901917956557,7.0592195899588583],[80.712842816467273,7.0591741319637897],[80.712792578428378,7.0591184093941859],[80.712698013530058,7.0590260270901002],[80.712656640880866,7.0590186946770297],[80.712554687372375,7.0590274932628896],[80.71247342039095,7.0590186948980262],[80.71240249636746,7.0590230945996693],[80.712349303762181,7.0590069633654418],[80.712297586270196,7.0589673716996755],[80.712280696408357,7.0589506088128768],[80.712260647788099,7.058930712041291],[80.712225185905027,7.0589057833497382],[80.712188245122917,7.0588661900893852],[80.712121755796844,7.0588309985709099],[80.7120390111006,7.0587796745421914],[80.712006503244424,7.0587591457315808],[80.712000592445804,7.0587312838923824],[80.712002071410396,7.0586931582015371],[80.711981385150111,7.0586564980536997],[80.711945922600847,7.058630103447177],[80.711914892287908,7.0585949104721584],[80.711906028289093,7.0585699809145579],[80.711906028328485,7.0585435857856433],[80.711928192534785,7.0584775983171211],[80.711937057569713,7.0584101458271729],[80.711913415351916,7.0583441565420166],[80.7118779534607,7.0583001666846981],[80.711807916701957,7.0582259670279628],[80.711744557837505,7.0581443194492914],[80.711688763781126,7.058108656396417],[80.711632025177593,7.0580955169649275],[80.711540295769566,7.0580880101542478],[80.711487340392495,7.0580270076780867],[80.711428708633804,7.0579387899663253],[80.711371024599657,7.0578768499478644],[80.711341707968245,7.0578608955585604],[80.71128024135939,7.0578486950071824],[80.711220665172874,7.0578017708468117],[80.711185676103881,7.0577370152307237],[80.711149742120654,7.0576778897412611],[80.71109016430762,7.0576234579455663],[80.711027752314308,7.0575624568047255],[80.710958719878334,7.0575061472135996],[80.710866990496513,7.0574479597777922],[80.71079890388728,7.0573991588187948],[80.710769764867351,7.0573822078641761],[80.710700319907829,7.0573822080280078],[80.710630873137944,7.0573822081812478],[80.710574723538357,7.0573719426162],[80.710500844285392,7.0573440811008288],[80.710447653051943,7.0573264846617239],[80.710403325289818,7.0573176866424312],[80.710316148682026,7.0573206196428186],[80.710228969149128,7.0573250185201974],[80.710184643272157,7.0573220858638273],[80.710134403523568,7.0573074215957874],[80.710053136548098,7.0572692949906894],[80.709971870909897,7.0572282365843026],[80.709881738200096,7.0571974426759017],[80.709827068052178,7.0571534508257656],[80.709759098824691,7.0570698661824061],[80.709728068651771,7.0570229431994864],[80.709697039051946,7.0569657535328041],[80.709627594006946,7.0569100305865771],[80.709538938222664,7.0568572402795855],[80.709445851435589,7.0568235131719721],[80.709377881177417,7.0567604582190766],[80.709343991372663,7.0567333338596159],[80.709408050808506,7.0566476963541191],[80.709439368157305,7.0566171892845126],[80.709568290010296,7.0565267700108611],[80.709663044741788,7.0564553373184644],[80.709786044317738,7.0563545184234737],[80.709875332692278,7.0562876073823224],[80.709939109136144,7.0562428492959572],[80.709997875953789,7.0561867883649061],[80.710042519976525,7.0561352497014367],[80.71010584214288,7.0560511583689527],[80.710111977075869,7.0560423792521094],[80.710145019335371,7.0559950973453374],[80.710187841404192,7.0559480790763782],[80.710239318782939,7.0558902093536648],[80.710293529510636,7.0558603710487136],[80.710330885363447,7.0558427385945652],[80.710369151374223,7.0558029532742914],[80.710417895304047,7.0557364948692847],[80.710484300584213,7.0556452815383555],[80.71049638493443,7.0556271815834961],[80.710499512215122,7.0556222480856716],[80.710503245180291,7.0556165966477122],[80.710516858682212,7.0555966593413579],[80.710531213801303,7.0555749234578222],[80.710558264784154,7.055569895673087],[80.710602139762855,7.0555788175041156],[80.710650389543545,7.0555881676887635],[80.710669212396269,7.0555817723179022],[80.710700296192925,7.0555630591978149],[80.710741019201308,7.0555209835637198],[80.710772859750136,7.0555022208079725],[80.710822819128992,7.0554882317623289],[80.710864332026915,7.0554806865735387],[80.710926955996626,7.0555127135320159],[80.71093913015163,7.0555252915434679],[80.710946004268209,7.0555318487888137],[80.710952867302524,7.0555528407006927],[80.710952286718751,7.0555810470929767],[80.710999210628557,7.0555886300249684],[80.711117365030418,7.0555974591301567],[80.711189068188659,7.0556105545963259],[80.711268367604461,7.0556188718106476],[80.711337595786262,7.0556071507094273],[80.711353125029618,7.0555911049110902],[80.711352464192032,7.055558996227755],[80.711311527815042,7.0555348724461275],[80.711251489849104,7.0555232372883694],[80.711244517151428,7.0555160334488285],[80.711226694849316,7.0555074499172488],[80.711222292732273,7.0554823211144146],[80.711238654041509,7.0554261935037728],[80.711279962612011,7.0553585728271795],[80.711364375025425,7.0553313801164093],[80.711460611409137,7.0553158284696407],[80.711564391470901,7.0552894251734788],[80.711613200562255,7.0552799655942469],[80.711614401812554,7.0552796591985452],[80.711618862822988,7.055278524903712],[80.711619285279994,7.0552739907293445],[80.711615663645574,7.0552668244377772],[80.711603903754508,7.0552434607419121],[80.711595326635845,7.0552325987322382],[80.711577283580723,7.0552232049174703],[80.711561014933267,7.0552123436463114],[80.711559831492039,7.0552017765664088],[80.711561606992873,7.0551794664695189],[80.711571071658369,7.0551351410002106],[80.711600059420661,7.0550674353835161],[80.711601614526515,7.0550611967336483],[80.711603204954969,7.0550548170156313],[80.711613689463306,7.0550127651336547],[80.711626182613585,7.0549772571504406],[80.711671733299568,7.0548935854432226],[80.711704085216894,7.0548422131112076],[80.71171057883754,7.0548314725640235],[80.711715177428914,7.0548238670123737],[80.711722109957719,7.0548009327485239],[80.711721404815961,7.0547617676918177],[80.711712886042903,7.0547024000682557],[80.71169565877365,7.0546201113835414],[80.71167522788663,7.0545516058157309],[80.711657055250029,7.054510844931194],[80.711626383805623,7.0544488191614318],[80.711575212968839,7.0543619273153748],[80.711561607070863,7.0543278752672478],[80.711557169327023,7.0542985205992945],[80.711574621181342,7.0542304163828682],[80.711589410751643,7.0541693573103252],[80.711629046447541,7.0540554598754959],[80.711699148711361,7.0539142617904558],[80.711733460516655,7.0538549643125439],[80.711787885929425,7.0537759998726912],[80.71182811387196,7.0537184630032206],[80.711872091666919,7.0536768018917178],[80.711912224189518,7.053661020823645],[80.711966176562868,7.0536443002703795],[80.71201520687535,7.0536375373436631],[80.712075657367279,7.0536427943283027],[80.712088714753335,7.0536439301398151],[80.712124666008037,7.0536421888651999],[80.712167457999229,7.0536395559716469],[80.712181722540407,7.053636920954955],[80.712195323298644,7.0536296783635457],[80.712203616268255,7.0536201317517246],[80.712221197480517,7.0535911617404956],[80.71222351955393,7.0535829309885507],[80.712215226051981,7.0535700912926105],[80.712197312785676,7.0535585696671594],[80.712167790212504,7.053547705687401],[80.712140920242689,7.0535407912132051],[80.712125660622661,7.0535322324853391],[80.712100782062379,7.0535124788245493],[80.7120822054749,7.0534930552022175],[80.712064554404293,7.0534772941809907],[80.711926659328753,7.0533874658437492],[80.711841965772777,7.0533494711043305],[80.711670375152821,7.0532690519407533],[80.711604214531775,7.0532325147726729],[80.711515663626287,7.0532099533757293],[80.711346173294316,7.0531934920362991],[80.711133145150896,7.0531924630031071],[80.710953289271487,7.0531832047448839],[80.710814380400848,7.0531724021826667],[80.710653700657986,7.0531415379083731],[80.710510646442643,7.0531019295387427],[80.710389877706831,7.0530792964566462],[80.710302282078928,7.0530489479125151],[80.710162854250896,7.0529959651378178],[80.71002342687008,7.0529337230446023],[80.709875188454262,7.0528514192425469],[80.709804696603697,7.0528025517776216],[80.709703773430434,7.0527558222725055],[80.709623383900876,7.0527465569181507],[80.70960307185706,7.0527356805308079],[80.70947349265677,7.0526646940579782],[80.709316960535759,7.0525854771235723],[80.709266165359963,7.0525468971801457],[80.709272084626392,7.0525143824964767]]]},"properties":{"OBJECTID":1,"JoinKey":1,"Name":"Lilliesland Division","ID":4,"Area":332.20102383686293,"Total_area":2024,"Div_Pct":16.403162055335969,"Tea_ac":118.97417437858985,"Veg_ac":101.35121579739189,"Grass_ac":90.979225863509782,"HighVeg_ac":16.810490671281979,"Dev_ac":4.0646879013389805,"Shape_Length":7484.7421466084388,"Shape_Area":1256895.9270351944}},{"type":"Feature","id":2,"geometry":{"type":"Polygon","coordinates":[[[80.719156573525368,7.0517606782035056],[80.719179268996527,7.0517653707653665],[80.719248301907101,7.0517306463087612],[80.719273659091442,7.0516359667533006],[80.719367451311825,7.0515393033650735],[80.719482887218078,7.051439062417149],[80.719562248535865,7.0513065981167147],[80.719583893315715,7.0512349962035206],[80.719638003373007,7.0511454937126832],[80.719710151813118,7.0510738916069879],[80.719720975025638,7.0510237703694303],[80.719764261589717,7.0509342674515727],[80.719840017692931,7.0508734063100817],[80.719930201856286,7.0508411847452424],[80.719987920761,7.0508268646706362],[80.720070888907756,7.0508376052988666],[80.720168289871424,7.0508304449320987],[80.720258474087203,7.0508125449376378],[80.720345051432076,7.0507767435800224],[80.720406375627775,7.0507481022527418],[80.720435235840057,7.0507194615443574],[80.720467703168083,7.0506764996325808],[80.720446058477123,7.0505905780829048],[80.720406376852253,7.0505046552711335],[80.720384732741977,7.0504366328220369],[80.720330621970902,7.0503686109913746],[80.720312585430023,7.0502826889641099],[80.720312585005374,7.0502110871223156],[80.720330620646052,7.0501466451009982],[80.720446057973959,7.0499998597233704],[80.720637249438568,7.0497981299722197],[80.720731041199556,7.0497528331918353],[80.720915018305718,7.0496096288176329],[80.721062919151265,7.0494556831599171],[80.721156712205357,7.0493375392058226],[80.721319044313404,7.0492301366442165],[80.721474160685972,7.0490797709824777],[80.72161484936187,7.0488578044389048],[80.721686137477946,7.048830143482177],[80.721783658394457,7.048761220791973],[80.721853104441877,7.0487333588359213],[80.721941759330434,7.048723095272476],[80.721984609865558,7.048718695355082],[80.722042233708933,7.0486629709524431],[80.722108725982309,7.0486204451470185],[80.722213634142449,7.0486131134035981],[80.722331840718198,7.0485881843049851],[80.722421974603776,7.048547124375883],[80.722528360072076,7.048476736659425],[80.722573218927337,7.0484355602390778],[80.722657383217523,7.0483614179251761],[80.722734927082868,7.0482778907576922],[80.722814360786089,7.0482037487747231],[80.722837056687538,7.0481877938393183],[80.722846134120516,7.0481863244653917],[80.722881381695444,7.0481836345563043],[80.722921665316008,7.0481847876562478],[80.722980540428807,7.0481801742568928],[80.723033606239539,7.0481736394205514],[80.723056847015499,7.0481659517842381],[80.723085896425928,7.0481501901822305],[80.723101613196491,7.0481350266160732],[80.72311378574932,7.0481232800508504],[80.723150582261397,7.0480875312556712],[80.723171499193768,7.0480579317963299],[80.723185055193696,7.0480275628286062],[80.723198613204545,7.0480033450111863],[80.723214881428191,7.0479864298458397],[80.72323192427487,7.0479714382461713],[80.723264072910965,7.0479568308919953],[80.723291574978504,7.0479441446759443],[80.723309391058464,7.0479353034076491],[80.723324109967308,7.0479230027814648],[80.723360949016794,7.0478949777283875],[80.72340161224534,7.0478611926203003],[80.723422416479139,7.0478274061580368],[80.723430928316731,7.0478086362582948],[80.723424308557099,7.0477776654309876],[80.723402558536293,7.0477307398640514],[80.723397829616587,7.0477007079300487],[80.723397828357832,7.0476481518551335],[80.723398481058425,7.0476396902538356],[80.723406613817644,7.0476350773626315],[80.723423269371992,7.0476346931118394],[80.72347284981187,7.0476389218906599],[80.723518556036069,7.0476431502250678],[80.723548381256506,7.0476104743737737],[80.7235828540163,7.0475831815296228],[80.723615778111693,7.0475628074217571],[80.723668842007982,7.04754051120611],[80.723702542054085,7.047526287426126],[80.723724232847829,7.04751283366853],[80.723747473543909,7.047497457511116],[80.723761030285772,7.0474920756537518],[80.723780010110588,7.0474859248356561],[80.723795890953582,7.0474763137580876],[80.723817194754972,7.0474590157093662],[80.723853216566539,7.047437104598151],[80.723871034643977,7.0474263398302606],[80.723888465212113,7.0474163463987578],[80.723903570735828,7.047402890987069],[80.723923325580557,7.0473790581787892],[80.723950438675899,7.0473475359020323],[80.723972518001219,7.0473240858781594],[80.723991109752916,7.0473075561842782],[80.723997308065819,7.0473033283035287],[80.724016286894198,7.0472818014072729],[80.724040300733904,7.0472571985956538],[80.724082910193971,7.0472218319981375],[80.724131326873433,7.047174549888199],[80.72418013199902,7.0471261130062608],[80.724218091131476,7.0470857504392832],[80.724230097653589,7.0470769093897117],[80.72426675656051,7.0470802287066316],[80.724320798142614,7.047080722168368],[80.724383021322765,7.0470849043328858],[80.724418222506102,7.0470834287970892],[80.724428386059955,7.0470745712593743],[80.72444152453258,7.0470696514404114],[80.724462099878551,7.0470743254230035],[80.724484658413317,7.047079737546464],[80.724494326826743,7.0470546429757084],[80.724509200051671,7.0470216760169464],[80.724511926892632,7.0469936298936364],[80.724508704005046,7.046964844283135],[80.724505730154888,7.0469431937459346],[80.724504336067866,7.0469196832084062],[80.724505109988328,7.046895465737661],[80.724505109591902,7.0468827791018827],[80.724500849245715,7.0468712477068305],[80.724486129223223,7.0468616368174111],[80.724472185810782,7.0468524112521811],[80.724454369008285,7.0468439539230783],[80.724440811340628,7.0468416482185745],[80.72438425974957,7.0467920583229571],[80.724416796605936,7.0467124849382037],[80.724433064731784,7.0466794249923232],[80.724455143095881,7.0466559758488199],[80.724478383510984,7.0466425213235242],[80.724512469152629,7.0466113832181492],[80.724544619245293,7.0465906255276121],[80.724602743417805,7.0465563647738882],[80.724608190740113,7.046549156178993],[80.724619266662174,7.0465325786004387],[80.724682818034594,7.0464521025133413],[80.724724784613755,7.0464663510299763],[80.724794362958036,7.0464652545626087],[80.724841849523074,7.0464455258494034],[80.724874983108279,7.046436756749336],[80.724893757921834,7.046442236258784],[80.724911427792179,7.0464696380513345],[80.72492026471302,7.0464981358028043],[80.724923576178185,7.046536496308847],[80.724922469773574,7.0465880123028901],[80.724924681727231,7.0466482941887971],[80.7249445589933,7.0466954238564359],[80.724960020877916,7.0467250174631015],[80.724974378133965,7.0467491298939242],[80.724996466248854,7.0467765312657029],[80.725018554787823,7.0468083158515284],[80.7250494744181,7.0468313331696733],[80.725081504055055,7.0468521585481856],[80.72512126262383,7.0468773679891612],[80.725149975170865,7.0469025762134256],[80.725183106011784,7.0469354580342038],[80.725226176685126,7.0469771073731433],[80.725259310675924,7.0470143733081851],[80.725292440747495,7.0470461599955661],[80.725315635638509,7.0470680786112494],[80.725324467644867,7.0470921931390285],[80.725326676562261,7.0471228822162493],[80.725328887049855,7.0471557633532687],[80.725322259389998,7.0472039897488505],[80.725324469523898,7.0472565985183442],[80.725325574597633,7.0472993456112212],[80.725323365516331,7.0473114007931201],[80.725324467577437,7.0473651072794921],[80.725326677351219,7.0474210068509855],[80.725328888504947,7.047456079142985],[80.725341036487293,7.0475108819636825],[80.72535318133238,7.0475613006643743],[80.725365330762074,7.0476029502223394],[80.725387419927927,7.0476709037738585],[80.725398460864668,7.0477092660244738],[80.725405087491566,7.047753107036919],[80.725408403770786,7.0477892763830354],[80.725417238521004,7.0478298304514571],[80.725428279648952,7.0478747697842863],[80.725450367374918,7.0479229947956572],[80.725484606275785,7.0479723171622304],[80.72551331771146,7.0480084865657231],[80.725525469642861,7.0480523281787546],[80.725547557454249,7.0481082262981491],[80.72557737229549,7.0481696035987209],[80.725606087455731,7.0482298865563697],[80.725634802793934,7.0482803043397828],[80.725672351619593,7.0483416824756899],[80.725702171097467,7.0483690837495052],[80.725737510034648,7.048408541044231],[80.725778371865829,7.0484534790846016],[80.725814817985324,7.0484918404638277],[80.725867829398396,7.048544450213674],[80.725916421197184,7.0486014445025189],[80.725955075207153,7.0486639196689875],[80.725988206452556,7.048719816248],[80.726019129227893,7.048782292381877],[80.726055572860488,7.0488524367963681],[80.726082079926343,7.0489083362705811],[80.726101958309542,7.0489554667902787],[80.72614468487285,7.0490511651034637],[80.726164565241561,7.0490967872230987],[80.72618257862446,7.0491300797104097],[80.726203702189423,7.0491639874659411],[80.726239732556422,7.04919727917693],[80.726283215305557,7.0492145427031252],[80.726331051865216,7.0492250234260814],[80.726378883018313,7.0492268724571314],[80.726442249771694,7.049222556623949],[80.726500020787611,7.049199746037826],[80.726562762905417,7.0491874160820798],[80.726608112523451,7.0491929661856627],[80.726658432694208,7.0491972806164771],[80.72670024648329,7.0492041777633139],[80.72674781176957,7.0492205545484437],[80.72681866993868,7.0492244081389952],[80.726863318236511,7.049219590172016],[80.726900201591789,7.0492080315170496],[80.726945825583826,7.0492041776454872],[80.726984650940111,7.049214774002599],[80.727023477801964,7.0492282605473138],[80.727070068718959,7.0492398199106443],[80.727124425794642,7.0492552324718192],[80.727179751623424,7.0492773904144244],[80.727221490687342,7.0493062894903771],[80.727263227935879,7.0493438591344706],[80.727298172724772,7.0493717952964712],[80.727331172356998,7.0493987672513994],[80.727373641086672,7.0494185147229009],[80.72742368674551,7.0494425982724138],[80.727470706705489,7.0494546396408344],[80.727552604081453,7.0494727019711805],[80.727616303949418,7.0494772175540037],[80.727701236137221,7.0494982897361025],[80.727772517527711,7.0495238784370793],[80.727854415398738,7.049537426374302],[80.727925699626098,7.0495359181581252],[80.728019365885928,7.0495586786421045],[80.728134873770884,7.0495972117176384],[80.728219322334155,7.0496386335557659],[80.728309592736721,7.0496925789329783],[80.728391128404652,7.0497253325805564],[80.728471690082316,7.0497494137331262],[80.728511488689961,7.0497503782047923],[80.728558080645513,7.0497262938451062],[80.728596904341728,7.0497185894460088],[80.728654175841314,7.0497291857467781],[80.728705618415091,7.0497523043982682],[80.728760946422113,7.0497898734902265],[80.728771602438314,7.0497981300703083],[80.728800740169021,7.0498207011304768],[80.728930809154193,7.049859233687271],[80.729031760353053,7.0499016192497779],[80.729142414016252,7.0499295557249182],[80.729274422894349,7.0499680874785318],[80.729367604924079,7.0500008394201092],[80.729428698041175,7.0500220924593986],[80.729534859651068,7.0500642378905196],[80.729637993554334,7.0500958477243607],[80.729751743003632,7.0501334759096235],[80.729898707001055,7.0501874157976401],[80.730031030010295,7.0502361191041656],[80.730181983090517,7.0502827705212114],[80.730261360464638,7.0502844830173403],[80.730318695884421,7.0502722750099007],[80.730412238048956,7.0501886803260936],[80.730470658411647,7.050116040653382],[80.730506094631266,7.0500556657439581],[80.730532953558679,7.0500284801568496],[80.730672058584005,7.0500744547268193],[80.73089056009286,7.050176675457851],[80.730972781430523,7.0502077078113832],[80.73102604872517,7.0502341407001863],[80.73107932168088,7.0502582757190879],[80.731115220065249,7.0502663203764895],[80.731149960023544,7.0502720661499794],[80.731190492220136,7.0502789636756225],[80.731247233330564,7.0502996481457076],[80.731290083849515,7.0503053974072394],[80.731327139653246,7.0503168876004914],[80.731363040317063,7.050329529776528],[80.731391990473583,7.0503651589659002],[80.731409359680967,7.0504088318220584],[80.731424416686949,7.050455950798872],[80.731433678961253,7.0504996237760871],[80.731442941553695,7.0505306544295765],[80.731469578473082,7.0505524907787036],[80.731507794762663,7.0505639837824479],[80.731550642704789,7.0505685800183064],[80.731592329541201,7.0505892675194959],[80.731652548604259,7.0506179988694422],[80.731717398881841,7.0506444336955161],[80.731770667702108,7.0506559263117783],[80.731816990399437,7.0506731651794068],[80.731879522019895,7.0506950013195659],[80.7319119496496,7.050724882078284],[80.731933949660444,7.0507616608591466],[80.731954794233758,7.0507743015532665],[80.732004589339553,7.0507720030082064],[80.732060173865733,7.0507720028729306],[80.732115762261557,7.0507788981331716],[80.732181771177864,7.0507869428554688],[80.732230407869977,7.0508202723781812],[80.732272096308932,7.0508627954085084],[80.73232305042923,7.0508949757565986],[80.732422642653603,7.0509363494350756],[80.732509493299375,7.0509685304353074],[80.732566237121119,7.0509811726725511],[80.732642665625832,7.0510007094400899],[80.732717941604704,7.0510225457601186],[80.732770052831583,7.0510524264949508],[80.732825638017985,7.0510650676879871],[80.732891643474034,7.0510719656384655],[80.732943755637692,7.0510823077245703],[80.732997023157395,7.0510892035680692],[80.73306071897386,7.0511110396587862],[80.733127885958638,7.0511455183865293],[80.733198523477654,7.0511995342471288],[80.733214737591183,7.0512167728975506],[80.733252953178493,7.0512466540994874],[80.733338648590191,7.0513018189082706],[80.733457924532104,7.0513627310052929],[80.73351466758038,7.051384568202149],[80.733570254179696,7.0513431945733522],[80.733683739625988,7.0514236429013959],[80.733753223334574,7.0514753607079648],[80.733829651951609,7.0515247803699275],[80.733901453905119,7.0515764974618325],[80.733941981548384,7.0516052285295157],[80.733982515742696,7.0516316608256311],[80.734016099443977,7.0516523491817615],[80.734036940770125,7.0516718869930237],[80.734068209638181,7.0517052156496085],[80.734098318986298,7.0517282024528622],[80.734131899775463,7.0517511868560847],[80.734158537483054,7.0517764712048869],[80.734176993971445,7.0517921527946639],[80.734204503762385,7.0518133379601098],[80.734213989957865,7.0518265192095582],[80.734219681559438,7.0518396992110484],[80.734275179738333,7.0518750050699932],[80.734354393166385,7.051921138617069],[80.734478665099232,7.051993163126423],[80.734557406307815,7.052036469707998],[80.734629208456056,7.0520777192421447],[80.734771507536323,7.0521799575475708],[80.734864152176399,7.0522490979803107],[80.73496716770839,7.0523285358469421],[80.735021273989886,7.0523719323992466],[80.735078339763106,7.0524212153936974],[80.735181355826271,7.0524955022350095],[80.73523694687114,7.0525366923650816],[80.735405184485032,7.0526624693727831],[80.735517838650182,7.0527330809473288],[80.735603763958935,7.0527843839353412],[80.735754310751688,7.0528763252284197],[80.735888643141863,7.0529843564433179],[80.736007916648106,7.0530717028228764],[80.736148040922686,7.0531659427579214],[80.736284690580703,7.053255585718893],[80.7364109113918,7.0533354828470367],[80.73651170972424,7.0534038875395026],[80.736585825793284,7.05345758215255],[80.736685880881126,7.0535274571598698],[80.736773335489616,7.0535877715609629],[80.736869679210599,7.0536480848914156],[80.737203252429794,7.0538447002910543],[80.737264282854213,7.0538790097046506],[80.737297979379235,7.0538964838986864],[80.737314367720131,7.0539115484476786],[80.737347765931318,7.053935048967678],[80.737375689426401,7.0539591494917531],[80.737399977076578,7.0539790328893073],[80.73741819313021,7.0539928921358541],[80.737437317507897,7.0540019305548887],[80.737461906523279,7.054011871031947],[80.737483461171678,7.0540233214600985],[80.737501373232519,7.0540353720481956],[80.737521712823067,7.054050133974318],[80.737525961721786,7.0540516418219035],[80.737536588080985,7.0540495320376353],[80.737547513835764,7.0540501343185298],[80.737565122931997,7.0540697187264287],[80.737581817975737,7.0540868894409732],[80.737607014792502,7.0541028572199371],[80.737636766394203,7.0541212353758436],[80.737657103101355,7.0541381070624984],[80.737680780891495,7.0541552792585769],[80.737690798907281,7.0541646198556336],[80.73770324749583,7.0541727524896816],[80.737711445120325,7.0541715477188864],[80.737722068164061,7.0541766706408024],[80.737738154366056,7.0541896244787505],[80.737755156559984,7.0542034818027339],[80.737767301706953,7.0542140271220868],[80.73777853428804,7.0542369244027512],[80.737781570424929,7.0542577121412489],[80.737790675999577,7.054267051756173],[80.737811319678016,7.054271871656776],[80.737829231351469,7.0542778994949371],[80.73784774815735,7.0542893460374252],[80.737870349509805,7.054308508531844],[80.737893585367331,7.0543282109536243],[80.737923034158129,7.0543526118034743],[80.737942460150563,7.0543706915671134],[80.737870350002737,7.0545209782221541],[80.737865408543769,7.0545312770556894],[80.73777739368343,7.0547059662205189],[80.737699807962684,7.0548657142390532],[80.737578212178434,7.0551426867223901],[80.737463568692974,7.0553817345948504],[80.737362816567995,7.055586302979866],[80.737172903585048,7.0559805031820986],[80.737065204474632,7.0561977123280881],[80.736988774014904,7.0563597599860346],[80.736872971161034,7.0565999542711193],[80.736771064272034,7.0568056736098983],[80.736676106506252,7.0570228846450869],[80.736473378114198,7.0574180863243399],[80.736181161344561,7.0580097769290484],[80.736011972599982,7.058335699018663],[80.735867216717864,7.0586661112829114],[80.735794840353023,7.0588331120087373],[80.735726083915381,7.0589480380759326],[80.73572444435024,7.058950603473515],[80.735679037169078,7.0590216623620625],[80.735646469055581,7.0591186318903825],[80.735619326584029,7.0591868681962007],[80.735575896905374,7.0592928148034586],[80.735541519344565,7.0593987622006695],[80.735525234595968,7.0595011174371551],[80.735472763630895,7.0595962901384466],[80.735384101678278,7.0596663251240459],[80.735324387440315,7.0597273782813028],[80.73527553464821,7.0598010032685208],[80.735214012793122,7.0599320890918706],[80.735125347661793,7.0601080690099849],[80.735071070268916,7.0602176065408697],[80.735016784219852,7.0603630589200943],[80.734953456367123,7.0604833723486706],[80.734897364057559,7.0605408356416923],[80.734862983240049,7.0605893192127471],[80.734859365237924,7.0606180498700537],[80.734852128064034,7.0606683309261884],[80.734835842534409,7.0607670932899778],[80.734805079665435,7.0608479019054062],[80.734767083460497,7.0609358901296027],[80.734732706359395,7.0610131064785966],[80.734692897064377,7.0610597962940087],[80.73464042322081,7.0610723642752662],[80.734611473054414,7.0610669791965019],[80.734553569492249,7.0610418367611976],[80.734473956711824,7.0609700080262598],[80.734372627482713,7.0609017719680036],[80.734309297576473,7.0608622666876961],[80.734218823588165,7.0607958248332965],[80.734110260611715,7.0607401580356202],[80.734048741509781,7.0606970618510454],[80.733992648285195,7.0606539652483766],[80.733947413461195,7.060587522938679],[80.73390579482701,7.0605426316764106],[80.733882877117736,7.0605267407758729],[80.733844337653736,7.0605157091374959],[80.733805795408472,7.0605054136077916],[80.733764292474035,7.0604921724510223],[80.733707227044221,7.0604693712580255],[80.733643490086678,7.0604377433346004],[80.733601983788489,7.0604120009177169],[80.733560480956569,7.0603781675944761],[80.733529351313635,7.0603605143159287],[80.733497482791194,7.0603355052720094],[80.733475876467026,7.0603130247316335],[80.733459296091098,7.0602982855870593],[80.733440988787009,7.0602811462315325],[80.733408180010883,7.0602533816480388],[80.733380201309245,7.0602273302805081],[80.733367075336318,7.0602115632461064],[80.733347734346793,7.0601937374165455],[80.733293137728481,7.0601489181485313],[80.733253505289554,7.0601229742119163],[80.733214716848011,7.0601129318187459],[80.73318688836369,7.0601070737992764],[80.733155686970733,7.0601020519559059],[80.733116897580203,7.0600828036315519],[80.733094131638396,7.0600610455129962],[80.733070518885654,7.060034266559656],[80.73304690755576,7.0600116709647285],[80.733009803251093,7.0599874020335189],[80.732963423716583,7.0599480708738147],[80.732928007289928,7.059917942134704],[80.732904398174853,7.0598911631732086],[80.732865605020564,7.0598350929440903],[80.732841997132311,7.0598049662067082],[80.73280826505119,7.0597681447833329],[80.732763575000078,7.0597254650846599],[80.732707920765563,7.0596852947303574],[80.73265890379777,7.0596427195160425],[80.73260619929718,7.0595969544319557],[80.732560085465408,7.0595629569046965],[80.732521872759605,7.0595341888648155],[80.732491571010627,7.0595119597628022],[80.732450725501025,7.0594688092486022],[80.732386164597827,7.0594034284354823],[80.732326872824402,7.0593681238088681],[80.732285446182203,7.0593346493918876],[80.732259307649059,7.0593112170263508],[80.732227846455871,7.0593354749963577],[80.732185796885815,7.0593701858362614],[80.732139030737244,7.0594091862926458],[80.732101697230746,7.0594353165313724],[80.732063972320489,7.0594555976226365],[80.732020349256985,7.0594735359737699],[80.731994806102037,7.0594906974304585],[80.73198144270043,7.0594973274951327],[80.7319617881585,7.05952187504937],[80.73196258223561,7.0595386691523982],[80.731966904839453,7.0595554391756306],[80.731958653077569,7.0595725986627542],[80.731942932793984,7.0595761095201199],[80.731924855099464,7.0595725990529123],[80.731912671814115,7.0595632382324922],[80.731899310276575,7.0595503685583587],[80.731884769636821,7.0595523177751147],[80.731876514346183,7.0595495895728471],[80.731868263461536,7.0595386691845317],[80.73186315381939,7.0595261882494365],[80.731856475358811,7.0595051288355419],[80.731845079791896,7.0594844578254685],[80.731822678142166,7.0594594965972011],[80.731796348472486,7.0594376566857449],[80.731768053673562,7.0594337572826742],[80.731734029708463,7.0594305708326113],[80.731719383164886,7.0594324874787615],[80.731705217395984,7.0594427112049187],[80.731692339561292,7.0594548522013554],[80.731686868662337,7.0594620409774427],[80.731629399478592,7.0594419135502315],[80.731622801621342,7.059439357322618],[80.731607832947319,7.0594305713704966],[80.731593988641791,7.0594208269525618],[80.731583204972324,7.0594099650959192],[80.731568879433496,7.0593967037512755],[80.731543926444019,7.0593765767300809],[80.731524130011579,7.0593610821041572],[80.731508515713799,7.0593451076895128],[80.731485658355467,7.0593337644753662],[80.731457987846738,7.0593237745546142],[80.731421832183003,7.0593198743718277],[80.731390000385161,7.0593194842493538],[80.731362885317139,7.0593132436651835],[80.731329479996319,7.0593062247600322],[80.731306689964427,7.0593007650147443],[80.731274855948442,7.05928594383112],[80.73125559964852,7.0592734633268526],[80.731232807851015,7.0592582541615947],[80.731218342721704,7.059247073620651],[80.731202600968288,7.059238708991157],[80.731188415523164,7.0592278169527969],[80.731172285453695,7.0592192542396734],[80.731154994187804,7.0592087218158577],[80.731140845968696,7.0592059930279838],[80.731125129357011,7.059199753537742],[80.731112945717513,7.0591942930054685],[80.731090152438469,7.0592036522534096],[80.731066571584691,7.0592134029918059],[80.731049674681799,7.0592153510489117],[80.731027723571984,7.0592214014885259],[80.731007017749647,7.0592303756977195],[80.730973436257528,7.0592477235080331],[80.73094632065505,7.0592563037123188],[80.730925886786181,7.0592520152658897],[80.730912523921873,7.0592438235830404],[80.730893660228674,7.0592340741324655],[80.730872438341038,7.0592254919207793],[80.730857897196017,7.0592141838529097],[80.730848073871073,7.0592044325715984],[80.730834319995481,7.0591958519929658],[80.730815849308613,7.0591939022915087],[80.730802488920602,7.0591974133415434],[80.730784801804006,7.059198974264997],[80.730771484817978,7.0592029727440027],[80.730750698599238,7.0592009839275285],[80.730734501484065,7.0591931229409068],[80.730719961464104,7.0591888323504692],[80.730694415109014,7.0591829834496478],[80.73068616438124,7.0591892224107928],[80.730679482794329,7.0592005320180604],[80.730658653835178,7.05920053358982],[80.7306386125654,7.0591989734866738],[80.730617784665313,7.0591974142096516],[80.730597742452375,7.0591962420556484],[80.730582769392683,7.0591954909058625],[80.730560799944826,7.0591946829994461],[80.730544687512364,7.0591818112071554],[80.730530539547203,7.0591673832823245],[80.730517572135241,7.059151392817677],[80.730503818325232,7.059133060100228],[80.730486526345757,7.0591116116696018],[80.730470809284839,7.0590917206234662],[80.730462163055847,7.0590788513732496],[80.730455874657707,7.0590593510162245],[80.730445657193115,7.0590351704430887],[80.730438895230805,7.0590170762483471],[80.73043347528376,7.0590031890576848],[80.730428693050101,7.058993972715065],[80.730418540371147,7.0589829092316423],[80.730408664854039,7.0589793136057146],[80.730399075628526,7.0589732510375072],[80.730392994262985,7.058974719043742],[80.73038199249855,7.0589727682543506],[80.730370596679094,7.0589645803676113],[80.730361165597159,7.0589520998932],[80.730360322992354,7.0589506022648392],[80.730353697094472,7.0589388391891221],[80.730340336677997,7.0589244086233727],[80.730328546326618,7.0589056872395677],[80.730312828853869,7.0588900871609903],[80.73030025200606,7.0588791672210878],[80.730288069700165,7.0588604476060581],[80.730279031329957,7.0588495280159433],[80.730264885000338,7.0588370461682493],[80.730250433244635,7.0588282927791619],[80.730161206723494,7.0588891090361727],[80.730119479375034,7.0588503079842271],[80.730085290069553,7.0588081861305625],[80.730077037274242,7.0587988256531204],[80.730060842827697,7.0587916917123579],[80.730027127960369,7.0587758140170616],[80.729990185712566,7.0587629437482651],[80.729945385239475,7.0587508540206025],[80.729926916501597,7.058747734101094],[80.729894296452969,7.0587368148626952],[80.729873862968304,7.0587290149165547],[80.729859319388979,7.058724335443693],[80.729838494502118,7.0587200451020706],[80.729811378663186,7.0587130249086085],[80.729788190424259,7.0587071743855265],[80.729766185968927,7.0587036634418592],[80.72975085780709,7.0586966453293778],[80.729733860786908,7.0586861137867665],[80.729720966172422,7.0586757544745113],[80.729709914986216,7.0586702705070241],[80.729698247656941,7.0586617380327707],[80.729686580463934,7.0586428475382341],[80.729677371413132,7.0586190812253911],[80.729674406456184,7.0585959169080938],[80.729660267416037,7.0585741965643125],[80.729636791830302,7.0585543607787748],[80.729618120707443,7.0585385451533069],[80.729605402131412,7.0585240070175033],[80.729591077886823,7.0585077143495383],[80.729576430788555,7.0584883840557415],[80.729537434816493,7.0584469299669879],[80.729519577074669,7.0584352001130286],[80.729503985255448,7.0584217206376643],[80.729475312777907,7.0583937635750074],[80.729459216733105,7.0583805345425095],[80.72944991020313,7.0583720493243325],[80.729433810939895,7.0583638112032192],[80.729415956071065,7.058350581991867],[80.729140030133919,7.0583171306055981],[80.729047476590196,7.0583011546255108],[80.728854314959548,7.0583930096988716],[80.728737612904624,7.0581933269040613],[80.728705420340049,7.0581014723687527],[80.728645251923041,7.0580303454728721],[80.728646901564417,7.0579829089119785],[80.728668328859015,7.0579207476137444],[80.728661735480983,7.0578749434000949],[80.728632065297418,7.0578405917742],[80.728566133959703,7.0577996973246941],[80.728472180954327,7.0577849744673413],[80.728404600804595,7.0577571652586917],[80.728358448008763,7.0577195410106217],[80.728308999180101,7.0576835541315912],[80.72822823120805,7.0576017640885294],[80.72817054204782,7.0575592327215517],[80.728126037564053,7.0575314240525806],[80.728089773837098,7.0574888921825005],[80.728061754318787,7.0574332739230918],[80.728022193436558,7.0573858357983772],[80.727994172516063,7.0573351270590061],[80.727934834918386,7.0572762373431521],[80.727878792468843,7.057215712057638],[80.727860660286595,7.0571977170193998],[80.727799672647379,7.0571290134913145],[80.72776176358137,7.0571012045711923],[80.727664509815781,7.0570570385295879],[80.727516166839351,7.0569883330522156],[80.727367818475457,7.0569196293358365],[80.727232657928312,7.0568443824389355],[80.727097496655432,7.0567593191668596],[80.727046399989192,7.0567200592645669],[80.726990357062846,7.0566742570196235],[80.726952445959384,7.0566578993705678],[80.726853548315304,7.0564795950821555],[80.726797506298425,7.0564681450165816],[80.726769484027372,7.0564403352596559],[80.726736518308002,7.0564305199323814],[80.726715058431623,7.0564146279308018],[80.726697503571955,7.0563992174402248],[80.726675224407515,7.0563925177083471],[80.726648893058609,7.0563817960552591],[80.726626613707808,7.0563683953491054],[80.726615133818242,7.0563603547648857],[80.72661513467898,7.0563523154072527],[80.726608382976906,7.056341595843592],[80.726595554947039,7.056336234599291],[80.726582727822674,7.056330873354721],[80.726565849634909,7.0563194844190393],[80.726560450242971,7.0563094341921877],[80.726545596575448,7.0563020615339314],[80.726535469787393,7.0562873228335139],[80.726522641171044,7.056270572647743],[80.726511163412866,7.0562511422174543],[80.726476352383514,7.0561871111989456],[80.726441540130082,7.0561682660706779],[80.726401452565312,7.0561640793152032],[80.726324444690363,7.0561731521736712],[80.72626583873641,7.056274934630304],[80.726207231442345,7.056330190087591],[80.726018041615063,7.056568837306755],[80.725880685168519,7.0569368956900513],[80.725772262682923,7.0570799383625094],[80.725658530965262,7.0572157124533561],[80.725562927972916,7.0573334899193041],[80.725449196625689,7.0572582421333667],[80.725411284078163,7.0572386125490132],[80.725345353692646,7.0572418843737035],[80.725351947338154,7.0571502789259632],[80.725350298957679,7.0569523450653353],[80.725353594691299,7.0568051229985738],[80.725366782352353,7.0566513556804491],[80.725365359443586,7.0565599103200221],[80.725284874232642,7.0565639039941921],[80.725156099120611,7.0565000045388446],[80.725027328014633,7.0564001630614657],[80.724890506407846,7.0562643759585608],[80.724962940501698,7.0562044703991251],[80.724987085716975,7.0561006351294582],[80.724983059487045,7.0559848181978779],[80.724957628042318,7.0559407671264038],[80.724898165197743,7.0558817495024666],[80.724782063584286,7.0558227337392694],[80.724685778847871,7.0557468537733659],[80.724564017283754,7.0557018876654034],[80.724433755541071,7.0556597348053254],[80.724351635846702,7.0556541143678899],[80.724320485216822,7.0556681648424115],[80.724244028459992,7.0556063400515585],[80.724164737207673,7.0555473228276089],[80.724122263609701,7.0555107882724153],[80.724125092740891,7.0553787034793105],[80.724119051097773,7.0553491543184146],[80.724096245752023,7.0553133219063104],[80.724060136646031,7.0552529702186035],[80.724043035109787,7.0552001635528354],[80.724035434981943,7.0551360404553138],[80.724041134299469,7.0550945493277029],[80.724048734334673,7.0550549439096626],[80.724048737250428,7.0550209950310077],[80.724039235088014,7.054990820598495],[80.724008828445761,7.054973845002614],[80.723970820538383,7.0549832754439414],[80.723925213591386,7.0549832766413427],[80.723885304431207,7.0549795038666829],[80.723816892122485,7.0549681886017765],[80.723780786002038,7.054938012970343],[80.723769859881557,7.0548926314151963],[80.723731256850755,7.0548336955767033],[80.723716409924862,7.0547835984800793],[80.723668901410463,7.0547335022103201],[80.723597638569771,7.0547069814431005],[80.723526375167168,7.0546775125989578],[80.723508558427497,7.0546421518715077],[80.723487774196215,7.0546008946744285],[80.723484803247871,7.0545537451756219],[80.723464017983559,7.0544977548815746],[80.723422447562086,7.0544564998417556],[80.723368999556484,7.0544506057704277],[80.723291797524979,7.0544417654425668],[80.723229442862944,7.0544152429212623],[80.72319381254259,7.0543887225387119],[80.723175995395877,7.0543651477322964],[80.723167086237353,7.0543268381339947],[80.723161149769098,7.0542885297793179],[80.723148704406213,7.054238611992619],[80.723137830285694,7.0541666661822289],[80.723101614091675,7.0541421641560742],[80.723097957353374,7.0541396895328035],[80.723036337281286,7.0541253011649578],[80.723001903106336,7.0541037166544767],[80.722976533245216,7.0540461613484648],[80.722972907177351,7.0540209802887306],[80.722963844174188,7.0539904052725602],[80.722951159169725,7.0539544319861305],[80.722929410861298,7.0539220577367736],[80.722898598681255,7.0538824877179991],[80.722856919753212,7.0538411204799898],[80.722802549475688,7.0538033491432426],[80.72275542726004,7.0537961544204766],[80.722732394539676,7.053779043038479],[80.722711718248078,7.0537524890720755],[80.722660637250101,7.0537090353837186],[80.722601042134102,7.0536716188168871],[80.72256212261162,7.0536510981347194],[80.722514688199411,7.0536354055059105],[80.722464821931169,7.0536160935233028],[80.722363875366497,7.053610060000902],[80.722260496245298,7.0536064370773293],[80.722188283330127,7.0536253740791848],[80.722144572553006,7.0536517767932549],[80.722112268472671,7.0536838382247673],[80.722066660158319,7.0537819094626597],[80.722019151189272,7.0539007263582567],[80.721949141057024,7.0539851757562095],[80.721841032038682,7.0540753015906912],[80.721718026867919,7.0541892353546638],[80.721693222347568,7.054167282917275],[80.721680616963596,7.054170904122512],[80.721652089762003,7.0541761711191135],[80.72161924874753,7.0541781468057403],[80.721584602085301,7.0541704587706064],[80.72155477409693,7.0541604399765312],[80.721486952797235,7.054128386695484],[80.721440950214486,7.0541066460696724],[80.721394946730953,7.0540849045349185],[80.721335867595059,7.0540707757812404],[80.721245272917656,7.0540641934159423],[80.721177846816673,7.0540432261310428],[80.721128732894599,7.0540001342353875],[80.721086736144912,7.0539379702772287],[80.721051145966626,7.0538645031418339],[80.721005590655267,7.0537966867866304],[80.720969696712089,7.0537581903636069],[80.720920886755636,7.0537246326722576],[80.720850418151741,7.0536900188688625],[80.720799168746581,7.0536787160596681],[80.720735819031091,7.0536864865108004],[80.720657520155157,7.0537147433205654],[80.72057139273852,7.0537458260674564],[80.720527261509147,7.0537599543152272],[80.720473876419078,7.0537663115766369],[80.720417643440854,7.0538037515955399],[80.720399848815291,7.0538426042445606],[80.720401984063457,7.0538962918572237],[80.720418355699195,7.053925254502321],[80.720444692034206,7.053982474560561],[80.720453945635995,7.054037574662356],[80.720442556301222,7.0541209312167146],[80.720416220841514,7.0541767378368947],[80.720404119196402,7.0542141777251377],[80.720414796912863,7.0542523239061703],[80.7204325914864,7.05427422311916],[80.72046462279458,7.0542911765342584],[80.720521567235053,7.0543222583298588],[80.7205365148086,7.0543377998652428],[80.720524954750147,7.0543503856360852],[80.720501244221836,7.0543547587722539],[80.720423042799567,7.0543168170037216],[80.720355268994865,7.0542892227404055],[80.720323988823964,7.0542512811682716],[80.720304873614936,7.0542064402325479],[80.720322529012549,7.0541438013814561],[80.720320305084556,7.0540974423247791],[80.720316968395935,7.0540532923749604],[80.720273593349759,7.0539892734293019],[80.720239114540391,7.0539561605066492],[80.720170218843805,7.0539094787107155],[80.720086745576438,7.0538943493972344],[80.720021126379407,7.0538954528688551],[80.719929704440787,7.0539034594578744],[80.719872093003019,7.0538943487395169],[80.719829830356005,7.0538689622120749],[80.719790902923506,7.05380273632914],[80.719744190866763,7.0537133301021218],[80.71973306835585,7.0536636610731982],[80.719753088301943,7.0535852937840788],[80.719782005175219,7.053487057066909],[80.719839838548154,7.0533082467010155],[80.719906570072055,7.0531139817612969],[80.719964404930849,7.0529594549405141],[80.719994433952451,7.0528932283708023],[80.720042258289368,7.0528645302995372],[80.720151252653281,7.0528568034315784],[80.720217983529579,7.0528612182031392],[80.720340324836727,7.0528479729618532],[80.720444870443217,7.0528225869360783],[80.720518760206616,7.0527997193474592],[80.720548303436601,7.0527905766479027],[80.720587863201871,7.0527698002318697],[80.720511451063928,7.0526837229210182],[80.720502838398829,7.0526735383999721],[80.720491682860057,7.0526571997119012],[80.720474352831133,7.0526041876062147],[80.720428777428353,7.0525546085061004],[80.720396207470245,7.0525090307480429],[80.72036890459735,7.052480820081513],[80.720343037884049,7.0524634134346238],[80.720285136953621,7.0524467788341889],[80.720244645631354,7.0524385465035611],[80.720192812372872,7.0524285005555507],[80.720140392174685,7.0523915846261929],[80.720115077831281,7.0523576851405352],[80.720036395327583,7.0523038119352446],[80.719978967003044,7.0522344132999732],[80.719948383928809,7.0521896234091166],[80.71994360113618,7.0521798372398559],[80.719930031269271,7.0521576238171217],[80.719917812932962,7.0520901125260993],[80.719902650137826,7.0520437274797745],[80.719876559198127,7.0520095927650237],[80.719871444439008,7.0519680352634504],[80.71986048298605,7.0519042390479756],[80.719871377759603,7.0518090196388794],[80.719857122443543,7.0517365262282699],[80.719834854661954,7.051690962339765],[80.719792039974593,7.0516587101830899],[80.719747507882914,7.0516359377458544],[80.719692057598778,7.0516180744061385],[80.719689689897677,7.0516156279466768],[80.719598857481031,7.0516178921476946],[80.719575158110501,7.051635744955993],[80.719517980630314,7.0516778220825085],[80.719497994000236,7.0517357871264128],[80.719544545363092,7.0517900354139966],[80.719604352776713,7.0518120971311404],[80.719628968605917,7.0518355752361277],[80.7196293411493,7.0518536841850761],[80.719620090117786,7.0518676908947304],[80.719576035870389,7.0519197885289939],[80.719566081769585,7.0519389696410242],[80.71954006649446,7.0520044488070344],[80.719519295570052,7.0520358992460954],[80.719477890573003,7.0520159585743709],[80.719441256005098,7.0519810149952225],[80.719362520319123,7.0518747655667156],[80.719339503571689,7.0518399158851031],[80.719328648398715,7.0518253786009035],[80.719317792321377,7.0518108404120223],[80.71916930119211,7.0518001910871311],[80.719163035508814,7.0517919936089415],[80.719156786503774,7.0517733106028366],[80.719156573525368,7.0517606782035056]]]},"properties":{"OBJECTID":2,"JoinKey":1,"Name":"Camnethan Division","ID":5,"Area":402.74259428112123,"Total_area":2024,"Div_Pct":19.911067193675887,"Tea_ac":267.46496741342207,"Veg_ac":48.758024190569536,"Grass_ac":72.724498860385069,"HighVeg_ac":4.8757344404534013,"Dev_ac":8.8005718146652914,"Shape_Length":6591.5887396557428,"Shape_Area":1547731.5625561962}},{"type":"Feature","id":3,"geometry":{"type":"Polygon","coordinates":[[[80.706441016909693,7.05399211646598],[80.706469186012967,7.0539794340629181],[80.706555401482461,7.0538867565561985],[80.706578715919321,7.0538684078889489],[80.70662394336901,7.0538328108919357],[80.706718990155224,7.0537870342340137],[80.706734120238863,7.0537714018009838],[80.706747509786865,7.053730440162461],[80.706755957226321,7.0536874846763009],[80.706760719328599,7.0536644000466406],[80.706775541761786,7.0536358376773167],[80.706803044205799,7.0535955609010852],[80.706864862803826,7.053561679127248],[80.706904556957255,7.0535425624091737],[80.706969279892007,7.0535359171987446],[80.707054034687644,7.0535613772195038],[80.707067246334319,7.0535477276518268],[80.707088137521183,7.0535049783838764],[80.707111565555891,7.0534772736682028],[80.707138688936283,7.0534596209560307],[80.707169381275506,7.0534497341209104],[80.70728621144967,7.0534294269801316],[80.707396403423957,7.0534480857409969],[80.707449998221747,7.0534140697378493],[80.707531636313973,7.0534157240355695],[80.707565148343221,7.0534425789858277],[80.707584346306845,7.0534518257221608],[80.707638533476782,7.0534397249430807],[80.707730168151215,7.053432308596526],[80.707801087785498,7.0534337451376468],[80.707849547547895,7.053422923096595],[80.707962977962509,7.053358071465099],[80.708019009928364,7.0533520280111803],[80.708068771758064,7.0533631402873924],[80.708131722563564,7.0534161956934067],[80.708212638491077,7.0533918887044544],[80.70828164614025,7.0533328054505375],[80.708352359046756,7.0532807679496203],[80.708365296330427,7.0532674004507641],[80.708414937773696,7.0532350911049653],[80.708436505212305,7.0532281436867681],[80.708461361183083,7.0532154326456435],[80.708592967796775,7.0531016121602992],[80.708672385006281,7.053006308040433],[80.708724588799669,7.0529755445066229],[80.708748186324257,7.0529641797916982],[80.708763731863101,7.052948117802349],[80.708915109525634,7.0528169110253538],[80.708919480038446,7.0528155027356076],[80.709093046856594,7.0526525413895849],[80.709199949968337,7.0525970825303448],[80.70925987996155,7.0526388777300344],[80.709332768655997,7.0526943353619078],[80.709429953990011,7.052742561050807],[80.709538476866499,7.0527915886634736],[80.70962594168985,7.0528181120808853],[80.709710362782531,7.0528478182340875],[80.709800550386433,7.0528812545889865],[80.709888664648531,7.0529368092614666],[80.709950862367947,7.0529779608242213],[80.710063338049537,7.0530355735370005],[80.710171147320111,7.0530813544123623],[80.710265999999763,7.0531240488086695],[80.710387285845783,7.0531641723445224],[80.710504426119414,7.0531898913404163],[80.710654737294618,7.0532171550323284],[80.71076254847992,7.0532500755141241],[80.710849625278854,7.0532691091151172],[80.710971947777253,7.0533020297796263],[80.711081831478097,7.0533251775508745],[80.711227997290237,7.0533303209431129],[80.711373125486318,7.053330835862802],[80.711435323847184,7.0533298072829105],[80.711551945172786,7.0533256917013931],[80.711583563437117,7.0533287780013136],[80.711652499424446,7.053345753424102],[80.711724546142463,7.0533725012918058],[80.711791408754721,7.0534059376453566],[80.711854643091328,7.0534476036543898],[80.711939129201539,7.0534933854159076],[80.712013766892113,7.0535314501902722],[80.712139717787579,7.0535957489589638],[80.712173927420054,7.0536137531498779],[80.712178592388852,7.0536235267203056],[80.712174607467944,7.0536382438916174],[80.712167474292244,7.0536395604954789],[80.712124683206127,7.053642194293464],[80.712088760012961,7.0536439337633281],[80.712088731951681,7.0536439337594601],[80.712075673660408,7.0536427979478065],[80.712015215926854,7.0536375409621694],[80.711966185614386,7.0536443038889001],[80.711912232335962,7.0536610235377069],[80.711872101624138,7.05367680189309],[80.711828122018389,7.0537184657172833],[80.711787894981185,7.053776001682567],[80.711733469568316,7.0538549670267354],[80.711699157763007,7.053914264504642],[80.711629054593999,7.0540554625895595],[80.711589419803303,7.0541693600245203],[80.711574630233002,7.0542304190970579],[80.711557178378698,7.0542985233135109],[80.711561616122523,7.0543278779814411],[80.711575221114913,7.0543619327423785],[80.711626383805623,7.0544488191614318],[80.711657064301818,7.0545108467410778],[80.711675236033102,7.0545516085298035],[80.71169566782531,7.0546201140977365],[80.711712895094578,7.0547024027824667],[80.711721412962433,7.0547617704059054],[80.711722119009366,7.0548009354627128],[80.711715186480575,7.0548238697265706],[80.711710591510297,7.0548314734700899],[80.711704094268569,7.0548422158254187],[80.711671742351385,7.0548935872531073],[80.711626190760029,7.054977259864506],[80.711613698514981,7.0550127678478489],[80.711603216722011,7.0550548215388327],[80.71160162538834,7.0550612012567395],[80.711600068472336,7.0550674380977156],[80.711571080710058,7.0551351437144039],[80.711561616044548,7.0551794691837362],[80.7115598405437,7.0552017792806287],[80.711561025794992,7.0552123490737184],[80.711577292632398,7.0552232076316876],[80.711595333877113,7.0552326014461926],[80.711603911901349,7.0552434607430499],[80.711615679033685,7.0552668271528525],[80.711619294332053,7.0552739907306039],[80.711618871874165,7.0552785312351531],[80.711614417201034,7.0552796592006874],[80.711613208708712,7.0552799683083185],[80.711564400522576,7.0552894278876783],[80.711460619555595,7.0553158311837132],[80.711364384076973,7.0553313837349272],[80.711279972569287,7.0553585728285686],[80.711238663093184,7.0554261962179918],[80.711222301783948,7.0554823238286133],[80.711226705711127,7.0555074544403515],[80.711244524392569,7.0555160370670977],[80.711251499806238,7.0555232381940716],[80.711311535056183,7.0555348760643852],[80.711352470528354,7.0555589971329615],[80.711353134081278,7.0555911076252951],[80.711337602122072,7.0556071552318915],[80.711268375751061,7.0556188736204097],[80.711189077240334,7.0556105573105325],[80.711117373176748,7.05559746274856],[80.710999218775015,7.0555886327390676],[80.710952295770554,7.0555810489028907],[80.710952876354199,7.0555528434148904],[80.710946011509847,7.0555318487898289],[80.710939139203305,7.0555252942576789],[80.710926963237767,7.0555127171503118],[80.710864341078207,7.0554806920007103],[80.710822827275337,7.0554882353807278],[80.710772870612615,7.0555022208094993],[80.710741028252983,7.0555209862779318],[80.710700304339383,7.0555630619119007],[80.710669220542869,7.0555817741276785],[80.710650397690259,7.0555881685942259],[80.710602148814516,7.0555788202183285],[80.710558273835574,7.0555699001959482],[80.710531224663669,7.0555749243636683],[80.710516867733901,7.055596662055577],[80.710503254231966,7.0556165993619322],[80.710499529413269,7.0556222535139783],[80.710497911448527,7.0556248052607922],[80.710496557862996,7.0556269401559666],[80.710496401227374,7.055627187011682],[80.710484306015204,7.0556452833477552],[80.710417900735024,7.0557364966786764],[80.7103691568052,7.055802955083684],[80.71033089079404,7.0558427431169033],[80.710293537657634,7.055860370145532],[80.710239324213902,7.0558902111630548],[80.710187845929951,7.0559480808856616],[80.710145024766362,7.0559950991547336],[80.710111987033017,7.0560423801578409],[80.710105847573871,7.056051160178348],[80.71004252540753,7.0561352515108329],[80.709997881384766,7.0561867901743041],[80.709939114567121,7.0562428511053525],[80.709875338123268,7.056287609191723],[80.709786049748729,7.0563545202328788],[80.709663049267576,7.0564553391277327],[80.709568295441272,7.0565267718202644],[80.709439373588296,7.0566171910939159],[80.709408075247694,7.0566477063050872],[80.709344008570838,7.0567333392879874],[80.709344744417791,7.0567339452845124],[80.709377863979256,7.0567604527907246],[80.709445834237414,7.0568235077436006],[80.709538921929692,7.0568572348513534],[80.709627576808771,7.0569100251582348],[80.709697021853742,7.0569657481044512],[80.709728051453581,7.0570229377711371],[80.709759081626501,7.0570698607540523],[80.709827050853974,7.0571534453974367],[80.709881721001892,7.0571974372475488],[80.709971853711565,7.0572282320602886],[80.710053120254969,7.0572692904667864],[80.710134387230568,7.0573074161675846],[80.710184626073953,7.0573220804354886],[80.710228952856127,7.0573250130919885],[80.710316131483822,7.057320614214504],[80.7104033080916,7.057317681214121],[80.71044763585374,7.0573264792333887],[80.710500827992263,7.0573440765769417],[80.710574707245343,7.0573719371880275],[80.710630855939726,7.0573822027529305],[80.710700302709625,7.0573822025996851],[80.710769748574378,7.0573822024359849],[80.710798886689076,7.0573991533904872],[80.710866973298167,7.0574479552537968],[80.710958702680131,7.0575061417853089],[80.711027735116105,7.0575624513764375],[80.711090148014577,7.0576234525174089],[80.711149724922308,7.0576778852172701],[80.711185658905649,7.057737009802441],[80.711220648879845,7.0578017654186578],[80.711280225066361,7.0578486895790125],[80.711341690769999,7.0578608901302831],[80.711371007401425,7.0578768445195674],[80.711428692340775,7.0579387845381563],[80.711487323194248,7.0580270022497968],[80.71154027857132,7.0580880047259633],[80.711632007979347,7.0580955115366422],[80.711688747488083,7.0581086509682747],[80.711744540639231,7.0581443140210123],[80.711807899503683,7.0582259615997041],[80.711877937167657,7.0583001612565619],[80.711913399058744,7.0583441520182015],[80.711937040371438,7.058410140398899],[80.711928175336524,7.0584775928888677],[80.711906011130083,7.0585435812616844],[80.711906011090818,7.0585699754862885],[80.711914875994836,7.0585949050440044],[80.71194590630779,7.0586300980190426],[80.711981367951836,7.0586564926254347],[80.712002054212121,7.0586931527732695],[80.712000576152732,7.0587312784642418],[80.712006486951353,7.058759140303458],[80.712038993902297,7.0587796691139362],[80.712074456062581,7.0588089964048981],[80.712121738598569,7.0588309931426574],[80.712188228829845,7.058866184661257],[80.712225168706738,7.0589057779214777],[80.712260630589796,7.0589307066130438],[80.712297569977125,7.0589673662715411],[80.712349286563878,7.0590069579371821],[80.712402479169157,7.0590230891714318],[80.712473403192647,7.0590186894697791],[80.712554670174072,7.0590274878346433],[80.712656623682577,7.0590186892487843],[80.712697996331755,7.059026021661853],[80.71279256123006,7.0591184039659645],[80.712842799268984,7.0591741265355656],[80.712901901663471,7.0592195845307399],[80.712972827154346,7.0592577101382377],[80.71301567523345,7.0592723740009378],[80.71305852632419,7.0592782388810491],[80.713164912632152,7.0592899705327028],[80.713262433106138,7.0593163653212025],[80.713333356193459,7.0593324952346279],[80.713407236308527,7.0593442269518372],[80.713461906671228,7.0593442252965826],[80.713509189475104,7.0593383617761871],[80.713566815700631,7.0593090335914406],[80.713588977331256,7.0593075670685286],[80.713637739505032,7.0593266302567601],[80.713683543841029,7.0593427603501855],[80.713748557911742,7.0593574244159125],[80.713782542257093,7.0593647557396171],[80.713829824583556,7.0593691552508595],[80.713857898954132,7.0593618232216073],[80.713908136335206,7.0593427597799288],[80.713934734027674,7.0593105001212404],[80.713968716760931,7.0592826391315402],[80.714002701772827,7.0592445123623566],[80.714149444577714,7.0590852270579765],[80.714207162846833,7.0590439844630106],[80.714297203218109,7.0590119077792552],[80.714384934028217,7.0590096170793046],[80.714495753479426,7.0590187816688399],[80.714581176564096,7.059046276029826],[80.7146896855931,7.0590852274799332],[80.714763565396751,7.0591470896529671],[80.714818975271143,7.0591814582149111],[80.714913632488077,7.0592020791373296],[80.71503368637444,7.0592226997689203],[80.715096022067314,7.0592364481282326],[80.715188370411852,7.0592753991447958],[80.715271485291424,7.0593028930766062],[80.715304453375765,7.0592943697156985],[80.715409362473736,7.0592782378304522],[80.7154965393417,7.0592621090299064],[80.715549732029828,7.0592371804136445],[80.715678282298143,7.0591814579554839],[80.715740339158714,7.0591330671298049],[80.715783190486221,7.0590817438186466],[80.715837861500219,7.0590348197210204],[80.715876279021373,7.0590186899345087],[80.715907307669795,7.0589996264937769],[80.715923985796323,7.058995883892675],[80.715949937940209,7.0589912716394245],[80.715968916374877,7.0589862732423603],[80.71598169993878,7.058985120994933],[80.715997191705952,7.0589924244384399],[80.716019271355606,7.0589947314935078],[80.716037864325699,7.0589954998569553],[80.716065751115138,7.0589962685189054],[80.716085119453822,7.05900011255435],[80.716101000307077,7.0590016501358015],[80.716117268541694,7.0590035721004663],[80.716133149644222,7.059003188012638],[80.71614825557738,7.0589981891073501],[80.716166072314181,7.0589885812612305],[80.716181566872166,7.0589743574933035],[80.716190863447196,7.058967053642526],[80.716200159514756,7.0589566751223423],[80.716217588758639,7.0589405308392239],[80.716223399308916,7.0589336108711374],[80.716231534047012,7.0589297667766164],[80.716241990715147,7.0589324575580203],[80.716247802389333,7.0589378389793733],[80.716256710746407,7.0589506036236767],[80.716279564174371,7.0589612883354711],[80.716299704720456,7.0589716670379392],[80.716322558129107,7.0589755106087528],[80.716350834667466,7.0589793548773994],[80.71636903935098,7.0589797388439637],[80.716406223567617,7.0589735879648092],[80.716423654181924,7.0589678233955349],[80.716447282526389,7.0589570596684705],[80.716467034947271,7.0589447590113741],[80.716491439177958,7.0589190027523445],[80.716500733413525,7.0589017053158605],[80.716515453280323,7.0588790251925362],[80.716518939472948,7.0588632643437199],[80.716525524702405,7.0588436605566409],[80.7165286241069,7.0588229024162628],[80.716535981446668,7.0588106010675595],[80.716555737663001,7.0587898432581193],[80.716590985072543,7.0587667796260165],[80.716622746308602,7.0587452528785617],[80.716651409559731,7.0587264169715347],[80.716668839980954,7.0587079657651524],[80.71669944000277,7.0586779817145198],[80.716729652160453,7.0586372353655014],[80.716738536363721,7.0586196005621726],[80.716770614033265,7.0585727521350847],[80.716804506356908,7.0585210966019476],[80.716847475769256,7.058465238972639],[80.716888026351981,7.0584171879772502],[80.716947337698414,7.0583529204917905],[80.717032067072509,7.0582838479975143],[80.717078065062708,7.0582580203035086],[80.717154322183433,7.05821297343984],[80.717232395131361,7.058175133276376],[80.717263374730663,7.0581565137561393],[80.717335244710014,7.0581292975791357],[80.717395766550879,7.0581124054172166],[80.717414381652503,7.0581097129167745],[80.717419369940259,7.0581194548240989],[80.717427797178615,7.0581359135104904],[80.71744900297395,7.0581548109411587],[80.717506347497121,7.0581667153541909],[80.717589991578322,7.0581678680677786],[80.717637622354303,7.0581505736359844],[80.717725916599036,7.0581079155863264],[80.717779357992143,7.0580756346670865],[80.717818854850393,7.0580629521016025],[80.717853252368059,7.0580597253090103],[80.717874365211898,7.0580548889742811],[80.717893857025288,7.0580484409466004],[80.717916596626665,7.0580500516724136],[80.717943668891991,7.0580634859487263],[80.71797669315167,7.0580822907894092],[80.717984813922541,7.0580957244954172],[80.717994559941161,7.0581204406329352],[80.71800539024072,7.0581392463064132],[80.718004305381612,7.0581569779695146],[80.717996185384109,7.058180619350555],[80.718001597293238,7.0581978119521143],[80.718013507983997,7.0582128576210303],[80.718034085274738,7.0582198433157046],[80.71808280850297,7.0582252156186307],[80.718107041965808,7.0582320254263369],[80.718143991389965,7.0582424106737749],[80.718208959673902,7.0582612158735367],[80.718238736933486,7.0582730362691741],[80.718264185105625,7.0582805597245262],[80.718301542272656,7.058295065971655],[80.718312912263286,7.0583052752914845],[80.718325364119195,7.05828539368036],[80.718340523795803,7.0582773327013522],[80.718360013533271,7.0582730360182513],[80.718386002923097,7.0582741108675657],[80.71842660859474,7.0582837830437395],[80.718467213095181,7.0582956038675508],[80.718508903178162,7.0582982903417459],[80.718537595834775,7.0583041999839278],[80.718562500989975,7.0583181711181355],[80.71859552884689,7.0583375139827531],[80.718620432195294,7.0583514842093349],[80.718659412833034,7.0583772737614767],[80.71869190082019,7.0583923192497782],[80.718727631982972,7.0584089757214175],[80.718759036502902,7.0584234830038186],[80.718767698779345,7.0584283185407628],[80.718740627333375,7.0584955148031332],[80.7187253987953,7.0585332933700951],[80.718716938243929,7.0585660375512385],[80.718726246939625,7.0586138914102792],[80.718752471544519,7.0586600671459676],[80.718771082133699,7.0587012049066322],[80.718790539411799,7.0587398233509724],[80.718805764525072,7.0588027899393468],[80.718826915670718,7.0588397292794136],[80.718856524280255,7.0588615576634988],[80.718878519461214,7.0588808674942198],[80.718878519566331,7.0589312387162586],[80.718875589712866,7.0589506033452167],[80.718873440789267,7.0589648216167555],[80.718870903433739,7.0590529738806156],[80.718859058913878,7.0591318919437436],[80.718850602663053,7.0591956975210808],[80.718848063313445,7.0592779726438248],[80.718846369344902,7.0593317022796835],[80.718852294188537,7.0593518520426093],[80.718870905452007,7.0593585679719526],[80.718897127900249,7.0593787175273928],[80.718915739672141,7.0594106213263057],[80.718938579510237,7.0594660305879335],[80.718956346130383,7.0594954121478093],[80.718979185287509,7.0595197600135435],[80.719011333611519,7.0595592192156404],[80.719034171203248,7.0595449474243939],[80.719046016521077,7.059547466494374],[80.719066321216744,7.0595634174838722],[80.719100159197907,7.0595986781556892],[80.719104825746626,7.0596046381620576],[80.719113832641199,7.0596118593165063],[80.719135316682696,7.0596290538804292],[80.719156801377139,7.0596483102804379],[80.719176201974136,7.0596699746129277],[80.71920046053566,7.059701610512505],[80.719220210947185,7.0597274021773488],[80.719231297580436,7.0597456263790033],[80.719239267832506,7.0597690111206957],[80.719244120333315,7.0598013355325842],[80.71924204000895,7.0598319399919784],[80.719227834741886,7.0598518856173715],[80.719208407222027,7.0598871098984519],[80.719202992894992,7.0599037676104999],[80.719201367333184,7.0599241859272395],[80.719191623938642,7.0599435289215124],[80.719178089793715,7.0599752289070743],[80.719183503114252,7.0599961843467502],[80.719204073986987,7.0599972593899052],[80.719232771877898,7.0599983336209542],[80.719259297960548,7.0600010208808524],[80.719268502805974,7.0600106927487447],[80.719274460231418,7.0600311083783733],[80.719279331974235,7.06005421421031],[80.719285286194491,7.0600638865835732],[80.719297198558465,7.0600660339822037],[80.71931560519775,7.0600660344295827],[80.719340512514748,7.0600633489542863],[80.719362169780723,7.0600633479893471],[80.719379491642869,7.0600660359239589],[80.719396819578506,7.0600708707012201],[80.719385808509017,7.0601154475350718],[80.719376274694937,7.0601530803186821],[80.719373171619395,7.0601678256903773],[80.719368292660818,7.0601887337476548],[80.71936474457155,7.0602153617567662],[80.719365409893072,7.0602375916962101],[80.719363248996203,7.0602535552947172],[80.719354589701766,7.0602831072307319],[80.719347550430001,7.0603078230912768],[80.719339971499053,7.0603411362030792],[80.719337803417503,7.0603787481841467],[80.719337262583537,7.0604190452740863],[80.719337262577042,7.0604485964616313],[80.719337803379759,7.0604749256430148],[80.719338345849579,7.0604802991459152],[80.719367583147374,7.0604824477605099],[80.719377327332879,7.0604862090929768],[80.719380576529986,7.0604905076972839],[80.719385450422976,7.0605109240968282],[80.719392486744923,7.0605324168951675],[80.719401148918152,7.0605458497376743],[80.719418609352047,7.0605702394259238],[80.719441080413887,7.0605925389512496],[80.71946354789992,7.0606292695249318],[80.719484220789525,7.0606623780988915],[80.719503681270695,7.060683366901654],[80.719526518928731,7.0606984789764393],[80.719551052963396,7.0607135903528428],[80.719562895290451,7.0607186261165511],[80.719593350659977,7.0606867265226807],[80.71959842545823,7.0606632185833202],[80.71961111580238,7.0606548226667867],[80.7196322670451,7.060669934530809],[80.719644952758898,7.0607068746087709],[80.719653414582567,7.0607228250335847],[80.719663567059982,7.060733740441365],[80.719680483997166,7.060753888818823],[80.719686936893453,7.0608312826429556],[80.719663141723061,7.060881130078335],[80.719659178080946,7.0609454082654883],[80.719681647295786,7.0610201806237729],[80.719672396708461,7.0610883919345779],[80.719663142448042,7.0611421758121962],[80.719684291551616,7.0611972701271206],[80.719687016439224,7.061262533022183],[80.719695195717193,7.0612721233682088],[80.719707092087106,7.0612795031177988],[80.719716016089293,7.0612913100287633],[80.71972344762365,7.0613754275474934],[80.71972648499775,7.0614095169533622],[80.719734098519993,7.0614265171821362],[80.719745040412548,7.061444462824249],[80.719764077133604,7.0614742143709135],[80.719767406738768,7.061479881209932],[80.719797491581133,7.0615175875437775],[80.719780792379254,7.061552654826845],[80.719738551668456,7.0615941613383422],[80.719694222219857,7.0616240453428158],[80.719667033422382,7.0616510249648412],[80.719622290135973,7.0616746709511542],[80.719570901380123,7.0616930331175167],[80.719496210340779,7.0617052729360683],[80.719435909621225,7.0617243140429302],[80.719382463029405,7.0617521947500483],[80.719328924511103,7.0617693466537315],[80.719299878833269,7.0617762412036749],[80.719280933271435,7.0617856419415457],[80.719253147539789,7.0618082038899752],[80.719229148430443,7.0618226193332001],[80.719189994808133,7.0618464332619029],[80.719153999355228,7.0618639815810837],[80.719102847540725,7.0618765163226564],[80.719068748482471,7.0618796500971506],[80.719030222983292,7.0618821557297089],[80.71901128144286,7.0618809027292064],[80.71899612523984,7.0618746366755536],[80.718974022260895,7.0618621001532444],[80.718946236322168,7.0618495656417792],[80.718906451019066,7.061835348527068],[80.718852179495684,7.0618431822298335],[80.718825538967465,7.0618647251317634],[80.718817646956424,7.0618892066594015],[80.718824551095139,7.0619254388687738],[80.718843298872088,7.0619636285738867],[80.718857112305315,7.0620018185728552],[80.718880796708206,7.0620801577318],[80.718901517496022,7.0621506633523241],[80.718918291662277,7.0622055012381164],[80.718926185275464,7.062248587366347],[80.718901518105014,7.0622701305156301],[80.718807779181262,7.0622397737595026],[80.718699237776562,7.062197666298478],[80.718647928113739,7.062176122787343],[80.718605497732071,7.0621692682466159],[80.718556595878766,7.0621265495989469],[80.718516509499679,7.0621311403439577],[80.71849029855251,7.0621556204926987],[80.718436339152561,7.0622443640961698],[80.718380836673617,7.062308625902288],[80.718316081791855,7.0623667688609464],[80.718248243090287,7.0624371513200952],[80.718193933301123,7.0624969052449602],[80.718158174053229,7.0625286602941193],[80.718111120694289,7.0625650801889828],[80.718070658063453,7.0625884281363733],[80.718049013860607,7.0626276500595724],[80.718035840247609,7.0626416580465534],[80.71801325865006,7.0626631372031108],[80.717975615932843,7.0626995591680117],[80.717952092230661,7.0627191698898759],[80.71792950770967,7.0627350450059252],[80.717813030569587,7.0628839456167274],[80.717773820338607,7.0629462054365391],[80.71776859217546,7.0630292145032989],[80.717742453140318,7.0630785035766008],[80.717664035616821,7.0631148190940811],[80.717551638645375,7.0631667007892194],[80.717467992864741,7.063200424752119],[80.717421592822532,7.0632378773850855],[80.717395127675303,7.0632743567846141],[80.717362779207448,7.0632845705318914],[80.717387777830155,7.0633341825749483],[80.717420125292108,7.0633604479607168],[80.717464233743215,7.063391089001235],[80.71752010880256,7.0634246524607853],[80.717517130266629,7.0634274744490879],[80.717377427835288,7.0635598583234129],[80.717266719457214,7.0636647673434334],[80.717222281945297,7.0636803312771717],[80.717138635110359,7.0636362326043161],[80.71710726968189,7.0636180735976861],[80.717068737407303,7.0636299061636381],[80.717035950876564,7.0636393665382462],[80.717008744535292,7.06365275234631],[80.716977584636624,7.0636767524893855],[80.716965955487808,7.0636961367905666],[80.716951582385136,7.0637172814410478],[80.716932326451257,7.0637389147015099],[80.716911616220912,7.063764516810731],[80.716875281356423,7.0638081462356821],[80.71684221797706,7.0638445650740991],[80.716803706667932,7.0638903582388997],[80.716783358374087,7.0639170410440366],[80.716768460097839,7.0639462484873876],[80.716745936015002,7.0639700471539362],[80.71671613946539,7.0639931223400918],[80.716695067885396,7.0640057438658843],[80.716672542887679,7.064015480441757],[80.716661641898185,7.0640248549736597],[80.716641295840333,7.0640410802824301],[80.716608959945802,7.0640655993255699],[80.716579528628884,7.0640922818593266],[80.716556636359584,7.0641070644559134],[80.71653774378062,7.0641186037903259],[80.716518124375725,7.0641366332939759],[80.716496685493695,7.0641615127432118],[80.716475977889843,7.06418747474972],[80.716456720754991,7.0642040610117371],[80.716440371355688,7.0642264153637333],[80.716397130691689,7.0642823063619158],[80.716376059590218,7.0643190866283518],[80.716354261644838,7.0643414411790468],[80.716331733667701,7.0643670430269756],[80.716322285519126,7.0643836296442846],[80.716309570419185,7.0644002158397541],[80.716289586394367,7.0644236521812394],[80.716277230665725,7.0644402393264931],[80.716263059888632,7.0644643980601582],[80.71624416644768,7.0644824276455775],[80.716214375307359,7.0645192058731707],[80.716182037003293,7.0645549031138319],[80.71617113905117,7.0645686056822337],[80.716155515707854,7.0645902411877914],[80.716140254482724,7.0646046639292939],[80.716123904599968,7.0646165625883022],[80.716114093771765,7.0646306243087968],[80.716102103898379,7.0646529801170681],[80.716089748734547,7.0646720911981937],[80.716081030415722,7.0646868737979158],[80.71607122220648,7.0647016589691676],[80.716063228049975,7.0647095905777206],[80.716051965082883,7.0647178834881528],[80.716042878991331,7.0647276199660238],[80.716035977204669,7.0647373567269032],[80.71603270719153,7.0647539423302774],[80.716030890358795,7.0647752160869999],[80.716032081344537,7.0647913754324252],[80.716029798827975,7.0648087488214557],[80.716032342740277,7.0648278600239207],[80.716027984631808,7.064837595305816],[80.716017029087467,7.0648416135618115],[80.715998552611495,7.0648412024151437],[80.715972028968068,7.0648386777453194],[80.715967669361902,7.0648390380008328],[80.71596476364904,7.064866441962014],[80.715968761222513,7.0648934859978443],[80.715974210246188,7.064917644555317],[80.71597711844646,7.0649407212231301],[80.715976390159,7.0649583887156053],[80.715978208047332,7.0649847117299185],[80.715980748896399,7.0650204089592581],[80.715985110029834,7.0650431249941121],[80.715980389110754,7.0650514187515112],[80.715990774971374,7.0650915038269888],[80.716004635905648,7.065174031532127],[80.716036512797686,7.0652483097056793],[80.716072550601368,7.0652909491747771],[80.716114287999659,7.0653243698957935],[80.716236098679076,7.065457383144512],[80.716212538330055,7.065520655868446],[80.716201450899376,7.0655853038572891],[80.716216697150642,7.0656238178574684],[80.716240259949942,7.0656884648993392],[80.716266592716465,7.0657393603917198],[80.716348243989088,7.0657751537402813],[80.716409150891337,7.065798660197653],[80.716419304363129,7.0658792557957923],[80.716427134209411,7.0659942385455139],[80.71647238744788,7.0660568735569633],[80.716544340538761,7.0661181003634619],[80.716635695386117,7.066172189185413],[80.716700417490372,7.0661987725715472],[80.716743384056542,7.0662482892817549],[80.716748926032253,7.0663033093712473],[80.716679625864188,7.0663707071600825],[80.716613097497856,7.0663817122622312],[80.716547954379834,7.0664188504040286],[80.716474495124004,7.0664614911220864],[80.716391333027701,7.06648074863043],[80.71636230069295,7.0664868589548329],[80.716345595173365,7.0664903754862705],[80.71628738470811,7.0664889997451725],[80.716262309014354,7.066481942855658],[80.716194519918801,7.0664628657241462],[80.71612391693219,7.0664333072172338],[80.716105813371584,7.066425728528527],[80.716133534396903,7.0663679581990291],[80.716146009900015,7.0662868030429253],[80.716133535934006,7.0662235319911328],[80.716107199380787,7.0661877683808587],[80.716033741413,7.0661368758147374],[80.715976914093645,7.0660804808356223],[80.71597552959112,7.0660488432242987],[80.715985231374461,7.0660034533374541],[80.716001862842148,7.0659566861746557],[80.716030971396449,7.065907168801262],[80.716042057821795,7.0658714055170204],[80.716042058680216,7.0658438953751626],[80.71603928409219,7.0658026311588866],[80.716018495151673,7.0657641173386896],[80.716014339024014,7.0657311066186033],[80.716025427100803,7.0657104752240896],[80.716017110198393,7.0656802130794665],[80.715997706103721,7.0656568295186597],[80.715983846675115,7.0656183165957973],[80.715958009734038,7.0655765004664408],[80.71593228714211,7.0655324859626187],[80.715895917065083,7.0654902307734195],[80.715843579713152,7.0654550172079871],[80.715810759586034,7.0654224449660425],[80.715799227184519,7.065393395988492],[80.715785034658921,7.0653687470571906],[80.715767296023387,7.065346740069737],[80.71573802161879,7.0653423367675758],[80.715709636346133,7.0653502593820896],[80.715689232212156,7.0653599437354755],[80.715274949986423,7.0657216902608644],[80.71525930625647,7.0656912679817614],[80.71524773106222,7.0656436769274498],[80.715234500510633,7.0656075749670135],[80.715209698206451,7.0655665493032318],[80.71517166615746,7.0655452160527181],[80.715136939010549,7.0655107553049525],[80.715100561820634,7.065468086781733],[80.715077665937358,7.0654476571175486],[80.715049152152488,7.0654346565573434],[80.715029117318906,7.0654101831747322],[80.715018328351917,7.0653933587954691],[80.71498981428249,7.0653620024621206],[80.714977481711671,7.065339825242603],[80.714965924612002,7.0653268223925538],[80.714911452297031,7.0653366704174889],[80.714878941411229,7.065341450848921],[80.714693208586581,7.0652161281115839],[80.714505067920442,7.065356161510457],[80.714485427691457,7.0652985151997987],[80.714414876936033,7.0652460013304959],[80.714356083474385,7.0652664219567125],[80.714306108430847,7.0653160196401963],[80.714285530687562,7.0653714495460145],[80.714253192518413,7.0654181286413689],[80.714191460790971,7.0654443834893028],[80.714123848053802,7.0654823104297071],[80.714050355108583,7.0655056490807873],[80.713932516236511,7.0655748648644474],[80.713849033000088,7.0656534656858447],[80.713806219341123,7.0657214462702145],[80.713752703229375,7.0657957999207897],[80.713675642923405,7.0658913945413282],[80.713641391133862,7.0659572511247442],[80.713598580638234,7.0660549709640863],[80.71355362723709,7.066120827905233],[80.713482983321654,7.0661611878505068],[80.713307455458462,7.0662270451879934],[80.713164031129011,7.0662950247244627],[80.713067703800363,7.0663438852865532],[80.712941408502317,7.0664288591459279],[80.712868626150879,7.0664904664697223],[80.712825814954044,7.0665520733543179],[80.712789421873964,7.0666264274191279],[80.712761596051678,7.0666795348878315],[80.712670025333978,7.0666377566134715],[80.712473144051245,7.0664909983243289],[80.712406679981086,7.0664418623286158],[80.71234503097682,7.066365383240198],[80.712311121825849,7.0662950256482127],[80.712314203203917,7.0662032526586795],[80.712304957505253,7.0660961851156543],[80.712255636478929,7.0660288837872987],[80.712169328768326,7.0659554669017277],[80.712049110853513,7.0658331029294619],[80.711987461335468,7.0657352132515134],[80.711916561199359,7.065670970908668],[80.711824085896339,7.0656526176966219],[80.711722365636504,7.0655944932552437],[80.711599065547119,7.0654078898797019],[80.711441858629911,7.0651753977464837],[80.711367877342028,7.0650071488158384],[80.711256907558024,7.0648144248627434],[80.711099698117863,7.0646798246187217],[80.710939408122854,7.0645849929124198],[80.710840274520862,7.064500562143607],[80.710745584233933,7.0644770673812642],[80.710595650398005,7.0644379102140551],[80.710485174443079,7.0644300804107916],[80.710356941770883,7.0644085449910143],[80.710210952472124,7.0643282727125358],[80.710128096943606,7.0642617061196287],[80.710002331843441,7.0643677959059969],[80.709916019408539,7.0643953290003214],[80.709715657257249,7.0646859442032586],[80.709641677313172,7.0647715974721654],[80.709509128465427,7.0648633708558881],[80.709401243096579,7.0649000804464723],[80.708921401482371,7.0651335909715174],[80.708691241461167,7.0651172762900432],[80.708332876090338,7.065096364229869],[80.708308439764167,7.0650949390754647],[80.708128869457354,7.0650704366173596],[80.707825849432666,7.0650013820755051],[80.707074156453913,7.0648568364423268],[80.707002950386624,7.064828149132576],[80.706900434293544,7.0648125778332416],[80.706873682665588,7.0648095416748946],[80.706790597195848,7.0648001189705516],[80.706700634703225,7.0647970037171852],[80.706634735688297,7.0648125769895147],[80.7065835825844,7.0648293651486354],[80.70656063882889,7.0648531252735047],[80.706551380627658,7.0648623126202157],[80.706541683327018,7.0648719348759492],[80.706516304937921,7.0648868594848544],[80.706514747814708,7.0648877762256328],[80.706478834104814,7.06488678603663],[80.706463872218791,7.064865003385516],[80.706422968723615,7.0648412436231789],[80.706407396916475,7.0648361934018507],[80.706390641221063,7.0648361945004154],[80.706366535352004,7.0648345712493139],[80.706347738987944,7.064830517095154],[80.706330983243475,7.0648248409078489],[80.706317093120816,7.064827273231141],[80.706296249973036,7.0648297054117135],[80.706280724110314,7.0648321383920036],[80.706268464907225,7.0648305169194439],[80.706252532134741,7.0648240296835407],[80.706238637865852,7.0648179469826218],[80.706225558837005,7.0648142952003559],[80.706210441781352,7.0648130802369646],[80.706194508030265,7.0648130805480616],[80.706179387000375,7.0648082139628485],[80.706153236798414,7.0647968599731152],[80.706127901313749,7.0647794227841141],[80.706111148120399,7.0647688795710133],[80.70610175082308,7.0647640120385606],[80.706091942600438,7.0647648235362084],[80.706079683921914,7.0647717170800455],[80.706071921167819,7.064786720286782],[80.706066608777206,7.0648082141255069],[80.706080273888134,7.0648271461954772],[80.706095593269438,7.0648372840605136],[80.706105811853092,7.0648524898354683],[80.706106446734694,7.0648683317050605],[80.706100063936603,7.0648867054990099],[80.706084742763366,7.0649063494088775],[80.706063033487752,7.0649076166916638],[80.706041962065584,7.0649050805248628],[80.706017063260134,7.0649031795114654],[80.70598322613516,7.0648962102735631],[80.705953856579882,7.0648873408409152],[80.705921932003506,7.0648816370232526],[80.705904694358807,7.0648721327863324],[80.705882346821284,7.0648619965638071],[80.705861275786987,7.0648569255966214],[80.705831907084885,7.064854392685068],[80.705796155456909,7.0648531239393293],[80.705755930577752,7.0648613615660025],[80.705718262435227,7.0648670647849396],[80.705688254259968,7.0648670638466378],[80.705310081389726,7.0650515632024122],[80.705089360243051,7.0651950739351967],[80.704902886401143,7.0653499181625952],[80.704659334042731,7.0655009834379374],[80.704385332557976,7.065610506020481],[80.703890609210035,7.0656482738844035],[80.70358725456785,7.0656194268616384],[80.703551508359567,7.0656063575509851],[80.703546782580716,7.065511396608172],[80.703546905761101,7.0655109517049599],[80.7035469076163,7.0655048918971968],[80.703547134982173,7.0655039071348282],[80.703547568714896,7.065503078851064],[80.703548190971333,7.06550073948811],[80.703549165325313,7.0654986235458077],[80.703549333876083,7.0654974823279204],[80.703550307936055,7.0654972419327677],[80.703550915437276,7.0654966352331181],[80.703551156322135,7.0654960293804319],[80.703551765958011,7.0654760296675292],[80.703551158646931,7.0654754236821509],[80.703551158501796,7.0654705747504929],[80.70355055209609,7.0654699678609392],[80.703550554286437,7.0654675442997759],[80.703550009511048,7.0654664590377632],[80.703549948143433,7.0654652617164286],[80.703549340832225,7.0654646566353572],[80.703546915392906,7.0654610588948401],[80.703544466170811,7.0654590364655707],[80.70354416747827,7.0654588338525093],[80.703542574451845,7.0654577511394212],[80.703539998584603,7.0654551779630888],[80.70353630660567,7.065452408375978],[80.703535632367817,7.0654514207596026],[80.703535202738252,7.0654491734720981],[80.703534343814212,7.0654483151437057],[80.703533916710029,7.0654472814459899],[80.703533058691107,7.0654464240220749],[80.703532627966325,7.0654453885151405],[80.703531750880671,7.0654448946224511],[80.703531750545309,7.0654412601844649],[80.70353138138988,7.0654401351600802],[80.703529931512008,7.0654382684291184],[80.703529931892177,7.0654358439633658],[80.703529373522443,7.065434860886679],[80.703528717595603,7.0654325565919738],[80.703528110340329,7.0654315952111713],[80.703527461644654,7.0654293587411505],[80.703526898696637,7.0654287084512859],[80.703526867201802,7.0654275093259979],[80.703525892364652,7.0654269340297429],[80.703525079781144,7.065424966115339],[80.703524473375253,7.0654243610343803],[80.703524473230374,7.0654195121027126],[80.703525687438443,7.0654175906254881],[80.703525686723239,7.0654163788446223],[80.703525960284679,7.0654152087051285],[80.703526900240178,7.065413091853145],[80.703526902430951,7.0654106664833618],[80.703527509082292,7.065409706196828],[80.703527692115969,7.0654085695027726],[80.70352872348073,7.0654065702259352],[80.703528725046027,7.065390814363429],[80.703528981398392,7.065389706618892],[80.703529837875323,7.0653888512718801],[80.703531733617993,7.0653875656340128],[80.703531760627953,7.0653827284626729],[80.703532365659356,7.0653805527778752],[80.703532368039802,7.0653769174359757],[80.703532781902126,7.0653758042902108],[80.703533527049274,7.0653748666331859],[80.703533581549351,7.0653736765644943],[80.703532368849565,7.065371752898864],[80.703531762443731,7.0653711478179115],[80.703531735227742,7.0653542054909009],[80.703531145119953,7.0653535750917156],[80.703530602155041,7.0653524907342753],[80.703530550858389,7.0653505699633135],[80.703531767095569,7.065341479085002],[80.703530485550417,7.0653398637796565],[80.703529947105977,7.0653388155954779],[80.703529778008019,7.0653376734204372],[80.703529340041115,7.0653366406253237],[80.703528490169688,7.0653357813940287],[80.703528125530553,7.0653347196723342],[80.703528127911156,7.0653310834261296],[80.703527520863204,7.0653288008425905],[80.703527521053189,7.0653275890618605],[80.703527023321485,7.0653266837656661],[80.703526307409476,7.0653259131781043],[80.70352630835967,7.065319853370152],[80.703526601823654,7.065318761909074],[80.703528014281929,7.0653168006730427],[80.703528737891872,7.0653146620836811],[80.703528804160896,7.0653134656866126],[80.703529342938808,7.0653123869243286],[80.70352934493927,7.0653111751438837],[80.703530111810281,7.0653102465333983],[80.703530556449493,7.0653091379140065],[80.703530557544582,7.0653079270377352],[80.703531141566842,7.0653069558958865],[80.703532525062116,7.0653049675259005],[80.703533453038318,7.0653041971955641],[80.703534460658844,7.0653035254479226],[80.703538881179114,7.0653015637782044],[80.703539659750803,7.0653010638143794],[80.703541241455923,7.0652992943193667],[80.7035414806098,7.065298181146237],[80.703541478989465,7.0652969684609186],[80.703541872032517,7.065295848981668],[80.703542414432135,7.0652947647940483],[80.703543935500065,7.0652929129969451],[80.703544514304028,7.0652905826703227],[80.703545888747342,7.0652885915859196],[80.703547549391843,7.0652856428777611],[80.703547629229078,7.0652845106891302],[80.70354846303718,7.0652838976946803],[80.703549994061831,7.0652820504206693],[80.703550537366638,7.0652809662331792],[80.703551414614452,7.0652804237820126],[80.703551796795068,7.0652793024924332],[80.703552570891617,7.0652784769748527],[80.703554478434157,7.0652769842508176],[80.703556620343562,7.065276042290682],[80.703559043632566,7.0652760272963988],[80.703562635657107,7.065275435532568],[80.703564665362975,7.065274210504545],[80.703568269076925,7.0652741197324609],[80.703569125553869,7.0652732625767465],[80.703572423444825,7.0652722593039758],[80.703572518677362,7.0652710855192806],[80.703574235251949,7.0652693721126942],[80.703575445538803,7.0652693632588184],[80.703577278767355,7.0652684158244403],[80.703577584893708,7.0652673921888631],[80.703578692054535,7.0652669393006757],[80.703579899631819,7.0652668915608619],[80.703581076469987,7.0652665978428297],[80.703583327899139,7.0652657345750081],[80.703583953558194,7.0652647851431478],[80.703584846198865,7.0652642164692105],[80.703587149210378,7.0652634517796651],[80.703588119716954,7.0652627773131629],[80.703591552866101,7.0652593495955456],[80.703594728582473,7.0652581491630562],[80.703595738918636,7.0652574765113911],[80.703598096159993,7.0652572453755296],[80.703599076606309,7.0652566839498059],[80.703611062692659,7.0652566460336299],[80.703630525408371,7.0652310660321822],[80.703687910816612,7.065152646554985],[80.703770222095258,7.065047620614223],[80.703790791158241,7.0649455584202272],[80.703790801122906,7.0649455123017741],[80.703764341079193,7.064849239426553],[80.703717305346984,7.0647237919769816],[80.70364675416161,7.0646246012244429],[80.703582079232163,7.0645458316950203],[80.703523287379582,7.064461227538736],[80.703506203928356,7.0644213310516921],[80.703482122503189,7.0643795081838299],[80.703471284836681,7.0643412684722513],[80.703453225148735,7.064298250138223],[80.703435162748434,7.0642552318030321],[80.703419508619234,7.064209821933817],[80.703418306338236,7.0641703900359945],[80.703418843288716,7.0641694125566499],[80.703420098285704,7.0641671293603459],[80.703432755102185,7.0641441002733663],[80.703420713653614,7.0641106423843878],[80.703384591359338,7.0640664275223202],[80.703354488679636,7.0640114594988646],[80.70333401731537,7.0639696353804862],[80.703321974767945,7.0639086926717445],[80.703297895383784,7.0638656751953208],[80.703258530924202,7.0637619658972017],[80.703162071588935,7.0636343303234375],[80.703061021607368,7.0635431613755486],[80.703009661134956,7.0634572959005713],[80.702981441186409,7.063380743076678],[80.702930641671671,7.0632911220647845],[80.702836572520027,7.063259381168006],[80.702748148445025,7.0632612463598994],[80.702648432891053,7.063244442896516],[80.702561888743901,7.0631678916610934],[80.70250920843452,7.0631342835186324],[80.702432069431381,7.063001715111727],[80.702403849522568,7.0628915561330574],[80.702354933274577,7.0627776617589255],[80.702260862026989,7.0626861709067441],[80.702147978576264,7.0626114855233144],[80.702054190388196,7.0625731222224744],[80.701989973214225,7.0625731219172323],[80.701893644223773,7.0624605293659659],[80.701795176834196,7.0623160720412672],[80.70170098955802,7.0622268472688612],[80.701639478040846,7.062171110855366],[80.701639231091818,7.0621700184043279],[80.701637362310706,7.0621669371063502],[80.701636935213571,7.0621659043111311],[80.701636077204128,7.0621650468836838],[80.701634373725753,7.0621641567652587],[80.701632970895403,7.0621625486696713],[80.701631843932233,7.0621623368793252],[80.701629796327538,7.0621623374550264],[80.701602521538959,7.0621376235988489],[80.701555427298928,7.0620547727264569],[80.701534020696911,7.0619591742446284],[80.701531879217157,7.0618338350627177],[80.701523316444124,7.0617233681022693],[80.701514576888911,7.0616820187440084],[80.701500113481529,7.0616135797364308],[80.70148758332958,7.0615694363418804],[80.701487297314202,7.0615692292079668],[80.701459920469475,7.0615377112674995],[80.701460867874289,7.0615343148160834],[80.701460868789823,7.0615286339150076],[80.701458344491186,7.0615264450688482],[80.70145802523335,7.0615246834136336],[80.701457076718413,7.0615237346355695],[80.701457080665335,7.0615104782956912],[80.701456133144845,7.061508976077568],[80.701456132850311,7.0615051870013898],[80.701455660623608,7.0615033457419267],[80.701455188265612,7.0614910858795694],[80.701455189944355,7.0614806699899413],[80.701455190565412,7.0614712000126936],[80.701454520060139,7.0614695820869056],[80.701453850165151,7.0614641777980349],[80.701452509754077,7.0614628391975431],[80.701449505148119,7.0614584003405687],[80.701448557538257,7.0614574533712737],[80.701448557843776,7.0614555579289506],[80.701447610628506,7.0614521629813973],[80.701447666669395,7.0614414432509527],[80.701447679746934,7.0614389337814041],[80.701449019684304,7.0614375947077566],[80.701449509679534,7.0614359028148694],[80.70144932622415,7.0614284024041254],[80.701448561569819,7.0614268251573149],[80.701447613960013,7.0614258781879995],[80.701446091498951,7.0614251689608318],[80.701444757425861,7.0614238222225101],[80.701443910415605,7.0614221283059226],[80.701442202352808,7.0614216189022967],[80.701440980493288,7.0614204792699491],[80.70144049993128,7.0614198072872476],[80.701439834015488,7.0614177968898435],[80.70138914074677,7.0613348613188753],[80.701349414391188,7.0612899937072102],[80.701322012516542,7.0612342491793498],[80.701249402981986,7.0611295604022564],[80.701178162151749,7.0610697366668251],[80.701108293647607,7.0610099149509242],[80.701058801580317,7.0609500919980626],[80.701018130841575,7.0608736130008918],[80.700945348696081,7.0607567728792571],[80.700881131348964,7.0606590504305542],[80.700793364893755,7.0605443338987497],[80.70069489463684,7.060472103906835],[80.700581443256198,7.0604211192219317],[80.700433736673745,7.0603595104701915],[80.700328849790438,7.0602851569300844],[80.70030934129727,7.0602532124656543],[80.700309340743885,7.0602510620065502],[80.700309551947598,7.0602492977241571],[80.700312864377295,7.0602477799215642],[80.700313700089751,7.0602465628511784],[80.700315030938924,7.0602454426232484],[80.700315153444407,7.0602435996510433],[80.700316494596535,7.0602403669469718],[80.700317835438838,7.0602390278766469],[80.700317875599808,7.0602314678170437],[80.700317079239881,7.0602300669044187],[80.700315981413254,7.0602288504226802],[80.700314364745239,7.0602285707256742],[80.700313488700971,7.0602273253420718],[80.700309980555602,7.0602244680409303],[80.700305957533118,7.0602204486120357],[80.700305554994841,7.0602187231149349],[80.700304617438761,7.0602172163744958],[80.700304608695703,7.0602153272608321],[80.70030555670138,7.0602138253498623],[80.700305556105974,7.0602119317159531],[80.700305017724958,7.0602105760611558],[80.700300340039561,7.0602077348466183],[80.700298593984513,7.0602070970200232],[80.700297719752683,7.0602058398806102],[80.700295897584866,7.0602056587202222],[80.700292611003704,7.0602041072847594],[80.700291699633993,7.0602029975424694],[80.700289968070095,7.0602023126938738],[80.700286298404919,7.0602018499900057],[80.700284720787494,7.0602007989193076],[80.700282499830706,7.0601981082220053],[80.700282301605682,7.0601980041934951],[80.700264630535386,7.0601173292513097],[80.70024322177359,7.0599983641323396],[80.700200413062859,7.0598836475985456],[80.700138332993347,7.0597816760239667],[80.700048428897134,7.0597158199993375],[80.699985347191628,7.0596776548380564],[80.699945882889267,7.0596537798981416],[80.699861749305711,7.0596611172586332],[80.699860277548851,7.0596603836181515],[80.699859351781129,7.0596587674567308],[80.699858072028704,7.0596574315745686],[80.699854354437946,7.0596566894264043],[80.699851365762726,7.0596546198647587],[80.699847638118499,7.0596544619018253],[80.6998462977174,7.0596531223924011],[80.699844682021052,7.059652452934543],[80.699843340714907,7.0596511125206538],[80.699841561111185,7.0596508300822967],[80.699840058611954,7.0596498848272091],[80.699836267577226,7.0596498823958118],[80.699833259863453,7.059647990076491],[80.699808614515121,7.0596479851226546],[80.699807039390535,7.059648304991005],[80.699804166910809,7.0596497414741046],[80.699799799560878,7.0596533779078303],[80.699798807186141,7.0596549593901576],[80.699797282707493,7.059655558699883],[80.699796061393826,7.0596566536235716],[80.699793613227513,7.0596594972891662],[80.699792817286664,7.0596610634304389],[80.69979128098332,7.0596620081861889],[80.699789974016781,7.059666519594634],[80.699789025105076,7.0596680233130913],[80.699789024481291,7.0596718105806291],[80.699788245738574,7.0596733821505966],[80.699787009889576,7.0596747917732126],[80.699785601702899,7.0596783084194321],[80.699784426517041,7.0596796339507879],[80.699779759609157,7.0596828561591831],[80.699766584949629,7.0596839355527905],[80.699762899680849,7.0596848058013322],[80.699759121301241,7.0596849100804606],[80.699757277418783,7.0596846791771206],[80.69975093523361,7.0596807470805283],[80.699740466249935,7.0596763838515342],[80.699727196721369,7.0596763816687043],[80.699725638713559,7.0596771998166998],[80.699721583436698,7.0596822000067352],[80.699720772108293,7.0596837580065213],[80.699717317988103,7.0596881831516294],[80.699712517243384,7.0596905842201014],[80.699710065612209,7.0596924774505121],[80.699707067753906,7.059696694678359],[80.699706397629228,7.0596983105774651],[80.699705056786755,7.0596996496460607],[80.699704386661921,7.0597012664494683],[80.699703289293168,7.0597027800907668],[80.699702047165033,7.0597038397425322],[80.699698572733396,7.0597051793642942],[80.699695795133863,7.0597076259812361],[80.699694034398846,7.0597081963136716],[80.699691116520071,7.0597104674705466],[80.699689347642916,7.0597110088635784],[80.699688509187183,7.0597123896132628],[80.699687166534176,7.0597137286815093],[80.699686639423334,7.0597154042888599],[80.699686521781402,7.0597261637991657],[80.699584150503497,7.0597464813452282],[80.699499478252406,7.0597814571043598],[80.699413784360075,7.059781455617089],[80.699295527353442,7.0597423353330528],[80.699261970153032,7.0597151379584338],[80.699258482832661,7.0597123123038736],[80.699212553933037,7.0596750885556405],[80.699211837241322,7.0596736569076715],[80.699210243317026,7.0596727098267849],[80.699208422531072,7.0596696719340422],[80.699206996486907,7.059666220835112],[80.699206050787836,7.0596647186126864],[80.699206052673745,7.0596533550015739],[80.699205104601404,7.0596497900382245],[80.69920510582088,7.0596478964046243],[80.69920398360054,7.0596464221867024],[80.699203386458009,7.0596446234069843],[80.699203209345299,7.0596427604905214],[80.69920226274138,7.0596412564593187],[80.699200820029176,7.0596400607170713],[80.699199104782679,7.0596392564976824],[80.699190196206118,7.0596360230032191],[80.699186590870809,7.0596352347483169],[80.699185013257676,7.0596341845782371],[80.69918327080542,7.0596336778736344],[80.699181385249403,7.0596336531447657],[80.699179870074857,7.0596327304933064],[80.699172288910376,7.0596327292371601],[80.699169223243402,7.0596309716467989],[80.699164347136715,7.0596292888144605],[80.699162965048131,7.0596282486241613],[80.699162452054026,7.0596266705109825],[80.699162451463266,7.059624776877083],[80.699161515722821,7.0596232683260327],[80.699159193241627,7.0596214792077827],[80.699158161557563,7.0596199163819682],[80.699153199487995,7.0596180391077388],[80.699150199990271,7.059615748887194],[80.699146576575856,7.0596148105128416],[80.699145642565682,7.0596137848657916],[80.699144140068483,7.0596128368955204],[80.699142244550998,7.0596128374856235],[80.699140715792083,7.0596119528129853],[80.699138094295819,7.0596119379093949],[80.69912936623399,7.059611888533774],[80.699126657364232,7.0596092719038603],[80.699123185159621,7.0596080984327259],[80.699121679946529,7.0596071522705577],[80.699119798009676,7.0596071383938019],[80.69911733523594,7.0596052570120307],[80.699113695529633,7.0596043077829647],[80.699098530485699,7.059604307076575],[80.699096755410338,7.0596040146886896],[80.699095132471143,7.0596033596960668],[80.699091345059514,7.0596033464074539],[80.699088311161674,7.0596010706498378],[80.699086606738831,7.0596005024578146],[80.699084302561658,7.0595975142216894],[80.699083779636794,7.0595957778518024],[80.699083779046049,7.0595938860265228],[80.6990828314445,7.0595929408610614],[80.699080934116822,7.0595929405463016],[80.699078644306752,7.0595906522516572],[80.69907792672177,7.0595891518754605],[80.699076356307145,7.0595883639573032],[80.699073261140597,7.0595843699925735],[80.699069867776643,7.0595826747448642],[80.699069562097847,7.0595809700619991],[80.699068298984258,7.0595775741528284],[80.699066721371594,7.0595765239823525],[80.699064662484517,7.0595736741468835],[80.699062710466634,7.0595704996803654],[80.699062109703746,7.0595687018041753],[80.699059006920294,7.0595669659104754],[80.699056180353409,7.0595644695343971],[80.699052848510505,7.0595629768631376],[80.699051507206761,7.0595616373513037],[80.699050606772261,7.0595601161454926],[80.699050608976961,7.0595468579963097],[80.699049661783093,7.0595434621395112],[80.699048713238923,7.0595427430523552],[80.699046384639502,7.0595342032274919],[80.699031588651323,7.0595195210401753],[80.699030538576807,7.0595033562506462],[80.699028163041987,7.0594667935313433],[80.699052243870241,7.0594102977893796],[80.69903441776043,7.0593597825556387],[80.699001265762661,7.0592804397629578],[80.698962267145063,7.0592165760460359],[80.698948615921779,7.05916045475466],[80.69893301765066,7.0590985292509325],[80.698936915851448,7.0590366015612593],[80.698927166931483,7.058959192457845],[80.698922479361883,7.0589506034071317],[80.698901816954887,7.0589127462857881],[80.698870616013878,7.0588643666198099],[80.698839415599267,7.0588237269766996],[80.698814067448978,7.0587772817043994],[80.698788714644891,7.0587153545714134],[80.698778966793427,7.0586534273228647],[80.69876531766856,7.0585469890808108],[80.69876531649426,7.0584889339194374],[80.698757517506536,7.0584328126914899],[80.698773116034857,7.0583844299594123],[80.69881601760143,7.0583302451703496],[80.698870615650634,7.0582799282657289],[80.698923266256728,7.0582315480718076],[80.698970067118083,7.0581792982440232],[80.698987617249827,7.0581309167324111],[80.699001267328796,7.0580631840573647],[80.699003216853541,7.0580051265054298],[80.698997366561983,7.0579393294417301],[80.698981765304083,7.0579064297091296],[80.698948615887033,7.0578503078894173],[80.698882314695439,7.0577632231678091],[80.698819915691416,7.0576664620198182],[80.69876921647905,7.0575484143509453],[80.698739964805696,7.0574226238938946],[80.698724366289269,7.0573084452953854],[80.698725951079126,7.0571634234008656],[80.698692435365516,7.0569487345227548],[80.698691217250044,7.0568710826652392],[80.69868634144089,7.0568352809563484],[80.698675614883101,7.0567530335971353],[80.698716558683401,7.0567076592192919],[80.69875649430935,7.0566988506161632],[80.698798648034796,7.0566988503995365],[80.698862988335776,7.0567318785210924],[80.69892044442939,7.0567818695207265],[80.698943067587109,7.0568785779315775],[80.698957000109658,7.0569410746900143],[80.698991029539386,7.057039448930742],[80.698981889039914,7.0571029474540641],[80.698987983102313,7.0571724956560837],[80.699015404193744,7.0571966842837428],[80.699064152414167,7.0572239004748161],[80.699109857223135,7.0572299470645392],[80.69923081745938,7.057214356829725],[80.699308476197359,7.0573348351848377],[80.699413210839595,7.0574435022291988],[80.699589358761827,7.0574624025139334],[80.699703618596914,7.0574198796710705],[80.699813113924691,7.0573301110242745],[80.699903569055323,7.0571741967790951],[80.700060673221557,7.0570655275748129],[80.700138856587301,7.0570183641041098],[80.700303473249463,7.0569190638365429],[80.700436772676468,7.0567678724726814],[80.700579593398757,7.0566308577437242],[80.700731940305317,7.0564891176647624],[80.700870002105347,7.0563804496115008],[80.700903326214672,7.0562812300265971],[80.700960454886726,7.0561016912855514],[80.700974738281147,7.0559835747740127],[80.700986133196736,7.0559489838817031],[80.701013592320834,7.0559118273338575],[80.701034807835796,7.0558882950790025],[80.701068503216987,7.0558437069762991],[80.701091695490121,7.0558214510256079],[80.701248765550602,7.0555999338257251],[80.701372770744328,7.0554194372793892],[80.701513311375464,7.055271759112693],[80.701670381542201,7.0550584457018761],[80.701810919511829,7.054959994697926],[80.701872387303069,7.0549382051233795],[80.702015896152645,7.0545957198694671],[80.702024123067702,7.0545760885162681],[80.702266742043875,7.0545484044851978],[80.702368034927233,7.0545562049144763],[80.702481136035075,7.0545821377929565],[80.702481349679999,7.054582032022048],[80.70248954179344,7.0545819202811613],[80.702499610808573,7.0545792016991742],[80.702510569207462,7.0545792016269546],[80.702515178175346,7.0545812840889335],[80.702517651996857,7.0545819193095625],[80.702519856869216,7.0545832074025618],[80.702521997449423,7.0545846383670607],[80.702524039826798,7.054588846465486],[80.702525410089834,7.0545902058670915],[80.702526470626424,7.0545924894289334],[80.702526557515952,7.054592552744718],[80.702528148678894,7.0545937222752855],[80.702529082564908,7.0545955147743342],[80.702532259341623,7.0545985971810063],[80.702532259183457,7.0545995937354524],[80.702562395319561,7.0546104683669837],[80.702563766487984,7.0546118277686194],[80.702582943234589,7.0546118289958528],[80.702585282434143,7.0546108680799096],[80.702591574160806,7.0546073440582155],[80.702595448138467,7.0546034986222237],[80.702599480998401,7.0545966789212677],[80.702604710196823,7.0545863009324163],[80.70260560753637,7.0545845195750498],[80.702607181126908,7.0545823368090961],[80.702607600640221,7.0545797894218216],[80.702609520821909,7.0545782496782392],[80.702614137824796,7.0545753303775856],[80.702619432513004,7.0545743816851596],[80.702624237669482,7.05457227448849],[80.702640624771107,7.0545710445001095],[80.702659781562645,7.0545712916945318],[80.702665187298805,7.0545721860118933],[80.702670324986485,7.0545737630441945],[80.702681186313043,7.0545751230414773],[80.702714062414813,7.0545751228114026],[80.702722174149471,7.0545738453924782],[80.702726652642212,7.0545767281500114],[80.702730701042199,7.0545803749852096],[80.702733363217604,7.0545805607902121],[80.702734731670802,7.0545819201909197],[80.702739643997404,7.0545832801514008],[80.702750602396463,7.054583280073552],[80.702753184883747,7.0545836566761837],[80.702757688807893,7.0545859995617368],[80.702785084805697,7.0545859993655755],[80.702789146100486,7.0545882463236183],[80.702795755840725,7.0545886199444361],[80.702898342468444,7.0545894907017725],[80.702930537748358,7.054590184862632],[80.702932577434495,7.0545885275756532],[80.70293971105545,7.054584639243175],[80.702967108867682,7.0545846137158152],[80.702997217061593,7.0545833135301601],[80.702998585044526,7.0545819201969735],[80.703003278933622,7.0545793418310785],[80.703013875679403,7.0545766251296547],[80.703046733700077,7.0545764810873255],[80.703051646884489,7.054572403402136],[80.703078834651862,7.0545726120526133],[80.703079951317477,7.0545748721098862],[80.703084757696729,7.0545764825451736],[80.703089103152578,7.0545792015974227],[80.70309164307973,7.0545796785703949],[80.703093579913329,7.0545816014472891],[80.703096185945327,7.0545819201756048],[80.703098358220842,7.0545832787973026],[80.703101099178227,7.0545832801324488],[80.703103837897245,7.0545859989320165],[80.703106075371679,7.0545872038304678],[80.703125189634235,7.0545873587590426],[80.703127191667036,7.0545891270082883],[80.703134206543794,7.0545920110647664],[80.703135249001377,7.0545941544536905],[80.703137514547819,7.0545952924371225],[80.703140159518767,7.0545955153139985],[80.70314181493184,7.0545968177867922],[80.703171901307371,7.0545903611857064],[80.703209607600272,7.0545729563397579],[80.703258707808928,7.0545720877625788],[80.703300794616496,7.0545877507570065],[80.70335077077533,7.0546060239306261],[80.703392858616581,7.0546382195930333],[80.703429683929599,7.0546625830654097],[80.703470893236997,7.0546921696362395],[80.703509470128367,7.0547165342806082],[80.703543544922198,7.0547384430048075],[80.703566505085476,7.0547464190272438],[80.703577193368801,7.0547487764355035],[80.703579697011563,7.0547497498687717],[80.703588588744978,7.0547561004486754],[80.703590526486579,7.0547580233236653],[80.703591494692148,7.0547603439456088],[80.703593431528546,7.0547622668204424],[80.703593901839696,7.0547647926440025],[80.703598110283579,7.0547696268615603],[80.703600322885279,7.0547736089033197],[80.703608037661482,7.0547754015544877],[80.703610390142686,7.0547763279396474],[80.703611759504241,7.0547776873379435],[80.70361435010058,7.0547783171451393],[80.703616595678312,7.0547798150402983],[80.703619088518707,7.0547804059466674],[80.703621828572182,7.0547804063743031],[80.703626172222698,7.05478312542132],[80.703628911371027,7.0547831258487781],[80.703630058873898,7.0547850205665341],[80.703634735764254,7.0547869429644461],[80.703637366247492,7.0547872029131486],[80.703638736514236,7.0547885632158218],[80.703641476567896,7.0547885627390405],[80.703645585558093,7.0547926418381008],[80.703647327016341,7.0547936332383969],[80.703649695878724,7.0547940007596157],[80.70365174228597,7.0547956632087523],[80.703654040434742,7.0547967198064923],[80.703658755839086,7.0548012656262946],[80.703664662597205,7.0548051415348807],[80.703720839218605,7.0548306564816574],[80.703739966642658,7.0548393444979673],[80.703967408459334,7.0549024124047435],[80.704084470169832,7.0549156914398221],[80.704285153788121,7.054928968011855],[80.704337553673525,7.0549270065157748],[80.704462424662424,7.0549223287872627],[80.704602903179747,7.0548824954925697],[80.704816965467629,7.0548327061032738],[80.704947411366277,7.0548824959587062],[80.70496621479522,7.0548968032852626],[80.705047752450298,7.0549588436000326],[80.705178195980025,7.0550185926057338],[80.705435742438681,7.0550285503929295],[80.705618657008728,7.0549702019846512],[80.705623047464726,7.0549688018680206],[80.705713352834437,7.0548891346122629],[80.705833763271258,7.0547331224349286],[80.705883934121985,7.0545605144812544],[80.705954175413339,7.0543978624379884],[80.706017725095535,7.0542551296118923],[80.706054517360272,7.0541754623451363],[80.706124753454233,7.0541123933825016],[80.706245166049115,7.0540659234178209],[80.706314734366245,7.0540429082227494],[80.706375609580036,7.0540227701450151],[80.706441016909693,7.05399211646598]]]},"properties":{"OBJECTID":3,"JoinKey":1,"Name":"Ramboda Division","ID":3,"Area":437.98003600982162,"Total_area":2024,"Div_Pct":21.640316205533598,"Tea_ac":106.81651012683885,"Veg_ac":111.30890704198544,"Grass_ac":159.09842152812027,"HighVeg_ac":55.395887632570378,"Dev_ac":5.2559820292351009,"Shape_Length":8288.4314548615584,"Shape_Area":1937396.6328086383}},{"type":"Feature","id":4,"geometry":{"type":"Polygon","coordinates":[[[80.708524061172724,7.0527849862331884],[80.708453570861167,7.0528072438113192],[80.708444955781104,7.0528092022058333],[80.708441355885014,7.0528148084316609],[80.708434421225789,7.0528204413009448],[80.70842882564007,7.0528241436536572],[80.708402878863637,7.0528310614952634],[80.708396251725205,7.0528321873049888],[80.708391800815619,7.0528324470985932],[80.708383256239429,7.0528350973029061],[80.708373052144864,7.052839700584471],[80.708371590018885,7.0528412530793299],[80.708368255318092,7.0528470465363622],[80.708365643821537,7.0528531891642929],[80.70835867794753,7.0528618080745815],[80.708356337659893,7.05287035260152],[80.708332859409509,7.0528955180586514],[80.70832892569544,7.0528997352076708],[80.708295219782769,7.0529173137794334],[80.708276545638043,7.0529286719560398],[80.708279650685739,7.0528963178430599],[80.708282087580841,7.0528709286632258],[80.708275395742817,7.0527945827370262],[80.708262018449375,7.0527281941459394],[80.708138262125928,7.0525555849005377],[80.708014506995013,7.0525788203171018],[80.707984202086536,7.0525707050754463],[80.707933513235886,7.0525054432021488],[80.70792118097053,7.0524796087415744],[80.707837611443253,7.0523912331745269],[80.707763631541553,7.0523218921126585],[80.707688281083151,7.0522348751043822],[80.707671843042704,7.0521709729098996],[80.70757902339939,7.0520763932395836],[80.707450586644725,7.051953174974658],[80.707334994712937,7.0519276824280519],[80.707155182310913,7.0518490780673302],[80.706974298933574,7.0518020756558295],[80.706817096996005,7.0517456456107714],[80.706667304830063,7.0516786035847874],[80.706704133612163,7.051685447515597],[80.706717096327324,7.0516110406393055],[80.706672952920911,7.0516023471972709],[80.706675406020011,7.0515901791068254],[80.706633714537787,7.0515832241202236],[80.706623893258183,7.0516548968167632],[80.706469245859267,7.0515564381125904],[80.706305354474097,7.0514170224651886],[80.706191632624751,7.0512311334475903],[80.706081255944213,7.0509888156748621],[80.705964191071416,7.0507033438760898],[80.705827517639278,7.0503902992405081],[80.705739991125355,7.050076826128084],[80.705694323672105,7.04980489812964],[80.705693921888965,7.0497981238477978],[80.705679101088791,7.049548076793867],[80.705671491008744,7.0490004434815852],[80.705682906261032,7.0486794162141919],[80.705630461376231,7.0483804725749764],[80.705603447965743,7.0482657814795964],[80.705610752653584,7.0481956846336997],[80.705635110907636,7.0480675749679218],[80.705678948860623,7.0479394655392102],[80.705678949741369,7.0478621167889726],[80.70564485162221,7.0477460934687999],[80.70562049569196,7.0476445732140602],[80.705537686342566,7.0475599737628754],[80.705430523862447,7.0475164644644872],[80.705328230085229,7.0474632869499692],[80.705240548981607,7.0474149433947275],[80.705169917669238,7.047315840526795],[80.705143127197303,7.0472360740701134],[80.705140691688612,7.047180480045931],[80.705129214339436,7.0471656701399112],[80.705128669523077,7.0471649655955435],[80.705102927606475,7.0471658469884755],[80.705073634265148,7.0471632055314402],[80.70503724160136,7.0471482290386529],[80.705022153711084,7.0471376571011488],[80.704994633948672,7.0471270850702199],[80.704973333744277,7.0471165148937169],[80.704954688502568,7.047099774983228],[80.704940489282251,7.0470847982620635],[80.704920069547683,7.0470583710591201],[80.704904982474147,7.0470425133983623],[80.704899656734071,7.0470222514110334],[80.704895214958782,7.0470046319666935],[80.704897878149239,7.046986132808124],[80.704911194376407,7.0469685124664485],[80.704918295167602,7.0469535390061662],[80.704912084164889,7.0469508965516576],[80.704892374494747,7.0469514243655187],[80.704867343217529,7.0469519513630745],[80.704847636587317,7.0469503666962936],[80.704830061503515,7.0469440238513723],[80.704802366393579,7.04693186832717],[80.704747226160904,7.0468948064745014],[80.704721220937131,7.0468715787752965],[80.704703016325041,7.0468444799971168],[80.704691317659524,7.0467915712664517],[80.704700416831258,7.0466960743146227],[80.704709518433333,7.0466612333697629],[80.704690014464418,7.0466251011913883],[80.704658807824828,7.0465915481281263],[80.704617201636538,7.0465334783952871],[80.704600296125875,7.0464702461082673],[80.704613298254969,7.0464173366518326],[80.704622398931932,7.0463708788807908],[80.704609396637977,7.0463308772312532],[80.704556085971149,7.046316681235818],[80.704502773406816,7.0463089375198038],[80.704471566329474,7.0462960344712471],[80.704461168635717,7.0462947415076229],[80.70438184717375,7.0462586118507025],[80.704309031416074,7.0462276377791335],[80.70424531803495,7.0461979600819342],[80.704202409401148,7.0461747288366201],[80.704142595582596,7.046145049015597],[80.704124395767238,7.0461282738726023],[80.70408798387659,7.0461037549740562],[80.704042474544949,7.0460637500812187],[80.704030771971262,7.046048264590083],[80.70395145852693,7.0460018084915239],[80.703892943681254,7.0459372846884207],[80.703839633677006,7.0458727634955407],[80.703803222926652,7.0458353400034532],[80.703813624426957,7.0458004965644125],[80.703827930298758,7.0457695251034727],[80.703830532705851,7.0457346840688091],[80.70382143034567,7.0457101648720286],[80.703788920260479,7.0456830647380855],[80.70377331685296,7.0456585454335467],[80.703765516758736,7.0456417709898531],[80.703773319768928,7.0456224126332119],[80.703783717846761,7.0455862796410971],[80.703809726965829,7.045514013562153],[80.703848735659264,7.0454520713505158],[80.703886441371466,7.0453694825222772],[80.703920251957044,7.0452933444676118],[80.703941053722886,7.0452662453822592],[80.703946253497875,7.0452288229304649],[80.703937152340899,7.0451849459732969],[80.703933250883338,7.0451681712328096],[80.703893780338618,7.0450862215249375],[80.703874733990034,7.0450011578133527],[80.703868383663661,7.0448877358567623],[80.703858860778794,7.0448026718145451],[80.703874733989053,7.0446987033988187],[80.70390648167934,7.0446104878978426],[80.703969969724056,7.0445159724357955],[80.704023938066996,7.0444088538621168],[80.704077902745055,7.0443426916992014],[80.704154093164405,7.044248175464582],[80.704227104958846,7.0441977666814877],[80.704328689141533,7.0441631109402572],[80.704449321792623,7.0441473564835748],[80.704522336847347,7.0441694113065116],[80.704611219715957,7.0441977680149535],[80.70472550169896,7.0442166703769127],[80.704744550579377,7.0441977649813809],[80.7047191533144,7.0441599616274972],[80.704706456330058,7.0441127019933152],[80.704677889249282,7.0440622929058616],[80.704627092809218,7.0439992814861156],[80.704614395455309,7.0439016153395624],[80.704627094408053,7.0438007970374263],[80.704658837594323,7.0437346350057748],[80.704715979002899,7.0436527209932036],[80.704808039370846,7.0435960101569979],[80.704884228183715,7.0435456017553166],[80.704928671986735,7.0435203980693419],[80.704988986892303,7.0434857421942532],[80.705068354195348,7.0434857425677135],[80.705135015029171,7.0434825903558407],[80.705169937988998,7.0434699877258033],[80.705211203421982,7.0434227290966644],[80.705255647054301,7.0433628702243229],[80.705315963893369,7.0433093096040809],[80.705350882105506,7.0432683530706157],[80.705417549994507,7.0432305456640574],[80.705487385210674,7.0431801389093662],[80.705541356196321,7.0431297297372932],[80.705601669092516,7.0431076745051957],[80.705639764076437,7.0430572674359961],[80.705639762044783,7.0430289108333684],[80.70565138959806,7.0430017885737684],[80.705649724886456,7.0429844426574393],[80.705651391868969,7.0429629708569017],[80.705658878583066,7.0429274586403627],[80.705662207394681,7.0428886405229028],[80.705666368373656,7.0428597338227856],[80.705665539310914,7.0428233938026121],[80.705708460678622,7.0428088751951385],[80.705734870279329,7.0427907295915055],[80.705755191030832,7.0427705646345045],[80.705771441837655,7.042722171775365],[80.705793789034274,7.0426737798372043],[80.705822235650473,7.0426173223305044],[80.705842549190734,7.0425729615183092],[80.705869372043907,7.0425394887355193],[80.705883675406,7.0425175522151946],[80.705900577345133,7.0424969047354375],[80.705927880142696,7.0424620610801032],[80.705960391009597,7.042441413240045],[80.705983793627624,7.0424168962695965],[80.706009798316586,7.042388504700603],[80.706022800602767,7.0423626957031527],[80.706039705257211,7.0423239800061186],[80.706044906891691,7.0422968820883129],[80.706050106978736,7.042262039617043],[80.706057909126258,7.0422413907605232],[80.706056610466618,7.0422155814165652],[80.706056609056134,7.0421949350019517],[80.706059209969752,7.0421807394577032],[80.706064414774815,7.0421446074336833],[80.706064411106382,7.0421149260080727],[80.706073511814083,7.0420607254535561],[80.706073512807265,7.0420181394542158],[80.706073515347938,7.041983296199632],[80.706081315163004,7.0419600691401314],[80.7060943198274,7.0419303878638235],[80.706117721956105,7.0419149031835113],[80.706137225535869,7.0419110302238934],[80.706167132536393,7.0419058692747374],[80.706190537760421,7.0419058700804884],[80.706226944981736,7.0419058701256434],[80.706245152731611,7.0418994169562685],[80.706264656568962,7.0418878039596553],[80.706286758012723,7.0418658649796289],[80.706308867018834,7.041847798276307],[80.706340073463082,7.0418271484043844],[80.706372576704027,7.041820697373967],[80.706411585855008,7.0418116636883221],[80.706453194742053,7.0417961781014391],[80.70650650985948,7.0417897265605163],[80.706559816442379,7.0417858550228276],[80.706598824885717,7.0417935963639975],[80.706628731620413,7.0417961772255842],[80.70665603804143,7.0418090822609685],[80.706675542723687,7.0418219888431661],[80.706722352526455,7.0418323113491565],[80.706753559042951,7.0418413455882902],[80.706853389755622,7.0418575522227016],[80.70687575803899,7.0418427519166578],[80.70689226827551,7.0418321793146044],[80.706910909893267,7.0418237213174653],[80.706919964599123,7.0418163217507423],[80.706928485288842,7.0418025801435169],[80.706936476409723,7.0417830219034583],[80.706948727893149,7.0417655785851521],[80.706962038159261,7.0417560653619029],[80.706973226606493,7.0417470790385286],[80.70698537427711,7.0417216415593895],[80.70700201626336,7.0416894305241806],[80.707024486280957,7.0416539159870233],[80.707034472124974,7.0416423539944155],[80.707045289135948,7.0416415281524589],[80.707114360730344,7.0417199895362463],[80.707155138670288,7.0418017537959914],[80.707172614142124,7.041843873952037],[80.707204235476837,7.0419305952090276],[80.707236691924692,7.0419710635895871],[80.707290782368148,7.0420040998917335],[80.707291292862635,7.042004280830259],[80.707329112693287,7.0420190945822556],[80.707359339357538,7.0420190945296692],[80.707386350863189,7.0420127131536221],[80.707414648424006,7.0419954792819697],[80.707434585161252,7.0419699479885747],[80.707452592886412,7.0419265453369926],[80.707451950741941,7.0418984608363022],[80.707453520010986,7.0418699688159485],[80.707441582876385,7.0418246256050008],[80.707429233886302,7.0417854090668861],[80.707414004738297,7.0417331473593778],[80.707410703581246,7.0417207034976386],[80.707400629701354,7.0416910829809582],[80.707378992959192,7.041631618361051],[80.707370674926139,7.0415911490361829],[80.707358188374783,7.0415151648367447],[80.707354031705762,7.0414790910973535],[80.70734178318223,7.0414278182438466],[80.707331663136443,7.0413860609070387],[80.707311953154246,7.0413353177821705],[80.707292247389205,7.0412866862325423],[80.707283192996783,7.0412676572010255],[80.707266150807015,7.0412581449025504],[80.707236329420255,7.0412296021152665],[80.707203839288681,7.0411846727429852],[80.707172416614128,7.0411624716755199],[80.707141525083571,7.0411355130834954],[80.707101578546073,7.0410937567441492],[80.70702701533915,7.0410335002113706],[80.70697215755402,7.0409996697759443],[80.706926888125565,7.040973240769846],[80.706906650283415,7.0409663685828558],[80.706866174127825,7.0409557965432388],[80.706843269044256,7.0409468114766396],[80.706823034197953,7.0409320111568743],[80.706811846838704,7.0409156260155452],[80.706810781606762,7.0409024111017269],[80.706819306572342,7.0408902529520283],[80.706835813587276,7.0408828535921275],[80.706864041545799,7.0408828541775401],[80.706908778327005,7.0408876102970313],[80.706963636527689,7.0409002969507837],[80.707028616859674,7.0409161547254921],[80.707087731567384,7.0409325388366],[80.707135663595011,7.0409436409869501],[80.707186794088514,7.0409515694606339],[80.707235259427506,7.0409616109183197],[80.707293315603764,7.0409806399681933],[80.707326870234908,7.0409949123089026],[80.707354031955333,7.0410128841593345],[80.707375864505295,7.0410334985335457],[80.707420070482868,7.0410837144413536],[80.707479724354585,7.0411698728157237],[80.707517002059319,7.0412327725185833],[80.70757507321602,7.0413284503711973],[80.707598709434365,7.0413638840106199],[80.707616548726349,7.041400449901948],[80.70762314260422,7.0414150754550526],[80.707643194580513,7.0414549035352971],[80.707668239034732,7.0415042014316134],[80.707691093145968,7.0415461062292781],[80.707731453218173,7.0416201068344959],[80.707751146403552,7.0416562190268923],[80.707850675576623,7.0418270858753536],[80.707897922859885,7.0419034585904239],[80.707945002721388,7.0420043445422813],[80.707970985349718,7.0420697782514674],[80.707983293304096,7.0421175848572641],[80.707988973989927,7.0421561122203364],[80.707992762712493,7.0421955797937432],[80.707988974173347,7.0422350462572423],[80.70797950702449,7.0422773324471866],[80.707946367246464,7.0423466822191196],[80.707923340693597,7.0423875773922999],[80.707899101658057,7.042431480137969],[80.707877892434126,7.0424741796835715],[80.707860927135215,7.0425138720993914],[80.707853652016311,7.0425397335352118],[80.707854261395653,7.0425692007275753],[80.707862743085585,7.0426112987379232],[80.707871303110025,7.0426439240603917],[80.707897150859353,7.0426726154357597],[80.707938363731031,7.0426973780052409],[80.707988967829891,7.0427100123703736],[80.708018146566147,7.0427084684564774],[80.708053358778798,7.0426977149759473],[80.708088575924052,7.0426779988279202],[80.708127404543504,7.0426287112016688],[80.708150880161796,7.0425623939822097],[80.70817526166141,7.0424665048899184],[80.708210476648702,7.0423500053265533],[80.708219508305291,7.0422711422405406],[80.708225502553688,7.042164929512758],[80.708227816301672,7.0420961051501845],[80.708231279976928,7.0420496482820827],[80.708230706434819,7.0419854110876701],[80.708217992073429,7.0419125711810642],[80.708201230305889,7.0418483334314761],[80.708182020218374,7.0417952012160168],[80.708162788118628,7.0417316974077924],[80.708125993288135,7.0415971182030956],[80.70809777515619,7.0414864982665835],[80.708082900474224,7.0414424496203143],[80.708130609386856,7.0414138187480857],[80.708141336781836,7.0414006028476841],[80.708196032630966,7.0413480963604114],[80.708260140064368,7.041286262325861],[80.708298064635429,7.0412531030077643],[80.708317027900392,7.0412298024784628],[80.708332859196773,7.0411944478770652],[80.708335085755479,7.0411894762775447],[80.708365788851964,7.0412056064958746],[80.708373914625668,7.0412118791039706],[80.708448465639421,7.041177090104437],[80.708541466473847,7.0410642776643595],[80.708658583181702,7.0409377900335253],[80.708768812048291,7.0408694171810442],[80.708934147246438,7.0408318134447763],[80.709147710670919,7.0407600235393559],[80.709378496783515,7.0407326731445821],[80.709523171406005,7.0407190007409888],[80.709716064338821,7.0406643018824822],[80.70991671013644,7.040647209085197],[80.710115849638342,7.0407006245297259],[80.710325754262712,7.0408448464016322],[80.710503364253228,7.0408662133271909],[80.710610542079124,7.0408449372409692],[80.710634116841931,7.0408362401454685],[80.710656233550708,7.0408326314244469],[80.710667445093023,7.0408389460258318],[80.710679867148315,7.0408496214045488],[80.710698349918275,7.0408563873770857],[80.710713346601892,7.0408584920187813],[80.710727284551382,7.0408518752966032],[80.710735920055313,7.0408446600763481],[80.710746372202777,7.0408442084837315],[80.710759249781091,7.0408469150999284],[80.710777125495639,7.0408514247179541],[80.710793184963393,7.040852778924898],[80.710801363829518,7.0408550345310763],[80.710811968968926,7.0408608977906288],[80.710820607788278,7.040868714998755],[80.710836448752744,7.0408790390747633],[80.710854366096285,7.0408836282754059],[80.710863609768992,7.0408836286681176],[80.710874011746583,7.0408859225661793],[80.710897130904385,7.0408922315978488],[80.710913886484548,7.0408933788101251],[80.710930645605117,7.0408950984537375],[80.710950873446322,7.0408962470556888],[80.710966475750254,7.0408979665359297],[80.710998261502269,7.0409077167911454],[80.711023109531496,7.0409077175566956],[80.711039870001585,7.0409191875217623],[80.711056628801771,7.040923203216817],[80.711074544077022,7.0409232012011156],[80.711113262625233,7.0409197611740622],[80.711128869434432,7.0409151730518689],[80.711157182965607,7.0409117315670544],[80.711170475257489,7.0409134525264809],[80.711194746872323,7.0409186141285787],[80.711218441522618,7.0409134519879784],[80.711237511940709,7.0409059967623575],[80.711260049956962,7.0409059962887639],[80.711277387271267,7.0409157463185208],[80.711295301769198,7.0409277906754353],[80.711318996868002,7.0409323797592984],[80.711353670201788,7.0409352467463844],[80.711385454794083,7.0409404093848069],[80.711436889063279,7.0409449987056743],[80.711487166224117,7.0409581888008539],[80.71152241725116,7.0409662176862087],[80.711554202513312,7.0409731012248935],[80.711576741836737,7.0409702340574194],[80.711601590985694,7.0409622044745097],[80.711613725769311,7.0409558949428428],[80.711628752544073,7.0409564685540014],[80.711646090106967,7.0409644985628912],[80.711661693429889,7.0409719531864008],[80.711683652990445,7.0409788371629807],[80.711716015122903,7.0409903074567248],[80.711751267966804,7.0409983363251376],[80.71179923238212,7.0410052193733552],[80.711821771149474,7.0410063673529866],[80.711841420621127,7.0410138234342421],[80.711859333994241,7.0410275877768234],[80.711881873367375,7.0410505297472019],[80.71190441140854,7.0410700298930946],[80.711921748551333,7.0410746180685635],[80.711950643845299,7.0410665881213719],[80.711983584219553,7.0410597063061031],[80.712015369065426,7.041063147085957],[80.712040218462008,7.0410860893671829],[80.712050620869704,7.0411050163065783],[80.712070847650082,7.0411205009670796],[80.712091651741886,7.0411308265886481],[80.712115346024589,7.0411480317319475],[80.712139617381652,7.0411617969388587],[80.712162733337664,7.0411784304730514],[80.712180071622342,7.0411944898759602],[80.712224568862908,7.0412369309774059],[80.712246531350019,7.041262166194028],[80.712308943145331,7.0413034621719355],[80.712346506427949,7.041335008026417],[80.712372512516097,7.0413590953115177],[80.712394472656001,7.041375155340063],[80.712423944913638,7.0413975221857035],[80.712441285851938,7.0414141576279965],[80.712463243243775,7.0414502898304443],[80.712474225148256,7.041468070168138],[80.712485781054255,7.0414783926976856],[80.71251294314682,7.0414887164576552],[80.712538370327167,7.0414967466358123],[80.712571311240268,7.0415059227024122],[80.71259442974555,7.0415173952894907],[80.712620432267002,7.0415214085742273],[80.712648170843053,7.0415259981431948],[80.712690937049175,7.0415449231547047],[80.712729655298489,7.0415638512277479],[80.712766641630679,7.0415850724046516],[80.712788601794998,7.0416011315104488],[80.712814608155242,7.041623500572384],[80.712834833485914,7.0416366918566888],[80.712902820583409,7.0415834776411783],[80.712996653235919,7.0415369172580933],[80.713134046654062,7.0414772899799489],[80.713308809784365,7.0414351101402461],[80.713509558115859,7.0414311708900357],[80.713621783630984,7.0414404208546246],[80.713699692178736,7.0414552014991036],[80.71377368761155,7.0414836982573457],[80.713817861960464,7.041518773518388],[80.713899584969255,7.041560423651009],[80.713977997117155,7.0415933050876953],[80.714078496135414,7.0416360510153861],[80.714190040807836,7.0416875648236017],[80.714239646123943,7.0417170430579148],[80.714294852252209,7.0417498481027474],[80.714368953417051,7.04179388362751],[80.714476077586113,7.0418497809001499],[80.714575471256424,7.0419078728020024],[80.714648361905503,7.0419681568559662],[80.714724563611227,7.0420361117364969],[80.714753278591431,7.0420569373830855],[80.714821749654476,7.0420733778223106],[80.714876971277477,7.0420854341952008],[80.714926667980663,7.0421227012347707],[80.714966425738325,7.0421468136986087],[80.715009495725724,7.042149005996734],[80.715063611178209,7.0421270852755642],[80.715096742888292,7.042104067572553],[80.715111099889484,7.0420700907217091],[80.715094534488074,7.0420196711719374],[80.715060298853672,7.0419571965891299],[80.71503821256168,7.0419221216349408],[80.715049255450268,7.0418969125894586],[80.715085700325901,7.0418859516511043],[80.71512324982514,7.0419002013512975],[80.715181781060423,7.0419100642540329],[80.715237000431827,7.0419254095781714],[80.715301054791254,7.0419374661535015],[80.715334188634884,7.041967060582067],[80.715368424373708,7.0419944612838572],[80.715413703937799,7.0420032291085848],[80.715433581434723,7.0420328245115913],[80.715445730312226,7.0420777624193098],[80.715482177029884,7.042135852238613],[80.715516412784595,7.0421840802105722],[80.715531872957698,7.0422695725580757],[80.715536289421095,7.0423035491561627],[80.71554954220943,7.0423309516307295],[80.715579362275861,7.0423879472615249],[80.715618015054659,7.0424383651478992],[80.715632373601679,7.0424964556965053],[80.715638999573756,7.0425655064415214],[80.715643416429501,7.042631269713497],[80.715651147487108,7.0426805929683036],[80.715667711207757,7.042716764108965],[80.715679860030789,7.0427693733144174],[80.715678754999672,7.0428165051682212],[80.715677652398583,7.0428658263690442],[80.715682070068326,7.0428976136183952],[80.715703051704836,7.0429359755831449],[80.715725140667544,7.0429721438224675],[80.715737290546485,7.0430028333331176],[80.715764899220119,7.0430466754009791],[80.715796924993768,7.0430850387955415],[80.715821222178633,7.0431036717433679],[80.715844415480362,7.0431398401202152],[80.715870919036107,7.0431760107336858],[80.715888591161203,7.0432088921115179],[80.715910678909594,7.0432406780309336],[80.715937182385844,7.0432845208495447],[80.715963687999562,7.0433119214104485],[80.715968043551868,7.0433273070863667],[80.715974828635183,7.0433564902115586],[80.7159856851722,7.0433861187865041],[80.715998803147144,7.0434135049524045],[80.716014635035393,7.0434395449438059],[80.716032276385704,7.043465582455692],[80.716049014605957,7.0435037430977872],[80.716062584631246,7.0435423518700562],[80.716068919847757,7.0435715340312406],[80.716079773737945,7.0436007158718326],[80.71608475024351,7.0436231616143781],[80.716091084067997,7.0436631177844928],[80.716099680875544,7.043695891272332],[80.716105558703248,7.0437062175007235],[80.716117319781105,7.0437129498364035],[80.716128629346869,7.0437183373970447],[80.716135868536583,7.0437219302709382],[80.716152153208739,7.0437466219822049],[80.716163009208884,7.0437735575024112],[80.716167985255666,7.043799596991871],[80.716176579437033,7.0438247362502215],[80.716178840596299,7.0438386557590764],[80.716168889869266,7.0438530222328],[80.716168889033639,7.0438664892923182],[80.716171603608714,7.0438880385656875],[80.716173864861176,7.0439082412554601],[80.716173864930738,7.0439217092193767],[80.716176578740331,7.043935178437688],[80.716183364495024,7.0439383209034645],[80.716195127737947,7.0439423619959118],[80.7162109576104,7.0439351774454604],[80.716224981048086,7.0439185678902598],[80.716231315602528,7.0439109353834484],[80.716241267109439,7.0439185672762488],[80.716245790940377,7.0439347288732979],[80.716232218863865,7.0439468503717411],[80.716219101130832,7.0439594204686173],[80.71620824477759,7.0439701957913208],[80.716199649201855,7.0439908456212086],[80.716200101898949,7.0440110489818695],[80.71620281510711,7.0440361892897734],[80.716208244736563,7.044054597322452],[80.716215028718253,7.0440644733172988],[80.71622362374103,7.0440761455151586],[80.716237197159032,7.0440887172436177],[80.716251219375479,7.0441026328416418],[80.716300112235004,7.0441357090351895],[80.716320610214964,7.0441350081165668],[80.716343228587661,7.0441307996318123],[80.716375740619824,7.0441265915138542],[80.716423096398714,7.0441181730015039],[80.716495190753889,7.0440964271515361],[80.716527705035816,7.0440746825460181],[80.7165665779562,7.0440480256095865],[80.716606159525867,7.0440010270980222],[80.71664432937223,7.0439652518562887],[80.716665532734424,7.0439414023561921],[80.716741869334598,7.0438796727205615],[80.716792757704553,7.0438382860079907],[80.716869094907651,7.0437786588836691],[80.71693058667995,7.043750600398754],[80.716997026633919,7.0437260485648236],[80.717081843964863,7.0436986920628417],[80.717151816654592,7.043675543248276],[80.717210483616157,7.0436594086661861],[80.717496391040839,7.043552450789976],[80.717791296682947,7.043460464803454],[80.71803985844673,7.0434353794948619],[80.718178882376662,7.0434019290562802],[80.718414805184196,7.0433392134204338],[80.718612811786173,7.0432681334843394],[80.718722349963556,7.0432221427122874],[80.7188740129601,7.0431510623625853],[80.719059381120928,7.0430590774343571],[80.719236323083905,7.0429211006458345],[80.719396412868633,7.0428374783054011],[80.719569143452858,7.0427538556397327],[80.71970395548945,7.0427036825406013],[80.719885110015454,7.0426911381416604],[80.719990433798756,7.0427914864532131],[80.720049415821904,7.0429378253304185],[80.720226355748196,7.0431217943003892],[80.720356954701785,7.0432555907602383],[80.720474918287607,7.0433893856698067],[80.720521758836782,7.0434642821360471],[80.720539793859643,7.0434931183822158],[80.720550750806737,7.0435106380857873],[80.720563389210767,7.0436068035631605],[80.720519660953769,7.043650202743108],[80.720495982166796,7.0436737021534048],[80.720441214077496,7.0437489617378262],[80.720378022233689,7.0438325843149583],[80.720377055406829,7.0438333411106635],[80.72036994122098,7.0438362485341708],[80.720371105075813,7.0438380030451846],[80.720306643601532,7.0438885076320963],[80.720305213939909,7.0438991557706352],[80.720306282772867,7.0439082415529004],[80.720306284031011,7.0439128282392556],[80.720305643834664,7.0439147516405445],[80.720355820047658,7.0440420110798918],[80.72037380870961,7.0440876332230937],[80.720441214564659,7.044279961999802],[80.72050862227357,7.0444346640238393],[80.72053636061446,7.0444735266680683],[80.720521578359566,7.0444784452769449],[80.72052011371261,7.0444789307188014],[80.720518869893823,7.0444797236542138],[80.720500215631759,7.0445041632484928],[80.720499045110557,7.0445051415772264],[80.72047881706736,7.0445192320003454],[80.72045199642865,7.0445344366528593],[80.720446469946467,7.0445371787780067],[80.720443570512899,7.0445382346704326],[80.720440812250445,7.0445396043770829],[80.720436435501782,7.044541105919671],[80.720434922914833,7.0445412992617298],[80.720410214985435,7.0445413523659965],[80.720402957804353,7.0445439722004703],[80.720398512288895,7.0445452458470612],[80.720394252271603,7.0445470575833173],[80.720392882720432,7.0445471125821983],[80.720381253812164,7.0445395818593024],[80.720357960774692,7.0445313787339474],[80.720333898599876,7.0445209418567902],[80.720332584259268,7.0445210447908382],[80.720312292552194,7.0445375877015319],[80.720311498565579,7.0445387469380565],[80.720311497291192,7.0445418134703424],[80.720312880791795,7.0445461896172494],[80.720313814214961,7.0445522323627516],[80.720311846552733,7.044558010699653],[80.720311054365467,7.0445592612722034],[80.720304927514007,7.0445639186628624],[80.720300965859565,7.0445686170078581],[80.720292227971314,7.0445772892434322],[80.720291039351707,7.0445782187364481],[80.720285177141207,7.0445801577875375],[80.720283904355725,7.0445809516231508],[80.720280627194938,7.0445842031461341],[80.720279654885786,7.0445853704999912],[80.72027509520305,7.0445950976689851],[80.720269643283473,7.0446025368134872],[80.720267473974246,7.0446065725107792],[80.720267473420151,7.0446111709528747],[80.720267899590496,7.0446125962046722],[80.720276732248294,7.0446287546642798],[80.720272147454011,7.0446590767016701],[80.720256340930604,7.044690639918155],[80.72025584381224,7.0446920650589098],[80.720254184211981,7.0447103718135651],[80.720248165558885,7.0447260338265245],[80.720244303650773,7.0447367648688157],[80.720230454332764,7.0447741801425838],[80.720229088982123,7.0447769281917578],[80.720228617573426,7.0447828360253597],[80.720225645755633,7.0447836215174835],[80.720219514850712,7.0447843297625443],[80.720212761720006,7.0447880520147619],[80.720210552810215,7.0447901895496434],[80.720208105624849,7.0447940832357077],[80.720206711309729,7.0447968177166],[80.720206457680035,7.0447982917196228],[80.72020645784562,7.0448044229757869],[80.720205096632398,7.0448103894827145],[80.720204440209685,7.0448117440676317],[80.720202587904538,7.0448141981557102],[80.720197165630239,7.0448234784883068],[80.720195665020498,7.0448294268921066],[80.720195391290758,7.0448324418455694],[80.720194244077405,7.0448352893955501],[80.720193969255789,7.0448398516319539],[80.720190926520715,7.0448657309540206],[80.720183537266863,7.044882601870202],[80.720182489844049,7.0448836236200556],[80.720146277231976,7.0449041598691142],[80.720144879549864,7.044904787295307],[80.72012256779206,7.0449109683118953],[80.720118307770463,7.0449127791412742],[80.720113101651719,7.0449160656986907],[80.720108534906487,7.0449167650877804],[80.72010703683317,7.0449166934662086],[80.720092537306158,7.0449114059956299],[80.720088133747069,7.0449100146277699],[80.720080458582743,7.0449108149248243],[80.720070641302613,7.0449153118031962],[80.720066660917482,7.0449176652548733],[80.720065970095064,7.0449190370174346],[80.720064479633308,7.0449233902102275],[80.720063686533891,7.0449246878066063],[80.720055342107599,7.0449356968351724],[80.720051700202532,7.0449385386577124],[80.720046461500829,7.0449417881335288],[80.720035637483591,7.0449476883865527],[80.720024715108167,7.0449585289006107],[80.72002388761635,7.0449597867029077],[80.720022740401703,7.0449626333481339],[80.720021864963414,7.0449636569270302],[80.720018003048096,7.0449743879672813],[80.720004845926383,7.0449914001611385],[80.720002699174216,7.0450034779336175],[80.720001058976251,7.0450109672726979],[80.720001011164811,7.0450170940014196],[80.719999035548781,7.0450212310040552],[80.719997945597058,7.0450221243356257],[80.719989091647847,7.0450248334977807],[80.719987887641281,7.0450257385716197],[80.719987109034733,7.0450269511639867],[80.719986739557015,7.0450282886012969],[80.719982884062134,7.0450308401123571],[80.719970621633067,7.0450373090041118],[80.719967619952385,7.045038009485352],[80.719964530553611,7.0450380091117948],[80.71996326502304,7.0450386772475841],[80.719953433523855,7.0450484345223767],[80.719946945556103,7.0450525736919811],[80.719916679602719,7.0450464532430965],[80.71988129008993,7.04504951639551],[80.719869709441767,7.0450694370535665],[80.719843961585596,7.0450979985336968],[80.719840941243078,7.0451032911236737],[80.719838459004507,7.0451050949313787],[80.71983224045627,7.0451119027657256],[80.719826143457993,7.0451166089865271],[80.719824730403786,7.0451170953367521],[80.719814016449973,7.0451185273772285],[80.719809683129654,7.0451201374369194],[80.719806655209894,7.0451207384392847],[80.719794302131632,7.0451207939130613],[80.719791385507847,7.0451217394728456],[80.71978325006782,7.0451261379787269],[80.719781660248515,7.0451287123708166],[80.719781588181121,7.0451333008566124],[80.719779367772915,7.045140642721119],[80.719774761439993,7.0451467878873322],[80.719760552009163,7.0451527709201001],[80.719759275595194,7.0451536081609358],[80.71972586639157,7.0451808701081227],[80.719724499490439,7.0451814477994521],[80.719683127328778,7.0451866733318091],[80.719675847631294,7.0451882477639076],[80.719654068394362,7.0451994694746887],[80.719653332398806,7.0452001204920425],[80.719642568888105,7.0452070878349113],[80.719634143490552,7.0452139080585852],[80.719625346119386,7.0452202516628262],[80.719608512162964,7.0452368338482652],[80.719607701961991,7.0452373211754784],[80.719588294314036,7.0452410780510739],[80.719587388179605,7.045241431527959],[80.719560219771864,7.0452575150802179],[80.719559329941802,7.0452577781275343],[80.719543877013578,7.0452544239494284],[80.719527071329139,7.0452544146672906],[80.719525154088117,7.0452548801559081],[80.719521231855623,7.0452553797641242],[80.719509369389513,7.0452553955002788],[80.719503472031306,7.0452559735429938],[80.719496785205223,7.0452577433766113],[80.719487911139254,7.0452620513557251],[80.7194824127712,7.0452642400319174],[80.719478481494818,7.0452646736236906],[80.71946958803413,7.04526472951079],[80.719465663993915,7.0452652065104511],[80.719442925717999,7.0452652064490087],[80.719303846273533,7.045267729676234],[80.719262828332646,7.0452926068846518],[80.719261424327868,7.0452931040860376],[80.719219584088549,7.0452916204067089],[80.719213434168722,7.0452923114542072],[80.719209093614239,7.0452938319802207],[80.719191670481635,7.0452873468104142],[80.719190373441151,7.0452866033044694],[80.719188510870339,7.045284141530634],[80.719184605294828,7.0452816758890808],[80.719176879537088,7.0452816252045833],[80.719158325762066,7.0452830417996681],[80.719156812258575,7.0452833038654079],[80.71915099617631,7.0452854282923489],[80.719149798701153,7.0452847273012962],[80.719147896291929,7.0452823505280433],[80.719124641150216,7.0452823811344176],[80.719109788311656,7.0452868032205913],[80.719108547365366,7.0452862830871199],[80.719107387945144,7.045285280963741],[80.719100453737184,7.0452818391937777],[80.719098970183694,7.0452814601036451],[80.719088199537737,7.0452801249164887],[80.719086801881346,7.0452805226434618],[80.719050674769107,7.0453044246778109],[80.719017433381595,7.0453210220073057],[80.718984801573441,7.0453417883016876],[80.71897925515772,7.0453445412586104],[80.718974693819618,7.0453453880405643],[80.718972001693274,7.0453462178705193],[80.718896334772253,7.0454096453485358],[80.718847252799634,7.0454393523772856],[80.718771028800646,7.0455276086389773],[80.718766433109863,7.0455353951280957],[80.718749396571155,7.0455501894262484],[80.718724879937668,7.0455766222380118],[80.718709822083625,7.0455845177599699],[80.718698021466764,7.0455893806115855],[80.71867388634476,7.0455977126984664],[80.718664165916223,7.0456020124182697],[80.71864660338521,7.0456173962609059],[80.718644662576352,7.0456181086209604],[80.718632168860196,7.0456207512917848],[80.718625818940978,7.0456210227045766],[80.718620105049965,7.0456238588334026],[80.718618652947697,7.0456253308784689],[80.718614939231372,7.0456304895358075],[80.718609641846939,7.0456396477823198],[80.718607781380555,7.0456421253750756],[80.718561996740064,7.0456590331069222],[80.718558043602755,7.0456605319712988],[80.718469087300193,7.0456820897550978],[80.718441102178332,7.0456922779106606],[80.718439376766455,7.0456932869119182],[80.71842471260571,7.0457307110713572],[80.718422107977133,7.0457339689947354],[80.718414201441391,7.0457535898394124],[80.718411959752643,7.0457571688396703],[80.718399175327093,7.0457681998940664],[80.718391094389048,7.0457708720448577],[80.7183824943411,7.0457770573947434],[80.718366919340397,7.0457944065502369],[80.71836365185095,7.0457997759664002],[80.718356712984516,7.0458046457440586],[80.718353701959458,7.0458076350349694],[80.718347193889656,7.0458130845319671],[80.718335125351956,7.0458250154670381],[80.718333453316404,7.0458262568835019],[80.718321526907317,7.0458308086254755],[80.718317850681558,7.045832897135627],[80.718291038742166,7.0458570191135443],[80.718253557790931,7.045884917084468],[80.718225051467215,7.04589348101221],[80.718217627517703,7.0458975485998936],[80.718210479586304,7.0459021280641707],[80.718206521916855,7.0459036513414599],[80.718193374106676,7.0459106047884612],[80.718187314531789,7.0459126098033167],[80.718181875256136,7.0459126471060545],[80.718170410561413,7.0459093783856828],[80.718164574863721,7.045909015931513],[80.718160918811989,7.0459090154752877],[80.718152176422123,7.0459097369319208],[80.71814240454782,7.0459127479854535],[80.718125197743291,7.0459207634939283],[80.718124626519824,7.0459211649384708],[80.718113388581173,7.045943162805882],[80.718114088924352,7.0459525695778904],[80.718114005558505,7.0459532776461282],[80.718113001269614,7.0459567618463605],[80.718112559902991,7.0459610798953136],[80.718111901669872,7.0459623729835448],[80.718109655541269,7.0459652375729016],[80.718108083830032,7.045967680835691],[80.718106357345775,7.0459700119440827],[80.718103812685058,7.0459714395395983],[80.718102782539262,7.0459717785290588],[80.718102712371774,7.0459827505740584],[80.71809613661037,7.0459938113335614],[80.718095884030788,7.0459940690317788],[80.71808515114931,7.0460018809722973],[80.718084826167413,7.0460020373781624],[80.718083731775508,7.0460021982094956],[80.718082992237299,7.0460021981170833],[80.718082661825179,7.0460023472877733],[80.718081054098647,7.0460032532104799],[80.718077029308404,7.0460058598476278],[80.71807494266109,7.0460073770274008],[80.718074420302656,7.046007897847546],[80.718073727726605,7.0460087568602354],[80.718072053938783,7.0460095235101496],[80.718070966829941,7.0460093524587508],[80.718070228196922,7.0460093523664309],[80.71806987878557,7.046009423763639],[80.718064542291899,7.0460127211333941],[80.71806247374532,7.0460142618275565],[80.718059290871963,7.0460161288401411],[80.718056706559992,7.0460161402731565],[80.718056342669044,7.0460161845390958],[80.71804602045475,7.0460190607788524],[80.718029880130487,7.0460256810590565],[80.718016442461163,7.0460413963726758],[80.71801556616667,7.0460419777375742],[80.718011704374575,7.0460512862729026],[80.718011033505178,7.0460522863613484],[80.717994549763091,7.0460616982177173],[80.717993392871151,7.0460621936375452],[80.717985873333291,7.0460633411764428],[80.717978701219792,7.0460658253362558],[80.717974191287894,7.0460681126885758],[80.717970078651405,7.046071053006016],[80.717967453265928,7.0460737728567784],[80.717965470500928,7.0460769928741867],[80.717961835525685,7.046082147014439],[80.717956338358334,7.046089061622741],[80.717953383312448,7.0460931514693463],[80.717950823997924,7.0460959310130686],[80.717949303029954,7.0460979438277311],[80.71794482993792,7.0461024015403471],[80.717941528238867,7.0461062209532681],[80.717923595414845,7.0461290418081379],[80.717922634912171,7.046129825728868],[80.717885127617137,7.0461509123658708],[80.717850983651218,7.0461675474791337],[80.717846152475133,7.0461690462272379],[80.71784263383212,7.0461704601343769],[80.717836692491119,7.0461751762957743],[80.717835843308478,7.0461761022077543],[80.717826167902061,7.0461893302173104],[80.717811215202175,7.0462029337591794],[80.717805127706796,7.0462109759722988],[80.717802440572115,7.0462152430972917],[80.717801518988054,7.0462160595779935],[80.717796083832283,7.0462192963431285],[80.717790183529175,7.046221584423348],[80.717780890361766,7.0462256183095615],[80.717773527326315,7.0462274965511771],[80.717764751365237,7.0462287958535601],[80.717763558280467,7.0462291691857439],[80.717759063741411,7.0462313986617202],[80.717745750745422,7.0462345449091242],[80.717708741941181,7.0462432596612352],[80.717707495500719,7.0462432323750441],[80.717694969723212,7.0462415324960288],[80.717693108442191,7.0462432341826746],[80.717688103170886,7.0462470958822516],[80.717684941084812,7.0462491925908619],[80.71768276034885,7.0462502874419215],[80.71767870382034,7.0462533091521564],[80.717677503264227,7.0462555046778617],[80.717676788767719,7.0462579091614552],[80.71767665305677,7.0462717352159956],[80.717676391305091,7.0462729433478639],[80.717674156562822,7.046278797601798],[80.717675383965258,7.0462862357468943],[80.717675385299515,7.0462900121663914],[80.717674751204953,7.0462936836053771],[80.717671146524012,7.0463026223052712],[80.717664407098553,7.0463121782577041],[80.717663801704745,7.0463179522326147],[80.717663800186713,7.0463228120210673],[80.717663379940745,7.0463247046994137],[80.717661986268737,7.0463293626504058],[80.717661503700924,7.0463301755688246],[80.717660811145294,7.0463308627610424],[80.717657821898058,7.0463333673372421],[80.717654152595983,7.0463379210055592],[80.717652613462874,7.0463404040607074],[80.717652078136439,7.0463432598199924],[80.717650668949361,7.0463489224629363],[80.717650073248279,7.046349614188899],[80.717649257605586,7.0463501539622415],[80.717645399623066,7.0463507114388939],[80.717644698929931,7.0463513253805328],[80.717642817666373,7.0463535642275303],[80.717634173497927,7.0463720826053473],[80.717633603134743,7.046372832210638],[80.717623151825634,7.046380048232197],[80.717622283698617,7.0463804559689036],[80.717597277269874,7.046385228506006],[80.717596300569895,7.0463852428519882],[80.717595364628295,7.0463850600624172],[80.717592732504514,7.0463837629430941],[80.717585399013757,7.0463810327963321],[80.717579743596303,7.0463794576711889],[80.717577013684064,7.0463783839052381],[80.717575259538975,7.0463775146374621],[80.717574547239067,7.0463768553020616],[80.717573695502495,7.0463764943730238],[80.71756067057639,7.0463778564379611],[80.717560134677285,7.0463780752146148],[80.717558109586321,7.0463795381409069],[80.717557553766099,7.0463798120782677],[80.717553960935177,7.0463809094635899],[80.717553469372476,7.0463812693189807],[80.7175490288693,7.0463856592081724],[80.717545353505088,7.0463880316671572],[80.717542441215656,7.0463903951791744],[80.717542179553405,7.0463908925193994],[80.71754121906406,7.0463915615913475],[80.717540333678841,7.0463924404738156],[80.717539220225376,7.0463930091474989],[80.717539045458892,7.0463935245849836],[80.717538730414148,7.046393834725281],[80.717538463316771,7.0463943637158417],[80.717537309920715,7.0463958366994515],[80.717528269009279,7.0464092944786403],[80.717527830845441,7.0464097113125588],[80.717507889127958,7.0464201798594166],[80.717502951216119,7.0464210446656814],[80.717500465528218,7.0464213662880866],[80.717499877132141,7.046421553407022],[80.717498187042366,7.0464223688858034],[80.717493401123548,7.0464238549755196],[80.717490270977891,7.0464238889443775],[80.71748366153588,7.0464219646320743],[80.717479420870447,7.0464208418417993],[80.717475357686595,7.0464192081359664],[80.717471694496609,7.0464183603302901],[80.717469216137843,7.0464179892482006],[80.717463576815547,7.0464179803972113],[80.717461843291417,7.0464186792137387],[80.717460838437958,7.0464194251466896],[80.717460427423973,7.0464198871997219],[80.717459712196799,7.0464209017507802],[80.717459513885842,7.046421492243403],[80.71745912097721,7.0464219416383234],[80.717445464956086,7.0464318548226128],[80.717428041435454,7.0464497453970507],[80.7174192693994,7.046455749844144],[80.717418085234897,7.0464571559042311],[80.717416239960684,7.0464611057187714],[80.717415772576885,7.0464635265108528],[80.717415022049494,7.0464645229710632],[80.717414935981466,7.0464651161908103],[80.717414936020049,7.0464719591421252],[80.71741485176149,7.0464725595966122],[80.717412106611206,7.0464774461676818],[80.717411800270895,7.0464804990962735],[80.717405943480486,7.0464965372860524],[80.717405943808629,7.0465010932248733],[80.71740572818544,7.0465025798914089],[80.717401509062967,7.0465171786187257],[80.717401376081966,7.0465308256189543],[80.717401976749841,7.0465338045083792],[80.717401861605467,7.0465352685797278],[80.717399442028963,7.0465424729511064],[80.717398836284815,7.0465438383901189],[80.71739775354331,7.0465449116750758],[80.717396986683966,7.0465462110787129],[80.717393096739201,7.0465561137399781],[80.717387947535059,7.0465671357838735],[80.717386979754238,7.0465681946143093],[80.717356435098296,7.0465822429008442],[80.717320350773818,7.0466312775253606],[80.717319488877209,7.0466325145191089],[80.717323267710569,7.0466565236551748],[80.717320245677968,7.0466605628474861],[80.717306048463541,7.0466909369891315],[80.717242358382919,7.046727248016607],[80.717187093544652,7.0467939830678192],[80.717173148876441,7.0468171507514175],[80.717172741211996,7.0468197406576678],[80.717172989771981,7.0468439817555995],[80.717177855745888,7.046853641361067],[80.717179542233907,7.0468669313874832],[80.717179542109065,7.0468750322407159],[80.717179008619254,7.0468776537820395],[80.717175881685378,7.0468879987481303],[80.717174147242233,7.0468959076664897],[80.717170773981152,7.0469000426705746],[80.717170190720012,7.0469025529748137],[80.717171085274856,7.0469078795033617],[80.7171719340257,7.0469103700944231],[80.717175198494004,7.0469146913255418],[80.717175984778763,7.0469172452107074],[80.717180888230516,7.0469382783898888],[80.717178237314201,7.0469922141093448],[80.717176976111958,7.0469943635058918],[80.717150125286551,7.0470172058056617],[80.717080049995644,7.0470388814707352],[80.717077822144745,7.0470402901101954],[80.717075937292464,7.0470422341476837],[80.717072080534749,7.0470473385151609],[80.717061305678925,7.0470645652489328],[80.717062084625582,7.0470678742363351],[80.71705183507504,7.0471467083956334],[80.717050917959043,7.0471479544249753],[80.717018915452726,7.047165506723676],[80.717015564323944,7.0471664178466513],[80.717003389508605,7.0471665166760946],[80.716994059139395,7.0471710479147882],[80.716991570468934,7.047173428659157],[80.716977645930513,7.0471734567285793],[80.716967734588906,7.0471767354165866],[80.716958733617673,7.0471819765837314],[80.716955937223531,7.0471840353526076],[80.7169496671155,7.0471900147884297],[80.716943031361069,7.047195598991955],[80.716933369327975,7.0472029751619187],[80.716928346724742,7.0472077511132669],[80.716926853956835,7.0472086109265044],[80.716925662573402,7.0472098135135104],[80.71691237839967,7.0472279975933416],[80.716902091493665,7.0472518204584969],[80.716863486272743,7.0472783788810851],[80.716862342858022,7.0472796284984156],[80.716837484639044,7.0473212418987217],[80.716828050673499,7.0473289002417996],[80.716824365174745,7.0473325730984842],[80.716819831311369,7.0473378202590871],[80.716802670655497,7.047352448074399],[80.716800530441247,7.0473551417551938],[80.716799254885643,7.047356256612562],[80.71679050369174,7.0473618866637153],[80.716789687002574,7.0473635089003501],[80.716767922429298,7.0473790594317443],[80.716766259548933,7.0473794182322527],[80.716747299227066,7.0473881080837453],[80.716714177268315,7.0474104160102282],[80.716681784312854,7.047423104829865],[80.716650837445414,7.0474389453698789],[80.716642025608579,7.0474445121083784],[80.71663501302055,7.0474521779920831],[80.716631045749438,7.0474578430168808],[80.716617534384682,7.0474687391850219],[80.71661422721013,7.0474727439720466],[80.716609353936832,7.0474776781940927],[80.716603692363336,7.0474816718275708],[80.7165990303846,7.0474836046554081],[80.716594432199116,7.0474892379479774],[80.716594124304322,7.0474902507412152],[80.71659226921453,7.0474930122811896],[80.7165875607147,7.0474977186367811],[80.716583278710004,7.0475012530548531],[80.716580560175629,7.0475031798014207],[80.7165764015554,7.0475045447837905],[80.716571516806994,7.0475071974174668],[80.716567026642181,7.0475104677487517],[80.716563767570278,7.0475134741779106],[80.716561131393803,7.0475155121656572],[80.716559199578882,7.0475165898612913],[80.71655507803456,7.0475182406117485],[80.716534176200113,7.0475329565600084],[80.716502401387572,7.0475463363429478],[80.716497960609374,7.0475527012455101],[80.71649748526093,7.0475536606626044],[80.716497486360169,7.0475591896440628],[80.716497989224692,7.0475624660415379],[80.716497959213697,7.0475635521198692],[80.716495558756876,7.0475697454644974],[80.716494486763736,7.0475716697089883],[80.716492191797627,7.0475740640402078],[80.716481748452495,7.0475823543626737],[80.71647964717566,7.0475849151126484],[80.716477905225005,7.0475877435859715],[80.716473935466695,7.0475916099267009],[80.716470943620706,7.0475930944275316],[80.716467298091132,7.0475956350841873],[80.716463458889137,7.0475978772920174],[80.716462710199565,7.047598630490171],[80.716462384247748,7.0475992770334512],[80.716451052718014,7.0476090548391381],[80.716450764778926,7.0476097420814625],[80.716449002158797,7.0476114039858047],[80.716424215524469,7.0476309276722269],[80.716423501289214,7.0476312368561169],[80.716416233420347,7.0476319575651774],[80.716414614027954,7.0476320061900015],[80.71640619447308,7.0476349269490024],[80.716398794113417,7.0476382312684374],[80.716397274226139,7.0476387908439078],[80.716389823879524,7.0476436578129134],[80.71638852390123,7.0476446234540449],[80.716387806044906,7.0476449344460459],[80.716384596180546,7.0476453852863319],[80.716379144014283,7.0476469571886673],[80.716372051340883,7.0476508683425552],[80.716365740604203,7.0476559271725199],[80.716363490907526,7.0476582365033211],[80.716359727353023,7.0476634846627482],[80.716351605875431,7.04767834874598],[80.716330576912981,7.047696070611301],[80.716329898880986,7.0476964123550392],[80.716307243977838,7.0476947653934943],[80.71629873824655,7.0476920784827817],[80.716295538459079,7.047691597879405],[80.716293118868791,7.0476917160329888],[80.71628367109254,7.0476940389051546],[80.716279839371111,7.0476944164151218],[80.71625473427288,7.0476985694110814],[80.71625355657784,7.0476988930039983],[80.716251383952638,7.0477001877028824],[80.716250213483121,7.0477006351878737],[80.716242839558902,7.0477024917000595],[80.716234392876473,7.0477051764262519],[80.716226378735414,7.0477089427686908],[80.716221118218755,7.0477124463105136],[80.716220551423802,7.047713572109445],[80.716212512291648,7.0477215995802105],[80.716204888897238,7.047734654190954],[80.716204060527062,7.0477355864327471],[80.716187036462117,7.0477506709215874],[80.716166059322703,7.0477595648640845],[80.716132446516212,7.0477482918559975],[80.716129765685437,7.0477456283023781],[80.71612624879107,7.0477403936734984],[80.716119600449275,7.047731195932224],[80.716115666899498,7.0477280303219167],[80.716107627474912,7.0477243170705473],[80.716103819083031,7.0477192867790075],[80.716092218073101,7.0477059547739378],[80.716085992983125,7.0476996807369172],[80.716078872087664,7.0476908338081419],[80.71607783844037,7.0476902115058628],[80.716066803632572,7.0476873307405867],[80.716059322403623,7.0476859959087346],[80.71604919595768,7.0476865869253862],[80.716047959435912,7.0476868273132203],[80.716008947899155,7.0476978892715216],[80.715973674003138,7.0477150829655599],[80.715949698790524,7.0477315564774798],[80.715949054167979,7.0477325321497482],[80.715948556897857,7.0477349999606682],[80.715948544640668,7.0477387727607912],[80.715948839580037,7.0477399502169922],[80.715954894966998,7.0477495448780978],[80.715962206670255,7.0477598251725508],[80.715962836542076,7.0477609122406379],[80.715962815578692,7.0477620218322912],[80.715960244273958,7.0477663558805066],[80.715953480408814,7.047775475020007],[80.715945771624746,7.04778381813479],[80.715944105787528,7.0477860199257147],[80.715909315908505,7.0478051471027019],[80.715907906382924,7.0478062492798088],[80.715894326921131,7.0478115703165889],[80.715881833127952,7.0478142373295789],[80.715862695698902,7.0478202792878051],[80.715845550570705,7.0478265068883719],[80.715843796253083,7.0478269479663682],[80.715832903954947,7.0478279792802505],[80.715820617342231,7.0478314728623008],[80.715805118861894,7.0478368840788068],[80.715789078415483,7.0478404223882629],[80.7157724898087,7.0478479513675305],[80.71574964014556,7.0478543202007504],[80.715702448879881,7.0478684584534879],[80.715678308158743,7.0478767713922563],[80.715677017189094,7.0478780526384375],[80.715676068351158,7.0478795681467004],[80.715673103891717,7.0478861909630854],[80.715669863644507,7.0478905466261459],[80.715664320543738,7.047895263715402],[80.715662749017199,7.0478961425049134],[80.715654259701594,7.0478994593310844],[80.715648989486596,7.0479009299652766],[80.715647607121284,7.0479019905466522],[80.715639815734164,7.0479120437049714],[80.715639639956237,7.0479133531300278],[80.715642561629835,7.0479155274834371],[80.715643759020367,7.047916887728916],[80.715650695308426,7.0479253014733345],[80.715651413816047,7.0479269438027012],[80.715653014422273,7.0479321347784873],[80.715654447318173,7.0479392419756532],[80.715654626703483,7.0479519141633835],[80.715656716066079,7.0479644057367938],[80.715672454514234,7.0480069250535973],[80.715673310622805,7.0480084778736645],[80.715685352747812,7.048019574479933],[80.715687057204022,7.0480197221050469],[80.715721573504737,7.0480162974329144],[80.715746990038994,7.0480188753219251],[80.715748595754931,7.0480195944609836],[80.715751479406947,7.048021804981369],[80.715753620711126,7.0480247135363276],[80.715757916310992,7.0480280826675425],[80.715761181125586,7.0480297027197834],[80.715771536453872,7.0480371312035057],[80.715782302431393,7.0480469263323871],[80.715782728989623,7.0480522437592645],[80.715793360831157,7.0480772422121412],[80.715792415975656,7.0480898889329202],[80.715791458492262,7.0480952360224096],[80.715790632688396,7.0481042591689551],[80.715789731517944,7.0481150927440597],[80.715789731059971,7.0481186114331811],[80.715800172583002,7.0481314658166898],[80.715805278703272,7.0481319719918432],[80.715811212964368,7.0481402770859507],[80.715811611128572,7.0481412004431343],[80.715817090139396,7.0481629535444856],[80.715839318840153,7.0481775828189086],[80.715841950025748,7.0481791729459564],[80.715847535384313,7.0481836310388273],[80.715848784340906,7.0481852309339343],[80.715850193371324,7.048187946774342],[80.715850494676744,7.048188896344044],[80.715850494411825,7.0481909337654249],[80.71584908294453,7.0481999975302037],[80.715848646383307,7.0482019878705895],[80.715848279665408,7.0482028740515634],[80.715840671130593,7.0482059332656304],[80.71583994597836,7.0482066530061402],[80.71583945344031,7.0482075274146894],[80.715836782263068,7.0482141511743972],[80.715835785270798,7.0482170430439508],[80.715835185941387,7.0482177537576458],[80.715827584644941,7.0482208346759814],[80.715804701429832,7.0482344850506236],[80.71578290470282,7.0482530984452678],[80.715766895422149,7.0482674406075647],[80.715763502264821,7.0482712654184816],[80.715763020588497,7.0482721425413191],[80.715762240068273,7.0482740225104772],[80.715762481630961,7.0482749711681691],[80.715765461438764,7.0482825687046065],[80.715765951943027,7.0482834115897992],[80.715771515820634,7.0482860022706042],[80.715774668080599,7.0482900241683977],[80.715777395771099,7.0482943109752698],[80.715780514717295,7.0482969637360107],[80.715783948728102,7.0482991725190569],[80.715787960423995,7.0483000556515298],[80.715788796753571,7.0483005766455209],[80.715791747311329,7.0483034048213824],[80.715794310594546,7.0483050989360905],[80.715794524002362,7.0483067701376925],[80.715799634604906,7.0483145822732922],[80.715803650423297,7.0483185672061524],[80.715803926397768,7.0483194055418803],[80.715804778827177,7.0483353279244154],[80.715788392913495,7.0483571695216325],[80.715778538753995,7.0483659545646233],[80.715770604984471,7.0483710692429264],[80.715768384319603,7.0483728251338205],[80.715767485425346,7.0483731207279581],[80.715766850812912,7.0483736795120793],[80.715765883724046,7.0483763190814832],[80.715762595469059,7.0483809053391449],[80.715760378424406,7.0483826648477219],[80.715757779472753,7.0483837786258441],[80.715749340483697,7.0483898282996877],[80.715745605285321,7.0483927116742127],[80.71574495527031,7.0483933798784131],[80.715742240097754,7.0483972282894749],[80.715740317048514,7.0484004609650999],[80.715739711388011,7.0484011282707186],[80.715727602841639,7.0484064693885227],[80.715726699427577,7.0484067170533145],[80.715694910242206,7.0484116748940542],[80.715694051183007,7.0484119189472869],[80.715688897313669,7.0484235423399166],[80.715684751756982,7.0484287696446835],[80.715684704637582,7.0484291485464707],[80.715683920353825,7.0484321191187229],[80.715681512087002,7.0484356121736269],[80.715680023434189,7.0484395755919307],[80.715679903901162,7.0484399409195673],[80.715679550578699,7.0484422224599879],[80.715679478918872,7.0484433700262121],[80.715678954519305,7.0484456189890157],[80.715678757944261,7.0484467565915336],[80.715678460115356,7.0484469148078732],[80.715663694198398,7.0484501412899991],[80.715651044793674,7.0484520423216566],[80.715643702705819,7.0484526047538143],[80.715643321611964,7.0484526652932864],[80.715641835228467,7.0484531082140149],[80.715641473134696,7.0484532374838826],[80.71564021117986,7.0484541325912504],[80.715636945881769,7.0484561985254777],[80.715633569100191,7.048459374039477],[80.715632363259232,7.0484603306475355],[80.715629360636299,7.0484610980197866],[80.715623946632917,7.048461468083679],[80.715621259973048,7.0484618448330041],[80.715619959104345,7.0484626675900683],[80.715616327096399,7.0484655518813106],[80.715614699424563,7.0484665943442879],[80.715614389814348,7.0484668583638985],[80.715588855014062,7.0484824888317652],[80.7155873152347,7.0484828503570061],[80.715585975434934,7.0484837318893598],[80.715579082405952,7.0484905811759049],[80.715572524897198,7.0484997726815513],[80.715571887228222,7.0485029386047158],[80.71556877466405,7.0485137935944326],[80.715568213943484,7.0485169052687446],[80.715555780215482,7.0485377291142308],[80.715543295361826,7.0485480194932997],[80.715541918459408,7.0485488205366673],[80.715515341023661,7.0485563563421598],[80.715513765941111,7.0485567205755064],[80.715512139310277,7.0485567203632344],[80.715509021719029,7.0485575492130872],[80.715502625487105,7.0485586344604361],[80.715487278156715,7.0485639642974078],[80.71548599177035,7.0485647888646064],[80.715481121816026,7.048564932014826],[80.715468200000899,7.0485664025520762],[80.715466903659703,7.0485672090316118],[80.715459250974334,7.048575562997045],[80.71545666006206,7.0485774834233572],[80.715445966005618,7.0485990861081422],[80.71543842005407,7.0486287792046314],[80.715436087358455,7.0486496305915907],[80.715436192152325,7.0486512231037208],[80.71544065818847,7.0486733757837294],[80.71544068785775,7.0486749194530534],[80.715437051659038,7.0486821363147429],[80.715436888520244,7.048683695332211],[80.715437832770135,7.0486965014581271],[80.715440154295749,7.0486987453665764],[80.715443308789901,7.0486995289153853],[80.715449132447446,7.0487022227258311],[80.71545152408946,7.0487082005593686],[80.715452242878044,7.048714615862778],[80.715452811142626,7.0487161170996586],[80.715456654331575,7.0487250169640543],[80.715457481506633,7.0487263247113727],[80.715460390607248,7.0487277692821628],[80.715460400458085,7.0487285813581781],[80.715467031932235,7.048735256972158],[80.715467746980224,7.048735672146063],[80.715480052074213,7.0487571720297089],[80.715490104730875,7.048760346582978],[80.71549103978397,7.0487604317106403],[80.715505363729946,7.0487591006203205],[80.715508238628814,7.0487590521625343],[80.715509159233463,7.0487588723240391],[80.715518857101927,7.0487547625743145],[80.715521697658659,7.0487542917969419],[80.715529352812297,7.0487547684653578],[80.715532946253873,7.0487561000856189],[80.715537716594639,7.0487562960399384],[80.71554625239709,7.0487575677156995],[80.71554811975426,7.0487579938915523],[80.715549868487329,7.0487587555527353],[80.715550690339683,7.0487592358510929],[80.715555847571423,7.0487635003681675],[80.715558761801944,7.0487672545591327],[80.715563256523637,7.0487708226672883],[80.71557056264497,7.0487753822710433],[80.715571223352967,7.0487760162818978],[80.715581158522241,7.0487985531030333],[80.71558407358296,7.048809815820066],[80.715594407940017,7.0488323807266831],[80.715595475273972,7.0488384596701614],[80.715598532777292,7.048847220166512],[80.715599128630927,7.0488523404747818],[80.715598144884922,7.0488646824355445],[80.715600105882032,7.0488758753958827],[80.715600598200666,7.0488766902477229],[80.715601464395576,7.0488772636961929],[80.715602125085923,7.0488780342585455],[80.715612052996462,7.0488937968555412],[80.715612948175561,7.048894232851926],[80.715635750858226,7.0489014558720191],[80.715636592636613,7.048901848454288],[80.71562995097176,7.0489246697828483],[80.715628347377432,7.0489284794523792],[80.715626147484699,7.0489375087494945],[80.715624285020013,7.0489412035373027],[80.715619815171664,7.0489481707008439],[80.715619172380002,7.0489489709357391],[80.715615257880202,7.0489523742667979],[80.715614588840424,7.0489531555076548],[80.715609161056406,7.0489619682528533],[80.715607197068294,7.0489667473008675],[80.715606916329932,7.0489677311588217],[80.715606447860139,7.0489714451188039],[80.715605017373917,7.0489874621568029],[80.715611375202599,7.0490032378532499],[80.715611169577656,7.0490043564639118],[80.715598292852107,7.049020903747425],[80.715595207633115,7.0490233540385487],[80.715593081616049,7.0490281249265214],[80.715590426096114,7.0490326253553421],[80.715588280590694,7.0490341343771492],[80.71558114213687,7.0490418201227145],[80.715580388877541,7.0490428798815117],[80.715575846296687,7.0490522615557012],[80.715574661325974,7.0490528166505193],[80.715572025402622,7.0490528172111668],[80.715570840450681,7.0490532285199334],[80.715565445913256,7.0490569771058436],[80.715564544221152,7.0490578912505519],[80.715559123656419,7.0490668577295814],[80.715558197324981,7.0490692956415684],[80.715553766973684,7.0490787822306915],[80.715535080499862,7.0491177277286958],[80.715534488351253,7.0491188906003046],[80.715533895372403,7.0491194801362242],[80.715526916292674,7.0491405380051004],[80.715526369344943,7.0491421503270715],[80.71550664362573,7.0491678501889004],[80.715482788560962,7.0491924010308562],[80.715445158540334,7.0492286030728328],[80.715436496403356,7.0492311828555083],[80.715433258315343,7.0492327857825501],[80.715424878495753,7.0492361514514768],[80.715401066255126,7.0492446859748998],[80.715397557610501,7.0492455518497383],[80.715390391062826,7.0492465311898753],[80.715383191962871,7.0492472455613964],[80.715375962167258,7.0492473422817739],[80.715374396258426,7.0492467587938812],[80.715370559640945,7.0492429511266081],[80.715348925959034,7.0492188085161995],[80.715347288421128,7.0492191320466251],[80.715313145672496,7.0492309912834807],[80.71529010969023,7.0492356472965874],[80.715276071488589,7.049239124356677],[80.7152674012072,7.0492416779100191],[80.715265876748092,7.049242536809345],[80.715264586682252,7.0492437909249439],[80.715259968013925,7.0492466054517173],[80.715258688808248,7.0492478758463992],[80.715248296812874,7.0492506968509323],[80.715234962578265,7.0492562521174991],[80.715222898564818,7.0492600224328186],[80.715220002566753,7.0492621761309504],[80.715218378553999,7.0492628993698352],[80.715213162632793,7.0492643781448248],[80.715207811914681,7.0492652709060764],[80.715204445327231,7.0492665762950937],[80.715202871992787,7.0492673944936195],[80.715181982608229,7.0492897699275154],[80.715139678364139,7.0493173495936512],[80.715110910395552,7.049317349432493],[80.715095971757989,7.0493327859322745],[80.715096310193488,7.0493335989557666],[80.715094689680669,7.0493352364569626],[80.715092520481363,7.04933792922143],[80.715085937966165,7.0493443824511948],[80.715080874850045,7.0493471625537945],[80.715075390942545,7.049349002113626],[80.715059348226376,7.0493555915552433],[80.715058351532363,7.0493561638554825],[80.715046990302667,7.0493640932024135],[80.715024391579192,7.049382034548759],[80.715008289621139,7.0493985416013434],[80.715001051412955,7.0494075005999495],[80.71499394283201,7.0494150588318449],[80.714992108726491,7.0494164403834487],[80.71499145505696,7.0494173455165461],[80.714985968076903,7.0494287454910687],[80.714983457663408,7.0494310963790907],[80.714979122475739,7.0494327100102989],[80.714972351950678,7.0494370905241315],[80.714956513580347,7.0494522339028434],[80.714951498690084,7.0494599597080514],[80.714948959721738,7.0494660499338524],[80.714944190085092,7.0494878993599519],[80.714944190366737,7.0494994818240322],[80.714913824306194,7.0495711556229077],[80.714912938855647,7.049572445963431],[80.714906760582494,7.0495748777559317],[80.714901823571239,7.049575489326271],[80.714881992904481,7.0495729690992839],[80.714878747881798,7.0495722171857622],[80.71487378568726,7.0495716015972905],[80.714853885239933,7.0495696935810468],[80.714849139512481,7.0495681284903187],[80.714844208121036,7.0495673130520329],[80.714830873702724,7.0495673076751455],[80.714825923102211,7.0495680051527962],[80.714821138963444,7.0495694134437903],[80.714819599146665,7.0495700263659762],[80.714792300900072,7.0495859631188189],[80.714791165634182,7.0495871123530014],[80.714766663313682,7.0496252088034073],[80.714762498213645,7.049634312894514],[80.714760274506617,7.0496452991211909],[80.714759546625316,7.0496460912047834],[80.71475777949972,7.0496474944678509],[80.714756763815416,7.0496479175529752],[80.714754546934657,7.049648364895857],[80.714749485659112,7.049650877317851],[80.714748428343611,7.0496512416169894],[80.714745087192497,7.0496518298843842],[80.71474179398642,7.0496526469497116],[80.714739688403128,7.0496534072001671],[80.714737426325001,7.0496533833889883],[80.714725092364901,7.0496517123934455],[80.71471839316655,7.0496506046264242],[80.714704057166813,7.04965387363736],[80.714678058977896,7.0496545918416391],[80.714669960574426,7.0496586095450695],[80.714667926491444,7.0496594448627938],[80.714663187392048,7.0496625044369292],[80.714652680244996,7.0496666764591254],[80.714651755055897,7.049667281323261],[80.714649613923953,7.0496698954139356],[80.714645764302105,7.0496754320238528],[80.714643953734054,7.049676780117534],[80.714643236707175,7.0496776300785271],[80.714640606631988,7.0496812849707631],[80.714636961564253,7.0496869699153031],[80.714634585109849,7.0496893705564556],[80.71463197605263,7.0496915279061216],[80.714625610103511,7.0496962032749968],[80.71462463332756,7.0496967375956965],[80.714622431826712,7.0496972455290852],[80.714604455278788,7.0496994080778421],[80.714603394343698,7.049699761524387],[80.714589024404447,7.0497063828222029],[80.714585190589872,7.0497087561405687],[80.714584407491543,7.0497095464079216],[80.714583066658207,7.0497113539555407],[80.714581548246557,7.0497143678355307],[80.714580810403376,7.0497151924728527],[80.71457861342347,7.0497157374835435],[80.71457679923536,7.0497170774376459],[80.714569538632432,7.0497241663033714],[80.714565190840815,7.0497252310099263],[80.714562049646545,7.0497265002515457],[80.714560485332441,7.0497275363889278],[80.714556824243019,7.049731164918871],[80.714556246718828,7.0497312399004466],[80.714546605153245,7.0497337725122433],[80.714541997372223,7.0497363302078382],[80.714538086767703,7.0497375586530966],[80.714534104489388,7.0497400169569193],[80.714531028279239,7.0497427141199873],[80.71452197728388,7.0497491715357867],[80.714508894231273,7.0497580320852204],[80.714496611355344,7.049767005779799],[80.71449120342109,7.0497692658491431],[80.71448884515911,7.0497709918731095],[80.714487008124095,7.0497739604947736],[80.714485917909755,7.0497766660599366],[80.714485578400371,7.0497771272154139],[80.714482264948558,7.0497804266203108],[80.71448012650967,7.0497831989656303],[80.714477068100564,7.0497881686737491],[80.714475110592957,7.049791750404788],[80.714474687725172,7.0497928165358017],[80.714474688165751,7.049796309903873],[80.714474527877599,7.0497968262463431],[80.714474613809628,7.0497972883626181],[80.71447494142582,7.0497977722144975],[80.714476441286905,7.0497981241920513],[80.714479410233281,7.0497988218128258],[80.714482825541168,7.0498123779447983],[80.714482787450109,7.0498129259545141],[80.714475484034438,7.0498288183174829],[80.714475273957646,7.0498293563569003],[80.714475274796342,7.0498298564430879],[80.714467515649787,7.0498420808446616],[80.714466875507725,7.0498433531305773],[80.714465699557849,7.0498441171204442],[80.71445571180017,7.0498496927036474],[80.714444543186147,7.0498520867503691],[80.714441301320804,7.0498548083073205],[80.71441061696666,7.0499028133985648],[80.714391364546415,7.049921900020629],[80.714383945580991,7.0499285936767491],[80.714382326785937,7.0499308922297228],[80.714375237265727,7.0499379277604781],[80.714371558877389,7.0499422851643319],[80.714367585188029,7.0499481988546098],[80.71436644454937,7.0499488950253335],[80.714363689032837,7.0499496642307706],[80.714358317342302,7.049951634018317],[80.71434867664955,7.0499543673839762],[80.71434157445816,7.0499613848262284],[80.714335707351154,7.0499654136723509],[80.714333178059377,7.0499667372526735],[80.714308149919674,7.0499832964472562],[80.71430683015447,7.0499832257350352],[80.714276662108446,7.0499741912312093],[80.714257241804745,7.0499692510859537],[80.714251553645667,7.0499685956042981],[80.714245822855005,7.0499685948408004],[80.714241615412831,7.0499693059759405],[80.714228724528084,7.0499693060667621],[80.714212666949848,7.0499784845301026],[80.714203457873666,7.049982417071659],[80.714199710993583,7.0499844910701954],[80.714198404736493,7.0499849430534089],[80.714196990802847,7.0499850830336648],[80.71418457378212,7.0499885096351491],[80.714155378468419,7.0499956697222448],[80.714116933364579,7.049999831673488],[80.714115596327957,7.0500003044516113],[80.714098583991742,7.0500077917148811],[80.714096556990441,7.0500098026402238],[80.714088811297174,7.050016098349456],[80.71407259285175,7.0500300823151267],[80.714070849158716,7.0500322253081658],[80.714064707824093,7.0500358824408362],[80.714051586764228,7.0500445367883762],[80.714045059010076,7.0500474532353543],[80.714043013002936,7.0500494370284708],[80.714040651139499,7.0500509957514215],[80.714027875494025,7.0500624074001861],[80.714022774955723,7.0500673903968902],[80.714001808985302,7.0500796681875739],[80.713982566496696,7.0500987665498842],[80.713980845417467,7.0501010243935776],[80.713980522085222,7.0501023482671421],[80.713980522228056,7.0501080345984226],[80.713981131764953,7.0501122478824794],[80.713981238207637,7.0501150105783488],[80.713976403576254,7.0501283820338907],[80.71396232563211,7.0501376954962822],[80.713956592637885,7.0501406111440428],[80.713955825010146,7.0501407747222542],[80.713945351898289,7.0501407724159186],[80.713937327446786,7.0501399764488593],[80.71393093958855,7.0501391825094473],[80.713930213667126,7.0501388441985133],[80.713929427955733,7.0501388567537013],[80.713927030052929,7.0501391539521405],[80.713922042983015,7.05014174595469],[80.713921489838668,7.0501422667659028],[80.713920538182307,7.050144471357835],[80.713918721425784,7.0501514334339062],[80.713918056702681,7.0501537402518304],[80.713917676427243,7.0501544356189418],[80.713912847124533,7.0501618096589977],[80.713910808292198,7.0501642826867839],[80.713898604895775,7.0501811582783613],[80.713870478390277,7.0501831530447197],[80.713854616269614,7.0501859678587646],[80.713848223669757,7.050186775459041],[80.713842840247395,7.0501884431978841],[80.713838378290291,7.0501902883059389],[80.713831182777582,7.0501911274493123],[80.713823933062869,7.0501911499890655],[80.713823137381709,7.050191255687162],[80.713819177052514,7.050191987650857],[80.713815347909446,7.0501932197181807],[80.713812200450946,7.0501939138096423],[80.713809223150406,7.050194748092701],[80.713797943875349,7.0501987463633986],[80.713797138251252,7.0501987462552851],[80.713790801723377,7.0501999246313476],[80.713783175105647,7.0502024864357287],[80.713759081583348,7.0502154221366657],[80.713745038114823,7.0502308297742049],[80.71374494569676,7.0502314844856757],[80.71374615475915,7.0502335582418096],[80.713746352897573,7.0502342970935832],[80.713746007374013,7.0502390826808705],[80.713745796362417,7.0502398332337943],[80.713741760068615,7.0502467534125088],[80.713741266653599,7.0502473728018344],[80.713737088669561,7.0502511305727893],[80.713734123080073,7.0502523808417257],[80.713724267740275,7.0502559009193853],[80.713719099678869,7.0502581212220496],[80.71371385537924,7.0502618399639552],[80.713706585805582,7.0502681655730779],[80.713702209614155,7.0502716936211129],[80.713699576151626,7.0502735353563262],[80.713689779628496,7.0502772064617023],[80.713664245171273,7.0502890793941289],[80.713652749560353,7.0503064406913012],[80.713632790357948,7.0503238704817042],[80.713627608718653,7.0503260817383646],[80.713623851961984,7.0503275190932859],[80.713619685924073,7.0503299402875408],[80.713613533955524,7.0503318484680157],[80.713607900914184,7.0503319028730091],[80.713603080696544,7.0503322702802551],[80.713599859100043,7.0503323024019133],[80.713595844511374,7.0503326355535734],[80.713595055163111,7.0503327647643053],[80.7135935262191,7.0503332700704036],[80.713592772153604,7.0503335466891954],[80.713589249774543,7.0503354877787192],[80.713583478766253,7.0503383374017297],[80.713576780852435,7.0503410747648356],[80.713573001254488,7.0503440765807834],[80.713569127678738,7.0503458729324979],[80.713556276825443,7.0503577068729211],[80.713551114783911,7.0503622575936244],[80.713543734282155,7.0503722158175659],[80.713538822035829,7.0503770523352358],[80.713535582898189,7.0503796183439986],[80.713531667400943,7.0503835036568088],[80.713524786385634,7.0503880993612862],[80.713518596240391,7.0503911722927501],[80.713517609451955,7.0503920963694036],[80.713487882448533,7.0504283047410485],[80.713486568989026,7.0504284528715209],[80.713432586716152,7.0504284528225085],[80.713405764863154,7.0504216758837899],[80.71340449766187,7.0504211349324555],[80.713403169771453,7.0504208969183555],[80.713399031206848,7.0504209578528467],[80.713394013396936,7.0504232351439864],[80.713387749615677,7.0504286267267622],[80.713379083591576,7.0504329273813449],[80.713368495988476,7.0504361019042525],[80.713355740148572,7.0504414329245622],[80.713342964596237,7.050451954708489],[80.713332491807378,7.0504628819363928],[80.713324671442365,7.0504656544123598],[80.713316613117016,7.0504676419108012],[80.713307111922575,7.0504695288350412],[80.713305869015983,7.0504700622126366],[80.713268607586983,7.0504962832032003],[80.713267278733838,7.0504964684078821],[80.713229912146218,7.0504971207861056],[80.713228569713664,7.0504973168406204],[80.713203945768385,7.0505098662983032],[80.713202800592313,7.0505106239589139],[80.71319859728078,7.0505141999542351],[80.713192424649449,7.0505215909865946],[80.713184895310974,7.050527639831925],[80.713179137745371,7.0505314498339597],[80.713159817116647,7.0505389946259083],[80.713155881145553,7.0505403026357198],[80.713150363058901,7.0505403769456967],[80.713143470073746,7.0505397547468016],[80.713133990220896,7.0505377838637253],[80.713132850671343,7.0505371027601704],[80.71313187138098,7.0505361313933248],[80.713131086725511,7.0505350298315514],[80.713126648106112,7.0505249614935481],[80.713124615927285,7.0505183986058446],[80.713123956198515,7.0505172265244607],[80.713119358499114,7.050512094818945],[80.713114870969235,7.0505089092136677],[80.71311421938924,7.0505077226643271],[80.713097322477978,7.0504715920935608],[80.71307603051568,7.0504445185420037],[80.71307514263664,7.0504436484706963],[80.713048157368505,7.0504603881941268],[80.713040483593062,7.0504635323585942],[80.713031120812147,7.0504660107178436],[80.713028382564104,7.0504662291900244],[80.713027402115216,7.0504671216154806],[80.713024594460819,7.0504718318095279],[80.713022350262477,7.0504734267158335],[80.713021141805569,7.0504735739549576],[80.713019797634615,7.0504732409844992],[80.713018663518639,7.0504725445080627],[80.713016705843984,7.0504706008696916],[80.713013566548412,7.0504645053617931],[80.713011815703609,7.0504592926537324],[80.713011152355904,7.0504581097199202],[80.713008839065466,7.0504552391105939],[80.71298022760503,7.0504421072846526],[80.71297971452627,7.0504408782511714],[80.712974581853175,7.0504357844527235],[80.712970204201781,7.0504300441718524],[80.712968148114555,7.0504262403444935],[80.712965072923993,7.0504213548181065],[80.712959511186753,7.0504096296211767],[80.712958675848213,7.0504084746976483],[80.712955595882448,7.0504054195035755],[80.712936759758591,7.0504046853507942],[80.712931003716861,7.0504039538813945],[80.712922733726387,7.0503981922712553],[80.712903991349592,7.050400344702564],[80.712849560715966,7.0504157513353869],[80.712803503750607,7.0504333321717736],[80.712795874759038,7.0504399516198495],[80.712791631071141,7.0504408933371847],[80.712782069925169,7.0504442958740405],[80.712773615534559,7.0504498888119516],[80.71276580271352,7.0504636722157903],[80.712761358345801,7.0504758545376003],[80.712758337295497,7.0504854814601288],[80.712756568004238,7.0504894167964629],[80.71275537348248,7.0504935719596915],[80.712751806393655,7.0504980767690073],[80.712745325305164,7.0505038472213091],[80.712736898064463,7.0505094727175681],[80.712735974619164,7.0505105342570387],[80.712733813402764,7.0505142859639003],[80.712732866422954,7.0505153429785823],[80.712726061325313,7.0505207362871376],[80.712706230103493,7.0505353048031099],[80.712674388532108,7.0505579761462629],[80.712665859928038,7.0505634524154397],[80.712664819724523,7.0505644235073355],[80.712659347797924,7.0505711436267413],[80.712658322976267,7.0505721617451034],[80.712657050184959,7.0505727846440296],[80.712645701413123,7.050575160536571],[80.71262551081108,7.0505832116036657],[80.712610008808056,7.0505869732419937],[80.712578368898718,7.0505912101503672],[80.712517447079705,7.0505933441330537],[80.712461062623305,7.0505982911485248],[80.712459645959683,7.050598518841662],[80.71245705058459,7.050599808038708],[80.712451484308403,7.0506014359465041],[80.71244604470651,7.0506034509183158],[80.712433321768145,7.0506063845794582],[80.712424714980258,7.0506076982727786],[80.712413109452314,7.0506077337579347],[80.712402971344915,7.0506070622699903],[80.71239460674974,7.0506046999566445],[80.712386146157215,7.0506026767479861],[80.71237746632282,7.0506019946078462],[80.712370209363357,7.0506019945161285],[80.712362254067585,7.0505985389418715],[80.712354001294202,7.050592670614976],[80.71235141080065,7.0505913734719972],[80.712327057915843,7.05058760727416],[80.712301858434472,7.0505987223618245],[80.712300756697701,7.0505995415195688],[80.712299520766891,7.0506019947555894],[80.712268315460449,7.050618559320931],[80.712267611094347,7.0506194544956653],[80.712260613665265,7.0506213471686374],[80.712250079227402,7.0506261883254275],[80.71222741186817,7.0506417556985843],[80.712207235278854,7.0506531463836852],[80.712202922838458,7.0506537580112916],[80.712200034339688,7.050653879696271],[80.712192107040821,7.0506574560742346],[80.712160090618184,7.0506744021414107],[80.712159052227776,7.0506753442943504],[80.712133264224562,7.0507136710258536],[80.712095069814808,7.0507372728979059],[80.712085128402137,7.05074775705648],[80.712077611617175,7.0507545392847275],[80.712072776522106,7.0507577209014709],[80.712068883909268,7.0507596537895258],[80.712058861349504,7.0507612602787972],[80.712053194645577,7.0507625092600925],[80.712051846735733,7.0507630299594446],[80.712043941152373,7.050766651553583],[80.712039389333142,7.0507701976478883],[80.712031697324321,7.0507741927532708],[80.712025937079218,7.0507841991049798],[80.712024738929529,7.0507883533614164],[80.712024551360244,7.0507897532146959],[80.712025168112831,7.05079403161269],[80.712034552088994,7.050808563436366],[80.71203899431535,7.050838223763118],[80.712036091575428,7.0508562291727701],[80.712036090380622,7.0508648717082716],[80.71203543402639,7.0508720446419613],[80.712035108868804,7.0508734327201674],[80.712031962195709,7.0508814888256914],[80.712030317388638,7.0508885006549704],[80.712031701865413,7.0508984799587928],[80.712035728524285,7.0509025481219547],[80.71204065146847,7.0509056017676519],[80.712045158848809,7.0509092232655908],[80.712059753086365,7.0509307063703224],[80.712059790922055,7.0509320275793206],[80.712054387829895,7.0509514668872466],[80.712053392070018,7.0509517787384652],[80.712004546836567,7.0509379287485432],[80.711996004721243,7.0509362726733391],[80.7119858792949,7.0509354944689262],[80.711977174017974,7.0509354733718341],[80.711964269250117,7.0509374891155243],[80.711962944876902,7.0509379944444994],[80.711956939242611,7.0509420196239176],[80.711954742718902,7.0509457450970459],[80.711953588231282,7.0509483556940875],[80.71195181554188,7.0509506207575185],[80.711933366455597,7.050959071742037],[80.711933531951644,7.0509601913065154],[80.711935284561036,7.0509656608440423],[80.71193665938037,7.0509799998479448],[80.71193740850093,7.0509827635371858],[80.71193809396668,7.0510072416222398],[80.711937634909759,7.0510081223613277],[80.711923324054496,7.0510058695441682],[80.711907026381326,7.0509964343845262],[80.711904740119849,7.0509945105910585],[80.711892401976371,7.0509901889736781],[80.711891001673379,7.0509899220071981],[80.711880181518012,7.0509858004529562],[80.711859991400999,7.0509836010795217],[80.711854323230128,7.0509823496280299],[80.711850260918553,7.0509808126352294],[80.71184744313679,7.0509801141143411],[80.711844037252391,7.0509774287326765],[80.71184266502101,7.0509770867118036],[80.711838346399915,7.0509765507598097],[80.71183690531474,7.050976632852981],[80.711819612150151,7.0509786443680174],[80.711782053300368,7.0509750852099256],[80.711738928647861,7.0509957699544046],[80.711737520136012,7.0509959506220916],[80.711731713296558,7.0509959489127993],[80.711730447006687,7.0509953663585714],[80.711722093739667,7.0509896264193701],[80.711710430179622,7.0509837955895094],[80.711700574724574,7.0509814122577419],[80.711694223439551,7.0509779360954106],[80.711689912070639,7.0509773250849204],[80.711684309107426,7.050975836709954],[80.711677061201428,7.050975785062751],[80.711675839124752,7.0509762207728661],[80.711670055573038,7.050984510727492],[80.711665601433424,7.0509951186251065],[80.711662523988863,7.0510000051146413],[80.711657607541554,7.0510088269264859],[80.711652284693102,7.0510174144643463],[80.711649469874814,7.051034459501321],[80.71164905963559,7.0510357887869732],[80.71161791845897,7.0510659912869231],[80.711616726207978,7.0510667543629451],[80.711593459693134,7.0510749035280584],[80.711592053884118,7.0510751737228512],[80.711581075651509,7.051075172197482],[80.711562934792866,7.0510737336246043],[80.711561790735345,7.0510729304341391],[80.711547583159543,7.0510700527383845],[80.711538134738078,7.0510633558787141],[80.711536822268982,7.0510628755051048],[80.711528138803828,7.0510622132435516],[80.711519461483661,7.0510629246366854],[80.711510095367814,7.0510697038854371],[80.711458026676084,7.0510951847488759],[80.711418810505478,7.051110351879375],[80.711416200645317,7.0511116139391019],[80.711408845273198,7.0511162240149554],[80.711400010410074,7.0511236869973812],[80.71139528571743,7.0511270350162878],[80.711393987574368,7.0511276796117546],[80.711392552826794,7.051127749044042],[80.711382613468871,7.0511298293911837],[80.711374414690638,7.0511327320027934],[80.711370114912853,7.0511333770840832],[80.711368676544097,7.0511334492287272],[80.71136291233897,7.0511327909883228],[80.711357107308004,7.0511327910832371],[80.711355724133043,7.0511330296294421],[80.711349616223842,7.0511369110006514],[80.711334533160979,7.0511481359638637],[80.711272947190238,7.0511737203793059],[80.711272876413403,7.051174945715811],[80.711278283930127,7.0512017820089792],[80.711278349811963,7.0512031945577034],[80.711277780952742,7.0512060195573572],[80.711276909996869,7.0512071335514461],[80.711267985235764,7.0512165950542114],[80.711260180624279,7.0512230507712106],[80.711258964837299,7.0512238129387086],[80.711253660957155,7.0512261534687068],[80.711243900741508,7.0512288352071435],[80.711240120336228,7.0512309797135062],[80.711238935318676,7.0512317934311843],[80.711234831487701,7.051235867699841],[80.711225917587697,7.0512453282989727],[80.711218570354205,7.0512499682152896],[80.711208074804077,7.0512548871247303],[80.711203712306443,7.051257387849418],[80.711193813634466,7.0512662478453416],[80.711192563409469,7.0512672975799138],[80.711183862895922,7.0512720006085177],[80.711163913048864,7.0512798563134567],[80.711159889950849,7.0512827070549609],[80.711156418931751,7.0512862116931769],[80.711153319902465,7.0512900473625715],[80.711149902285129,7.0512935863721609],[80.711147688460358,7.0512979837447425],[80.711148265977343,7.0513044361107466],[80.711144140816714,7.0513185971014796],[80.711142663308991,7.0513266597644275],[80.711140192429298,7.0513309042718246],[80.711109084569628,7.0513942543960244],[80.711107840733987,7.0513949225104557],[80.711073172446689,7.0513957252094812],[80.711059986313387,7.0513965471932449],[80.711053436186162,7.0513973673933776],[80.711048409932573,7.0514016043077694],[80.711036379550777,7.0514230927559431],[80.711032025477806,7.0514300436126547],[80.711014956374413,7.0514478489847665],[80.711011586438076,7.0514534688280328],[80.711005868200672,7.051467079770779],[80.711004891316961,7.051468325779422],[80.710999606218095,7.0514722597115611],[80.710998127944706,7.0514728644908065],[80.710973616514551,7.0514762594678997],[80.71092943393414,7.0514945945786289],[80.71092807058082,7.0514954833285719],[80.71087980127318,7.0515377975728386],[80.710859411675358,7.051557148850736],[80.710828860968249,7.0515718993550562],[80.710826393999653,7.0515740530857736],[80.71081803737026,7.0515793367257897],[80.710809918757761,7.0515849757947846],[80.71080339666544,7.0515859605806197],[80.710787173269708,7.0515890275427733],[80.710785618064421,7.051589557252405],[80.710777996758665,7.0515926887262301],[80.710768151879691,7.0515987010335834],[80.710763740533281,7.051600935878696],[80.710762201623766,7.0516014493128711],[80.710752328507468,7.0516022889360661],[80.710739240908296,7.0516040052917779],[80.710725140881436,7.0516086695703724],[80.710669017779153,7.0516079716728735],[80.710667435460095,7.0516082011458066],[80.710633377246992,7.0516283191547453],[80.710625684904045,7.0516409016085158],[80.710623596638086,7.0516471193815971],[80.710622576471749,7.051653580565949],[80.710622378887592,7.0516617627770595],[80.71062164928226,7.0516682782612481],[80.710615797071029,7.0516818213564871],[80.710612480682414,7.0516928028858752],[80.710611751982071,7.0516993183701659],[80.71061418266919,7.0517105077981839],[80.710614109772209,7.0517203177932322],[80.710607434423352,7.051729658422043],[80.710605344346064,7.0517358780034076],[80.710604544857517,7.0517372804826408],[80.710598270755696,7.0517448912140059],[80.710597433251195,7.051746276505888],[80.710593545706558,7.0517570798045606],[80.710574901633805,7.0518061516168222],[80.710574032455966,7.0518074745064832],[80.710546572995298,7.0518284959459789],[80.71054517073118,7.0518292825017346],[80.710525640603308,7.0518325687362911],[80.71051661791239,7.0518366314519474],[80.710504351780429,7.0518414976449373],[80.710480421366142,7.0518455917132066],[80.710463907685408,7.0518529676822705],[80.710462601389182,7.0518536339774869],[80.710453744153597,7.0518654638737752],[80.710428011871159,7.051886008072243],[80.710400655063339,7.0519043735453977],[80.71036324170079,7.0519340388132692],[80.71036002725026,7.051934666856841],[80.710358514578317,7.0519352625860146],[80.710345599980556,7.0519425187865519],[80.710333056037442,7.0519531327594924],[80.710328533382466,7.0519551116635899],[80.710326929329469,7.0519553962954857],[80.710323540264412,7.0519553967197002],[80.710274012483367,7.0519859826648723],[80.710273303520623,7.0519873336104322],[80.710199414818675,7.0520383933937723],[80.710194192988865,7.0520429015653558],[80.710190946372038,7.0520469280175613],[80.710188610303689,7.0520515297431059],[80.710187487677572,7.0520527892940281],[80.710183483515578,7.052056065961799],[80.710178585696525,7.0520609268619197],[80.71017383962409,7.0520680847426771],[80.710172424670262,7.0520689807175581],[80.710166096930664,7.0520717723426278],[80.71015939640111,7.0520734941104379],[80.710147320236004,7.0520728087333886],[80.710131818560583,7.0520737849996511],[80.710124984460649,7.0520790607044894],[80.710123800286027,7.052080283169615],[80.710118983609831,7.0520874211448481],[80.710112468085342,7.0520930785155302],[80.710070867229263,7.0521100954199696],[80.710069231470925,7.0521105392058336],[80.710013988669644,7.0521062928237406],[80.709981128798304,7.0521079231464965],[80.709979644226479,7.0521082385408986],[80.709978537066618,7.0521089473658956],[80.709969908605359,7.0521096605456419],[80.709961663684226,7.0521122258161855],[80.709952877036514,7.0521177146586052],[80.709948160649702,7.0521198056664094],[80.709940560009031,7.0521239201193291],[80.709938933307427,7.0521243295420621],[80.709937384401556,7.0521250988931019],[80.709924005328745,7.0521330278257235],[80.709920907517187,7.0521345647190667],[80.709915750562374,7.052134804531704],[80.709907350014959,7.0521368886837301],[80.709905732345391,7.0521374373721004],[80.709900095098533,7.0521414318304103],[80.709888896222935,7.052146013300109],[80.709845771596775,7.0521588447990018],[80.709804146125649,7.0521706473978645],[80.70979900551913,7.0521705019735306],[80.709787715592086,7.0521661343303181],[80.709784663488875,7.0521645332575318],[80.709780991616725,7.0521608874408583],[80.709777867059714,7.0521595513218793],[80.709772673025711,7.0521595514842765],[80.709767536822341,7.0521602651590962],[80.709760666300468,7.0521606747363723],[80.709755768023115,7.0521623759566321],[80.709749572398223,7.0521654515496692],[80.709742234199922,7.0521700055337506],[80.709711213087544,7.0521947865544501],[80.709672097449115,7.0522022198521146],[80.709670400164782,7.0522024664871825],[80.709658793278265,7.0521990763596181],[80.709641477718037,7.0521990765945235],[80.70963977048909,7.0521992355095424],[80.709634831497283,7.0522007947452883],[80.709622710876658,7.0522007948187735],[80.709619388671371,7.0522016543463248],[80.709615927191237,7.0522016366687303],[80.709612530074153,7.0522009642765635],[80.709611069193613,7.0522001881654246],[80.70960453898644,7.0521945651063236],[80.70960129159316,7.0521913434726171],[80.70957753593251,7.0521886045181397],[80.709569529633711,7.052187280358754],[80.709507665687411,7.0521677021223752],[80.709492546983768,7.0521618463253715],[80.709491212021149,7.0521604100822852],[80.709488600457334,7.0521608528217907],[80.709478710527179,7.0521652147209393],[80.709474541616615,7.0521684660381352],[80.709471927475605,7.0521679456821387],[80.709459213704918,7.0521633571739146],[80.709453850436219,7.0521630959615544],[80.709451348341773,7.0521639537969856],[80.709441792341963,7.0521689261556482],[80.709435865217586,7.0521743765132365],[80.709424091244472,7.052180978128022],[80.709400607760799,7.0521991198280443],[80.709386174203487,7.0522064653107428],[80.709350138405966,7.0522302653096824],[80.709273138462308,7.052255745054536],[80.709243309700085,7.0522789129181582],[80.709224979572738,7.0522903191116528],[80.709216645323181,7.0522971228786613],[80.709204459261031,7.0523114988211208],[80.709202809685223,7.0523135911674588],[80.70920176204379,7.0523158454728252],[80.709199849082793,7.0523177442578913],[80.709197719822001,7.0523193454922648],[80.709183199378899,7.0523265507873152],[80.709180573345691,7.0523268895268414],[80.709164341305012,7.0523268889958688],[80.709156359453289,7.0523255105740539],[80.709140173756097,7.0523242765638035],[80.709110725508339,7.0523200328894431],[80.709099957407687,7.0523189633402863],[80.709097352189872,7.0523193310204153],[80.709009069480686,7.0523533295453449],[80.709008798572782,7.0523550784506517],[80.709034861961669,7.0523990518001423],[80.709036213697971,7.0524096758832773],[80.709036134565295,7.052412303810069],[80.709032711435142,7.0524224940368399],[80.709031142425289,7.0524245565518129],[80.709021027339176,7.0524334544506369],[80.709009745460321,7.0524485340752223],[80.709007726651407,7.052456258438804],[80.708997075173556,7.0524749454650646],[80.708994846354813,7.0524826915017833],[80.708993658390426,7.0524850533998116],[80.70898352647589,7.052497630047097],[80.708973317602414,7.0525165694405212],[80.708970157873893,7.0525268248155166],[80.708970127352202,7.0525375617382489],[80.70896886330226,7.0525590046630722],[80.708969089219664,7.0525616461986713],[80.708972832965159,7.052575264813318],[80.708937030915152,7.0526097945059814],[80.708918298528928,7.0526172297835465],[80.708883866079091,7.0526327654465888],[80.708868322585161,7.052641072943004],[80.708856322249176,7.0526479711255883],[80.708854537842356,7.052649742419443],[80.708852448438009,7.052651134761299],[80.708846714523901,7.0526537211748712],[80.708843762325429,7.0526560656349986],[80.708835995102945,7.0526602252612838],[80.708832328547103,7.0526636321874889],[80.708822704496214,7.0526695983650951],[80.7088112167567,7.0526747440590984],[80.708805691881111,7.0526777591475547],[80.708787499925194,7.0526912163289408],[80.708764075399628,7.0527081851086697],[80.708723704530257,7.0527381871231789],[80.70869825100705,7.0527519480013057],[80.708679976115448,7.0527567861441316],[80.708677251087906,7.0527593567147902],[80.708673145580249,7.0527622662029588],[80.708664948521118,7.0527654852767698],[80.708653958193111,7.052767466842389],[80.70861662063183,7.0527788675372509],[80.708612142589374,7.0527789726912111],[80.708603337582204,7.0527798060937226],[80.708589828183264,7.0527810819262715],[80.708572484789286,7.0527855874125427],[80.708543509775339,7.0527886678148635],[80.70854129020249,7.0527888121822722],[80.708526202038058,7.052784533483142],[80.708524061172724,7.0527849862331884]]]},"properties":{"OBJECTID":4,"JoinKey":1,"Name":"Weddamulla Division","ID":2,"Area":351.58261053047551,"Total_area":2024,"Div_Pct":17.391304347826086,"Tea_ac":122.79883601065723,"Veg_ac":20.308731408835317,"Grass_ac":152.02833776498514,"HighVeg_ac":32.735158339541549,"Dev_ac":23.61644666024954,"Shape_Length":6323.3991367194758,"Shape_Area":1422810.036663868}},{"type":"Feature","id":5,"geometry":{"type":"MultiPolygon","coordinates":[[[[80.692637613888891,7.0626552114257954],[80.692620315831832,7.0626564264265115],[80.692599244440785,7.0626597459906373],[80.692556546764578,7.062671370498621],[80.692520503054695,7.0626846583295277],[80.692487229619701,7.0627012709143679],[80.692318096567206,7.0627915307373597],[80.692263752522408,7.0628120162966104],[80.692223823590083,7.0628253052113141],[80.692210518773805,7.0628297321367102],[80.692175675644506,7.0628414683549732],[80.692164492782197,7.0628452346091883],[80.692120134500527,7.0628491042851911],[80.692088827840664,7.0628420883799983],[80.692087975158273,7.0628418974154759],[80.692057479208103,7.0628319209313188],[80.692028648964126,7.0628213904023847],[80.691995937842719,7.0628019977971102],[80.691947150326357,7.0627609973132959],[80.691906123062665,7.062731077885231],[80.691871196682428,7.0626978362070041],[80.691862191941567,7.0626857728349153],[80.691845141759785,7.0626629331029758],[80.691808000826384,7.0626119646576946],[80.691783610510555,7.0625776161968217],[80.691761990068045,7.0625438225822181],[80.691743697310187,7.0625194461915628],[80.691725404052633,7.0624928533267948],[80.69169325159973,7.0624529654323673],[80.691669412774417,7.0624274802459936],[80.691643356969607,7.0624025489995592],[80.691623952708468,7.0623875890223644],[80.691591795022504,7.0623715189387788],[80.69158384511411,7.0623680711515666],[80.691562410322859,7.062358772711371],[80.691514172031205,7.0623443627275329],[80.691475914679557,7.0623349382317224],[80.691444863668835,7.0623310557778032],[80.691411595474534,7.0623288332376974],[80.691371672916105,7.0623271647296724],[80.691348383948394,7.0623293760482708],[80.691311232156508,7.0623332469632727],[80.691269205510196,7.0623384870201988],[80.691266872708141,7.0623387777830624],[80.691246948983292,7.0623429529768051],[80.691211421402059,7.0623504007420008],[80.691280812501915,7.0623171952620414],[80.691297027294809,7.0623094364978805],[80.691175709829366,7.062210928214105],[80.691133067455851,7.0621332669808483],[80.691179524870748,7.0620849787886666],[80.690992811043927,7.061931534085133],[80.690727450744674,7.0615934112474781],[80.690688772457435,7.0615500802655218],[80.690656192263972,7.0615234395151791],[80.690654717789059,7.0614834884650284],[80.690697682151296,7.0614243099287153],[80.6907332390156,7.0613754880378679],[80.690780641258613,7.0613429441620275],[80.690799902389344,7.0613089138468927],[80.690793985916102,7.0612645236081484],[80.690799920907679,7.0612082971730139],[80.69081918148639,7.0611772284847563],[80.690847327844423,7.0611550390765156],[80.690887319857069,7.0611476473200661],[80.690948046845236,7.0611446995439042],[80.690993964311929,7.0611328704920728],[80.691020627461768,7.0611180789934984],[80.691053214436508,7.0611077269509241],[80.691072468388498,7.0611077304766017],[80.691133196909774,7.0611062621341016],[80.691176149334282,7.0611018307138496],[80.691255939083646,7.0611443860334004],[80.691313791339624,7.061169828619696],[80.691367013116519,7.0612068292944281],[80.691420235746563,7.0612392071105363],[80.691459571455027,7.0612715814853813],[80.691512792472423,7.0613178305618227],[80.691542714888641,7.0613549201162709],[80.691576001320612,7.0614155929792704],[80.691713702286194,7.0616627217987755],[80.69174924927043,7.061662728257466],[80.691777392922219,7.0616553342727357],[80.691814421110749,7.0616538615378834],[80.691847006321069,7.0616583067284608],[80.69190476692954,7.0616805126858884],[80.691953641729995,7.0616938384720784],[80.692006959977803,7.0617086445154698],[80.692063239932821,7.0617293698233654],[80.692095821026939,7.061751571199486],[80.692140249178124,7.0617811720034371],[80.692177273022949,7.0618137312844027],[80.692208370679722,7.0618448100342013],[80.692258718513315,7.061906965388431],[80.692298695749784,7.0619765152490084],[80.692320906301759,7.0620209093137269],[80.6923564420823,7.0620830628887052],[80.692396421589748,7.0621452154534206],[80.692434917127542,7.0622192061204743],[80.692473413953905,7.0622961556995643],[80.692498580969811,7.0623657037790393],[80.692520789586268,7.0624160165679699],[80.69254300130487,7.0624441338762542],[80.692566695936591,7.062466333620196],[80.692596314324419,7.0624885335240997],[80.692636301522199,7.062503338002684],[80.692674809061884,7.0625211002227344],[80.692754783791088,7.0625640251852291],[80.692825872421764,7.0625995494440144],[80.692876224032119,7.0626365503369453],[80.692905842553756,7.0626631894982275],[80.692873408226532,7.062669977795081],[80.692858741401722,7.0626725325651964],[80.692826028273586,7.0626692033449823],[80.692788877859996,7.0626653189817761],[80.692766144777039,7.0626619915482003],[80.692729549164312,7.0626586616243046],[80.692693508551443,7.0626547774528365],[80.692659685227881,7.0626536635905373],[80.692637613888891,7.0626552114257954]]],[[[80.689222472751041,7.0687753299923068],[80.689208276689172,7.0687813536795279],[80.689180240612842,7.0687870202828167],[80.689161430386491,7.068794107481259],[80.689142972786328,7.0688178567225073],[80.689114400788739,7.068871822608954],[80.689102587227751,7.068897458587851],[80.689081548255686,7.0689289491708518],[80.689039954433369,7.0689687546767166],[80.688956770332297,7.0690198047424904],[80.68894010426456,7.0689949438408419],[80.688924584893854,7.0689617055932548],[80.688895205384441,7.0689196006587611],[80.688869150205562,7.0688902372211553],[80.688837548155206,7.0688636426513138],[80.688800402576092,7.0688364935964474],[80.688747178144936,7.0688004774302389],[80.688688409389925,7.0687633533337095],[80.688648488002642,7.0687478350248663],[80.688611338257431,7.068742843445083],[80.688589156750368,7.0687461626143566],[80.688566421900134,7.0687555749429443],[80.688545723396828,7.0687815836170529],[80.688538267946583,7.0687957627510132],[80.688492842603438,7.0688049718443287],[80.688476516857676,7.0688092226524626],[80.688458770936478,7.068822337273204],[80.688439980011012,7.0688469500426363],[80.688375085000558,7.0689466446764317],[80.688310776585638,7.0688790531618473],[80.688344063877452,7.0687876613926797],[80.68828473650882,7.0687654917731635],[80.688271982666024,7.0687704757441105],[80.688228173418253,7.0687926249400892],[80.688172715694918,7.068833605158523],[80.688084540329712,7.0688928589589617],[80.688080112277106,7.068852974274499],[80.688069586672071,7.0688031192805987],[80.687992868092152,7.0685616792268524],[80.687978323984595,7.0685318974196765],[80.687965195811529,7.0685155865356881],[80.687927702374239,7.0684568849414662],[80.687896658373688,7.0684142261883594],[80.687861180905344,7.0683555032684007],[80.687751267050388,7.0681982538776005],[80.687731754661257,7.0681705980621334],[80.687704789016905,7.0681408138806638],[80.687677115325656,7.0681071292583013],[80.68767419405269,7.0681028910883024],[80.687666116207851,7.0680911741667485],[80.687651900752527,7.0680565561428992],[80.687641002537163,7.0680384026837189],[80.687624654372868,7.0680132153386221],[80.687612393745539,7.0679952886016908],[80.687606716150242,7.067990522690863],[80.687598313596936,7.0679868911738106],[80.687594453014697,7.0679809906958271],[80.687582874157457,7.0679623831400242],[80.687575607630137,7.0679542139937892],[80.687558575486548,7.0679460420799538],[80.687548127890622,7.0679430911199148],[80.687537002419973,7.0679299294258024],[80.687517246330344,7.0679081443585066],[80.68748431307958,7.0678660621692124],[80.687493616300387,7.0678604020383649],[80.687506119212998,7.0678515466740421],[80.687520221843315,7.0678370288031518],[80.687533596640691,7.0678226554830692],[80.687540140482596,7.0678135077914988],[80.687544792938994,7.0678062488499727],[80.687557152772555,7.0677834525588885],[80.68757001000877,7.0677536551666291],[80.687577821405071,7.0677338051651359],[80.687589896351184,7.0676859475765843],[80.687599845176891,7.0676224910771914],[80.687608016499937,7.0675760507071272],[80.687618680167475,7.0674856503200205],[80.687625785151369,7.0674438199366856],[80.68764070389183,7.0673697287509514],[80.687650650333765,7.067318680335819],[80.687662015832942,7.0672694046453968],[80.687682253267894,7.0672211941176721],[80.687698229908847,7.0671818459549183],[80.687719531207861,7.0671371805372587],[80.687747574910645,7.0670910993426777],[80.687773133783821,7.0670496260554998],[80.687820444714518,7.0669873531702265],[80.687885437533836,7.0669198548996794],[80.687959092208104,7.0668584171659328],[80.688017149219419,7.066814286831578],[80.688069138564813,7.0667840039977552],[80.688133255728815,7.0667606468819608],[80.688189574685765,7.06674507803781],[80.688265760041261,7.0667327811363876],[80.68830160268358,7.0667271160631415],[80.68831153761576,7.066736335611286],[80.688325374880634,7.0667508732614088],[80.688341341743211,7.0667675382594766],[80.688355888909626,7.0667810125701012],[80.688372136241526,7.0667937076832992],[80.688409499881317,7.066815610890341],[80.688408152508472,7.0668176941743628],[80.688415499329224,7.0668225028937108],[80.688490259668086,7.0668638839349871],[80.688535722722094,7.0668888199201243],[80.688575641225256,7.0669187394319897],[80.688613338195637,7.0669636140604597],[80.688644933064623,7.0670179068667647],[80.688676530588154,7.0670677667259802],[80.688633873579079,7.0670771065783597],[80.68851587585138,7.0671029440768169],[80.688408343413727,7.0671337662908442],[80.688306131216564,7.0671777074596083],[80.688294324815914,7.067184672962382],[80.688257761716272,7.0672468755850977],[80.68826180629091,7.0673374849568944],[80.688363282652205,7.0676228548841529],[80.688297660214133,7.0678694071905985],[80.688364349624536,7.0679923232549022],[80.688628430416898,7.0681028910819768],[80.688786250230152,7.0681689682524222],[80.688798378191706,7.0681802210997056],[80.688912511850774,7.0682980918014389],[80.688939676186408,7.0683307797020998],[80.688971829739245,7.0683656832020274],[80.68901341067992,7.068398926340854],[80.689040577111442,7.0684205354903522],[80.689068852765359,7.0684404827179543],[80.689109326820656,7.0684582157584446],[80.689194712173361,7.0684947913485034],[80.689249597228553,7.0685429924961225],[80.689249038967176,7.0685657051315314],[80.689250892868273,7.0686140301876241],[80.689253018421596,7.0686377832859497],[80.689261529183213,7.0686679184159464],[80.689268976166275,7.0686987632328195],[80.689222472751041,7.0687753299923068]]],[[[80.685847875927038,7.0771121012307621],[80.685831445257563,7.0771189373518704],[80.685802003883765,7.0771421833177559],[80.685782830967128,7.0771688495863572],[80.685775982176551,7.0771811586669946],[80.685765708641654,7.0772037238000447],[80.685755438014382,7.0772160313091579],[80.68574448034768,7.077242016420727],[80.684989244341836,7.0772264437211545],[80.684258476922977,7.0766926561919057],[80.684162226069503,7.0766223493744773],[80.684033701569433,7.0765284688243169],[80.683639648045897,7.0763147491365412],[80.683584027192566,7.07630939535888],[80.682237186307773,7.0757868078621264],[80.681471755808474,7.0756313808242322],[80.681010504359719,7.0754793537288538],[80.680609430452279,7.0752822594697875],[80.680836777784904,7.0746318681527001],[80.680845603003007,7.0745746414120196],[80.680855905882026,7.0744763266020421],[80.680911775017577,7.0742327468530819],[80.680900283442199,7.0740896278927163],[80.681023039771503,7.0740139195567551],[80.680984138468702,7.0737381783535485],[80.680821716195624,7.0735947932930348],[80.680628404213849,7.0734967504131081],[80.680583184047904,7.0734738176689183],[80.680107247938821,7.0732324369121446],[80.680047919592269,7.0732185777882322],[80.679790275258483,7.0732642238366781],[80.679644713458686,7.0732953517042025],[80.679551137023992,7.0733169706435728],[80.679520811133244,7.0733273503677232],[80.67919721949724,7.073690903587214],[80.679185568127068,7.0737169363285171],[80.679177801143211,7.0737429698810956],[80.67916560049656,7.0737507209126296],[80.679052853879298,7.0737972287714017],[80.679001964372048,7.0738168308653799],[80.67899823933908,7.0737519374794502],[80.678994510683765,7.0737043173778122],[80.678991240981105,7.0736912448469367],[80.678981434026085,7.0736590302555991],[80.678968825282453,7.0736142089521961],[80.678947810655728,7.0735469788170366],[80.678929131260716,7.0734811490466987],[80.678908115521338,7.0734106498172693],[80.678887568385491,7.0733373491228066],[80.678881031805005,7.0733107374342863],[80.678879632506991,7.0732925287957693],[80.678877768382634,7.0732677863973139],[80.678876373421318,7.0732332386296246],[80.678877782425033,7.0732052278249871],[80.678880592249072,7.073179552250429],[80.678887607792831,7.0731496743095814],[80.67889602547632,7.0731244665355133],[80.678908648976034,7.0730945906735228],[80.678928752028085,7.073058180002314],[80.678957268053068,7.0730189695296186],[80.678980172077218,7.0729946989423844],[80.679004945711725,7.0729690270598411],[80.67902504363613,7.0729526921353605],[80.679030392582121,7.0729489096082565],[80.679058696364535,7.0729288895143378],[80.679090013083737,7.0729074204346754],[80.679120393978465,7.0728850179060192],[80.679150775359005,7.0728602813431181],[80.679181158814288,7.0728299425584833],[80.679211542435084,7.0727944681772792],[80.679235850994033,7.0727589925256273],[80.679240107971481,7.0727520618538628],[80.67925735592749,7.0727239829129749],[80.679286806474153,7.0726787037682213],[80.679291126761399,7.0726720380729358],[80.679293103535542,7.0726689855241096],[80.679312518114003,7.0726390269659545],[80.679325733205602,7.0726153665595],[80.679328798584891,7.0726098789221483],[80.679339633817563,7.0725904800469106],[80.679346449963177,7.0725789198242976],[80.679373759821104,7.0725325975539937],[80.679382177201916,7.0725129910858344],[80.679397827302409,7.0724766861733199],[80.679398073646951,7.0724761128900973],[80.679407770269336,7.072451491367036],[80.679412492685486,7.0724394993495991],[80.679419582649089,7.0724214959513123],[80.679428933911268,7.0723990881144845],[80.679441556897117,7.0723757495164605],[80.679462592522427,7.0723468086414663],[80.679485964174617,7.072319734754358],[80.679529604582967,7.0722729854212636],[80.679546655074347,7.0722583481390364],[80.679573578179031,7.0722389318063081],[80.679606182428515,7.0722201153089026],[80.679642075748816,7.0722039889204691],[80.679672884415211,7.0721962263696989],[80.67970488833943,7.0721911543970402],[80.679732106368846,7.0721899636447771],[80.679762912262291,7.072191166448663],[80.679793419179248,7.0721935628819086],[80.67982422432776,7.072198350379189],[80.679856224240453,7.0722082158410116],[80.679899890236911,7.072221073379179],[80.679924114657013,7.0722285480285638],[80.679950432086386,7.0722399062314016],[80.67997674864823,7.0722554495941576],[80.679990804101053,7.0722650138096279],[80.68000097230221,7.0722709916176285],[80.680019514176792,7.0722802574338131],[80.680041644477058,7.0722892246645781],[80.680076636273469,7.0722987941160422],[80.680108936637424,7.0723047765018334],[80.680134658104734,7.0723089651758162],[80.680163967340221,7.072311658856214],[80.680189391255809,7.0723101710915914],[80.680221993792543,7.0723039037051221],[80.680248315192117,7.072296141093271],[80.680269253883651,7.0722847908618958],[80.680294679921758,7.0722686622608117],[80.680311432751608,7.0722531278101046],[80.680331177619721,7.0722277360578829],[80.680344641576056,7.0722041344530338],[80.680353319332539,7.0721859107151213],[80.680360801167524,7.0721638018005981],[80.680366189249142,7.0721413931262278],[80.680369483577181,7.0721186874050135],[80.680370192530503,7.0721091940709755],[80.680370625004883,7.0721059241635498],[80.6803711464554,7.0721013828100814],[80.680371587341455,7.0720968333011687],[80.680371950378401,7.072092277446008],[80.680372231945455,7.0720877143395038],[80.680372434757402,7.0720831485038387],[80.68037255790901,7.0720785799387818],[80.680372602305326,7.0720740095488521],[80.680372566135702,7.0720694382379792],[80.680372448493969,7.0720648705275702],[80.680372316967606,7.0720617831750374],[80.680372491840444,7.072034728872044],[80.680367891780023,7.0719541979247404],[80.680362792876778,7.0718914628545155],[80.680362800719436,7.0718535323414757],[80.68036324358394,7.07183065692504],[80.680366518778314,7.0718129167836077],[80.680374648082093,7.0717896893665291],[80.680384989527738,7.071767701314787],[80.680397052179529,7.0717483903850225],[80.680407774839168,7.0717346244273864],[80.680421368909123,7.0717208590616405],[80.680436110462907,7.0717088148401741],[80.68045487197449,7.0716977282103244],[80.680469229584716,7.0716906558229091],[80.680487032564912,7.0716833924306135],[80.680504643436805,7.0716770857614879],[80.680524552783098,7.0716703970406334],[80.680533167330722,7.071668869621333],[80.680548481495563,7.0716675334874264],[80.68056360359212,7.0716669632668072],[80.680582936573444,7.0716677322961861],[80.680606289316572,7.0716704138703319],[80.68063672313481,7.0716759662862465],[80.68066619964614,7.0716838109374089],[80.680689934083887,7.0716924221678994],[80.68071292585455,7.0717028482012347],[80.68074283155309,7.0717189891056371],[80.680770342700413,7.0717405074670721],[80.68079352545972,7.0717642269406049],[80.680796321131027,7.0717671683415615],[80.680818187530022,7.071791609185464],[80.680833435915176,7.0718152167012809],[80.680845398351721,7.0718341310605188],[80.680853876391438,7.0718493270723561],[80.680868745701147,7.0718762895113754],[80.680870028140845,7.0718776570962438],[80.680882171582113,7.0718967939527229],[80.680899681964021,7.0719169601143541],[80.680921691471966,7.0719366614769745],[80.680945615439612,7.0719525370818435],[80.680971262192998,7.0719678406084467],[80.680990426017615,7.0719768912871643],[80.681004182770295,7.0719819736346166],[80.681013411140398,7.0719845265937504],[80.681028307258813,7.0719868003770427],[80.681042498406597,7.0719880557586814],[80.681064363314974,7.0719890007237813],[80.681077269390869,7.0719884779612734],[80.681082372256157,7.0719882710143196],[80.681102954308756,7.0719854601019225],[80.68112745687327,7.071978580581515],[80.681150238303005,7.0719686423201367],[80.681196565450648,7.0719430280826723],[80.681226700108525,7.0719198883479404],[80.681241281936792,7.071905327364461],[80.681258436420038,7.071886484078763],[80.681287477861332,7.0718529571743209],[80.681301447666854,7.07183435830503],[80.681312108833609,7.0718201636692708],[80.681334037189202,7.0717852969248254],[80.681347058130015,7.0717631176840232],[80.68136869764038,7.0717153164860278],[80.681386185125149,7.071674900870156],[80.681400845623926,7.0716474154520599],[80.681414907931639,7.0716235155135161],[80.681426451966274,7.0716035705269507],[80.681436010620843,7.0715890085119364],[80.681446633529575,7.0715759306919317],[80.68146156743164,7.0715615922339765],[80.681480521246911,7.0715440035891177],[80.681507515129368,7.0715231655764237],[80.68152742593945,7.0715092097511478],[80.681577202346205,7.0714817586129577],[80.681637816424796,7.0714489452895082],[80.681676054771359,7.0714254734827255],[80.681677228157028,7.0714244952545515],[80.681706866102999,7.071399784594246],[80.681816740207069,7.071327891419533],[80.681912410015457,7.071265906608839],[80.682015382303589,7.0711951704103306],[80.682127849395087,7.0711164121395154],[80.682196843614904,7.0710679332106823],[80.682262651730909,7.0710267134543399],[80.682285486409157,7.0710127509526473],[80.682308812689683,7.070998488317132],[80.682315897034144,7.0709941571839838],[80.682412197181435,7.0709300490678011],[80.682436969722673,7.0709127807802448],[80.682729559933335,7.0709932549110519],[80.682737061683866,7.0709974244007823],[80.683192959830109,7.0712508032297698],[80.683195792186694,7.0712649689610414],[80.683218418547952,7.0712921028913724],[80.683254621640529,7.071323761104459],[80.683263674001012,7.0713237629159309],[80.683286301276681,7.0713418537098258],[80.683290825644576,7.0713508968439331],[80.683290821112621,7.0713735055806985],[80.683304394217444,7.071400637695719],[80.683304391498737,7.0714142023951645],[80.683324754331636,7.0714345526132583],[80.683345118976419,7.0714549046394968],[80.68335869752103,7.071454907354056],[80.683376799530578,7.0714684756722823],[80.683390377170383,7.0714684783857367],[80.683403954810089,7.0714775242321286],[80.683458258134323,7.0715317938789299],[80.683473496267297,7.0715394085268697],[80.683480096069445,7.0715453195321309],[80.683498986540172,7.0715679745434246],[80.683584969554275,7.0716403367644425],[80.683586180761139,7.0716403361016473],[80.683587445376588,7.071640337258164],[80.683587478870351,7.0716403372648386],[80.683639251630893,7.0716878810077812],[80.683688895163101,7.0717360347323899],[80.683731968722824,7.0717739747332118],[80.683888215568047,7.071863729072704],[80.684139560428903,7.0720124363216161],[80.684142294831204,7.0720140474457045],[80.684141992060091,7.072025285287415],[80.684101100332597,7.0735437114468365],[80.683985383402387,7.0736303660006437],[80.683977347530643,7.0736169778553277],[80.683964908911747,7.0736018697357466],[80.683949214896785,7.0735875251137186],[80.683937156768224,7.0735800648462668],[80.683912275127113,7.0735674384010361],[80.683889689091416,7.073559786133842],[80.683874376578018,7.0735571054176463],[80.683862492740289,7.0735563081630426],[80.683853427565296,7.0735567955935919],[80.683843503953995,7.0735586293756523],[80.683832966762949,7.0735641345472997],[80.683804886310227,7.0735817594514998],[80.683794164965363,7.0735892151892843],[80.683777892265951,7.0735987732544512],[80.683757600183583,7.0736089038534029],[80.683734818334855,7.0736253442535304],[80.683717013507987,7.0736371962541309],[80.683686694088593,7.0736563128219343],[80.683657979041413,7.0736694540055138],[80.683627767033059,7.0736855818355036],[80.683603836845762,7.0736999194717862],[80.683589777452298,7.0737094770673332],[80.683582297894418,7.0737208301325349],[80.683578405943621,7.0737405488108482],[80.683570134720583,7.0737860187437729],[80.683561715223462,7.0738214977941256],[80.683548268254285,7.0738784216295638],[80.683531463542494,7.0739272918848686],[80.683519043988298,7.0739571977575686],[80.683497132043485,7.073982723954261],[80.683445274099782,7.0740520120243513],[80.683381002417647,7.0741220273874079],[80.683324034442535,7.0741818308887465],[80.68329447280351,7.0742137689343902],[80.683272035940774,7.0742385634254612],[80.683177932906489,7.0743354254638708],[80.683140070965081,7.0743769674510579],[80.68312324338504,7.0743951706156087],[80.683110623246264,7.0744049735534551],[80.683097535533406,7.0744171086209509],[80.683048458284844,7.0744553810674802],[80.683026022816918,7.0744731164775265],[80.683006391821408,7.0744861843846616],[80.682964794489877,7.0745113864761615],[80.68291524924507,7.0745449898451893],[80.682897489755419,7.0745561907169074],[80.682876457907781,7.0745669243045377],[80.682835794055237,7.0745911924163662],[80.682818500950077,7.0746014592232696],[80.682803077075519,7.0746121939354838],[80.68279279388409,7.0746238629327252],[80.68278437905451,7.074631330866584],[80.682777367032003,7.0746448679284111],[80.682769474421917,7.0746663220749255],[80.682766479342604,7.0746869389086209],[80.682768569131554,7.0747069581103359],[80.682772455039782,7.0747174163701096],[80.682777240274433,7.0747213013582497],[80.682785991482319,7.0747246662599856],[80.682788903422406,7.0747257854813315],[80.682818513729288,7.0747266876126869],[80.682847823495763,7.0747275896817161],[80.682873402750033,7.0747285271714988],[80.682888714737089,7.0747294870127631],[80.682903836796996,7.0747340794414635],[80.682920871924267,7.0747417315456085],[80.682946902815402,7.074752062223256],[80.683174558778617,7.0748508299605444],[80.683234371796843,7.0748779197924474],[80.683287175556544,7.0749003392448646],[80.683329232587511,7.0749166858870316],[80.683372691779084,7.0749288340796195],[80.683402599764705,7.0749350581166919],[80.683438788136911,7.0749422365529533],[80.68346331220549,7.0749461254779309],[80.684024080435805,7.0750873082162169],[80.684136262546829,7.0751155522851139],[80.685259688437796,7.0753983942287633],[80.685398125940736,7.0748517368496211],[80.685286082119475,7.0742617300983355],[80.685355257590032,7.0742037373698015],[80.685375548916042,7.0741974247118868],[80.685400051087328,7.0741928401150531],[80.685414215778849,7.0741909302627288],[80.685417469941328,7.0741964761481171],[80.685418482125769,7.074195842422446],[80.685586513770488,7.0740905724909009],[80.685714801026634,7.0740115370198398],[80.68688228999379,7.073555824610926],[80.687512699871746,7.0731991875211291],[80.687668419181364,7.0729909900456169],[80.687657941622859,7.0729879133820832],[80.687637865102531,7.0729790707939015],[80.687622554473194,7.0729712491796635],[80.687604860544425,7.0729624061403227],[80.68759125041052,7.0729522065053922],[80.687587166945974,7.0729471063029044],[80.687586828716633,7.0729406467279299],[80.687588191952187,7.0729314673030599],[80.687601242414871,7.0729239477150596],[80.687618566982451,7.0729139664968423],[80.687685546359646,7.0728438461516046],[80.687691176262632,7.0728379520059717],[80.687926493038944,7.072591602154465],[80.688072203255516,7.0724853956182141],[80.688087365263343,7.07247498713566],[80.688089221244553,7.0724737124059756],[80.688075960137226,7.0724513308454036],[80.687904774866681,7.0721624090754016],[80.687895365472585,7.0720122505652583],[80.687887901655628,7.0719417027517499],[80.687877944386798,7.0718686648887807],[80.687875460292716,7.0718313162719442],[80.687880454924837,7.0717815193946443],[80.687882950047864,7.0717657504517177],[80.687887735938716,7.0717615119406219],[80.688110629246012,7.0715641137179803],[80.688122259842785,7.0715682658185752],[80.688138041615346,7.0715832071654807],[80.688149468229057,7.0715699104989165],[80.688238592171373,7.0714662026382049],[80.688348219302938,7.071402661007947],[80.688465597703797,7.0713355994193234],[80.688529127141635,7.071297536204205],[80.688582369905674,7.0712667245376961],[80.688673301053797,7.0711842836714576],[80.688683756792116,7.0711780965207423],[80.688717831521799,7.0711645644644596],[80.688898201090893,7.0710903117706287],[80.688946602027684,7.0710721902866922],[80.689343191300594,7.0709172797731714],[80.689362914203187,7.0709095769021983],[80.689661469950039,7.0707929590128868],[80.689704765047935,7.0707761911593705],[80.689923152485164,7.0706916124575185],[80.690153987279757,7.0706533286720985],[80.690156025026326,7.0706529908364253],[80.69016752048455,7.0706487625876742],[80.690175387633488,7.0706354679234265],[80.690169948135377,7.0706010189007484],[80.690162089409711,7.0705738211198943],[80.690154835381776,7.0705466234509178],[80.690143948206469,7.0705266777030404],[80.690140322487565,7.0705085464492621],[80.690134274256394,7.0704958532880262],[80.690128227162347,7.0704867873284689],[80.690124599528986,7.0704740946157525],[80.690123317493288,7.0704655504239122],[80.690124617073579,7.0704624886592171],[80.690138448113231,7.070448076465027],[80.690140933762649,7.0704438727720813],[80.690145275433565,7.0704429783062652],[80.690147389867732,7.0704391462173426],[80.69014817989698,7.0704355661864895],[80.690159696870552,7.0704275660500553],[80.690173007991362,7.0704197118401977],[80.69017845330545,7.0704130643358276],[80.690183900197496,7.0704027914387533],[80.69020084691455,7.0703647202648057],[80.69021476148778,7.0703586793140767],[80.690242589874032,7.0703653320746849],[80.690264973155607,7.0703677534473437],[80.69028372599935,7.070372592281668],[80.690298851094212,7.0703653424851733],[80.690306721379955,7.070339960764322],[80.690312774971645,7.0703139746258952],[80.690313988751058,7.0703000746469984],[80.690325150207457,7.070261434489316],[80.69034311477634,7.0702359415950067],[80.690352333403709,7.0702227764941066],[80.690355694928456,7.0702206682563364],[80.69036094139075,7.0702123757666353],[80.690364529192962,7.0702055470539387],[80.690385396224897,7.0701882812346621],[80.690397496925243,7.0701810317802716],[80.690407177711108,7.0701749900413864],[80.690415649551767,7.0701665299445757],[80.690419888039429,7.070145982915137],[80.690431386950195,7.0701230181878492],[80.690444698158672,7.0701097263326353],[80.690457405687525,7.0700958284754734],[80.690462246633103,7.070087366803036],[80.690474953601637,7.0700764920654642],[80.69048584511799,7.0700631979537123],[80.690489478894648,7.0700378145430314],[80.690492508443683,7.0700196854240707],[80.690497933430962,7.0699956325890509],[80.69050297132182,7.0699697186052282],[80.690510717621905,7.0699538619921087],[80.690517302936016,7.0699356837917318],[80.690538854978129,7.0698658078417136],[80.690540751911911,7.0698289809262027],[80.690538866322598,7.0698044284652282],[80.690532252558242,7.0697855415608508],[80.690529419429907,7.0697694876638879],[80.690536986460458,7.0697439928431072],[80.69053604349152,7.0697326607159106],[80.690516195078345,7.0697194368943856],[80.690525650871365,7.0697062184788351],[80.690551175804785,7.0696911139158161],[80.690570082610918,7.0696807295522861],[80.690579538052816,7.0696693993422608],[80.690609502657125,7.0696422600851507],[80.690620190719926,7.0696325795693769],[80.690622086808162,7.0696051936866029],[80.690625872498842,7.0695806431750121],[80.690622095177147,7.0695598676833065],[80.690619263441945,7.0695362591513726],[80.69062399297475,7.06951831844155],[80.690627777444263,7.0695003775575334],[80.690616440076454,7.069467324615923],[80.690618334420364,7.069449382479335],[80.690627789299683,7.0694361640613073],[80.690649533581492,7.0694182264857739],[80.69064764607063,7.0694040609701911],[80.69064575960563,7.0693842299302085],[80.690633473341236,7.0693719525142571],[80.690634420844773,7.069358730719947],[80.690643877116102,7.0693379585704266],[80.690646716172054,7.0693219066230135],[80.690591896531771,7.0692907338756541],[80.690590213979988,7.0692843436857364],[80.690589828469427,7.0692739006014289],[80.69059408853947,7.0692638436109831],[80.690601835443744,7.0692495351806439],[80.690607256997296,7.0692390931665416],[80.690614616033258,7.0692271033245344],[80.690625072844426,7.0692147279112758],[80.690633013172288,7.0692020138208642],[80.690644507449178,7.0691941592619045],[80.69065660992996,7.0691869098004654],[80.690661449858339,7.0691838884758509],[80.690661452088932,7.069171801420846],[80.690680209028031,7.0691591128337219],[80.69068323586113,7.0691458181726441],[80.690679003416221,7.069133729433573],[80.69067174468249,7.0691270804877577],[80.690658000452501,7.0691226784709613],[80.690654906152488,7.0691091403266073],[80.69065916643352,7.0690979240054608],[80.690666912833535,7.069086322184388],[80.69066807617321,7.0690758784809553],[80.690666141452425,7.0690673694380708],[80.690662271417679,7.0690584720882379],[80.69065994861549,7.0690534436768715],[80.690671178395519,7.069046483434569],[80.690683569921887,7.0690426179670318],[80.690687443096735,7.0690344961354397],[80.69068683974595,7.0690223040684828],[80.690681640895818,7.0690032419893036],[80.690670493586097,7.0689851690381174],[80.690663558008566,7.0689638793145289],[80.690659101624206,7.0689487782653719],[80.690644983875075,7.068913128527389],[80.690634581591851,7.0688851534786279],[80.690630654601634,7.0688611549851865],[80.690633081115948,7.0688339600093064],[80.690619774958051,7.0688152219886353],[80.690599209292557,7.0687940653994534],[80.690593162868623,7.0687765377831759],[80.690594982321713,7.0687523640072794],[80.69059014730874,7.0687287930863807],[80.690586520333312,7.0687076396183501],[80.690584709152176,7.068691926835613],[80.690573821578582,7.0686840681520495],[80.690559303458471,7.0686743956500555],[80.690547204574941,7.0686671408240187],[80.690545391720249,7.0686604928804089],[80.69054660367739,7.0686465928994524],[80.690540555358922,7.0686393382846369],[80.690528458063426,7.0686332934300209],[80.69052163434425,7.0686239732196636],[80.690518415098069,7.0686106050621023],[80.690515689869372,7.0686034261179724],[80.690507017940305,7.0686024333904722],[80.690502063209451,7.0685997104923999],[80.690496612651302,7.0685907974761459],[80.690494136590445,7.0685823805725274],[80.690496368315081,7.0685756972024363],[80.690500085340418,7.0685700043297768],[80.690502069936898,7.0685633209140617],[80.690501685066536,7.0685494278730836],[80.690492783028759,7.0685347266128531],[80.690485816374462,7.0685200284225509],[80.690485431724994,7.0685049434962473],[80.690493952091501,7.0684933418204956],[80.69049434084188,7.0684813515980514],[80.690490083519407,7.0684716809870602],[80.690488149066212,7.0684666508378022],[80.690479245480915,7.0684554338973644],[80.690458315813956,7.0684447193440061],[80.69043230454966,7.0684320243089838],[80.690405687352296,7.0684211405007513],[80.690384515575531,7.0684126758316603],[80.690367577786631,7.0684030028767024],[80.690341566975377,7.0683878878934943],[80.690320999773604,7.06837519385852],[80.690298013237467,7.068365519782712],[80.690277446029043,7.068347989476643],[80.690253856033777,7.0683316676776782],[80.690225425997625,7.0683141359144264],[80.690203650535878,7.0682953972185008],[80.69018308548101,7.0682760537598996],[80.690151024123765,7.0682609385499848],[80.690129247096635,7.0682506606084656],[80.690109889084823,7.0682488438724178],[80.690087506011196,7.0682409830469313],[80.69008630055292,7.0682198300237449],[80.690075411756723,7.0682137844771775],[80.690059199648161,7.0682058768658038],[80.690042940538234,7.0681927215132498],[80.690029778982378,7.0681803426358307],[80.690018166275863,7.0681679640454105],[80.690019330921857,7.0681505580330555],[80.690016236489939,7.0681281241511096],[80.690013142143329,7.0681149712398019],[80.690003599644271,7.0681028914565758],[80.689996183030701,7.0680935014963655],[80.689967750539566,7.0680844322838583],[80.689951418032848,7.0680765725750243],[80.689947184154661,7.068072340505517],[80.689932663592757,7.0680759632024444],[80.689926007105171,7.0680826113842503],[80.689915723918702,7.0680813995027059],[80.689897576876888,7.0680711231289886],[80.68989394870529,7.0680614526294452],[80.689891531163866,7.0680499683016693],[80.689888506893112,7.0680396947370978],[80.689886695058007,7.0680227719797726],[80.689884884583222,7.0680082673572837],[80.689883674848801,7.0680004095514972],[80.689875812693316,7.0679919482366582],[80.689872184072655,7.0679846949671434],[80.689866135885623,7.0679768371664382],[80.689864322588377,7.0679677710854136],[80.689861302718086,7.0679435964125181],[80.689858278904083,7.067935738269477],[80.689879457288384,7.067908546781803],[80.689889748582345,7.0678759138240403],[80.689897618728921,7.0678463017280153],[80.68990428364522,7.0677894921756392],[80.689904291407103,7.0677477924671628],[80.689899462626684,7.0676909807793891],[80.689886770112253,7.0676244996134558],[80.689866816990644,7.0675616424911336],[80.689839609244345,7.0674848847187661],[80.689836450672104,7.0674763953394955],[80.689812398115905,7.067411751433081],[80.689765840293873,7.0672812014822375],[80.689743470010725,7.0672098831459156],[80.689724726764936,7.0671494425680406],[80.689717474617012,7.0671125768723142],[80.689711433207918,7.0670684569977258],[80.689708418079206,7.0670092293182272],[80.689706008216874,7.066961484726014],[80.689707834359254,7.0669016538659815],[80.689710863008514,7.0668786884801769],[80.689716313475728,7.066849075935453],[80.689727817296557,7.066799520783821],[80.689737507035773,7.0667451299290356],[80.689750822560626,7.0667082671559962],[80.689777451806009,7.0666490449907675],[80.689795606673158,7.0666170166728834],[80.68981255486112,7.0665753192081171],[80.689828292302877,7.0665312033827794],[80.689850083086029,7.0664671458523616],[80.689864610569828,7.0664212175560328],[80.689874900132892,7.0663879796099724],[80.689893666878689,7.0663221074618869],[80.689922116240297,7.0662399205789859],[80.689931533625199,7.0662187631959199],[80.689945969722629,7.0661919918606158],[80.689949624456489,7.0661853214169588],[80.689950570738986,7.0661835952577832],[80.689971984729922,7.0661546069353136],[80.689987689559317,7.0661348062839799],[80.689999902481077,7.0661222919440068],[80.690012433077328,7.0661100959810543],[80.690024280713047,7.0661001570580808],[80.690030842485797,7.066091550112934],[80.690060083885513,7.0660531990693913],[80.690087921200373,7.0660006256221708],[80.690098212997171,7.0659649704401826],[80.690103061991621,7.0659178312740467],[80.690103382891181,7.065881279877928],[80.690097970156415,7.0658395050077187],[80.690094704079129,7.0658298806960582],[80.690083265570422,7.0657961820389978],[80.690072842273253,7.0657649225038472],[80.69006981891819,7.0657546480354272],[80.690062728561514,7.0657336793034959],[80.690058728756824,7.0657218537559672],[80.690023509498388,7.0656177055545113],[80.690016576799707,7.0655959582369281],[80.689975987412197,7.0654742373157156],[80.689955700271298,7.0653728048200168],[80.689930570352004,7.0652704915268547],[80.68991228368823,7.0652084485929336],[80.689894936020607,7.065130340699203],[80.689886287744841,7.065046384414952],[80.689884568738236,7.0649684874150322],[80.689892381476469,7.0648871304721572],[80.689901918918551,7.0648481834505912],[80.689907918172992,7.0648317739831388],[80.689916792168717,7.0648118337041765],[80.689925112019466,7.0648024186298013],[80.689937312666103,7.0647924499312804],[80.689957277641668,7.0647763903116703],[80.689979459795481,7.064763654455545],[80.690002195224309,7.0647547954939869],[80.690024375935238,7.0647498132214714],[80.69005043785279,7.0647420626586932],[80.690103117800689,7.0647249013117319],[80.690145262158723,7.0647060758793252],[80.690172435108536,7.0646916788093224],[80.690198498458344,7.0646761737480244],[80.690224009536607,7.0646562365413645],[80.690242309996506,7.0646390679126796],[80.690261721369154,7.0646207917043142],[80.690293578364546,7.0645747526505414],[80.690314381973465,7.0645124375214063],[80.690323058626262,7.0644483920068346],[80.690338667961086,7.064367036494283],[80.690341281699574,7.0642917365782063],[80.690355279921775,7.0641408688798233],[80.690381040535968,7.0639217891545885],[80.690391553414116,7.0638112342134054],[80.690412725267251,7.0637055844282681],[80.690467753254921,7.0635217557249144],[80.690531242155103,7.0633484954794934],[80.690605307087068,7.0631731228855372],[80.690649745608965,7.0630632515111866],[80.690799554919181,7.0627737014917766],[80.690867259470821,7.0626776956902564],[80.690910587944813,7.0626276661483525],[80.690947145600333,7.0625911584698002],[80.691018427488331,7.0625298391632176],[80.691089411753339,7.0624772283333073],[80.691121574720242,7.0624595087649817],[80.691153182176251,7.0624451124462171],[80.691215844282283,7.0624246276325291],[80.691238023464706,7.0624174306354766],[80.691312882671028,7.0624058121222753],[80.691378867298056,7.0624030542536707],[80.691442631714935,7.0624086048067305],[80.691506394211927,7.0624246806598574],[80.691554630995299,7.0624474012887219],[80.691591776131062,7.0624751035676487],[80.691636680495463,7.0625194267355083],[80.691666062879477,7.0625548829920248],[80.691691008485449,7.062592001473285],[80.6917165069801,7.0626352124162164],[80.691737016819843,7.0626684532952169],[80.691763071535377,7.062699477802977],[80.691787782072169,7.0627400733231136],[80.691843275772172,7.0627941776440952],[80.691900122128928,7.0628469311589033],[80.691973214725451,7.0628983329488655],[80.692049014926738,7.0629443283250541],[80.692060437417695,7.0629469746066302],[80.692160014678947,7.0629700435818341],[80.692178577392951,7.0629685421594797],[80.692212452886068,7.0629616149074277],[80.692212499054079,7.062961604968331],[80.692221873859879,7.0629596868038895],[80.692245650810165,7.0629522467874377],[80.692285356773695,7.0629255766985297],[80.69230698648488,7.0629034231046246],[80.692343033422006,7.0628724098350304],[80.692370761693809,7.0628497029938737],[80.692415125085674,7.0628275543986403],[80.692464635016336,7.0627983476521674],[80.692585127765952,7.0627388645858487],[80.692609212413686,7.0627317592020979],[80.692647472117031,7.0627284409189599],[80.692695712777805,7.0627301126212725],[80.692756150575264,7.0627356623977269],[80.692801618251096,7.0627389948158692],[80.692848020008626,7.0627429152011354],[80.692900870504005,7.0627420592472712],[80.692961518276846,7.0627377420659618],[80.692987919902563,7.0627277007703233],[80.692997908777016,7.062723900822907],[80.693037768308983,7.0626936143452399],[80.693039069556022,7.0626911231932734],[80.693039083138842,7.0626910978749171],[80.693058568336454,7.0626538047428369],[80.693063421032079,7.062629587180445],[80.693065506922522,7.0626079048192718],[80.69306551092501,7.0625906224771278],[80.693057727017376,7.0625144552468555],[80.693039540775729,7.0624711769561648],[80.6930021388265,7.0623859703288998],[80.692960192954473,7.0622791253660004],[80.692920948363906,7.0622020319062804],[80.692889825890745,7.0621222378089143],[80.692864131119848,7.0619869948661353],[80.692854602912632,7.0619157910973591],[80.692846675867514,7.0618505777907332],[80.692838307350115,7.0617888894202991],[80.692833904899516,7.0617355720905337],[80.692828178490615,7.061700322715402],[80.692821572188251,7.0616500896048882],[80.692813203009734,7.0615870800307867],[80.692803512657633,7.0615165788827641],[80.692795144038428,7.0614504837889793],[80.69278897827796,7.0613918804267888],[80.692780613770708,7.0613130073772252],[80.692773128423568,7.0612381008059888],[80.692770048019071,7.061197561667778],[80.692763439351992,7.0611605496249554],[80.692755505833546,7.0611314663688818],[80.692741562881466,7.0611007307566451],[80.69272020444366,7.0610697460304461],[80.692698844769708,7.0610456458451436],[80.692674727351331,7.0610291178884328],[80.69265129781239,7.0610180982303374],[80.692622355507893,7.0610070775800873],[80.692597547699251,7.0609939922185019],[80.692567226468682,7.0609795285936885],[80.692552067770436,7.0609691986012981],[80.692532772483517,7.0609574914982094],[80.692516236011841,7.0609423421676851],[80.692494185746199,7.060927880026826],[80.692474893728004,7.0609030920206752],[80.692461114015529,7.060885877731593],[80.692444576732569,7.0608652202221327],[80.692417020013082,7.060810825294543],[80.6923949768791,7.0607619404397113],[80.692370176960551,7.0607103005464555],[80.692354331169213,7.0606751858912453],[80.692345380123513,7.060636629755769],[80.692328159992826,7.0605877448631205],[80.692322651179381,7.0605608938836095],[80.692317143611277,7.0605271574577655],[80.692310949822982,7.0604837818254689],[80.69231095426963,7.0604541782044183],[80.692310269293188,7.0604376553604062],[80.692312341036171,7.060414247567258],[80.692315792043715,7.0603873972996274],[80.692324756680691,7.060355729841775],[80.692335100705421,7.0603199308219668],[80.692347510304145,7.060284821261618],[80.692361988634744,7.0602579720777001],[80.692381289539156,7.0602283728395587],[80.692402657862345,7.0602042794366326],[80.692430231358614,7.0601705498766005],[80.692464695219513,7.0601375097386985],[80.692502604197585,7.0601051584012469],[80.692533621028673,7.0600769358224529],[80.692581870062753,7.0600356354389806],[80.692630116533763,7.059998466860498],[80.692670094808662,7.0599661158808988],[80.692723167047347,7.0599234408872027],[80.692762454507161,7.0598917788626965],[80.692805877636971,7.059861493942412],[80.692859637482897,7.0598257026942077],[80.692905127079982,7.0597961063177923],[80.692963712605319,7.059760316826071],[80.693020917465532,7.0597307225351207],[80.69309190760994,7.0596921807053743],[80.693148423709388,7.0596618980924513],[80.693220102164489,7.059621290912597],[80.693271106648311,7.0595896309350046],[80.693322109113552,7.0595641664067026],[80.693419977616642,7.0595159902329225],[80.693464777375738,7.059486393678049],[80.693564122495346,7.0594317600297991],[80.693607447523362,7.0594079336266695],[80.693726683445163,7.0593397966413969],[80.693780443087803,7.0593095134616552],[80.693831445567426,7.059278540699923],[80.693867285409567,7.0592544497908554],[80.693907952402199,7.0592220988244856],[80.693957578837995,7.0591814885303288],[80.694139893419177,7.0589959771993431],[80.694158158572691,7.0589818676970486],[80.694194688511942,7.0589557114305412],[80.694203735201626,7.0589505982255236],[80.694231217474211,7.0589350633378851],[80.694277394549019,7.0589123523931336],[80.694315989374545,7.0588958364686434],[80.694360097778301,7.0588848287839756],[80.69441316494283,7.0588745108539044],[80.694466920486505,7.0588669466750877],[80.694512405105669,7.058859381941506],[80.694553068022344,7.0588497499992426],[80.694601311972363,7.0588304812043816],[80.694633016427375,7.0588132749569352],[80.694665410776452,7.0587850533784797],[80.694689537279118,7.0587547648951805],[80.694711596095004,7.0587203451415155],[80.694733657203969,7.0586728435795827],[80.694750891717717,7.0586356702465878],[80.694766061381642,7.0585936765571793],[80.694775714983962,7.0585654509876932],[80.694790882953924,7.0585227673053703],[80.69480467252464,7.0584890351863585],[80.694821218039493,7.0584525490084626],[80.694837761922287,7.0584305210033502],[80.694861886524691,7.0584057406871787],[80.694889457504786,7.0583795827976505],[80.694925986632441,7.058357558283249],[80.694965271342525,7.0583451724269937],[80.695025920355945,7.0583252175708777],[80.695063136773882,7.0583121431622295],[80.695091394677533,7.0582970017347755],[80.695116336412681,7.0582788474570828],[80.695144338003345,7.0582541103046417],[80.695169110020316,7.0582229184979592],[80.695187421202803,7.0581884980673433],[80.695194964150133,7.0581583784868593],[80.695205741735506,7.0581056697030169],[80.695210058488925,7.0580497322965492],[80.695215454318685,7.0579830373570305],[80.695222998607647,7.0579400095962583],[80.695232702517032,7.0578722392725073],[80.695247791991875,7.0577861828455317],[80.695267189884618,7.0577022785308063],[80.695299508015296,7.0576173012330772],[80.695350134028033,7.0575269482552629],[80.695407219002021,7.0574452018468552],[80.695472919235982,7.0573559276068769],[80.695558004612423,7.0572451412762787],[80.695639858613347,7.0571537175443195],[80.69572170589494,7.0570956421896369],[80.69581216863763,7.0570235830907988],[80.69591017064694,7.0569526014093613],[80.695979092850976,7.0569128117225022],[80.696066319816453,7.0568697967778125],[80.696138470063005,7.0568504460280312],[80.696193603192,7.0568369441571148],[80.696275614546082,7.0568293855305626],[80.696349353116034,7.0568328400161393],[80.696421713605204,7.0568383606116178],[80.696470421211387,7.0568479519814744],[80.696544516041413,7.0568642676537543],[80.696611552287806,7.0568845484285285],[80.696689615183601,7.0569136427164212],[80.696735503671604,7.0569303496251514],[80.696756209928751,7.0569378870041337],[80.69676802114995,7.0569428148209612],[80.696779330016653,7.0569475327508115],[80.696806927852165,7.0569590466695606],[80.696860072162195,7.0569883220590217],[80.696862936877466,7.0569898996716658],[80.696914094972854,7.0570203114391115],[80.696951579896563,7.0570454333461656],[80.696989948536455,7.0570745208184684],[80.697041986365605,7.0571111010489025],[80.697079030696116,7.0571401882885096],[80.697120043546192,7.0571741233240699],[80.697156646294687,7.0572023296804307],[80.697157364935833,7.0572028859558156],[80.697209565980202,7.0572433158609007],[80.697254547815874,7.0572794544681976],[80.697301293536484,7.0573177971841234],[80.69735156679738,7.0573618675152368],[80.697396107594145,7.0573993281415257],[80.69744108871177,7.0574398725495104],[80.69747063516067,7.0574641122685122],[80.697534137352477,7.0575178781632628],[80.697587499530769,7.0575601864832338],[80.697634686069492,7.0575989705457198],[80.697675256576701,7.0576315833506351],[80.697730382140833,7.0576791794771347],[80.697739641193749,7.0576972465239267],[80.697746695677466,7.0577122285829121],[80.697757279116757,7.0577245679267406],[80.697777124664867,7.0577369088324744],[80.697795647541525,7.0577448427913447],[80.697809319845007,7.0577501326214467],[80.697837542097417,7.0577792183137706],[80.697915154930868,7.0578589846629534],[80.697976892095809,7.0579233252505071],[80.698039512303026,7.0579850235722912],[80.698084492569137,7.0580312958442821],[80.698140498028721,7.0580846209005923],[80.698179746043095,7.0581229613657355],[80.698222962746911,7.0581652679108133],[80.698259564530161,7.0582000838131158],[80.698301018767651,7.0582318141012772],[80.698342472862549,7.0582644279007143],[80.698372461818849,7.0582847022192476],[80.698414358091028,7.0583093834424053],[80.69845625613938,7.0583234896121905],[80.698521971421599,7.0583362794592155],[80.698575779244507,7.0583455413882223],[80.698608911102426,7.0583496181408805],[80.698632338589562,7.0583513149259964],[80.698649557616434,7.058350719142358],[80.69865294765205,7.0583506012426254],[80.698640910859908,7.0583626229961771],[80.698638551093708,7.0583673241319236],[80.698635632264114,7.0583698882800174],[80.698627603848834,7.0583812975768492],[80.698625247702324,7.0583860041390203],[80.698620840812751,7.058387925071349],[80.698617116151553,7.0583916457026783],[80.698614561847549,7.0583958503373481],[80.698614557449361,7.0584221550272712],[80.698619451411503,7.0584306527798617],[80.698619822599397,7.0584357604082379],[80.698624296381624,7.0584452275154614],[80.698628106928197,7.0584475802723912],[80.698632815169532,7.0584569931597878],[80.698636781309631,7.058459961780553],[80.698646146538209,7.0584767401792936],[80.698646142995116,7.0584925231739195],[80.698645439720337,7.0584974931672848],[80.698641715963817,7.0585012128946172],[80.69863759599032,7.0585033427715134],[80.698634784645265,7.0585073113374106],[80.698629759719054,7.0585078928774019],[80.698622442547034,7.0585153857080734],[80.698622437269606,7.0585469516975463],[80.698624428898512,7.0585513885951494],[80.698627700585348,7.0585552948739201],[80.698627693548957,7.058597384366994],[80.698628331855403,7.0586020082318219],[80.69863032549047,7.0586052758515079],[80.698630321972473,7.0586263201458603],[80.698630036867769,7.0586315135745297],[80.698623620194468,7.0586455275648365],[80.698619787171125,7.0586476611066837],[80.698619779228906,7.0586897496951213],[80.698617144648153,7.0586976412051818],[80.698617142914415,7.0587134241999383],[80.698620335046911,7.0587167128189003],[80.698622408221468,7.0587206957644026],[80.698622406462334,7.0587312174593642],[80.698627670864468,7.0587384890235949],[80.69864083391748,7.0587525451660023],[80.698643117950965,7.0587568618385239],[80.698648242619626,7.058771532477655],[80.698648729662679,7.0587767151833454],[80.69865136132195,7.058780887223512],[80.698662729958258,7.058829170452575],[80.698663227824923,7.0588291705356063],[80.698664109351,7.0588300713795071],[80.698664108429028,7.0588355886000391],[80.69866262261344,7.0588377578019106],[80.69866218608253,7.0588390662716902],[80.698662036709834,7.0588445590509679],[80.698661393823201,7.058845672154467],[80.698661346525029,7.0588470313307594],[80.69866203520877,7.058848124761429],[80.698662642829959,7.0588522024152907],[80.698663415440279,7.0588548404285349],[80.698663483514594,7.0588699940322179],[80.698666011615842,7.0588763472607603],[80.698666171826986,7.0588818328571614],[80.698666840594584,7.0588829353276425],[80.698666860707931,7.0588925807457601],[80.698666170494064,7.0588952266538785],[80.698666169572277,7.0589007429700716],[80.698666858910144,7.0589033393709633],[80.698667071184886,7.0589060333582321],[80.698667836802684,7.0589071810605741],[80.698668238506869,7.0589084381242522],[80.698669190625452,7.0589094239854502],[80.698669618590031,7.0589106258903236],[80.698669615824642,7.0589271757431966],[80.698670995636476,7.0589309876574573],[80.698671801100744,7.058932033178932],[80.698672938553557,7.0589344216622907],[80.698673065963206,7.0589357700159425],[80.698673555471814,7.0589370343287516],[80.698674988939956,7.0589393577508517],[80.698675135364198,7.0589406753609953],[80.698675133706217,7.0589505983999059],[80.698675132351951,7.0589641215135233],[80.698675655354961,7.0589653767887874],[80.698677512513356,7.058967396431953],[80.698677892498267,7.0589686191280592],[80.698677889519161,7.0589810317436141],[80.698677293700257,7.0589821638455756],[80.698677064229898,7.0589848668023025],[80.698675695330877,7.0589915883411267],[80.698675258799852,7.0589928968109144],[80.69867426292825,7.0589937222836703],[80.698673492422344,7.0589947404129214],[80.698673055891319,7.058996048882701],[80.698673055430461,7.0589988070407861],[80.698669602703276,7.0590057018604133],[80.698669983797714,7.0590057019239607],[80.698670983021088,7.0590064870352736],[80.698670887298505,7.0590105283992406],[80.698670291537383,7.0590113141488997],[80.698670290829398,7.0590209686066387],[80.698670845532732,7.0590221171781122],[80.698670980188169,7.0590234411164934],[80.698670979266424,7.059028957432651],[80.698671332998401,7.0590301909761344],[80.698672308654594,7.0590311659894951],[80.69867263589498,7.0590338382923754],[80.698673370735776,7.0590349859895714],[80.698673738952237,7.059036213205272],[80.698673737586162,7.0590389713632122],[80.698673130905362,7.0590400989417885],[80.698671666884493,7.0590418476412058],[80.698671666406952,7.0590501230199099],[80.698671462517751,7.0590514179637642],[80.698670486305318,7.0590537717306878],[80.698670285131584,7.0590550675793207],[80.698670283748811,7.059063342957864],[80.698670689121457,7.0590643160674942],[80.698671663900129,7.0590651255912205],[80.698671662747813,7.0590720218907057],[80.698672234651312,7.059073164134845],[80.698672350510151,7.0590786316375151],[80.698672721442421,7.0590798579493441],[80.698673900622538,7.0590817246503832],[80.698674876048401,7.0590840787427753],[80.698675852609753,7.0590850546605779],[80.698677181998235,7.0590872623130991],[80.698677371894036,7.0590884524221806],[80.698678494253869,7.0590890738731629],[80.698679988379865,7.0590913484723785],[80.698680423568518,7.059092657087505],[80.698681143928269,7.0590937912175562],[80.698681321131929,7.0590950961724284],[80.698683257783983,7.0590981069571326],[80.698683391991807,7.0591021103782481],[80.698684280476257,7.0591047104295539],[80.698685461364477,7.0591071902558555],[80.698685461578492,7.0591113274931123],[80.698686841662621,7.0591135134504954],[80.698687008002693,7.0591148247337427],[80.698690291459158,7.0591187463873331],[80.698691671590169,7.0591206520073309],[80.698692099569342,7.0591217680023481],[80.6986931929398,7.0591225250955674],[80.698694427237783,7.0591249922703367],[80.698696605587855,7.0591279669227314],[80.698698353917223,7.0591312091803955],[80.698698572554363,7.0591337494352802],[80.698699610710221,7.0591344866243659],[80.698700398742488,7.0591369293082327],[80.69870163394593,7.0591393955788337],[80.698702383271709,7.0591405351395711],[80.698703358928185,7.0591415101528465],[80.698705472352728,7.0591429899630986],[80.698707100222776,7.0591466282902458],[80.698708650478167,7.059148867630471],[80.698710602696238,7.0591508185614922],[80.698711075018679,7.0591520078133234],[80.698714524976452,7.0591562785597466],[80.698714961975668,7.0591575871751484],[80.698715801843036,7.059158605572847],[80.698717995799782,7.059160276206744],[80.698719133554036,7.0591608642005612],[80.698719579632737,7.0591620091365996],[80.69872034525109,7.0591631568388546],[80.698721404252751,7.0591637393936617],[80.698722021401863,7.0591649729809962],[80.698723678567347,7.0591666444297214],[80.698727185006859,7.0591687692479903],[80.698728161568809,7.0591697433570575],[80.698729339169219,7.0591702309786184],[80.698730318446053,7.0591712096097075],[80.698732721633746,7.0591721215588317],[80.698733870221147,7.0591728858956779],[80.698735131116848,7.0591732794824322],[80.698736512471541,7.0591732797126037],[80.698737748890551,7.0591738885220403],[80.698744424952807,7.0591786047283387],[80.698746191101478,7.0591835570468362],[80.698746881663652,7.0591842471535893],[80.698747468939615,7.0591854879704359],[80.698747896671421,7.0591880870405461],[80.698748872327911,7.059189062958044],[80.698749900550325,7.0591896581680516],[80.698751151180218,7.0591919001711689],[80.698751841742407,7.0591925902779122],[80.698753150660792,7.0591927062481776],[80.698753767810047,7.0591939398354793],[80.698757382040256,7.0591956450697158],[80.698758041739779,7.0591968470131041],[80.698759018301701,7.059197822026424],[80.698759304138406,7.0591990835922829],[80.698760196577084,7.0591996896314209],[80.698760684290448,7.0592008662253525],[80.698767586752808,7.0592050055166036],[80.698767965858579,7.0592060744790741],[80.698769918077133,7.0592080254098208],[80.698771121033602,7.0592084533507666],[80.698773771383159,7.0592091347407342],[80.698779290464302,7.0592091447030274],[80.698780276081735,7.0592100998228995],[80.698781480849277,7.0592105241468692],[80.69878283503725,7.0592105867700532],[80.698783955586023,7.0592112145506825],[80.69878533513041,7.0592112147804036],[80.698787656762349,7.0592126476005985],[80.69879050225363,7.0592156323110862],[80.698792299407231,7.0592192236418008],[80.698792992360481,7.0592218598329115],[80.698794785245312,7.0592239093072919],[80.698795272958591,7.0592250868055109],[80.698796114627797,7.0592261585579088],[80.698797263690992,7.0592294983813479],[80.698797953280817,7.0592305918119749],[80.698797952145384,7.0592319717951648],[80.698798488743819,7.0592331275979809],[80.698799953019076,7.0592352810137546],[80.69880092867578,7.0592362569311513],[80.698802029011873,7.0592386716330981],[80.69880320878633,7.0592424075512534],[80.698805179507175,7.0592474005977337],[80.698807047670229,7.0592485783257413],[80.698808597926316,7.0592508185699572],[80.698809573583233,7.0592517935830346],[80.698809683796711,7.0592531274647277],[80.698810540606928,7.0592556841034497],[80.698813134161639,7.0592603942032497],[80.698813286923169,7.05926171000577],[80.698814262579972,7.0592626859231311],[80.698814513786473,7.0592653401269638],[80.698816583606487,7.0592731781621678],[80.698816582456402,7.0592800735573284],[80.698815487719841,7.0592820764309288],[80.698815200544985,7.0592834093421679],[80.698815201220199,7.0592847884213459],[80.698814510360478,7.0592858807178276],[80.698814377073347,7.0592872046115493],[80.698812439590995,7.0592891621291418],[80.698812439360978,7.059290541208175],[80.698811935867212,7.0592917122111718],[80.698811056736005,7.0592927276096136],[80.698810918031612,7.0592939674012101],[80.698810367523791,7.0592947965656281],[80.6988090289735,7.0592986659030235],[80.698808986199509,7.0593000386447677],[80.698808295407048,7.0593007276171482],[80.698808294271757,7.0593021066960251],[80.698807737357598,7.0593033545568327],[80.698807604741717,7.0593060810418891],[80.698807119336493,7.0593073460965616],[80.698806912725871,7.0593086772125737],[80.698806912480876,7.0593155726078676],[80.69880714130791,7.0593167229335556],[80.698807602813446,7.0593176408892289],[80.698807602353213,7.0593203999516074],[80.698808321565878,7.0593229882184083],[80.698809671757303,7.0593253052960012],[80.698809888793491,7.0593265939797787],[80.698810371980116,7.0593277759987938],[80.698812432352184,7.0593325610679099],[80.698813121037006,7.0593336544983405],[80.698813121712178,7.0593350335775167],[80.698814080201444,7.0593358213946926],[80.698814720037021,7.0593367212937768],[80.698815882294127,7.0593369403312716],[80.698815880453978,7.0593479729634643],[80.69881603502597,7.0593492887662714],[80.69881657071906,7.0593504463775503],[80.698816765560323,7.059354551996182],[80.698817620565023,7.0593570806008294],[80.698818174385622,7.0593580989507307],[80.69882071045798,7.0593601069502645],[80.698820710227977,7.0593614860292826],[80.698821399567393,7.0593640824299184],[80.698821398647382,7.0593695987460157],[80.698822089142666,7.0593706921767287],[80.698822169479826,7.0593720522785839],[80.698823468977537,7.0593743811037761],[80.698824239773671,7.0593824802695089],[80.698824950834791,7.0593850974729788],[80.69882553812856,7.0593862342935996],[80.698825537898571,7.0593876133726194],[80.698826816072142,7.0593929662207451],[80.698826917228757,7.0593943290389864],[80.698827606818895,7.0593954224695477],[80.698827605898956,7.0594009387856502],[80.698827083141651,7.0594036326504508],[80.69882691522055,7.0594063708857115],[80.698826221107652,7.0594215415441619],[80.698826221300266,7.0594258144284918],[80.698825636342789,7.0594269519583239],[80.698825531115418,7.0594282867084734],[80.698825529275354,7.0594393202449499],[80.698826768189008,7.0594412593006677],[80.698827864276083,7.0594420163940246],[80.698828440721414,7.0594430691116177],[80.698829416378601,7.0594440450289602],[80.698829904997453,7.0594452225272981],[80.698831456159638,7.05944746186724],[80.698832430073708,7.0594480344601784],[80.698832428923865,7.0594549298552884],[80.698831855475632,7.0594576173814678],[80.698831738245588,7.0594603610510323],[80.69883104713486,7.059462957221899],[80.698831045999668,7.0594643363007679],[80.698830355551337,7.0594683884175042],[80.698830355321377,7.0594697674965214],[80.698829665433735,7.059470457373398],[80.698829663133921,7.0594842481635647],[80.698830713058996,7.0594849826413846],[80.698832092604178,7.0594849828709778],[80.698834164522523,7.0594856732074929],[80.698835506022064,7.0594858334943416],[80.698836762370021,7.0594863627271867],[80.698842284171619,7.0594863636460721],[80.698843404025055,7.0594857371427251],[80.698844760045091,7.0594856749707073],[80.698845761363216,7.0594847626843569],[80.698846949081116,7.0594842953515906],[80.698852469073771,7.0594842872269101],[80.698853778990184,7.0594838515654432],[80.698854512354885,7.0594830007278544],[80.69885567385414,7.059482338058845],[80.698858408521957,7.0594822290918113],[80.698861720188191,7.0594798558181555],[80.698863749970499,7.0594780927432703],[80.698865117761898,7.0594780088696059],[80.698866427678269,7.0594775732081017],[80.698867533976525,7.0594768083423691],[80.698868874613197,7.0594767145167143],[80.698870123900463,7.0594761576670315],[80.698871357809068,7.0594755411300447],[80.698877886931825,7.059471197890943],[80.698880362805042,7.0594705101196924],[80.698883032315507,7.0594702926239865],[80.698885027714198,7.0594684418248059],[80.698886366541302,7.0594683425729157],[80.698887486410612,7.0594676202121578],[80.698890178607911,7.0594670636023817],[80.698895700409295,7.0594670645206383],[80.698896960380694,7.0594675783805902],[80.698898299161996,7.059467754040158],[80.69890239075373,7.0594675901353297],[80.698904616942698,7.0594659735918119],[80.698905878857872,7.0594656871340433],[80.698907245069449,7.0594642187550489],[80.698912536269162,7.0594628523117846],[80.698913152924916,7.059461618929828],[80.698915872197063,7.0594615515583481],[80.698917848593808,7.0594596546358552],[80.698919037252168,7.0594589747892202],[80.698920375187583,7.0594587941488118],[80.698925896988882,7.0594587950667114],[80.698928086929754,7.0594574154473628],[80.698933608731011,7.05945741636517],[80.69893470301902,7.0594581065387239],[80.698937200432098,7.0594585301728277],[80.698938775458871,7.0594587972072587],[80.698939940381678,7.059459318285807],[80.698942094545728,7.0594607818240975],[80.698943305332349,7.0594631169644142],[80.698945917253113,7.059466269837567],[80.698948077839333,7.0594726555587437],[80.698948694989312,7.0594738900501079],[80.698949600074684,7.0594746588675159],[80.69894976824304,7.059475867963469],[80.69895045971117,7.0594765580700694],[80.698950780024489,7.0594773521111058],[80.698952253104167,7.0594810021677494],[80.698953219768143,7.0594816263051339],[80.69895327000448,7.0594843627680666],[80.698954598489905,7.0594865722282529],[80.698954599165489,7.059487951307422],[80.698955883350408,7.0594898306855756],[80.698956669556395,7.0594923800777609],[80.69895735921429,7.0594930692797373],[80.698957699368094,7.0594943091509377],[80.698959651588794,7.0594962591765782],[80.698960139302983,7.0594974357703162],[80.698961964776188,7.0594994915796558],[80.698962730395678,7.0595006392814961],[80.698963175559101,7.0595018502320981],[80.698964950345513,7.0595038752863148],[80.69896512755011,7.0595051802410635],[80.698966103207752,7.0595061561581041],[80.69896692199444,7.0595087480584651],[80.698967019975939,7.0595128735558337],[80.69896571154915,7.059515236311289],[80.6989649471207,7.059517808958006],[80.698964947796355,7.059519188037183],[80.698965638359326,7.0595198781435915],[80.698965637670597,7.0595240153806627],[80.698967016851896,7.0595262022413747],[80.698967246555426,7.0595275280040637],[80.698968020333652,7.0595286051707449],[80.698969087460483,7.0595293251820888],[80.698969219401121,7.0595306500242243],[80.698973123842933,7.0595345500754201],[80.698973917540073,7.0595356019246127],[80.698975297356156,7.0595394138379097],[80.69897817725537,7.0595423587631423],[80.698978749159892,7.0595435028155373],[80.698979641532262,7.0595445130826553],[80.698980820039111,7.0595450007037428],[80.698982200489681,7.05954500093305],[80.698985649786394,7.0595532759803143],[80.698986699544804,7.0595550142464454],[80.698987878051526,7.0595555027718424],[80.698988853479932,7.0595578568635382],[80.698989100390719,7.0595591337961094],[80.698990021763407,7.0595599433102851],[80.698990973649373,7.0595623389965381],[80.69899170487453,7.0595634649890888],[80.698993322208338,7.0595651644639563],[80.698993946601021,7.0595663944348788],[80.698996807486054,7.0595693691992043],[80.69900014129162,7.0595753861548092],[80.699000170706654,7.0595781325617226],[80.699001721870118,7.0595803719011174],[80.699003931224226,7.0595820081722751],[80.699004710202331,7.0595844770792118],[80.699005328257812,7.0595857115706471],[80.699005662065261,7.0595870120297963],[80.699005661835784,7.059588391108818],[80.699006352331821,7.0595894845392593],[80.699006597202626,7.0595921414548517],[80.699007573765897,7.0595931164676644],[80.699007731054451,7.0595944304622114],[80.699008601717964,7.0595953439640589],[80.699009727471903,7.0595973381636616],[80.699009799881523,7.0596028237452275],[80.699011967375668,7.059605783925293],[80.699013918691691,7.0596077348548825],[80.699014407311296,7.0596089114487084],[80.699016358627347,7.0596108623782765],[80.699017102522802,7.0596120055548592],[80.699018112639948,7.0596126143259808],[80.699020064861244,7.0596145652556928],[80.699021275023838,7.0596152147541575],[80.699023281570476,7.0596170906348039],[80.699024480876389,7.0596177048632063],[80.699025796990824,7.0596181029799112],[80.699028545210396,7.0596181576950121],[80.699031086874314,7.0596192161644717],[80.699033805186488,7.0596194833883859],[80.69903489947518,7.0596201726574099],[80.699037634106929,7.0596202852462859],[80.69903887777437,7.0596208633094495],[80.699040231963593,7.0596209259319069],[80.699041353419062,7.0596215528077444],[80.699041548289784,7.0596254938410743],[80.699040857429935,7.0596265870422101],[80.699040711241892,7.0596292845869995],[80.699039735259277,7.059630260179949],[80.699039022662419,7.0596314248182814],[80.699038713767379,7.0596327305966078],[80.699038096206337,7.0596339648828943],[80.699038095747596,7.0596367230409234],[80.699038785393569,7.0596429285589872],[80.699038818765999,7.0596436529201414],[80.699039617889369,7.0596447373254287],[80.699040468377532,7.0596472189045709],[80.699041544557801,7.0596479334913624],[80.699042646725005,7.0596502369624146],[80.699043615208183,7.0596508113626388],[80.699043615654674,7.0596535695208136],[80.699042924862013,7.0596542584935182],[80.699041836451499,7.0596563246706632],[80.699042812109738,7.0596572996832316],[80.699042924134559,7.0596586326608533],[80.699043300499994,7.059659856260355],[80.699044276158247,7.0596608312729181],[80.699044303992324,7.0596621995048219],[80.699046083044706,7.0596657944487839],[80.699047064193067,7.0596664158754319],[80.699048406348012,7.0596680818448148],[80.699049701648406,7.0596684455940801],[80.699051352414187,7.0596705149387819],[80.699052488358959,7.0596711074530543],[80.699054204378939,7.0596727029479727],[80.699055419068713,7.0596733470212145],[80.69905639472718,7.059674321129445],[80.699057573234427,7.0596748087503487],[80.699058107117622,7.0596759690739717],[80.699059137125772,7.0596767216342373],[80.699060518481957,7.0596767218634682],[80.699061612770649,7.059677412036752],[80.699062976921297,7.0596774511486284],[80.699063953484867,7.0596784261612973],[80.699065182704402,7.0596787917081798],[80.699066545038164,7.0596788697052499],[80.699067776931102,7.0596794893648278],[80.699072315239306,7.0596820981597848],[80.699073074532478,7.0596831879843025],[80.699074188778951,7.0596836195270152],[80.699074672013936,7.0596845166868034],[80.699075360766912,7.0596852067927625],[80.699075361213602,7.0596879649509372],[80.699075995582803,7.0596890818841498],[80.699076051480716,7.0596904374602891],[80.699076048729452,7.0597069873127563],[80.699078809267945,7.0597091753066419],[80.699079928662528,7.0597113105780078],[80.699083836259234,7.0597125826919456],[80.699086540109619,7.0597127233091763],[80.699089626586797,7.0597145405882653],[80.699094574132047,7.0597166683557671],[80.699095881209715,7.0597169760393728],[80.699097562795245,7.0597187921810818],[80.699099909810016,7.0597200242461975],[80.699115060349527,7.0597201741620079],[80.699116154638389,7.0597208643351435],[80.699140981929787,7.059720919997341],[80.699141620825557,7.0597220351225705],[80.699141619691289,7.0597234142014429],[80.699142097494274,7.059724316786145],[80.699143428123179,7.0597245304248615],[80.699145989710459,7.0597255418726643],[80.699148666378377,7.0597258398356901],[80.699149642036858,7.0597268157523647],[80.699150914724257,7.0597270764057809],[80.699168861494101,7.0597270793800995],[80.69917242137825,7.0597290188195085],[80.699173729361078,7.0597293274073571],[80.699174919604701,7.0597300058401773],[80.699176891750241,7.0597319061309509],[80.699178144496258,7.0597323277488941],[80.699180505058465,7.0597337470088819],[80.699181089653067,7.0597347924928897],[80.699183032869513,7.0597364657959982],[80.699183032630017,7.0597433611912139],[80.699182656775733,7.0597445087035764],[80.699181651862375,7.0597452672566297],[80.699181651633424,7.0597466463356451],[80.699180961746038,7.0597473353087148],[80.699180779581567,7.0597486392995021],[80.699179802693777,7.0597496148925982],[80.699178888917373,7.0597521178827112],[80.699179007277309,7.0597534617131306],[80.699182218234441,7.0597579304612488],[80.69918233931034,7.0597592724834959],[80.699184308561598,7.0597622498118797],[80.699184408141249,7.0597676657657056],[80.6991850995432,7.0597687591960332],[80.699185097264206,7.0597770345742754],[80.699185312490911,7.059778325066195],[80.699186478028778,7.0597806005136503],[80.699186477799699,7.0597819804969815],[80.69918846234529,7.0597855266414671],[80.699189237706562,7.059787979269851],[80.699189331842078,7.0597934729937881],[80.699189962572959,7.0597946975396075],[80.699190939137026,7.0597956725520179],[80.699192167451457,7.0597960399070381],[80.699193547902794,7.0597960401357263],[80.699194784345835,7.0597965178184303],[80.69919593293541,7.0597972830584501],[80.699202793529409,7.0597974216506412],[80.69920544207119,7.0597981111766934],[80.699208203879067,7.0597981116341364],[80.699209986921758,7.0597994910084987],[80.699212704366801,7.0597995357699705],[80.699214084589315,7.0598009150775987],[80.699214083226224,7.0598036741397898],[80.699214603531146,7.0598048380782403],[80.699214774399465,7.0598061466490787],[80.69921477371291,7.0598102838861303],[80.699216152875806,7.0598125937328025],[80.699212701856595,7.059814662232001],[80.699212952257525,7.0598167313442062],[80.699214056279487,7.0598187752769821],[80.699214374699039,7.0598200757334295],[80.699215695007126,7.0598224814276849],[80.699218729728969,7.059825259078953],[80.69922000691335,7.059825696978506],[80.699221101202795,7.0598263862470807],[80.699223861200423,7.0598263867041293],[80.69922645927906,7.0598256980469891],[80.699227840635686,7.0598256982757261],[80.699229080877942,7.0598251016337716],[80.69923043871448,7.05982500871424],[80.69925666910197,7.0598250121524435],[80.69925909758399,7.0598262623165384],[80.699260246173722,7.0598270275564046],[80.699260918624319,7.0598277719182327],[80.699262299980958,7.059827772146873],[80.699263089229532,7.0598283636989478],[80.699265302004136,7.0598312207935141],[80.699266594588181,7.0598315926805606],[80.699268707076314,7.0598332904278065],[80.699269857511155,7.0598338467713875],[80.699270834075321,7.0598348226879377],[80.699271991755182,7.0598353591378045],[80.699274720943038,7.0598355558256314],[80.699277275286491,7.0598365853578127],[80.699281369530283,7.0598368238699276],[80.699285393082363,7.0598375751164353],[80.699286541672194,7.0598383403562339],[80.699287779022001,7.0598388098999916],[80.699290540830134,7.0598388103569487],[80.699292077681079,7.0598400323396104],[80.699292942896349,7.0598410543577259],[80.699293457769926,7.0598422201038291],[80.699296526271283,7.0598432723288296],[80.699296576960435,7.0598432895191836],[80.699299958637582,7.0598445127113338],[80.699300804023736,7.059845018362787],[80.69930155789902,7.05984603222364],[80.699302711986448,7.0598463977574699],[80.699303372657667,7.0598472126537883],[80.699307998754961,7.0598499399261483],[80.699308615906531,7.0598511735127154],[80.6993108904651,7.059852648825288],[80.699313517274859,7.0598533826585417],[80.699314134426444,7.0598546162450972],[80.699315340064615,7.0598552621248025],[80.699317056059684,7.0598570176823499],[80.699318334143626,7.0598574908500265],[80.699318951295353,7.0598587235322592],[80.699321877474659,7.0598610046964589],[80.699322854944342,7.0598619797087387],[80.699323396985221,7.0598630803486806],[80.699327726215259,7.0598655498422165],[80.699329312691802,7.0598677457792958],[80.699329801312643,7.0598689214684578],[80.699330798705176,7.0598698476510773],[80.699332171909759,7.0598698795291464],[80.699333406519642,7.0598704964755372],[80.699334776778471,7.0598719173796214],[80.699336157230036,7.0598719176078815],[80.699336816985635,7.0598727958060037],[80.699338126758278,7.0598732319019915],[80.699340329820259,7.0598746158668764],[80.69934315088075,7.0598775861009297],[80.699345221218337,7.0598823693606683],[80.699345218705062,7.0598975401340898],[80.699344689613838,7.0599002330940941],[80.6993431462638,7.0599054543486917],[80.699343145121276,7.0599123506480579],[80.699343454497196,7.0599136022699591],[80.699345771439909,7.0599160515356978],[80.69934590520532,7.0599172967983774],[80.699347018504355,7.0599179878784293],[80.699348665401914,7.0599215638087829],[80.699349355060107,7.0599222584360559],[80.699350586648762,7.0599247210870342],[80.699351449143265,7.0599257756599094],[80.699353186303313,7.0599309151642862],[80.699354161962916,7.0599318892718914],[80.699355247873399,7.0599339820343081],[80.699356256153564,7.0599347581025071],[80.69935631748389,7.0599361118709014],[80.699357436901423,7.0599381196333129],[80.699358101188764,7.0599389643725354],[80.699359410961605,7.0599394004684628],[80.699360045393988,7.0599401421109125],[80.699360085215616,7.059940189141833],[80.699362683066425,7.0599408786586455],[80.699370965777021,7.059940880027697],[80.699373564761302,7.0599401913698872],[80.699384592992899,7.0599401561155837],[80.699385569880675,7.059939180522079],[80.699389375604326,7.0599379558053119],[80.699394753676017,7.0599367865114804],[80.699395842769448,7.0599360578142631],[80.699397224126429,7.0599360580424948],[80.699399833988636,7.0599352762419807],[80.699401787763932,7.0599333259591974],[80.699402965528506,7.0599328378241575],[80.699403965942068,7.0599319210149041],[80.699412249557696,7.0599319223833801],[80.699413403795987,7.0599313781769659],[80.699413890996283,7.0599301999361321],[80.699417796736114,7.0599263002744577],[80.699420185785087,7.0599251612332905],[80.699422840899373,7.0599244309860172],[80.699423924570141,7.0599236498375939],[80.699425298687899,7.0599236346912084],[80.699426355216005,7.0599227703414069],[80.699427617167245,7.0599222713684364],[80.699452467108458,7.0599222754720028],[80.699453804085778,7.0599224212873342],[80.699454951770889,7.0599231865265688],[80.699456190931684,7.0599236551658686],[80.699458188435088,7.0599254957749151],[80.699459362382015,7.0599261968121656],[80.699460691200628,7.0599264140669344],[80.699477257526539,7.0599264168015718],[80.699483087470583,7.0599296886680056],[80.699484109314199,7.0599305551695792],[80.699486865685316,7.0599305936056806],[80.699489545916933,7.0599312460584978],[80.699490703597277,7.0599317825078227],[80.699491881877606,7.0599336492066325],[80.699492858442596,7.0599346242184335],[80.699494998126283,7.0599360931776589],[80.699495500326421,7.0599372652516488],[80.699498746972651,7.0599394270981533],[80.699499494491249,7.0599405666573052],[80.69950182977469,7.0599415916305457],[80.699504480128141,7.0599422811552266],[80.699505860579919,7.059942281382992],[80.69950695487006,7.0599429706508987],[80.699516618032334,7.0599429731494512],[80.699518909847569,7.059944106633143],[80.699519155854816,7.0599453835652675],[80.699520535945155,7.0599475704245087],[80.699520534355941,7.059951708565702],[80.699521225758957,7.0599528019955375],[80.699521348648517,7.0599541304532645],[80.699522324308404,7.0599551054648551],[80.699522605621397,7.0599563679337827],[80.699522605165512,7.0599591260917975],[80.699522811340472,7.0599604201993431],[80.6995239916603,7.0599609023934651],[80.699528126679112,7.0599609039798477],[80.699530602235939,7.0599621405855979],[80.699542992785894,7.0599622855107667],[80.699547048937248,7.0599629761713558],[80.699548143227503,7.0599636654391844],[80.699558239118346,7.0599634518771568],[80.699560228024495,7.0599625424650654],[80.699562315476498,7.0599623746067994],[80.699564226481925,7.0599617816918006],[80.699566814925561,7.0599591433299116],[80.699568774438234,7.0599553364904626],[80.699570104470496,7.0599536872407551],[80.69957118234548,7.0599496315695731],[80.69957118360665,7.0599474765891959],[80.699572714057823,7.0599436081856366],[80.699574240500795,7.0599420846679699],[80.699578314076305,7.059941411625438],[80.699581766990576,7.0599388267604839],[80.699585746575053,7.0599372376321892],[80.699587541812377,7.0599360424247894],[80.699590727737316,7.0599331609007301],[80.699591678503211,7.0599313994535127],[80.699593370532043,7.0599302892346065],[80.699593835215325,7.0599284219024936],[80.699602446213902,7.0599193033135297],[80.699604382197549,7.0599154539672666],[80.699605702272692,7.0599138020028711],[80.699606532653334,7.0599119898941822],[80.699606781926022,7.0599099380464807],[80.699607860318196,7.059908229974778],[80.699607862097167,7.0598974550721536],[80.699610019578344,7.0598953004470681],[80.699611192503767,7.0598912239922109],[80.699613121674318,7.0598902603112048],[80.69961415392558,7.0598884003071039],[80.699615573565509,7.0598868008093012],[80.699618649912139,7.0598842032216256],[80.699618649362677,7.0598820482409419],[80.69962226473487,7.0598768870114839],[80.699625122907946,7.0598743915753168],[80.699626394097436,7.059872763114976],[80.699628184756989,7.0598718789907347],[80.699628997922602,7.0598701627364413],[80.699632049902462,7.0598671157005395],[80.699633839642587,7.059866317485973],[80.699634804919057,7.0598643896472177],[80.699635909948469,7.0598603412148497],[80.699644841409736,7.0598511078299184],[80.699647267055667,7.0598476094380143],[80.699648792592853,7.0598460859199248],[80.699648855403893,7.0598439571747891],[80.699650704923414,7.0598429446475413],[80.699652379222911,7.0598395591711407],[80.699682578975057,7.0598395641433731],[80.699684591366633,7.0598389540625828],[80.699685560200464,7.0598374096535075],[80.699688154976997,7.0598347848566823],[80.699689939286202,7.0598339830237373],[80.69969185258131,7.059830480025667],[80.699695871080792,7.0598289388314637],[80.69969800378928,7.0598287926835797],[80.699699982712033,7.0598280360983372],[80.699705195562203,7.0598242306979966],[80.699707011557578,7.0598234062623488],[80.699709167777584,7.0598234057128613],[80.699712820602116,7.0598216727437251],[80.69971405194012,7.0598201754021197],[80.699716208160112,7.0598201748525957],[80.699717288257872,7.0598190988964804],[80.699725915852923,7.0598191003159618],[80.699727607880718,7.0598179919051951],[80.699730973468206,7.0598124906116615],[80.699732656831529,7.0598090300783545],[80.699734477400739,7.0598079153585198],[80.69973527970788,7.0598061710685194],[80.699737308381771,7.0598056297180483],[80.699742895872248,7.0598025387870988],[80.699744825518621,7.0597986840132974],[80.699748346302442,7.0597962176233953],[80.699751324413526,7.0597909857515688],[80.699751418901371,7.0597888886626201],[80.699753347166009,7.0597879249808821],[80.699755914896457,7.059784626465162],[80.699757675695309,7.0597836699903755],[80.69975834134452,7.0597817466236643],[80.699760929919421,7.0597782988995146],[80.699762630551632,7.0597744124369841],[80.699764156088207,7.0597728889185101],[80.699765348424691,7.0597718591007599],[80.699772599698264,7.0597687657300607],[80.699777176307805,7.0597641951745231],[80.699782711333086,7.0597608736343371],[80.69978464231319,7.0597599099529029],[80.699786724395807,7.0597593604721682],[80.699788817336497,7.0597588381226544],[80.699790966325367,7.059758771556651],[80.699792570583853,7.0597574397656295],[80.69979438748345,7.0597566189470369],[80.699795937450929,7.059755154212886],[80.699797807736516,7.0597544645285986],[80.699804279110964,7.0597544646879031],[80.699806091211926,7.0597552987633492],[80.699807615341399,7.059756821878862],[80.699809409331095,7.0597576984540868],[80.699813723580817,7.0597576982587551],[80.699822043952267,7.0597598555108911],[80.699826340121817,7.0597597088135764],[80.699830539562427,7.0597587789642784],[80.699832696687224,7.0597587793186767],[80.699836742295773,7.0597575193693904],[80.699843151357399,7.0597566269598611],[80.699847456562409,7.059756581547008],[80.699853596964928,7.0597545379012958],[80.699864370831705,7.0597544745600977],[80.699866044443539,7.0597552570666693],[80.699866732983523,7.0597572493838072],[80.699868249069553,7.0597581449037685],[80.699869773749569,7.0597618248084082],[80.699871297879127,7.0597633488280103],[80.699873114507795,7.0597641738608026],[80.699874664898843,7.0597656354870431],[80.699876438083066,7.0597664252444368],[80.699878323944588,7.0597700988781487],[80.699879672546587,7.0597711128357306],[80.699880007144145,7.0597731286068912],[80.699881532178978,7.0597746526266123],[80.699881827849509,7.0597766855733557],[80.699882907488742,7.0597783940000269],[80.699882907134224,7.059780548980588],[80.699883984577014,7.0597846041021119],[80.69988398422251,7.0597867590826562],[80.699885061665142,7.0597908151084807],[80.699885060956134,7.0597951250695772],[80.699886375061922,7.0597967358688054],[80.699888296253008,7.0598002512533],[80.699888295189552,7.0598067161949425],[80.69988937356932,7.0598105786976699],[80.699889373214702,7.0598127345825317],[80.699896602888131,7.0598198870856148],[80.699900156467706,7.0598216556030788],[80.699904774222233,7.0598255937448195],[80.699906930442111,7.0598255940987329],[80.699908855706468,7.0598263603687972],[80.699910650549327,7.0598275561666801],[80.69992137730415,7.0598277514502943],[80.699925214308664,7.0598289557220619],[80.699930639604077,7.0598323486946315],[80.699932165544496,7.059833872714341],[80.699935666514548,7.0598362941377166],[80.69993750849973,7.0598370576810634],[80.699938368173051,7.0598387615499538],[80.699942088307836,7.0598405572238603],[80.699945451708189,7.0598428402645341],[80.699947611549021,7.05984284061884],[80.699950592064837,7.0598449960883665],[80.699952610616918,7.0598454549067515],[80.6999563469968,7.0598475481025558],[80.699958392668734,7.0598482293866525],[80.699960549793957,7.0598482297404601],[80.699964862096678,7.0598600823888873],[80.699964860940014,7.0598616124882358],[80.699966706088944,7.0598651586066046],[80.699969542503993,7.059868360343847],[80.699971505283244,7.0598721958620185],[80.699974009436659,7.0598756905425084],[80.69997485790509,7.0598794788535946],[80.699976257165133,7.0598807026200996],[80.699976722109113,7.0598827482549256],[80.699976721755021,7.0598849032354609],[80.699977800593217,7.0598859813548316],[80.699977815825576,7.0598924417775528],[80.699978780467106,7.0598943699334926],[80.699979831647141,7.0598985019171856],[80.699981033494197,7.0599001904687526],[80.699981033140133,7.059902345449296],[80.699981965220132,7.0599041144405961],[80.69999355742371,7.059909441847239],[80.699996794914213,7.0599122475604776],[80.700000460660618,7.059914508042465],[80.700001523135995,7.0599160066651683],[80.700005677095788,7.0599164233306153],[80.70000772367348,7.0599171037103128],[80.700009418947872,7.0599182723620801],[80.700013451489582,7.0599194160761085],[80.700015188429518,7.0599204282883283],[80.70003460165421,7.0599204314697825],[80.70003849831113,7.0599222009467413],[80.700040563946658,7.0599225874273328],[80.700049148072139,7.0599227181506645],[80.7000561825907,7.0599276333461072],[80.700057734789283,7.0599291193885092],[80.700059662737431,7.059930083703196],[80.700059761062192,7.0599321772065426],[80.700061808638765,7.0599322878682846],[80.700062887477245,7.0599333659874448],[80.70006515265419,7.059936866054203],[80.700065753386099,7.059938879155875],[80.700068387922585,7.0599421839512617],[80.700068387568919,7.0599443389318157],[80.7000692897752,7.0599461205784309],[80.70006946504499,7.0599482032426213],[80.700071171193329,7.0599493040723731],[80.700075115090812,7.0599500435429441],[80.700076239986203,7.0599517863405232],[80.700078286564022,7.0599524676242282],[80.700085481370081,7.059956993990423],[80.70009176984189,7.0599628296549568],[80.700095638461789,7.059964452627959],[80.700100739675946,7.0599679513502602],[80.700101858299533,7.0599693007700894],[80.700105502429608,7.0599709038113323],[80.700109365973219,7.0599758817888514],[80.700108287332782,7.0599791136310168],[80.700108279203022,7.0600286763747784],[80.700106079449753,7.0600346951295689],[80.700104733124661,7.0600363479953891],[80.700103963368676,7.0600383210828275],[80.700104099197475,7.0600490734001822],[80.70010503993862,7.0600532306862824],[80.700105221743925,7.0600596196954264],[80.700106116708412,7.0600614040537391],[80.700106114940922,7.0600721789564043],[80.700107192417732,7.0600760423627813],[80.700107189038093,7.06009112722636],[80.700108352482161,7.0600951624665012],[80.700109317124657,7.0600970906221479],[80.700110348390226,7.060101230741096],[80.700111502260583,7.0601029274233014],[80.700111501001885,7.0601050824036751],[80.700112816963809,7.060106424621269],[80.700116614029994,7.0601138288626597],[80.70011797067842,7.0601154649890008],[80.700117971230327,7.0601176190653518],[80.700120127898643,7.0601204128447419],[80.700120895196903,7.0601223870880858],[80.700122284536604,7.0601233920084931],[80.700123902062856,7.0601294746901226],[80.700125518131998,7.0601334032952341],[80.700126848558483,7.0601348612673673],[80.700129831367761,7.0601396075961294],[80.700130139713494,7.0601416351188773],[80.700130909750143,7.0601434710025925],[80.700130909396762,7.0601456259831332],[80.700133056564354,7.0601456362819901],[80.700134774580064,7.0601516556780233],[80.700136300522175,7.0601531796970507],[80.700140614775435,7.0601531804030442],[80.700140611418774,7.0601736522658749],[80.700140098983312,7.060174164023814],[80.700138176214537,7.0601747289055021],[80.700133943398228,7.0601749244489866],[80.700132197952598,7.0601760925371995],[80.700130152055479,7.0601767740552308],[80.700128488055142,7.0601780886556353],[80.700126556171298,7.0601790369649802],[80.700122241917811,7.060179036258857],[80.700120409634408,7.0601798209036133],[80.700120117821555,7.0601818555626519],[80.70011903943076,7.0601835627312255],[80.700119038370303,7.0601900285771029],[80.70011672610886,7.0601921189728927],[80.700111978583138,7.0602011694758948],[80.700110453046264,7.0602026929954773],[80.700110404607457,7.0602220679178247],[80.700108247127019,7.0602242225452079],[80.700107310817572,7.0602261567198479],[80.70010716654042,7.0602282782171839],[80.700107163203796,7.0602541370792169],[80.700108805981927,7.0602552767839617],[80.700109825035099,7.0602566108141387],[80.700110397776697,7.0602581925533032],[80.70011039832842,7.0602603475339745],[80.7001118138745,7.0602616282745165],[80.700114255274528,7.0602669315722313],[80.700115781216965,7.0602684555913182],[80.700116867702391,7.0602725875804344],[80.700119338503526,7.0602752439554788],[80.700120102203115,7.0602770843597247],[80.700126201447162,7.0602831795309644],[80.700127124528976,7.0602846274889677],[80.7001335959107,7.0602846285480911],[80.700137017269867,7.0602867840885635],[80.700137878772352,7.0602883830569301],[80.700142453884311,7.0602929560178627],[80.700148086523626,7.0602960885793555],[80.700151507818305,7.0602986384006918],[80.700153626006099,7.0602987318916126],[80.700156198112353,7.0603018720911006],[80.700157846425682,7.0603023796809978],[80.700159284659904,7.0603033095512062],[80.700161143853805,7.0603040278807958],[80.70017191137903,7.0603040730492843],[80.700173638359843,7.0603051069628275],[80.700180109741851,7.060305108021308],[80.700187076792375,7.0603074847939755],[80.700188044150238,7.0603094192800935],[80.700191856644821,7.0603110738941224],[80.700194679697631,7.0603129833628877],[80.700195593647109,7.0603149223618455],[80.700195694688475,7.0603170140569462],[80.70019762535415,7.0603179783715104],[80.700200326191748,7.0603199565481534],[80.700201668409903,7.0603212734489809],[80.70020206188984,7.0603230351172508],[80.700203638580916,7.0603242164093079],[80.700204219434752,7.0603260124721405],[80.700204219081542,7.0603281683569739],[80.700205297420524,7.0603323030574883],[80.700205411129005,7.0603344309272131],[80.700206373961962,7.0603363590823687],[80.700206374514281,7.0603385131587144],[80.700211765644767,7.0603460569242946],[80.700212844554912,7.060346705493906],[80.700211117334334,7.0603471338564221],[80.700206803079425,7.0603471322467461],[80.700206372819437,7.0603488585120688],[80.700206371208125,7.0603531684729441],[80.700208099193517,7.0603535974003622],[80.700210255415726,7.0603535986572066],[80.700214512362933,7.0603497786259792],[80.700215273728077,7.0603492949423918],[80.700217186439247,7.0603493458966637],[80.700218151082709,7.0603512740520955],[80.700219708855712,7.0603574245471314],[80.700220905256487,7.0603592170933158],[80.700222274223478,7.0603630235752748],[80.700223799261366,7.060364547593859],[80.700225580576443,7.0603654531034961],[80.700226402233909,7.0603671497311069],[80.700228242411512,7.0603679114643745],[80.700231293392733,7.060370958597372],[80.700233052068441,7.0603719192664318],[80.700235125857816,7.0603722768094492],[80.700236811170811,7.060373483439931],[80.700237850956157,7.0603753573487404],[80.700240906464742,7.0603783972479102],[80.700242835320324,7.0603793615619868],[80.700244115587594,7.0603831002058168],[80.700245322066294,7.0603841575461983],[80.700246271861801,7.0603883130248306],[80.7002471976067,7.0603900856317869],[80.7002502467776,7.0603931336686765],[80.70025100957281,7.0603949731682549],[80.700254159261874,7.0603977815782848],[80.700255899826772,7.0603987829384289],[80.700257055512054,7.0604004597256553],[80.700262591415367,7.0604028597755377],[80.700263620417772,7.0604042480658373],[80.700265749473104,7.0604043144286193],[80.700268798644217,7.0604073624653685],[80.700270640632354,7.0604081251030895],[80.700272164765309,7.060409649121393],[80.700273880878967,7.0604107146837771],[80.700276038006805,7.0604107150361521],[80.700278004964389,7.0604111738447326],[80.700281055040847,7.0604142218815502],[80.700284814114696,7.0604159633002572],[80.700286937726659,7.0604161038158013],[80.700290598064313,7.0604182593941935],[80.700294879719422,7.0604183387687858],[80.700295879697222,7.0604200806411086],[80.700301937288586,7.0604207472055398],[80.700303917777433,7.0604214935880893],[80.700306074905299,7.0604214939403365],[80.700312243643012,7.0604233533131078],[80.700313233707618,7.0604248256981652],[80.700316659587045,7.0604270282624082],[80.70032051820435,7.0604289559857758],[80.700321577116384,7.060430116393678],[80.700323472533867,7.060430747914376],[80.700330759291433,7.0604376598724619],[80.700332491705993,7.0604386838388384],[80.700334016744648,7.060440206952781],[80.700335781784545,7.0604410012286793],[80.700337673083951,7.0604446730527393],[80.700339042407279,7.060446308276183],[80.700340764860101,7.0604473593703352],[80.700341172826612,7.0604491056674981],[80.700342736844135,7.0604502950958432],[80.700348721726684,7.0604527476682],[80.70035087975991,7.0604527480203814],[80.700364898525592,7.0604656801913368],[80.700366932036133,7.0604687895551086],[80.700368648596836,7.0604726602996326],[80.700369211326461,7.0604745829632805],[80.700370173283261,7.0604763392982655],[80.700370288806354,7.0604784463690393],[80.700371874592548,7.0604793708367941],[80.700373070994061,7.0604811642869043],[80.700373523272077,7.0604831809811781],[80.700375483370848,7.0604868374429808],[80.700376757258624,7.0604908473796355],[80.700379992534394,7.0604961652744818],[80.700380213974995,7.0604982280511255],[80.700381070919804,7.0605000277760368],[80.700382501809742,7.0605015915685918],[80.700383227489311,7.060503446435237],[80.70038327964815,7.060505548974092],[80.700386260170347,7.0605077035365209],[80.700389696436957,7.0605128207063501],[80.70039077527754,7.0605138988247687],[80.700392660797036,7.0605141695222304],[80.700397320305356,7.0605174782632592],[80.700402954817491,7.0605202563308831],[80.700403943979737,7.0605217142465646],[80.700406035001066,7.0605218755554802],[80.70041276689436,7.0605286029417158],[80.70041452191029,7.0605298077743042],[80.700416554032955,7.0605303344164794],[80.700418264713875,7.0605314135421464],[80.700420420937064,7.0605314138937212],[80.700423842299372,7.060533569432125],[80.700425923337534,7.0605338889942875],[80.700427900204275,7.0605346471318136],[80.700468885644057,7.0605346538118816],[80.70047019209423,7.0605332803716081],[80.700473648482287,7.0605315934846189],[80.700484362640154,7.0605314243147861],[80.700485958755792,7.0605300717208808],[80.700487782895834,7.0605292698914068],[80.700491934377666,7.0605282667789977],[80.700494079750371,7.0605281929746866],[80.700496034250833,7.0605273332903264],[80.700541280574512,7.0605271236226477],[80.700542991255858,7.0605282018435691],[80.700545123930297,7.0605282826746851],[80.700548808724136,7.0605303568667734],[80.700549316281297,7.0605320046097244],[80.700550481925916,7.0605336777805991],[80.700552227925172,7.0605346673844256],[80.700552551693363,7.0605365004818683],[80.700554162837207,7.0605373571295917],[80.700557358712913,7.0605400561230942],[80.700559464208084,7.0605402771184043],[80.700563036714669,7.0605426008828056],[80.700565029886917,7.0605432893902362],[80.700588758300086,7.0605432923467966],[80.700592712063823,7.0605446268533365],[80.700596213042672,7.0605470482717694],[80.700597061868592,7.0605486816011664],[80.700600716807216,7.0605506545048096],[80.700604988489303,7.0605508378710677],[80.700605869011227,7.0605523889130222],[80.70061152892913,7.0605548106824916],[80.700613546599357,7.0605551492241201],[80.700617859951166,7.0605551499255927],[80.70061984044051,7.0605558999240801],[80.700621502198786,7.0605572340576463],[80.700623629443569,7.0605573058443731],[80.700623730493078,7.0605593595581935],[80.700624808326268,7.0605610688871741],[80.700626247412629,7.0605623351609621],[80.700629582722343,7.0605648487922519],[80.700631740756108,7.0605648491431392],[80.700633638853944,7.0605657031242854],[80.700635433701549,7.0605668989193964],[80.700640032361761,7.0605714411326046],[80.70064179466128,7.0605723936618867],[80.700643951789871,7.0605723940125715],[80.700645299524098,7.0605732026884898],[80.700649343078098,7.0605734719271052],[80.700651404156659,7.0605740691094621],[80.700656979884869,7.0605765225157091],[80.700659898905556,7.0605783614607702],[80.700662948080392,7.0605814094949819],[80.700666225017059,7.0605866224941893],[80.700667945653919,7.0605877151852861],[80.700669798078849,7.0605911012384412],[80.700671180131096,7.0605924027710687],[80.700672258621779,7.0605956349650238],[80.700672258271041,7.0605977890412168],[80.700673588294435,7.0606017411101067],[80.700675113334455,7.0606032660315465],[80.70067711289397,7.0606036452640932],[80.700679269671838,7.0606058005951269],[80.700682345356796,7.0606072606578945],[80.700683871302203,7.0606087846751455],[80.700685924290681,7.0606090336951048],[80.700689249635573,7.0606115970616301],[80.700692957668664,7.0606154997795256],[80.700694737174317,7.0606164107129548],[80.700697475560531,7.0606213025929385],[80.700699001506038,7.0606228266101452],[80.700699216611156,7.0606248920985486],[80.700701287182511,7.0606283451062453],[80.700702961642165,7.0606295083262376],[80.700703916393834,7.0606310494325877],[80.700704986637803,7.0606348965587395],[80.70070671633755,7.0606359250448714],[80.700707479134962,7.0606377645436984],[80.700708920992639,7.0606386916998956],[80.700712650601176,7.0606435168215436],[80.700715871835015,7.0606461516117953],[80.700716469872219,7.0606480589074101],[80.700718320487141,7.0606514458643845],[80.7007212140511,7.0606539693707253],[80.700722939702459,7.0606576257929978],[80.700723008210119,7.0606705258451319],[80.700724015432399,7.0606722641004556],[80.700724015987092,7.060674418176788],[80.700726819832894,7.0606775683582317],[80.700728634607984,7.0606786900024465],[80.700729985844177,7.060680232077468],[80.700735588547772,7.060689372890085],[80.700736109272583,7.0606935490972882],[80.700737017792477,7.0606954962331123],[80.700739110196068,7.0607038587655673],[80.700739109495018,7.0607081678222654],[80.700747735207329,7.0607254099715124],[80.700751704838751,7.0607293769377169],[80.700752048493328,7.060731389996743],[80.700753991421578,7.0607348954336926],[80.700754753868978,7.060738889008638],[80.700759773598818,7.0607481273922481],[80.700761701551841,7.0607490917040714],[80.700764316299853,7.06075167846687],[80.700765527194108,7.0607534285112488],[80.70076844790205,7.0607560343142941],[80.700769525718997,7.0607578494476746],[80.700771456387557,7.0607588146641973],[80.700772535127413,7.0607605212800237],[80.700772534776959,7.0607626762605182],[80.700773164559152,7.0607642019406498],[80.700775770295579,7.060766540015555],[80.70077666164282,7.0607683261806082],[80.700778042740112,7.0607699387968301],[80.70077872494042,7.0607719835617724],[80.700781161233493,7.0607753552401862],[80.700782326498,7.0607793751055521],[80.700783655084436,7.060781039259143],[80.700785719290735,7.0607846758411918],[80.700786872327214,7.0607859592500279],[80.700787395202255,7.0607880492048167],[80.700788789069534,7.0607890658800629],[80.700789787239557,7.060790807751026],[80.700791163843803,7.060792217800107],[80.700792916183559,7.0607931920307507],[80.700796977977276,7.060798208920219],[80.700798896957807,7.0607986849007824],[80.700799975799995,7.0607997630182462],[80.700803990577469,7.0608044425908449],[80.700806314591915,7.0608080122957135],[80.700807040252613,7.0608099964786115],[80.700822535800356,7.0608374774810194],[80.700828152177579,7.060840483427735],[80.700829009139596,7.0608421918161008],[80.700833584263947,7.0608467638659507],[80.700836482409457,7.0608489572976643],[80.700844764232912,7.0608600916517332],[80.700846290179683,7.0608616156684407],[80.700847052978176,7.0608634542627335],[80.700848810751197,7.060864418546581],[80.70085145216909,7.0608700076361188],[80.700853245259992,7.0608708833028961],[80.700855898814496,7.060874202565925],[80.700858189329352,7.0608778174807956],[80.700865813632475,7.060885437563206],[80.700869135791891,7.0608909119150933],[80.700870660833644,7.0608924359315814],[80.700881442954326,7.0609085995810785],[80.700883177728912,7.0609118318808939],[80.700884886602012,7.0609129101002699],[80.700885904771269,7.060914135610898],[80.700889586943347,7.0609156599768959],[80.700892226936702,7.060918877050014],[80.700895866609912,7.0609201165501307],[80.700896864833737,7.0609215310591695],[80.700902462254888,7.0609242168747315],[80.700903629694466,7.0609259994670008],[80.700908005915593,7.0609290757483461],[80.700909976443739,7.060929861916553],[80.700914221860714,7.0609301528891368],[80.700917030853091,7.0609350746216153],[80.700918108338584,7.0609389380260792],[80.70091898701277,7.06094072961469],[80.700920828098887,7.0609414922497269],[80.700923403005845,7.0609441622020865],[80.70092556013617,7.0609441625514835],[80.700927429295319,7.0609448555588532],[80.700931558222379,7.0609489817086013],[80.700933336781986,7.0609501548920619],[80.700935381588636,7.0609506290838269],[80.700941106673881,7.0609531421955962],[80.700943199449085,7.0609536652280536],[80.700947489237009,7.0609538630631894],[80.700949577502129,7.0609542875246518],[80.700951539890994,7.0609550275713424],[80.700952583360063,7.0609565397535112],[80.700954342000458,7.0609577409674049],[80.700955854019327,7.0609614244836179],[80.70095585276448,7.0609635794639773],[80.700956628237336,7.0609654135385629],[80.700956931155446,7.0609674437727898],[80.700958214583011,7.0609684866547608],[80.700960746415717,7.0609744202696119],[80.700961243954197,7.0609764577698693],[80.700961243604596,7.0609786127503655],[80.700962320534913,7.0609803211740756],[80.70096232004181,7.0609889410961726],[80.700963398884852,7.060990019213266],[80.700963397486717,7.0609986382308962],[80.700965554062961,7.0610020559830833],[80.700965902235055,7.0610041287274052],[80.700969259963941,7.0610079753189172],[80.700971218715608,7.0610088175524348],[80.700972451412468,7.061010099165081],[80.700974910044664,7.0610152830915895],[80.700975257910414,7.0610192449480396],[80.700976335352578,7.0610233796465884],[80.700976335003048,7.0610255346270678],[80.700978491579519,7.0610289523791918],[80.700979777279429,7.0610327299073621],[80.700981573087745,7.0610336001482059],[80.700981726649829,7.0610356023245275],[80.700982804485562,7.0610373107483397],[80.700983141804386,7.0610393265190972],[80.70098496116448,7.061040097289192],[80.700984983446887,7.0610422432301867],[80.700986039555858,7.0610439615979432],[80.700986508140019,7.0610459222267759],[80.700990531146005,7.0610501234169352],[80.700991430616185,7.0610520660292329],[80.700993671543699,7.0610544619199631],[80.700997763806527,7.0610558244792658],[80.701000679093696,7.0610583850642712],[80.701002835319343,7.0610583854131743],[80.701003293083531,7.0610600837891457],[80.701003291829068,7.0610622378651717],[80.701004051890564,7.0610642139145119],[80.701006446640775,7.0610670059196599],[80.701009419895726,7.061074941757103],[80.701010745767576,7.0610766095268458],[80.701010839217673,7.0610808806175305],[80.70101191760935,7.0610847449262328],[80.701012269063625,7.061088908445277],[80.701013793757127,7.0610925874417791],[80.701014756687641,7.0610939440687428],[80.70101907094967,7.0610939447667],[80.701022937860202,7.0610950224303579],[80.701025026167628,7.0610951900662906],[80.701026551210717,7.061096713177955],[80.701029594298859,7.0610982555257529],[80.701040333757575,7.0610984453600993],[80.701044193288396,7.061100374886303],[80.701046341361135,7.0611004132148842],[80.701052463978385,7.0611020654825429],[80.701053977327874,7.061103131009288],[80.701055158368973,7.0611047761476442],[80.701057088134519,7.0611057404585251],[80.701074328879344,7.0611058047392881],[80.701076210717062,7.0611064688100624],[80.701077750248785,7.0611079611772078],[80.701079905569443,7.0611079615256092],[80.701084051293492,7.0611089985397131],[80.701087133975818,7.0611119959349518],[80.701087409736303,7.0611140370164911],[80.701091713456123,7.0611176504469668],[80.701093640505562,7.0611186183745174],[80.701094690362908,7.0611198158560891],[80.701100262360114,7.0611230044638171],[80.701102306261163,7.0611234867935373],[80.701104236026737,7.061124452008535],[80.701105743014281,7.0611256757890652],[80.701107293552084,7.0611262828343779],[80.70111153988411,7.061126524972372],[80.701117148088585,7.0611297235332255],[80.701119194673254,7.0611304039080816],[80.701123914675719,7.0611347426654572],[80.701125066349405,7.0611388638109256],[80.701125955860888,7.0611408190817375],[80.701127310806541,7.061141830323808],[80.701127309552348,7.0611439862084673],[80.701128716106496,7.0611449287309904],[80.701131765288125,7.0611479767621121],[80.701133534835179,7.0611489130130733],[80.701134612773899,7.0611499902252959],[80.701136309029465,7.0611507347498028],[80.701139172711137,7.0611533541060272],[80.70113928914688,7.0611554376645529],[80.701141218913094,7.0611564001664657],[80.70114132991695,7.0611584873413813],[80.701142407753409,7.0611601966691389],[80.701142405661201,7.0611731247433891],[80.701144562239392,7.0611765433990623],[80.701144871486619,7.0611786251800917],[80.701145950206268,7.0611804710594201],[80.701147475249869,7.061181995075013],[80.701148074394538,7.0611882611642676],[80.701148874288165,7.0611902263680273],[80.701149134659119,7.0611922746815363],[80.701149950870644,7.0611940915804166],[80.701149951427283,7.0611962456567303],[80.701150659005336,7.0611981086580764],[80.7011521080058,7.0611996634080239],[80.701152339952742,7.0612039507987081],[80.701153184741557,7.061208175890676],[80.701153185297926,7.0612103317756025],[80.701156417404761,7.0612297253137069],[80.701158386561318,7.0612334043814986],[80.701160176893055,7.0612345612883489],[80.701161701936996,7.0612360843995674],[80.701163584196607,7.0612397399411462],[80.701163964958724,7.0612418054560591],[80.701164886182553,7.0612435789647829],[80.70116504195758,7.0612542887819671],[80.701165424530274,7.0612563533928556],[80.70116654580049,7.0612581676280026],[80.701167929242573,7.061262089861688],[80.701169025170969,7.0612638778676295],[80.701169353438004,7.0612658972540494],[80.70117393000038,7.0612728178045261],[80.701181409459778,7.0612805653666824],[80.701183372309643,7.0612840626662159],[80.701184775243306,7.0612850060923069],[80.701185528991061,7.0612868483018065],[80.70118553769511,7.0612890005708149],[80.701188587783236,7.0612920486017021],[80.701188763058639,7.0612941303610839],[80.701190873468747,7.0612975670953473],[80.701191934201503,7.0612986895203829],[80.701194090428288,7.0612986898684058],[80.701195801113968,7.0612997680869292],[80.701197958245984,7.0612997684350818],[80.701201193317175,7.0613008459953202],[80.701202867780481,7.061302009213497],[80.701203859616328,7.0613037528911757],[80.701205692628022,7.0613040787400703],[80.701206550513419,7.0613056885576242],[80.701208481252991,7.0613062341706101],[80.701209559192108,7.0613073122869841],[80.701211410311402,7.0613076182438697],[80.701212705517051,7.0613086068681854],[80.701213566992934,7.0613104047836623],[80.701215583793825,7.0613105443734643],[80.701218480133136,7.061312740515457],[80.701222079857516,7.0613147423434022],[80.701222193574225,7.0613168494136209],[80.701224350358061,7.0613190038378235],[80.701224349661132,7.0613233147030661],[80.701224759391707,7.0613253729880912],[80.701226794613817,7.0613291524451123],[80.701230052943629,7.0613319454927677],[80.701239163021199,7.0613377110605224],[80.701245941353449,7.0613428974909862],[80.701247661095408,7.0613439521986194],[80.701249623530103,7.0613444218541694],[80.701251148574698,7.0613459449650895],[80.701253435514531,7.0613493093824271],[80.701255276602822,7.06135007201613],[80.701256211462166,7.0613514946530049],[80.701257880491994,7.0613526732434631],[80.701260930581185,7.0613557203695692],[80.701262093514487,7.0613573953468389],[80.701262093166278,7.0613595503272979],[80.701263170655579,7.0613634137309358],[80.701263979625509,7.0613652342456836],[80.701265439487003,7.0613668043703974],[80.701266405041508,7.0613687361410387],[80.70126640378885,7.0613708865997689],[80.701267483537947,7.0613719692378814],[80.701268241813281,7.0613738051177979],[80.70126964011888,7.0613753824670722],[80.701270037728563,7.0613796273816103],[80.701270717217156,7.0613816667194769],[80.701271796061945,7.0613827439315386],[80.701277142664438,7.0613859325008441],[80.701278666803901,7.0613874565158339],[80.701280545020154,7.0613881332455977],[80.701281622959925,7.0613892095531767],[80.70128377918698,7.0613892108051104],[80.701284858031656,7.0613902889214586],[80.701288999228822,7.0613913494451896],[80.701291154548031,7.0613913669745783],[80.701295020556302,7.0613924455401822],[80.701296038709813,7.0613937813762462],[80.701301939431289,7.06139619142012],[80.701305227645989,7.0613989112226108],[80.701306191450485,7.061400470415462],[80.701308463142468,7.0614029666885259],[80.701309311920596,7.0614049210481049],[80.701310674007232,7.0614065635020431],[80.701311636847095,7.0614084907505728],[80.701311697150857,7.0614106321760994],[80.701312365803048,7.0614125105442538],[80.701313852826345,7.061414049926519],[80.701315615675981,7.0614172297789874],[80.701317304706564,7.0614178784443995],[80.701318876422548,7.061421881191901],[80.701319356972661,7.061428232267323],[80.701320321622902,7.0614301604204455],[80.70132032218018,7.0614323154010625],[80.701326790795022,7.0614495544788669],[80.701327818050444,7.0614505837538406],[80.701327867492836,7.0614527179430926],[80.701330242214709,7.0614562379162145],[80.701333744109618,7.061458658424959],[80.701334338529037,7.0614605684321292],[80.701334504613968,7.0614691187487644],[80.70133541497556,7.0614708967769539],[80.701336493370803,7.0614747610848756],[80.701336492675068,7.0614790710458033],[80.701337687820427,7.0614830773498367],[80.701338648877453,7.0614848354912825],[80.701341558750329,7.0614929268583602],[80.701344039409349,7.0614962831676085],[80.701344433799918,7.0614980439307136],[80.701345933547401,7.061499268613586],[80.701347130860512,7.0615010620613292],[80.701347273544044,7.0615031736577505],[80.701348122322514,7.0615051280172558],[80.701348351908649,7.0615072287759029],[80.70134727271558,7.0615083065444884],[80.701346707603349,7.0615098962376539],[80.701343080059331,7.0615119900447789],[80.701342956614056,7.0615140699473375],[80.701342014086876,7.0615152833850408],[80.701341878883682,7.0615173017923301],[80.701340799588678,7.0615190107721224],[80.701340797363386,7.0615384046920573],[80.701342225645973,7.0615393372699877],[80.701343750343526,7.0615430162653769],[80.701344031537161,7.061545054634669],[80.701344028754448,7.0615622944783087],[80.701344709240075,7.0615637686198998],[80.701345409815858,7.0615697643352702],[80.701346184363544,7.0615717376734066],[80.701346182972372,7.061580356690901],[80.701346484082109,7.0615823869245684],[80.70134726046274,7.0615842209986317],[80.701347258723743,7.0615949949965584],[80.701349834415723,7.0615984471783957],[80.70135874856895,7.0616179347744401],[80.701361055391089,7.0616215135168803],[80.701362415668072,7.0616231559703522],[80.701363380319066,7.061625083219071],[80.701365189722637,7.0616258666464775],[80.70136630103579,7.0616276890183451],[80.701367930279943,7.0616286035422773],[80.701370514122985,7.0616320322131294],[80.701373871151631,7.0616346570732453],[80.70137634636751,7.0616380929610756],[80.701378046188168,7.0616391964979934],[80.701379948086483,7.061644583803325],[80.701381688658159,7.0616455869679138],[80.701381763448509,7.0616477112137739],[80.701382681026544,7.0616496493066379],[80.701382841466227,7.0616539204079567],[80.701380683750315,7.0616575291781167],[80.701380666206148,7.0616596678781489],[80.701379113599856,7.0616606470003296],[80.701378525788385,7.0616626626218064],[80.701375909175482,7.0616659710857821],[80.701375287871954,7.0616679803716718],[80.701373439367885,7.0616682875408125],[80.701370063553867,7.0616754916676223],[80.701366659185481,7.0616801383895442],[80.701369889217816,7.0617124627128662],[80.701372046030841,7.0617144516468828],[80.70137204429227,7.0617252265490862],[80.701372955645951,7.0617264701277191],[80.701373121189732,7.061732768702063],[80.701374091818394,7.0617369214686976],[80.70137419919439,7.0617390592845233],[80.70137419724621,7.0617455233213784],[80.701373118957846,7.0617466010901335],[80.701373117357221,7.0617509110508712],[80.70137203858863,7.061754964917256],[80.701372036849904,7.0617657407237502],[80.701373115246241,7.0617696041272184],[80.70137311489853,7.0617717591076605],[80.701373903048136,7.0617735886619881],[80.701375271481311,7.0617751768578936],[80.701375427399128,7.0617794217333678],[80.701377211887802,7.0617831468904821],[80.701382290854951,7.0617900629981625],[80.701382818269593,7.0617920923639153],[80.70138066111042,7.061797857018937],[80.701380415473196,7.061799860035098],[80.701378503495519,7.061800835482158],[80.70137848866537,7.0618029841300602],[80.701377423852435,7.0618046985381229],[80.701377423504738,7.0618068535185632],[80.701376650130385,7.0618088257030731],[80.701376344735934,7.0618109082892566],[80.701376342439914,7.0618195282108269],[80.701376622728446,7.0618215674842482],[80.701378499580485,7.0618251009416264],[80.701383319438577,7.0618389738958998],[80.701383889393142,7.0618410367281088],[80.701383888140271,7.0618431917083893],[80.701384967891585,7.0618442689203338],[80.70138496754393,7.061846423900751],[80.701385980202929,7.0618481594425377],[80.701387068509703,7.0618523158453508],[80.701387117123772,7.0618932532478169],[80.701390007888136,7.0618963672666437],[80.701390769785206,7.0618982058598556],[80.70139381987866,7.0619012538893911],[80.701394665061059,7.0619030599406969],[80.701395093803185,7.0619051137070192],[80.70139645051627,7.061906408903214],[80.701398845780901,7.0619116651623024],[80.701400937260871,7.0619146361707612],[80.70140113356338,7.0619210532151477],[80.70140221105494,7.0619249175227097],[80.701403108743875,7.0619267000702877],[80.701403289451761,7.0619287818304111],[80.70140436729109,7.0619304902532249],[80.70140436659608,7.0619347993097641],[80.701405394644922,7.0619365294280891],[80.70140697319215,7.0619374801162902],[80.701408134298902,7.0619392672278201],[80.701409659345813,7.0619407912425309],[80.701409757673744,7.0619429046403885],[80.701413489565098,7.0619449101053728],[80.701414499220419,7.061948433475588],[80.70141582243231,7.0619497802122133],[80.701417306338612,7.0619538209263952],[80.701418384279819,7.0619548981379516],[80.701418379899479,7.0619764479420093],[80.701415591479687,7.061978602473709],[80.701415144931758,7.0619803097468381],[80.701415143889307,7.0619867737837776],[80.701412728222351,7.0619901501037887],[80.701411138014663,7.061994145107489],[80.701410826841524,7.0619983817689054],[80.701409748552805,7.0619994586334167],[80.701409574967556,7.0620037278722858],[80.70140673452029,7.0620085474091763],[80.701406510598673,7.0620106101135676],[80.701406509766187,7.0620213841114774],[80.701408043502525,7.0620251589653407],[80.701409858291484,7.062026237199845],[80.701410822943473,7.0620281644484164],[80.701412980078842,7.0620281647956213],[80.701411897583228,7.0620497135217688],[80.701413995367616,7.0620528880018423],[80.701414758170259,7.0620547265951492],[80.701416210795131,7.0620562813448613],[80.70141625661563,7.0620584245766107],[80.701417220362202,7.0620603536336821],[80.701418581546037,7.0620619951828054],[80.70141944480973,7.0620639468315369],[80.701419603791308,7.062066035822669],[80.701421127933443,7.0620675598371774],[80.7014228640071,7.062068399320041],[80.701423868493507,7.0620702976369589],[80.701428035358262,7.0620750179227167],[80.701431770856573,7.0620771165324969],[80.70143329590401,7.0620786405471314],[80.701434057801407,7.0620804800445702],[80.701435582848859,7.0620820040591958],[80.701438854460761,7.0620866744635338],[80.701439481453377,7.0620886830459897],[80.70144074486241,7.0620903951158365],[80.701441011572385,7.0620924389085751],[80.701442169073346,7.0620941355880236],[80.701442852183675,7.062096180352075],[80.701443167418461,7.0621004388178283],[80.701443984538045,7.0621022548119763],[80.701444244910917,7.0621043022209378],[80.701444243521323,7.0621129221425845],[80.701443165232277,7.0621139999114746],[80.701442363796929,7.0621159657613655],[80.701441629054131,7.0621197529105313],[80.701439158241214,7.0621226770647452],[80.701438849234975,7.0621247035828763],[80.701437483097308,7.0621257134819047],[80.701435611417722,7.0621293901218065],[80.701434593768781,7.0621305266808596],[80.701434531738983,7.0621390869080019],[80.701436688881685,7.0621446596384736],[80.701441943732675,7.0621499217832948],[80.701445365953717,7.0621524688823429],[80.701449217027275,7.062156387894821],[80.701450099365857,7.0621579362224765],[80.701459249652558,7.062167080309802],[80.701460012455556,7.0621689189030388],[80.701470687790419,7.0621795879089992],[80.701474344618376,7.0621811737596767],[80.701475895022313,7.0621826362848932],[80.701476686803474,7.0621844061548833],[80.70147874525486,7.0621845050561474],[80.70148055337674,7.0621876396995162],[80.701485214295033,7.0621992039131962],[80.701486292236837,7.0622002820288996],[80.70148788116083,7.0622042549361534],[80.70148844840061,7.0622063177677799],[80.701488702994965,7.0622105219648832],[80.701489525546492,7.0622123361511964],[80.701489525757324,7.0622166461121445],[80.701491415231501,7.0622205105500058],[80.701499581855714,7.0622221215420922],[80.701501738991993,7.0622221218888885],[80.701503476849425,7.0622231313827726],[80.701506526945735,7.0622261794115619],[80.701510318581697,7.0622282002587164],[80.701513530748514,7.0622310231392991],[80.701517066231105,7.062232898350671],[80.701517975736223,7.0622343869978303],[80.701519500784457,7.0622359110121815],[80.701524080628033,7.0622394105394424],[80.701528737260759,7.062243869556224],[80.701530504076587,7.0622449333135346],[80.701531395429484,7.0622467194770842],[80.701533474686798,7.0622469079085528],[80.701534818805939,7.0622477201985925],[80.701536155556255,7.0622493219536207],[80.701537973103683,7.0622501415542471],[80.701540130240105,7.0622501419008659],[80.701541782051422,7.0622514651777797],[80.701547337871574,7.062254030705188],[80.701548868352731,7.0622555456771758],[80.701552727895674,7.0622574724862321],[80.701556813950518,7.0622581124927137],[80.701557622937813,7.0622598416712075],[80.701558701785288,7.0622609188825782],[80.701560812737824,7.0622610295480026],[80.701563392108866,7.0622641525588623],[80.701563935886185,7.0622657632295995],[80.701565013726849,7.0622674716520244],[80.701565073898422,7.0622760662627142],[80.701566091990472,7.0622778009006559],[80.701569965646485,7.0622820309997989],[80.701570862474313,7.0622835476785601],[80.701574282949608,7.0622857032084019],[80.701575292954274,7.0622870679805514],[80.701579165180107,7.0622889360110417],[80.701581322316713,7.0622889363574677],[80.701583351730264,7.0622894783675001],[80.701585279691372,7.0622904426759128],[80.701593339309127,7.062293248248082],[80.701595465647628,7.0622933770021019],[80.701597380028161,7.0622943557773201],[80.701598345586831,7.0622962821213369],[80.70160253671817,7.0622964826476542],[80.701604443011846,7.062297087939819],[80.701609018158024,7.0623016599819959],[80.701609227836272,7.0623037272776577],[80.701610307589178,7.0623048044890497],[80.701610305990698,7.0623091144497057],[80.701609227701709,7.0623101913146771],[80.701609225968497,7.0623209662166442],[80.701612461718923,7.0623234988155179],[80.701613278839375,7.0623253157136734],[80.701618160929797,7.0623294238919012],[80.701620315785917,7.0623323478852118],[80.701626416886739,7.0623384439413766],[80.701626475404495,7.0623685865476258],[80.701627552868104,7.0623726425691959],[80.701628630709266,7.0623743509914725],[80.701629724467452,7.0623784033983892],[80.701630688215843,7.0623803306463699],[80.701632156229422,7.0623818962496392],[80.701632943476113,7.0623837239947296],[80.70164056510707,7.0623913051784282],[80.701642384466695,7.0623921184487308],[80.701643983773039,7.0623934607074732],[80.701646066653083,7.0623936419044977],[80.701648675909297,7.0623966925745583],[80.701650833046244,7.0623966938249847],[80.701654012641413,7.0623994280765796],[80.701654775445419,7.0624012675738079],[80.701656594805129,7.0624020808440564],[80.701657600204072,7.062403943892364],[80.701657746162383,7.0624082186084163],[80.701658824531577,7.0624122746300539],[80.701659044720614,7.0624165321760524],[80.701660974028115,7.0624203875764753],[80.701660980018673,7.0624225398449418],[80.701662333962247,7.0624241841051409],[80.701664311254248,7.0624279906802903],[80.70166624102653,7.062428954988663],[80.701667935066823,7.0624322523895486],[80.701669927341982,7.0624329508395869],[80.701670848594773,7.0624345706138678],[80.701673897788339,7.0624376186414173],[80.701673918822195,7.0624419204668323],[80.701677431246935,7.0624464688257085],[80.701682475385596,7.062450501066885],[80.701684602639389,7.0624505719445443],[80.701688263904757,7.0624527275121514],[80.701692358020992,7.0624539119158234],[80.701695409025248,7.0624569599435194],[80.701697125604369,7.0624608297787104],[80.701700566374186,7.0624662679709562],[80.701701242824939,7.062470333875515],[80.701705190573165,7.0624754267010372],[80.701706583096865,7.0624792160002752],[80.701707662727202,7.0624810600697794],[80.701708425877726,7.0624807445865114],[80.701712737902781,7.0624947512942233],[80.701712737535132,7.062497040113092],[80.701713593583349,7.0624988407396447],[80.701713815030715,7.0625009035155486],[80.701718440467701,7.0625079940793958],[80.70171996551764,7.0625095171887819],[80.701720284734989,7.0625115410948416],[80.701721989190304,7.0625119935251099],[80.701723689915426,7.0625131269032604],[80.701725736506774,7.0625138090841331],[80.701729939330576,7.0625144916105818],[80.701731985922265,7.0625151719828043],[80.70173507767251,7.0625181549061518],[80.701739009723227,7.0625195382325403],[80.701739696548884,7.0625210069486615],[80.70174116651485,7.0625216935586188],[80.701743209550614,7.062521969701824],[80.701744734600382,7.0625234946197493],[80.70175152770075,7.0625270505669278],[80.701752539505435,7.0625284867797902],[80.701754585191821,7.0625291680560727],[80.701756263263647,7.0625304443121051],[80.701758309855009,7.0625311273971461],[80.701763718962283,7.0625341405339412],[80.701764908169523,7.0625357042834995],[80.701770869598349,7.0625378602189564],[80.701775183873863,7.0625378609100586],[80.701781568218294,7.062538907319774],[80.701783515199153,7.0625398173715794],[80.701802880525122,7.0625400203262796],[80.701804971536603,7.062540302807081],[80.701810759950661,7.0625431948260013],[80.701811546296582,7.0625450008671038],[80.701813071346791,7.0625465248804904],[80.701814796528254,7.0625475642135527],[80.701816954571285,7.0625475645590541],[80.701818910672785,7.0625480486802505],[80.701820435722865,7.062549573597928],[80.701822532187478,7.0625497204324272],[80.701826275048759,7.0625510983019177],[80.701827800099025,7.0625526223152404],[80.701836814252999,7.0625583978034534],[80.701838340208553,7.0625599218168915],[80.701840205748155,7.0625606555141776],[80.701843656029823,7.0625632424046279],[80.701851053683285,7.0625676394591892],[80.701852982551159,7.0625686046709815],[80.701855018307143,7.0625691195514468],[80.701857173634622,7.0625691198963239],[80.701859038272971,7.0625698291769021],[80.701860595018573,7.0625712754241974],[80.701862641702022,7.0625713860779795],[80.701865540792085,7.0625734311959434],[80.701867655720193,7.0625769854886311],[80.701869275915428,7.0625779063395528],[80.701873425686742,7.0625820234411139],[80.701874504434656,7.0625837309586608],[80.701876006902111,7.0625849592575154],[80.701876661095156,7.0625867101142141],[80.701876906080443,7.0625887638506688],[80.701878432036239,7.0625902878639835],[80.701879537921926,7.0625921129466862],[80.701879895151833,7.0625941829787493],[80.701880854402575,7.0625959420230542],[80.701880973554111,7.0625980472852765],[80.70188245886203,7.062599028703632],[80.701883593717966,7.0626008338960498],[80.701885118423235,7.0626045128895827],[80.701885284649393,7.0626065982644333],[80.701886363498403,7.0626076754750446],[80.70188803746133,7.0626063527313061],[80.701888800266573,7.0626081922281303],[80.701890625060983,7.0626089919336392],[80.701892782199081,7.0626089922786388],[80.701894321739346,7.0626104783128962],[80.701898156939677,7.0626118191197014],[80.701899950893335,7.0626130140054872],[80.701903619511256,7.0626144922413552],[80.701904460170681,7.0626162991952999],[80.701906301265197,7.0626170609221663],[80.701910876417486,7.0626216329613714],[80.701911639222857,7.0626234724581547],[80.701914176110748,7.0626262346389659],[80.70191526571881,7.0626279593401255],[80.701918641785412,7.0626304711600758],[80.701920483785059,7.0626312337913424],[80.701922988037069,7.0626342961991577],[80.701924747591946,7.0626354946965835],[80.701935422948281,7.0626461627875932],[80.701937206949694,7.0626473269249512],[80.701938162609551,7.0626489005842021],[80.701939886886166,7.0626499417253052],[80.701941071566623,7.0626515154211384],[80.7019413627132,7.0626536017202355],[80.701943188877181,7.062657155966428],[80.701944745707195,7.0626580786155992],[80.701945674695907,7.062662273877061],[80.701945668614115,7.0626945985825866],[80.701946748023616,7.0626978307735895],[80.701946747678505,7.0626999857539587],[80.701947825176504,7.0627038491558842],[80.701947835694341,7.0627060023293602],[80.701948903191038,7.0627101397368381],[80.701950767324007,7.0627140095946555],[80.701952122174362,7.0627156556627799],[80.701952136873956,7.0627199592957881],[80.701953646535472,7.0627214896364539],[80.701955372659739,7.0627223001777031],[80.70195548819062,7.062724406343647],[80.701957245973574,7.0627253670060712],[80.701957528102099,7.0627272407899069],[80.701959170035451,7.0627280856816403],[80.701965248325592,7.062729713513896],[80.701969480092657,7.0627305588193678],[80.70197377442345,7.0627307575502494],[80.701974783926872,7.0627296119455938],[80.701975863962431,7.0627232801110233],[80.701975863747009,7.0627189710544345],[80.701976943947727,7.0627172620734173],[80.701976943387479,7.0627151070928891],[80.701977510309206,7.0627135192079509],[80.701979222252234,7.0627124415390785],[80.701981344073616,7.0627125268835469],[80.701982869124947,7.0627140508963837],[80.701984709314601,7.0627148135271014],[80.701986235271164,7.0627163375400563],[80.701988219446335,7.0627167529371597],[80.701999004234082,7.0627167546597116],[80.702001793560896,7.0627146001247567],[80.702021205995536,7.0627146167892834],[80.702027004454891,7.0627169815920308],[80.702029791277923,7.062719160529519],[80.702031948775101,7.0627225782768255],[80.702032251699279,7.0627246067016527],[80.702034811108987,7.0627280561640884],[80.7020351828277,7.0627300981645931],[80.702036444538422,7.0627311338056238],[80.702037449028865,7.0627330312168857],[80.702038974080281,7.0627345561338508],[80.702039736886348,7.0627363956304272],[80.702041261032704,7.0627379196429283],[80.702043333386044,7.0627416710684745],[80.702043820068283,7.062743709470082],[80.702044887048316,7.0627454233155511],[80.702047509105711,7.0627477017011895],[80.702050226586678,7.0627532926044907],[80.702052319093596,7.0627555519150063],[80.702053348036969,7.0627573751763864],[80.702053513353789,7.0627594912976912],[80.702054311443149,7.0627614583081746],[80.702055669011415,7.0627630935246719],[80.702056747370975,7.0627672363595071],[80.702058904064302,7.0627700228953314],[80.702058903375274,7.0627743319517675],[80.702059982124013,7.0627760412775054],[80.702059981434857,7.0627803512382625],[80.70206047083272,7.0627823905445899],[80.702064403334191,7.0627922979327522],[80.70206620593865,7.0627960104296443],[80.702068297843198,7.0628020389210224],[80.702069441759932,7.0628037979944081],[80.702069682780618,7.0628080076148567],[80.702070890636449,7.0628118402906059],[80.702072917747117,7.0628154804781778],[80.701924678687234,7.0628622062225999],[80.701717047695354,7.0628213287332455],[80.701407104199859,7.062898714449644],[80.701304975186744,7.0630180909641567],[80.701131383251933,7.0631444996158708],[80.700487714275539,7.0631841325358762],[80.700296038813235,7.0633249861507323],[80.700111595046693,7.0634658426778492],[80.6997210355661,7.0636030516078288],[80.699584193441368,7.063651161174068],[80.699464278106873,7.0636933213010966],[80.699400486987344,7.0637489025584825],[80.699342714964118,7.0637918017990629],[80.699280499272461,7.0638287842746061],[80.699236060810094,7.0638628089630036],[80.699184216138818,7.0638894342267875],[80.699133856831637,7.0638894258760692],[80.699086464745449,7.0638627841573713],[80.699076103963563,7.0638169129200374],[80.699058339041798,7.0637621628028269],[80.699009463567066,7.0637503172152813],[80.698954656351603,7.0637754615994943],[80.698893924453543,7.0638006068000418],[80.698816902506948,7.0638183492784812],[80.698772465660824,7.063831658802652],[80.698728037712186,7.063791700614245],[80.698671763551559,7.0637384226132651],[80.698630291564612,7.063733977318293],[80.698591779892411,7.0637443288992152],[80.698536975381785,7.0637531964875411],[80.698486614267225,7.0637694657181189],[80.698412558167988,7.0637635345906089],[80.698337017578339,7.0637679612146833],[80.698319238082988,7.0638005108243673],[80.698323677592072,7.0638256650612092],[80.698268871892978,7.0638522906308108],[80.698249224692361,7.0638592514567211],[80.698237067743563,7.0638635575686264],[80.69822295268267,7.0638685587690224],[80.698179997912703,7.0638803881233034],[80.698125190230897,7.0639025743982744],[80.698088161038257,7.0639144056440202],[80.698049649339467,7.0639247571798149],[80.69801854350986,7.0639336295967352],[80.697975585670207,7.0639528580282143],[80.697953364061561,7.0639809675983027],[80.69788818990888,7.0640075913762947],[80.697831905911471,7.0640075818862256],[80.697812645773752,7.0640327321294221],[80.697830412559028,7.064075645727228],[80.697854104183222,7.0641229986962379],[80.697858541609449,7.0641496332985136],[80.697793662999828,7.0641841870415192],[80.697747446320534,7.0642088018995706],[80.69771338033145,7.064207315784147],[80.697691166210618,7.0641910361889027],[80.697648211495107,7.0641969476632474],[80.697562302312008,7.064207290238163],[80.697507492454946,7.0642472308344404],[80.697480825458911,7.0642901378213079],[80.697476374686687,7.0643315673051603],[80.697482291582318,7.0643774387269369],[80.69749709455067,7.0644262696647377],[80.697494125126141,7.0644706592189115],[80.697477823626798,7.0645254036214027],[80.697451147513547,7.064611220299323],[80.697417065656694,7.0647029535497179],[80.69738594779119,7.0647769310965289],[80.697341500544468,7.0648612634856249],[80.697307420511336,7.0649367217897945],[80.69730000137902,7.0650107033536313],[80.697289622160824,7.0650846853186291],[80.697289608309688,7.0651660663314679],[80.697291075909391,7.0652444886806478],[80.697298468456836,7.0653214325784122],[80.697326596236749,7.0654028192736416],[80.697369534965404,7.0654916057680728],[80.697409514428642,7.0655596775429261],[80.697433272643153,7.0656042172214821],[80.697448226562102,7.0656172445895251],[80.697476098259443,7.0656396835322441],[80.697488874515471,7.0656509028065084],[80.697478793200773,7.065729805196062],[80.697495050388952,7.0657603647163585],[80.697515178244359,7.0657967269694808],[80.69752523865634,7.065824963160952],[80.69753336550707,7.0658532008333781],[80.697457852000824,7.0659359607907239],[80.697438572792791,7.0659608731775752],[80.697423774288197,7.0659814193918713],[80.697419622094756,7.0659862857048514],[80.697421413149073,7.0660631436430119],[80.697425078070495,7.0660704673981378],[80.69746510580562,7.0661158200984593],[80.697470178590549,7.0661270869002442],[80.697470455332535,7.066155251802015],[80.697485988838594,7.066305567673556],[80.697529597783912,7.066323618835777],[80.697571885176401,7.0663412293694119],[80.697585540455748,7.0663469532744774],[80.697612409135715,7.0663698414830964],[80.697687192205692,7.0664365056774994],[80.697690517841821,7.066469562527832],[80.697703298048992,7.0665965963658293],[80.69768930480916,7.0666621332416177],[80.697676668091603,7.0667087141195486],[80.697674904506059,7.0667205965051307],[80.697683706863216,7.0667584444313816],[80.69769030922042,7.0667980535888786],[80.697700158588631,7.0668379092684122],[80.697696025562607,7.0668578504983541],[80.69768018783526,7.0668997926092727],[80.697670543817196,7.0669355475473425],[80.697654023588314,7.0669451711744209],[80.697629929289732,7.0669602953649315],[80.697605148038278,7.0669747312551374],[80.697590688461133,7.0670036080698315],[80.697571407698092,7.0670428004798733],[80.697561079022336,7.0670696161573758],[80.697552805603323,7.0671528170532074],[80.69755279965284,7.0671878854374901],[80.697558990863342,7.0672071411355235],[80.697573440067387,7.0672394619488808],[80.697621608321839,7.067324047858726],[80.697664273466302,7.0673886909048678],[80.69769111164419,7.0674210147136591],[80.697734473253078,7.0674409630655886],[80.697747548067625,7.0674588435583878],[80.697757865569073,7.0674980400700811],[80.697754421302264,7.0675186686947642],[80.697728948933559,7.0675461681913543],[80.697708296869038,7.0675578556701115],[80.697668374923623,7.0675550979984294],[80.69762914281776,7.0675413394626778],[80.697601613076031,7.0675248310774297],[80.697576143525424,7.0675303277070274],[80.697541035594028,7.0675488882285906],[80.697516942020258,7.0675702006319385],[80.697496976260112,7.0675970146743738],[80.697479075792671,7.067621078143433],[80.6974742516514,7.0676540829704608],[80.697483882444416,7.0676857147864087],[80.697494890676168,7.0677139104432021],[80.697495575819062,7.0677359143224265],[80.697482491342001,7.0677696059321633],[80.697471472859689,7.0677964214896747],[80.697459078164073,7.0678301132155594],[80.697450811955846,7.0678706820431687],[80.697460442050556,7.0679064402430178],[80.69747695469654,7.0679470123673429],[80.697490715825879,7.0679800203442626],[80.697511358836366,7.0680164685922096],[80.697534754714525,7.0680632300998516],[80.697557705523806,7.0681028908591435],[80.697567784116316,7.0681203096491707],[80.697613892176477,7.0681780777837435],[80.697644858514025,7.0682248423754723],[80.697683396761008,7.0682736700808508],[80.697715740433537,7.0683176830738939],[80.697746707372602,7.0683610094579326],[80.697773544538776,7.0684050215165746],[80.697803135421921,7.0684490349428586],[80.69782309096729,7.068482732138186],[80.697834788609143,7.068502675135325],[80.69784304419025,7.068530181231675],[80.697847855227167,7.0685638758700433],[80.697852667377688,7.0686016959878746],[80.697847156206421,7.0686291997610118],[80.697828566203881,7.0686677041122614],[80.697816857301277,7.0687089596424562],[80.697807214509069,7.0687426509365165],[80.697803079001403,7.0687825331878278],[80.697800318888795,7.0688203520272834],[80.697803068531258,7.0688444198977338],[80.697810638259512,7.0688540475956358],[80.697840922150462,7.0688684927892895],[80.697873958271543,7.0688863766461685],[80.697889099799838,7.0688987565424437],[80.697918689960019,7.0689365808374731],[80.697946214338344,7.0689854075678511],[80.697974428648891,7.069028044385183],[80.698000582981038,7.0690473025348535],[80.698012969201073,7.0690638065380575],[80.698001248328339,7.0691813897674658],[80.697993668609953,7.0692308969552187],[80.697997106937493,7.0692508394609517],[80.698020503203267,7.0692852245051423],[80.698037707727707,7.0693086066248814],[80.698127856593018,7.069440646172259],[80.698125541619362,7.0694531325470367],[80.698110555761261,7.0694944969541478],[80.6980968914811,7.0695415840803122],[80.69808807632333,7.0695684280546907],[80.698085867971116,7.0696089138087643],[80.698085413025311,7.0696925301965763],[80.698085849941577,7.0697158543296696],[80.698079236767313,7.0697453383658617],[80.69806909861326,7.0697748227130344],[80.698047952093859,7.0697871404282493],[80.698024160717893,7.0698034203998468],[80.698009179963677,7.0698144197577273],[80.698008738251801,7.0698302623553664],[80.698012699238362,7.0698535870818429],[80.698015337247483,7.0698848333736359],[80.69802194059757,7.0699028782572038],[80.69804352345794,7.0699226845528642],[80.698076999295054,7.0699477749453985],[80.698107392221445,7.0699763853102517],[80.698121925291403,7.0700005926155285],[80.698131170833136,7.0700305197197446],[80.698155388239243,7.0701022566680969],[80.698169036891002,7.0701480271835528],[80.698174758658411,7.070176193899993],[80.698166825323455,7.0701968760296543],[80.698129369795566,7.0702646426185325],[80.698106896553625,7.0703016053741354],[80.698080455561353,7.0703552900298243],[80.698048728897902,7.0704089746983154],[80.698016559952606,7.0704657402867346],[80.697958392329411,7.0705726701020231],[80.697877751473342,7.0707161222520067],[80.697764941485175,7.0709167794523546],[80.697702808377088,7.0710316303501166],[80.696802366675385,7.0715386904529671],[80.696252003442581,7.0718486127810465],[80.696224221270825,7.0718511382645843],[80.696200130737736,7.0718531959482744],[80.696183609635256,7.0718614458665296],[80.696158138953635,7.0718772570156831],[80.696135421335129,7.0718916931772871],[80.696101691785046,7.0718992510370953],[80.696070715728396,7.0719081848307512],[80.696046622072345,7.0719178070891626],[80.696023217062859,7.0719288058305381],[80.696002563999599,7.0719501169341372],[80.695981223238817,7.0719645551346018],[80.69594955793238,7.071975551540298],[80.695917892196007,7.0719837970218036],[80.695874524543967,7.0720071687383088],[80.695844235144293,7.0720236672187315],[80.695813256210712,7.0720491038132343],[80.695788472651643,7.0720697278176958],[80.695766443540023,7.0720862277238679],[80.695745101691244,7.0721068523223298],[80.695726512977132,7.072130914693024],[80.695703794376882,7.0721508526768124],[80.695679012002699,7.0721646011793258],[80.695658360467192,7.0721769749363217],[80.695626006731061,7.0721852211826572],[80.695603978497815,7.0721914055761097],[80.695575065465121,7.0722106542952279],[80.695550971438863,7.0722326538674478],[80.695533073564235,7.0722402153403783],[80.695518511160103,7.0722444829780757],[80.695498122607376,7.0722437586957776],[80.695482784686675,7.0722464599264061],[80.695470513995346,7.0722475393514461],[80.69546149220362,7.0722486193412912],[80.695446513819277,7.0722504190326303],[80.695430635659491,7.0722520386085206],[80.695421613144717,7.0722572639708705],[80.695408981162075,7.0722641119476766],[80.695402484324092,7.0722689778324384],[80.695391295070465,7.0722770875773184],[80.695377399311525,7.0722842952500526],[80.695366572624195,7.0722897011598711],[80.69535087432223,7.0722929421985645],[80.695335355603106,7.0722942019169786],[80.695315687429485,7.0722945584069024],[80.695301973786655,7.0722956384803544],[80.695285373496731,7.0722958155452647],[80.695273644136321,7.0722968941551496],[80.695243871472897,7.0722985113019803],[80.695230336940995,7.0723003121424677],[80.695221496195387,7.0723013921592264],[80.69520724008521,7.0723089605850618],[80.69519027756445,7.0723150861579889],[80.695181434314293,7.0723201324928411],[80.695171329161937,7.0723251777029192],[80.69516320863859,7.0723282400996279],[80.695148498274918,7.0723347919958934],[80.695132098570909,7.0723422877000033],[80.695115583137238,7.0723489758313001],[80.695101260792541,7.0723573952013545],[80.695086693670817,7.0723678826932801],[80.695080377991843,7.0723772547996102],[80.695073880454231,7.0723860869988773],[80.695057398747025,7.0724069366842794],[80.69504330115744,7.0724190456910785],[80.695030329716175,7.0724258040710692],[80.695017923143538,7.0724325616451775],[80.6949956491748,7.0724410067504975],[80.694981551747418,7.0724418498171531],[80.694972100755251,7.0724435717849952],[80.694963798706681,7.0724493380439188],[80.694956039579608,7.072456366819452],[80.694945933042348,7.0724641159218411],[80.694940156849654,7.0724736689833492],[80.694939614283754,7.0724806990219138],[80.694938124553957,7.0724945094376617],[80.694939247128957,7.0725198593516465],[80.694940090908446,7.0725347870031392],[80.694940368534319,7.0725570376866225],[80.69493865578066,7.072572757069195],[80.694934687051713,7.0725943206352122],[80.694926314258325,7.0726163229264518],[80.694920583779307,7.0726387651765874],[80.694912209096515,7.0726612087721898],[80.694906921033777,7.0726695691290837],[80.694891500553908,7.0726783681117542],[80.694874318842707,7.0726902477815825],[80.694851410246827,7.0726937642597605],[80.694830264305637,7.0726964002444213],[80.694814845369905,7.0726963975411028],[80.694806915089572,7.0726985972496985],[80.69480030728613,7.0727012366864495],[80.694794138268733,7.0727104767846054],[80.694788409406172,7.0727236787575007],[80.694783120335003,7.0727377598001988],[80.694772986446822,7.0727465597061743],[80.694758446890944,7.072759760132894],[80.694750074573918,7.0727738406341762],[80.694750512198539,7.0727870436886109],[80.694754473818847,7.0728059671445136],[80.694746100417248,7.0728262096379257],[80.694735523376451,7.0728429312518015],[80.694723186936869,7.0728574514574554],[80.694713052348135,7.0728702122551885],[80.694709325623037,7.0728745315066437],[80.694705466511948,7.0728801068263012],[80.694706075430105,7.0728870023238875],[80.694708510376799,7.0728929847854296],[80.694710538692547,7.0728999818153175],[80.694713378865558,7.0729077892526764],[80.694715609402252,7.0729179288075743],[80.694722016741082,7.0729382064503632],[80.69472746357394,7.0729587534098766],[80.694728454236056,7.0729671700297869],[80.694730431475591,7.0729866402471249],[80.694730427168906,7.073005978991147],[80.694726189536169,7.073027736030749],[80.694720741011608,7.0730476779004654],[80.69471166194333,7.0730706431571395],[80.69469048359808,7.0730875609530006],[80.694671121589693,7.073112336647128],[80.694643892300107,7.0731413413366999],[80.694629366505552,7.0731739736503068],[80.694620892024275,7.0731975421883702],[80.694614234465249,7.0732205069642067],[80.694612376242645,7.0732500062487507],[80.694601972592878,7.0732792779525688],[80.694578337305629,7.0733019377018893],[80.694561318583297,7.0733236536062272],[80.694558475474764,7.0733633144880566],[80.69455279682019,7.0734048621732626],[80.694553738894669,7.0734218607200061],[80.694541445594695,7.0734482988755296],[80.694519700771139,7.0734690698432789],[80.694498901849599,7.0734851195556905],[80.694488498281729,7.0735087248281534],[80.694478092190849,7.0735568840200864],[80.69447808585943,7.0735927671786474],[80.694479206222283,7.0736100017825736],[80.694486116297938,7.0736232819386711],[80.694497279069736,7.0736424065171821],[80.694507377528709,7.073665248540836],[80.694505245902818,7.0736896818119757],[80.694502051711098,7.0737130532319767],[80.694491945754692,7.0737327048980285],[80.694479712949786,7.0737496993162985],[80.694469074929216,7.0737629781909455],[80.694451527953206,7.0737720046706576],[80.694432915568896,7.0737858120674373],[80.69442493520792,7.0738049332744133],[80.694426528428281,7.0738203376311066],[80.694434502163901,7.0738336179752839],[80.694448856227524,7.0738458377792597],[80.694463742292555,7.0738596510768312],[80.694470651996383,7.0738750563696948],[80.694497230750429,7.0739111802346395],[80.694523813130246,7.0739319009271098],[80.694556245276161,7.0739520918151699],[80.694583889759301,7.0739765303238196],[80.694599838462011,7.0739961856690492],[80.694594241558889,7.0740823558125028],[80.694593972879773,7.074086484860608],[80.694616821379981,7.0741778516688676],[80.694630108431781,7.0742091929881683],[80.694629040686252,7.074227252844949],[80.694621592764676,7.0742506226132287],[80.694616265517212,7.074311707147662],[80.694612005514813,7.0743472938468237],[80.69460987217559,7.0743866012654246],[80.694586454284149,7.0745108914164296],[80.694569629001322,7.0745647701661563],[80.694571278125181,7.0746328272787569],[80.694582067048117,7.0747033755737894],[80.69458122608799,7.0747598127244125],[80.694568995751382,7.0749167252347087],[80.694568981806398,7.0749958309554373],[80.694574162853286,7.0750606720452058],[80.694591021939686,7.0751592334197797],[80.694614373926171,7.0752396391298769],[80.694641623013212,7.0753096712399346],[80.694653296052593,7.0753615465188453],[80.694646796535693,7.0754173089600378],[80.694610442092355,7.0754523157761948],[80.694528752899956,7.0755084276173612],[80.694479732327551,7.0755225280842309],[80.694411601772856,7.0755432655511878],[80.694348456981004,7.0755606832487619],[80.69431688464428,7.0755664878917841],[80.69428614613544,7.0755615024121594],[80.694261223775385,7.0755465587539801],[80.694239625621691,7.0755307855219423],[80.694218860664407,7.0754975836036049],[80.694213053015687,7.0754544251237839],[80.694201431795932,7.0753913454003703],[80.69420559536745,7.0753382285742124],[80.694188986814254,7.0752975577599519],[80.694181512879624,7.075278467286779],[80.694166560136892,7.0752626961302587],[80.694145791101604,7.0752577124039355],[80.694118374882919,7.0752577075549397],[80.694090954079854,7.0752784512707629],[80.694071012231277,7.075295047318761],[80.694021985923612,7.0753415167312648],[80.694000380863315,7.0753647501420804],[80.693978775926638,7.0753821769553928],[80.693951354983284,7.0754087308764086],[80.693921443775636,7.0754145348828512],[80.693903164936046,7.0754153608966606],[80.69389651776757,7.0754253198256167],[80.693915608555585,7.0755215991304867],[80.693918096584582,7.0755498177673877],[80.693911443916846,7.0755805243580872],[80.693895652085743,7.0756203601800953],[80.693861746324302,7.0756651728413162],[80.693824354508493,7.0756995264965132],[80.693790452634275,7.0757224267349121],[80.693766523428891,7.0757323825920233],[80.693729636048985,7.0757298846536578],[80.693699728621382,7.0757194227610585],[80.693621465904641,7.0757130596545919],[80.693570059976935,7.0757169408591016],[80.693564122406926,7.0757173268478155],[80.693534229969075,7.075719269414166],[80.693499182505661,7.0757091475191221],[80.693462576212241,7.075699025343491],[80.69343531608466,7.0756865717036357],[80.693395597004624,7.0756694468688828],[80.693331734423822,7.0756355888260236],[80.69326723473219,7.0756209880143368],[80.693220987409291,7.0756270585408059],[80.693189342151172,7.075635563373897],[80.693139446154845,7.0756294756502456],[80.693101723323693,7.0756063682104982],[80.693066435353586,7.0755796150123809],[80.693027492760393,7.0755638042528828],[80.692986118870436,7.0755419133552158],[80.692931353389142,7.0755419035307003],[80.6929094467217,7.0755455466949071],[80.692903358606586,7.0755625656843559],[80.692904571100058,7.0755856656832217],[80.69290456713307,7.0756026866690904],[80.692903345694774,7.0756343446528769],[80.692896330720856,7.0756607981773287],[80.692881526179988,7.0756919192729884],[80.692849584932119,7.0757253713229851],[80.692819985365475,7.0757347021363897],[80.692776367595627,7.075741698203565],[80.692745211081544,7.0757455829570794],[80.692730412138175,7.0757455802951661],[80.692697699240526,7.0757409054394129],[80.69265720231202,7.0757152219801851],[80.692621376373523,7.0756949842296821],[80.692585551062052,7.0756763046084936],[80.692568418073208,7.0756630741290953],[80.692535706870075,7.0756490622266774],[80.692499101086412,7.0756412749127868],[80.692458598488514,7.0756420453146136],[80.692426660733204,7.0756560446509802],[80.692398618102956,7.0756708242067381],[80.692380703651708,7.0756739327133937],[80.692370578348545,7.0756747085937812],[80.692292392110758,7.0757010524840211],[80.692220585007448,7.0757180604800167],[80.692153645423247,7.0757399318395118],[80.692100091291564,7.0757739641086621],[80.692035578805118,7.0758298769586956],[80.691955244469526,7.0758955137216768],[80.691900467640281,7.0759526446212577],[80.691877339425631,7.0759830343905934],[80.691867595541055,7.0760268004815918],[80.691866374886189,7.0760438203412797],[80.691876102609285,7.0760888053680278],[80.6918943507075,7.0761277131483791],[80.691893125646004,7.0761739115816278],[80.691891922502975,7.0761842476645276],[80.691893834637355,7.076202733081006],[80.69189734000463,7.0762212178826163],[80.69190308027305,7.0762355604308],[80.691910415062665,7.076252772654815],[80.691915198103871,7.076264246547038],[80.691918387529398,7.0762728516678237],[80.691915195377447,7.0762792246883892],[80.691907536776966,7.0762903780021755],[80.691890943816247,7.0763091792790469],[80.691875308453803,7.0763238371655914],[80.691862863409582,7.0763372205497008],[80.691849142698871,7.0763515595607656],[80.691839887798452,7.0763646243015508],[80.691836057213834,7.0763722731915806],[80.691835098684791,7.0763815150995777],[80.69183605405432,7.0763945826009653],[80.691841155973876,7.0764047823743574],[80.6918449828664,7.0764124317523081],[80.691845939141672,7.0764254983494945],[80.691844023094376,7.0764334659059305],[80.691842106989142,7.0764417508763016],[80.691841786193905,7.076453543968154],[80.691840726857464,7.0764695383654388],[80.691840725315004,7.0764780045465638],[80.69184271549409,7.0764904536857083],[80.69184371080739,7.0765029035482838],[80.69184670146727,7.0765093771668122],[80.691853179497201,7.0765188392705598],[80.691867634104824,7.0765307942073159],[80.691879096964513,7.076542250323282],[80.691889064811306,7.076551214784085],[80.691897039033464,7.0765616746166948],[80.691907504765027,7.0765756201253778],[80.691912487781792,7.0765875724355816],[80.691914977660446,7.0765950425159936],[80.691914975847524,7.0766050017183373],[80.691905004099596,7.0766224287375232],[80.691894034226479,7.0766378642771581],[80.691889046766462,7.0766503130524256],[80.691885555860352,7.076661765546314],[80.691885020506191,7.0766686771157588],[80.691882772806238,7.0766784677076666],[80.691880525143389,7.0766880539247179],[80.691878277740486,7.0766962122310852],[80.691877253859559,7.0767064108906705],[80.691879703447597,7.0767164058066951],[80.691883173049419,7.0767225250211752],[80.691885010031783,7.0767261968670896],[80.691892779688303,7.0767365617096463],[80.691902666201884,7.0767547311606522],[80.691903940743245,7.0767649293335522],[80.691909997483506,7.0767862839843758],[80.691913504955949,7.0768031762900918],[80.691919561871288,7.0768235741773102],[80.691928489488774,7.0768579957724924],[80.691929443527712,7.0768783927326604],[80.691929758752124,7.0768971970810259],[80.691929756664067,7.076908669199379],[80.691789320512427,7.0769320047958715],[80.691449981899027,7.0769883910745781],[80.691420786131772,7.0769275968960264],[80.691414704844931,7.0769069286084889],[80.691412277091729,7.0768716717020101],[80.691406197127407,7.0768388449221566],[80.691402551847474,7.0768133127783424],[80.691389171053956,7.076775622171156],[80.691370922068174,7.076736714372112],[80.69135024001919,7.076701453222964],[80.691333207259149,7.0766698407403164],[80.691305219471019,7.0766515992379668],[80.691256542497612,7.0766321376453361],[80.691206653563341,7.0765871452522031],[80.691167712079775,7.0765701180364173],[80.691115380452374,7.0765664613474044],[80.691044796320298,7.0765530745090768],[80.690993684042084,7.0765396921405443],[80.690941355115953,7.0765263086385826],[80.690919448825639,7.0765226575172369],[80.690882937085604,7.0765299449962296],[80.690833037047753,7.076545437556927],[80.690804967189919,7.0765502189220699],[80.690776216311576,7.0765515818558287],[80.690737881293686,7.0765447354751005],[80.690707761892767,7.0765351559615945],[80.690674220640872,7.076520788380825],[80.690658477586112,7.0765105278529479],[80.690631094158107,7.0765139420124443],[80.690603025857797,7.0765200915917292],[80.690575643061123,7.0765200865394728],[80.690541416669532,7.0765050351619028],[80.690524989884693,7.0764913552947286],[80.690498295866746,7.0764626275660563],[80.690460650816803,7.0764304795081605],[80.690437379832431,7.076409959051702],[80.690407944432678,7.0764024306279305],[80.690373715411397,7.0764065280717627],[80.690347699959062,7.0764140453371267],[80.690318949560805,7.0764030978258745],[80.690297044271304,7.0763989909016374],[80.690266921589554,7.0764071919672471],[80.69024296115461,7.0764092385118555],[80.690213527044321,7.0763996590935028],[80.690183408426094,7.0763859766769572],[80.690160819392403,7.0763736620720898],[80.690138916266619,7.0763579283847555],[80.690100583690196,7.0763380905874103],[80.690071835225453,7.0763216719658857],[80.690031447888671,7.0763059357466105],[80.6900177566948,7.0763073014300071],[80.689997218744182,7.0763107168236754],[80.689972576494014,7.0762990863934547],[80.689951358253566,7.0762806172769119],[80.689930138867879,7.0762683047241302],[80.68990629093048,7.0762641992290334],[80.689866779680315,7.0762301245891495],[80.689839446163944,7.0761989604839863],[80.68981095557605,7.0761735665849921],[80.689743088347328,7.076125372132859],[80.689728561220988,7.0761143114830256],[80.689708155190516,7.0760996903598947],[80.68968120106058,7.07609237667514],[80.689647701431554,7.0760881391461892],[80.689613815695012,7.07608159283095],[80.68958031476069,7.0760746622519308],[80.689552591936931,7.0760681179868854],[80.689533189754229,7.076063582849776],[80.689522941918554,7.076061188122778],[80.68949444700408,7.0760638758444978],[80.689467105196627,7.0760723332988311],[80.689441304075459,7.076076175424534],[80.689418907112127,7.0760825258461812],[80.68940978848218,7.0760830169915705],[80.689394264722395,7.0760766124541563],[80.689368142395423,7.0760699608642588],[80.689336350222064,7.0760697071324907],[80.68930406615786,7.0760761036263888],[80.689279171897439,7.076090624044225],[80.68923702653673,7.0761090840341083],[80.689202751018271,7.0761246390326953],[80.689176266918139,7.0761355274247073],[80.689141995866919,7.0761417444806183],[80.689121742277209,7.0761541903615059],[80.689101487488458,7.0761681925644107],[80.689080456436798,7.076179860588109],[80.689053194058914,7.0761798554691477],[80.689028270223488,7.076178294464742],[80.689001787314609,7.0761876265238097],[80.688993217699235,7.0761954056248948],[80.688984647643991,7.0762055187583144],[80.688967510024014,7.0762125176348007],[80.688944923531423,7.0762109579695922],[80.688918441301581,7.0762070626337046],[80.688893516878423,7.0762086142682596],[80.688865476159208,7.0762124993475535],[80.688832763148454,7.07621327089924],[80.68879537429801,7.0762249349256505],[80.688765774033328,7.076237378125998],[80.688751752117682,7.076245157099561],[80.688739290210364,7.0762467119784613],[80.688715922490076,7.0762451512505864],[80.688685546527353,7.0762474795556161],[80.688659842684771,7.0762490310306339],[80.688643484916341,7.076253696009676],[80.688624789361583,7.0762606945795028],[80.688599862307399,7.0762809211710662],[80.688581944231657,7.0762933674690345],[80.688565586924483,7.0763003664779225],[80.688559355528085,7.0763034779473672],[80.688540660264522,7.0763089210950048],[80.688527418665146,7.076316699304801],[80.688496261785474,7.0763221400961207],[80.688488470691667,7.0763345883042685],[80.688468996787918,7.0763454779805848],[80.6884464089228,7.0763415833540542],[80.688416813213806,7.0763299057852347],[80.688391889667983,7.0763267884236329],[80.688358397969807,7.076323670343216],[80.688314002418394,7.0763166589355224],[80.688288299309505,7.0763143200344798],[80.688252471173556,7.0763112005995215],[80.688222093560015,7.0763174201338499],[80.688204956386329,7.0763267539189725],[80.688187040220896,7.0763290845538487],[80.688155883815753,7.0763415283242761],[80.688134073298997,7.0763485262832422],[80.688114598037345,7.076361749976888],[80.688092007823073,7.0763749730782797],[80.688075650027784,7.0763749699722256],[80.688060075681292,7.0763632950432669],[80.688040606358129,7.0763500648593816],[80.688022691540681,7.0763500614556758],[80.688009450063646,7.0763523929719421],[80.687989974798356,7.0763656166603228],[80.687972838788212,7.0763640579839455],[80.687965051994794,7.0763586098247311],[80.687946361334653,7.0763446002669772],[80.6879276687322,7.0763360373868043],[80.687915206968384,7.0763368136299007],[80.68787548283332,7.0763422518453067],[80.687837316922227,7.0763461358395734],[80.687813949808728,7.0763461313896245],[80.687757089960201,7.0763484545890245],[80.687706775233039,7.0763402908046329],[80.687672880107996,7.0763308225104291],[80.687631508510279,7.0763168719148002],[80.687589137333418,7.0763133776986695],[80.687552745924805,7.0763208403759164],[80.687510371649466,7.0763288001835454],[80.68747946617296,7.0763307855738411],[80.687442578212156,7.0763312767967443],[80.68742114308526,7.0763302770477159],[80.687384754537817,7.0763228004576595],[80.687354350003673,7.0763088501276625],[80.687339895138052,7.0762988890627243],[80.68730948970142,7.0762849396339318],[80.687281574636401,7.0762849342861553],[80.687252662564347,7.0762819408946847],[80.687243815833767,7.0762759942437699],[80.687232913783987,7.0762627647641931],[80.687211107443872,7.0762479759661581],[80.687182291787295,7.0762331876313018],[80.687151915511933,7.0762324040942861],[80.6871145296127,7.076228506563635],[80.687081036277547,7.0762292778424039],[80.687063898635301,7.0762409465220033],[80.687035854155198,7.0762642832678093],[80.687014041534198,7.0762868435001645],[80.686985998547669,7.0763023995321168],[80.686962627988677,7.0763202904932845],[80.686933024070399,7.0763514094524567],[80.686908877245614,7.076357629195031],[80.686876940928769,7.0763630697277584],[80.686853574424504,7.0763692905219528],[80.686820072969923,7.0764120788854825],[80.686799561295956,7.0764386771165206],[80.686777651284231,7.0764591890491904],[80.686749579768588,7.0764817525841943],[80.68671534663585,7.0765022621383906],[80.68668180009351,7.0765159325016098],[80.686654413465135,7.0765357597110583],[80.686630451025763,7.0765480645981809],[80.686609223648006,7.076577466053271],[80.686586629387548,7.076597293279459],[80.686572249860447,7.0766143883523229],[80.686566085576629,7.0766307995421283],[80.686564026166721,7.0766540508455078],[80.686557775236537,7.0767018651987526],[80.686558210156434,7.0767184974111901],[80.686560834698994,7.0767360036131528],[80.686564775496734,7.0767486973144482],[80.686572219546392,7.0767710208193106],[80.68657484281897,7.0767950932390598],[80.686571773698518,7.0768108493994886],[80.686556433029949,7.0768454210428446],[80.686546790174745,7.0768603014622613],[80.686532329595053,7.0768751791419557],[80.686513927284196,7.0768821785871481],[80.686494649457003,7.0768852377697629],[80.686473620201099,7.0768777939195076],[80.68645828774963,7.0768699134824189],[80.686440325698314,7.0768659708201884],[80.686412723672944,7.076862026292174],[80.68638994067328,7.076860708820722],[80.686335341003186,7.0768591663441232],[80.686299057114084,7.0768673659585408],[80.686292892177406,7.0768824098227192],[80.686290150486215,7.0768995053323849],[80.686275087742999,7.0769152320373641],[80.686249072597064,7.0769206971858765],[80.686235376750204,7.0769412106841827],[80.686197032999331,7.0769795000080915],[80.68616827466451,7.0770143710760438],[80.686121029660768,7.0770663364032114],[80.686116918056896,7.0770847989672419],[80.686105276205453,7.0771053137645072],[80.68609226734911,7.0771169361845248],[80.686081312391721,7.0771244561341691],[80.686052558964647,7.0771340254171866],[80.686033390483317,7.0771333380322687],[80.686019013849261,7.0771353871251748],[80.686003954819228,7.0771319631816727],[80.685988895816251,7.0771237545167001],[80.685974521208337,7.0771107585503392],[80.685960146679335,7.077106652886374],[80.68592728763798,7.0771039109480265],[80.685895798369657,7.0771004856131503],[80.685847875927038,7.0771121012307621]]]]},"properties":{"OBJECTID":5,"JoinKey":1,"Name":"Wewandon Division","ID":1,"Area":499.35037677200222,"Total_area":2024,"Div_Pct":24.654150197628457,"Tea_ac":66.398966202343715,"Veg_ac":1.6074467790997558,"Grass_ac":213.00063384444593,"HighVeg_ac":196.88420471543719,"Dev_ac":21.117182401268632,"Shape_Length":11877.981544158041,"Shape_Area":2020807.3624890037}}]}