{"type":"FeatureCollection","features":[{"type":"Feature","id":1,"geometry":{"type":"Polygon","coordinates":[[[80.71391637503713,7.0527197949085583],[80.713916670582876,7.0527174457579056],[80.713920220724873,7.0527127492396327],[80.713930277364483,7.0526960172242354],[80.713951573724927,7.0526628456096443],[80.713986181321246,7.0526243899628742],[80.71406377150727,7.0525473244269987],[80.714108035094597,7.0524998733471387],[80.714154012667464,7.0524636866020769],[80.714190840899178,7.0524397163365418],[80.714219269882946,7.0524183020543267],[80.714274148861961,7.0523615978860796],[80.714297316413166,7.0523141922546415],[80.714310261136418,7.0522296931800268],[80.714337215984813,7.0521637234283299],[80.714389983922914,7.0520817901193773],[80.714405498726194,7.0520558442267944],[80.714445104548744,7.0519978410700421],[80.714470772111341,7.0519568070929557],[80.714502313757635,7.0519078305621514],[80.714506717299145,7.0518988199711492],[80.714531817126513,7.0518592115256684],[80.714547444219178,7.0518198785564881],[80.7145414856939,7.0517794008721815],[80.714497730553035,7.05164466007417],[80.714493327909835,7.051612124929866],[80.714507241016946,7.0515582316270722],[80.714525454359332,7.051513656491279],[80.714560063752302,7.0514629699769529],[80.714595948752972,7.0513984461627786],[80.714631434901605,7.0513520202142406],[80.714682564312625,7.0512943218695092],[80.714716452358431,7.0512676493431421],[80.714744677424633,7.0512384859052251],[80.714773558261015,7.0512109405764107],[80.714805660456037,7.0511724161619389],[80.714819499901282,7.0512015519668658],[80.714824164852573,7.0512275933000703],[80.714820374860381,7.0512458222324605],[80.714823872900084,7.0512637614197535],[80.714828537851375,7.0512863302750857],[80.714848946676298,7.0513031131581112],[80.71484544773827,7.0513184482104849],[80.71484486473166,7.0513308902768834],[80.714850695696143,7.0513485406081342],[80.714858276578852,7.0513630082091918],[80.714872271432668,7.051376028871462],[80.714902592268444,7.051422034911301],[80.714941077891851,7.0514761430864032],[80.714997639415401,7.0515360381151044],[80.715033792114014,7.051578862302545],[80.715093560623131,7.0516439655798271],[80.71515507815208,7.0517296121477582],[80.7153340342348,7.0519524341886282],[80.715261665955495,7.0520193427405928],[80.715189833072131,7.0520832513198597],[80.715135856001623,7.0521531580325343],[80.715054876472053,7.0522390523486145],[80.715005552674711,7.0523137357969041],[80.71496999915243,7.0523557816163569],[80.714902029923095,7.0524206093051021],[80.714869157871888,7.0524545734972293],[80.714809289649764,7.0525295368476],[80.714789659664206,7.0525639084557028],[80.714780803173809,7.0525723555940401],[80.714768892411456,7.0525846621159731],[80.71473302447879,7.0526128920492726],[80.71466604609121,7.0526820970570823],[80.714615834758405,7.0527509320744901],[80.714582053612119,7.0527951281959993],[80.71452468989304,7.0528355255549142],[80.714513495986282,7.052843957532489],[80.714497011002507,7.0528571769616279],[80.714467432175141,7.0528824220762241],[80.714447318895935,7.0529050256218788],[80.714429867324924,7.0529261617280108],[80.714418035614273,7.0529423071163686],[80.714404133286976,7.0529587458134939],[80.714400287599219,7.0529625624012269],[80.714392893566114,7.0529637365301365],[80.714385498634712,7.0529625624012269],[80.714380174320013,7.0529596266330765],[80.714355919807346,7.0529452428845696],[80.714299423860794,7.0529167678041285],[80.714269253043682,7.0528988616670096],[80.714241448389018,7.0528841837156939],[80.714187318604928,7.0528662766857808],[80.714163064092247,7.0528571769616279],[80.714139768081992,7.0528452707385307],[80.714096416284704,7.0528133321041659],[80.714046250765961,7.0527746304108696],[80.714016908195532,7.0527543394570573],[80.713961819909059,7.0527317947442603],[80.71391865855459,7.0527242801369097],[80.713916670582876,7.0527230239877028],[80.71391637503713,7.0527197949085583]]]},"properties":{"OBJECTID":1,"Division":"4","Field_No":"13A","Shape_Length":535.2936738255388,"Shape_Area":12742.112126447017}},{"type":"Feature","id":2,"geometry":{"type":"Polygon","coordinates":[[[80.713087840884285,7.0521403709701858],[80.71308830531332,7.052132706578023],[80.713094278211614,7.0521037535931601],[80.713106865405379,7.0520672485446738],[80.713136470283885,7.0520238930567061],[80.713158710773698,7.0519902159023369],[80.713210035119118,7.0519480675249184],[80.713244782852655,7.0519254514512619],[80.713257606303316,7.0519122016838542],[80.713296614746199,7.0518822359186544],[80.713324718539866,7.0518606459812352],[80.713426056588773,7.0517738814713482],[80.713465533952245,7.0517278754664448],[80.713491972269352,7.0516737771274371],[80.713503047598508,7.0516286751142374],[80.713514871224262,7.0515326182423088],[80.713523229149686,7.051500244455343],[80.713547092895183,7.0514418409361941],[80.713554247976433,7.0514350163449659],[80.713581514540266,7.0513894186229429],[80.71360373796206,7.0513682227147756],[80.713684310554854,7.0513130554001426],[80.713736686827488,7.0512533127927055],[80.713801374511107,7.0511986090554064],[80.713840937214513,7.0511647357063589],[80.713864279038859,7.0511495432922953],[80.713902989241078,7.0511172844848238],[80.713977036471661,7.0510407750076132],[80.71405348489894,7.0509714493991495],[80.714103031478459,7.0509349888375263],[80.714111315742002,7.0509264284460622],[80.714127233888831,7.050916068072028],[80.714189626376907,7.0508860184393152],[80.7142512337374,7.0508600564323505],[80.714317214995006,7.0508509129841839],[80.714373171952374,7.0508366762713344],[80.714403692214162,7.0508161382810668],[80.714491797180585,7.0507363212071974],[80.714533676639135,7.0506766400404306],[80.714556785799843,7.0506493113181019],[80.71464272133484,7.0506232333999437],[80.714716174778999,7.0506381690728519],[80.714799637252057,7.0506364778550994],[80.714861680295456,7.0506186527583363],[80.71489290753135,7.0506110962151816],[80.714944035145763,7.0506197528968571],[80.715099820084006,7.0506945712260585],[80.715119026963109,7.050703402644559],[80.715175223770672,7.0506938874285696],[80.715252755566198,7.0506675429477799],[80.715351439991736,7.0506097321860128],[80.715386754562189,7.0505927237227182],[80.715391878552566,7.050587429862893],[80.715428068082105,7.0505699997086824],[80.715477339777095,7.0505652157994279],[80.715488527395649,7.0505629415257633],[80.715481706487722,7.050578893536116],[80.715472756572538,7.050587429862893],[80.715467966755455,7.0505923787035636],[80.715441303859492,7.0506097321860128],[80.71541492303453,7.0506274841782872],[80.715365009044078,7.0506722689070358],[80.715351439991736,7.0506811003259564],[80.715313753868926,7.0507140108664723],[80.715250821493413,7.0508036953093036],[80.715212206512561,7.0508264514066381],[80.715132577150854,7.0508350403286446],[80.715089024130918,7.0508514033212162],[80.715012337650066,7.0508975689955751],[80.714978503503218,7.0509175078796549],[80.714969904829303,7.0509263927851871],[80.714937127999548,7.0509402051309644],[80.714871177284635,7.0509529859857984],[80.714830124276148,7.0509695174717768],[80.714805325384418,7.0509862049734418],[80.714777528814594,7.0510149253410459],[80.714771877513158,7.0511009099118667],[80.714762650018542,7.0511276733830268],[80.71474937920685,7.0511403312027339],[80.714744811273633,7.051172810214319],[80.714679662754264,7.0512313813733671],[80.714659576424509,7.0512521350933426],[80.714641934410636,7.0512689616621396],[80.714589815954497,7.0513260930027091],[80.714543996485119,7.0514063227490569],[80.7145112106722,7.0514572294752185],[80.714468019673347,7.0515348907281714],[80.714458634075243,7.0515731102124839],[80.714452888450694,7.0516499066713214],[80.714462309083061,7.0516863948137987],[80.714491669619832,7.0517582531239213],[80.714500150614427,7.0517927879374422],[80.714487284044594,7.0518369235270413],[80.714441019010863,7.0518998024260169],[80.71443377679303,7.0519146212686534],[80.714351879185202,7.05203456187171],[80.714195981059234,7.0519163873694106],[80.714179246343804,7.0518990963423054],[80.71416461907603,7.0518899885754465],[80.714130792115668,7.0519249388273719],[80.714104184915271,7.0519871633389766],[80.714064092205845,7.0520504327031119],[80.714025833856184,7.0521115962896994],[80.714004315611888,7.0521619172101291],[80.713999074840515,7.0521902844631894],[80.714023299708771,7.0522559689249968],[80.713906271685147,7.0522535983755343],[80.713890429895102,7.0522699666671],[80.713870361531676,7.0523110300365826],[80.713845425197675,7.0523404100460629],[80.713810360358877,7.0523314886153585],[80.713657502131809,7.052327117497625],[80.713592436257485,7.0523205157992113],[80.713572220570327,7.0523136466449889],[80.713558651517971,7.0523092755270644],[80.71350520984339,7.0522877560395427],[80.713410375597164,7.0522602098816094],[80.713358701807067,7.0522446867498694],[80.713352053375644,7.0522378184860637],[80.713257942273216,7.0522052450480723],[80.71312148728326,7.0521539800133812],[80.713087840884285,7.0521403709701858]]]},"properties":{"OBJECTID":2,"Division":"4","Field_No":"13B","Shape_Length":770.45909831265294,"Shape_Area":18879.89732273146}},{"type":"Feature","id":3,"geometry":{"type":"Polygon","coordinates":[[[80.713292299239583,7.0518171487222441],[80.713276674841865,7.0517851788137778],[80.713266878713696,7.0517651329846407],[80.713307121441801,7.0517026472277831],[80.713350267524888,7.0516262368060341],[80.713375835374507,7.0515559591412984],[80.713401478682584,7.0515509898059605],[80.713404375749391,7.0515421289834483],[80.713404735075486,7.0515421387901798],[80.713405004570077,7.0515402050821425],[80.713411229895001,7.0515211613115278],[80.713410769957562,7.0514988073241271],[80.713410691804143,7.0514949898327997],[80.713410211205456,7.0514716123784096],[80.713387470354036,7.0514662400748209],[80.713368282339573,7.0514760530428262],[80.713343321751097,7.0515018429517964],[80.713329320609063,7.0515062952057095],[80.713314883784136,7.0514767528865692],[80.713318171618099,7.0513168202932004],[80.713325094933978,7.0512967405660048],[80.71333157268549,7.0512178676958595],[80.713356906074836,7.0511443902992239],[80.713373825843192,7.051128252871897],[80.713433302399849,7.0511368810152444],[80.713464204445614,7.0510646151834111],[80.713492198644815,7.0510003837328448],[80.713527288636442,7.0509398993390278],[80.71353169217798,7.0509264284460622],[80.713538746647899,7.0509059689136668],[80.713549555177394,7.0508956602474617],[80.713578303063116,7.05084306759173],[80.713590103332692,7.0508015342600654],[80.713600382754464,7.0507763772927223],[80.713639663386914,7.050728069278712],[80.713689987907443,7.0506650564923401],[80.713723750189089,7.0506384846717358],[80.713761411159069,7.0506139722661914],[80.71376983196653,7.0506052718997614],[80.713774975719843,7.0506003649608004],[80.713827996982857,7.050583285175386],[80.713843744449775,7.0505726876487245],[80.713859695834302,7.0505562060738418],[80.713871153845744,7.0505452777917439],[80.713887970307837,7.0505279011272748],[80.713904627768159,7.0505026799554615],[80.713913966653877,7.0504893873542773],[80.713922602158689,7.0504983097119993],[80.713930457925869,7.0504981510209843],[80.713954053075085,7.0504803767356803],[80.713986493934968,7.050457530577531],[80.714048500147456,7.0504314009402842],[80.714067358480193,7.0504171954178361],[80.714114548778724,7.0503944678291113],[80.714138364913524,7.0503867953843047],[80.714147260929778,7.0503818099890099],[80.71412987493575,7.050365226773752],[80.714090522438113,7.0503159531975363],[80.714084446233542,7.0502816420461674],[80.714098996246193,7.0502603319723836],[80.714130412128327,7.0502527290641712],[80.714155087950857,7.0502532292085709],[80.714188566364854,7.0502667099278851],[80.714201179609759,7.0502797431022675],[80.714205947867299,7.0502842907608736],[80.714219601361307,7.0502840143887626],[80.714230719809549,7.0502725262238028],[80.714268667342111,7.0502619010528544],[80.71429147466884,7.0502527165828228],[80.714335975411402,7.0501904428044631],[80.714360566792308,7.0501582704079677],[80.714371921497516,7.0501235357713794],[80.714376877502943,7.0501139848825431],[80.714425885093249,7.0501149771479472],[80.714444711086657,7.0501145964675098],[80.714466278738314,7.0500923119510563],[80.714535968241435,7.0500901259358502],[80.714538170012176,7.0500924011033659],[80.714555365563356,7.0501006824634569],[80.714600920029724,7.0501062090164037],[80.714660587029215,7.0501421293802018],[80.714680742529254,7.0501518362850284],[80.714720271096695,7.0501835129950789],[80.714763742369939,7.0502155035191372],[80.714854223380271,7.0502527183658668],[80.714946572886433,7.0502608713437978],[80.714951545061524,7.0502690974264342],[80.714905322248583,7.0502871962341773],[80.714848840675103,7.0502940475879798],[80.71479882068347,7.0502930339264243],[80.714790656794136,7.0502931997496683],[80.714759779002875,7.0503179439681345],[80.714744946919225,7.0503332692463836],[80.71474036371464,7.0503376403829332],[80.714733759300685,7.0503511558691967],[80.714713404374649,7.0503644038981896],[80.714691028239244,7.050382335095942],[80.714676648008179,7.0503916943018563],[80.714649447919712,7.050391143340768],[80.714628036574879,7.0503553371112124],[80.714583191777606,7.050382335095942],[80.71452468989304,7.0504134688529172],[80.714505981578924,7.0504275620436578],[80.71449782128289,7.0504453924968953],[80.714523126824446,7.0504695286888381],[80.714555783279977,7.050507586003957],[80.714578698404537,7.0505294425696663],[80.714605567913011,7.0505610639795533],[80.714574070284215,7.0505762332333006],[80.714550433812462,7.0505883213852831],[80.714538259843735,7.050600899874234],[80.7145112106722,7.0506231139359565],[80.714468378999456,7.0506610883268905],[80.714449382326137,7.0506807169714234],[80.714414011161821,7.0507250051172177],[80.714387602489111,7.0507501941821582],[80.714367547600375,7.0507709158288741],[80.71431901791378,7.050794288861046],[80.7142062730574,7.050823946230059],[80.714140302579608,7.0508538879926572],[80.714114831748034,7.0508669140183606],[80.714039116345973,7.0509178644883432],[80.714029086655842,7.0509383882097518],[80.713951896220095,7.0510120109570877],[80.713881330859593,7.0510716858400206],[80.713817938546612,7.0511129445588665],[80.713694808267263,7.0512155559814813],[80.713653485764183,7.0512446579058796],[80.713623793749093,7.0512818352260593],[80.713580668327268,7.0513229682217382],[80.713554247976433,7.0513502665926318],[80.713545563962597,7.0513585488217272],[80.713521106430647,7.0513927743073497],[80.713483608055739,7.0514695048235305],[80.713459554765691,7.0515476207499042],[80.713450903989511,7.0516178975243902],[80.713435072979266,7.0516594245422475],[80.71340875773133,7.0517101351061076],[80.713312066667413,7.0518023592966337],[80.713292974772671,7.0518185305782559],[80.713292299239583,7.0518171487222441]]]},"properties":{"OBJECTID":3,"Division":"4","Field_No":"13B","Shape_Length":648.85904182521858,"Shape_Area":8943.2225972731503}},{"type":"Feature","id":4,"geometry":{"type":"Polygon","coordinates":[[[80.71280671670938,7.0523449657081159],[80.712799222064973,7.0523443674988826],[80.71279583541633,7.0523440973686364],[80.712774097983115,7.0523190501419188],[80.712777344494555,7.0522789460477524],[80.712807987825514,7.0522421699912243],[80.712837537008468,7.0522400936430323],[80.712839616608349,7.0522469503171008],[80.712853430002482,7.0522555392127728],[80.712857589202244,7.0522686891202158],[80.712828192732886,7.0523098469907968],[80.71280848369554,7.0523451065681151],[80.71280671670938,7.0523449657081159]]]},"properties":{"OBJECTID":4,"Division":"4","Field_No":"13B","Shape_Length":32.629095428186794,"Shape_Area":67.132706173604674}},{"type":"Feature","id":5,"geometry":{"type":"Polygon","coordinates":[[[80.712833457758791,7.0523607152823216],[80.712840983844231,7.0523315652860008],[80.712862294577704,7.0523003549872971],[80.712871191492283,7.0522868841338857],[80.712913093408702,7.0522546940526025],[80.712927311044695,7.0522400035995956],[80.712949337735466,7.0522189949493956],[80.71297186388955,7.0522081460517549],[80.712976130887114,7.0521994145120983],[80.712998528582119,7.0521535841787966],[80.713010233630257,7.0521177763024268],[80.713017339304173,7.0519232743599289],[80.713052753587604,7.0518131983970598],[80.713107819416223,7.05173888930657],[80.7131233351178,7.0517372159232314],[80.71312399897279,7.0517380557352221],[80.713124227144874,7.0517384792072999],[80.713124658336213,7.0517385665762848],[80.713124756252569,7.0517389508214743],[80.713125143426481,7.0517390479971525],[80.713126586120822,7.0517399011819384],[80.713126782851859,7.0517402524408705],[80.713127749439082,7.0517402791864985],[80.713128209376549,7.0517404316364383],[80.713128600143676,7.0517406955263864],[80.713129535289895,7.0517408176646601],[80.713131232207473,7.0517416601512046],[80.713132194303128,7.0517416967035258],[80.713133579505296,7.0517421273077687],[80.713134056510711,7.0517421790159291],[80.713134447277852,7.0517424054620585],[80.71313490362202,7.0517425177936017],[80.713135306965569,7.0517427763344411],[80.713135739953543,7.0517429011472439],[80.713135982498699,7.0517431418577035],[80.713136377757422,7.0517433576055799],[80.713137685704453,7.0517437784030657],[80.713138064793498,7.0517440690386408],[80.713138535510708,7.051744105590962],[80.713139348486052,7.0517450684327363],[80.713139800338652,7.0517451014189811],[80.713140047375362,7.0517454312814323],[80.713140503719529,7.0517455498535915],[80.713140734586531,7.0517459590613525],[80.713141132540215,7.0517462104700401],[80.713141256507726,7.0517466161117],[80.713141501747785,7.0517469976822982],[80.713141844904214,7.0517473382430147],[80.713142390181616,7.051748120106164],[80.713142738727925,7.0517484526431815],[80.713143172614224,7.0517486683910571],[80.713143521160532,7.0517490018195836],[80.713144308983061,7.0517495429723125],[80.713144995295949,7.0517502240936949],[80.713145866661762,7.0517506074473246],[80.71314608405406,7.0517510380515676],[80.713146351752016,7.0517512734128811],[80.713146537703295,7.0517515702890989],[80.713147220422883,7.0517520008933037],[80.713147451289899,7.0517522924204012],[80.713147896854295,7.0517524573516264],[80.713148121433107,7.0517527747327922],[80.713148585862143,7.0517528246578953],[80.713149414108827,7.0517531652186118],[80.713149760858514,7.0517534968640936],[80.713150219897628,7.0517536100871334],[80.713150616952973,7.0517538766516603],[80.713151889865728,7.0517544178043634],[80.713152357887978,7.0517544605973272],[80.713153061268869,7.0517550989257458],[80.713153329865136,7.0517552094742566],[80.713166314114261,7.0517686250688776],[80.71317242984469,7.0517726057060965],[80.713181312386226,7.0517783863223356],[80.713190538982516,7.0517859107517475],[80.713191478620317,7.0517861389808578],[80.713200930693745,7.0517889178489126],[80.713205892987375,7.0517907829088502],[80.713206449942845,7.0517912482823313],[80.71321134126957,7.0517979534046233],[80.713215947830307,7.051803931046468],[80.713216475141408,7.0518044659584644],[80.713217153369456,7.0518048020615192],[80.713217651036103,7.0518053574785009],[80.713218328365826,7.0518067018907207],[80.713218328365826,7.0518074543335993],[80.713219007492199,7.0518088023118697],[80.713219046119747,7.0518091598114072],[80.713219086543944,7.0518095360328461],[80.713220192370031,7.0518104337935004],[80.71322107631228,7.0518108153640728],[80.71322260704153,7.0518120634920987],[80.713223374202798,7.0518131564956432],[80.713224044345992,7.0518135041884236],[80.713225116934424,7.0518145686633344],[80.713225712517456,7.051814596300459],[80.71322613831893,7.0518149439932643],[80.713228952740693,7.0518172387657572],[80.713229488136591,7.0518175650620929],[80.71322978907223,7.0518179207785474],[80.713229952565598,7.0518181142384071],[80.713230231941665,7.0518182827356828],[80.713230646963325,7.051818620621769],[80.713231018865841,7.0518189130403384],[80.713231676432628,7.0518195540432096],[80.713232890056574,7.0518204571529708],[80.713233163144423,7.0518206006876634],[80.713236231789452,7.0518222134473403],[80.713236768083675,7.0518227447932862],[80.713237090578872,7.0518232583087883],[80.713238490154083,7.0518237013942269],[80.713239025549981,7.0518242327401222],[80.713240260733485,7.0518251010806194],[80.713240626347812,7.0518257509986748],[80.713242590065022,7.0518268306293868],[80.71324374709512,7.0518277729660106],[80.713244389390553,7.0518280511202365],[80.713244489103531,7.0518287625531713],[80.71324569913422,7.0518300668469429],[80.713246384548768,7.0518304074075573],[80.713246763637841,7.0518307836289846],[80.713247142726885,7.0518315360718509],[80.713247454442282,7.051831848103844],[80.713261142072284,7.0518426212311187],[80.713259634699227,7.0518440583612652],[80.713232173200993,7.0518702521082917],[80.713188729775524,7.0519044445698329],[80.713176819013171,7.0519167511094762],[80.713143156444545,7.0519415237698748],[80.713107914637618,7.0519697644406119],[80.713086325426403,7.0520024537926842],[80.713067499433009,7.0520498380595731],[80.713049986776511,7.0521290361926541],[80.713023162183816,7.0521905840136565],[80.713000203041815,7.0522242076622916],[80.712988393789061,7.0522415022433496],[80.712981409387737,7.0522557941872437],[80.712961055360026,7.0522690421617851],[80.712929692478539,7.0522914335558298],[80.712898149933949,7.0523136466449889],[80.712845223892373,7.0523598674477883],[80.712837094139033,7.0523642884902689],[80.712833457758791,7.0523607152823216]]]},"properties":{"OBJECTID":5,"Division":"4","Field_No":"13B","Shape_Length":180.10635254113308,"Shape_Area":676.27082673434904}},{"type":"Feature","id":6,"geometry":{"type":"Polygon","coordinates":[[[80.715073344935973,7.0502874342708077],[80.715075152346316,7.0502863894058869],[80.715079393292768,7.0502911002131459],[80.715088209358996,7.0502989206523159],[80.715126951002247,7.050310796629077],[80.715142333753164,7.0503162759288021],[80.715179076644915,7.050344543444349],[80.715309179647505,7.0503634998940683],[80.715333385651164,7.050373494756113],[80.715372202752903,7.0503777045266611],[80.715414262772811,7.0503687830581718],[80.715448177768053,7.050364573287534],[80.715483391727176,7.0503916639900766],[80.715495140792783,7.0504047185574796],[80.715508873338536,7.0504133886158815],[80.715513113386677,7.0504537843994806],[80.715520827220018,7.0504751256676617],[80.715512102781972,7.0504910643082344],[80.7155010894366,7.0505008327207781],[80.715445715485842,7.0505204408670679],[80.715423501945523,7.0505296128504575],[80.715371734730624,7.050547943443858],[80.715356104044702,7.0505563763546197],[80.715343280593984,7.0505622185010681],[80.715304132912252,7.0505893653579825],[80.715292286828586,7.0506025269024768],[80.715233359142601,7.0506280021527354],[80.715196449164182,7.0506408748429568],[80.715160902828416,7.0506314238152807],[80.715133019121964,7.0506120884795163],[80.715126262892738,7.0505050906324049],[80.715116179303649,7.0504866691019972],[80.715092789868621,7.0504114762996819],[80.715075823387849,7.0503804798370489],[80.715054807301769,7.0503467312413912],[80.715047466269269,7.050323133522852],[80.715056943495512,7.05029691294272],[80.715073344935973,7.0502874342708077]]]},"properties":{"OBJECTID":6,"Division":"4","Field_No":"13B","Shape_Length":148.97508832912027,"Shape_Area":1136.9618305343888}},{"type":"Feature","id":7,"geometry":{"type":"Polygon","coordinates":[[[80.713033003227764,7.0537125921527597],[80.713076072954067,7.0535918826054838],[80.713096140419196,7.053538021627646],[80.713192614090815,7.0533556894894378],[80.713219076662469,7.0533384662713514],[80.713280072270251,7.053263733063373],[80.713333152822074,7.0532054313995927],[80.713408228623635,7.0531470619731538],[80.713468696920359,7.0530986053229423],[80.713568174558304,7.0530203113546266],[80.713581207316437,7.0530140341785241],[80.713648515385714,7.0529648794559732],[80.713706717232995,7.0529230405239431],[80.71375242531127,7.0528932914629987],[80.713760845220435,7.0528845911393923],[80.713790914527948,7.0528668713282885],[80.713817055502716,7.0528645631882041],[80.713819257273471,7.05286683834212],[80.713853091420305,7.0528733945653324],[80.713880395713389,7.0528826725927543],[80.713888317057553,7.0528908576190092],[80.71396321948427,7.0529201858837025],[80.713992020370583,7.0529395656989893],[80.714032470609524,7.0529813609451466],[80.714064450633614,7.0530002067387887],[80.714133871540483,7.0530050245005436],[80.714150411321469,7.0530106446282206],[80.714185340514675,7.0530285070766423],[80.714230625486465,7.0530891516708509],[80.714144250675275,7.0531715341263368],[80.714093612642699,7.053223856387925],[80.714070607686594,7.053245797519609],[80.713903857013648,7.0534182258396978],[80.713835992887198,7.0535291599516512],[80.713821392568903,7.0535590346755983],[80.713708676458623,7.053702172109471],[80.713635213132989,7.0537860789486082],[80.713599179910332,7.0538436860482516],[80.713590013501175,7.0538524282550812],[80.713581207316437,7.053870448469409],[80.713575987206326,7.0538805074449096],[80.713555950283904,7.0539621007680493],[80.713520295251982,7.0540763877401025],[80.713464213428779,7.0540560050172116],[80.713412150668162,7.0540142838638573],[80.713376448025528,7.0539572063458813],[80.713329497577192,7.0539061322895291],[80.713298135594002,7.0538703593178003],[80.713247851497627,7.0538290651839235],[80.713171044642536,7.0537790751971805],[80.713033003227764,7.0537125921527597]]]},"properties":{"OBJECTID":7,"Division":"4","Field_No":"13A","Shape_Length":395.90045338466558,"Shape_Area":8280.389874981016}},{"type":"Feature","id":8,"geometry":{"type":"Polygon","coordinates":[[[80.713725699533256,7.0528482073989158],[80.713489019507023,7.0530459692329828],[80.713459800904104,7.0530674708549217],[80.713284074264863,7.0531973444458043],[80.713266058551838,7.0532246230927926],[80.71324955650006,7.0532403628303948],[80.71320215240253,7.0532944333493699],[80.713114385202616,7.0534056839794772],[80.713035822141123,7.0535664413958878],[80.713015495961201,7.0536286228941165],[80.712994927236167,7.0536742364429994],[80.712985832692198,7.0536740518991001],[80.712931482820892,7.0535888701709029],[80.712907213036871,7.0535950448148022],[80.712859858346647,7.0536269111824224],[80.712832678919426,7.053654993060456],[80.712800981864618,7.0536783186967016],[80.712713928825394,7.0536830187712418],[80.712615597437747,7.0536934076118891],[80.712568978467772,7.0536866454600124],[80.712519119274546,7.0536723214657071],[80.712471385495306,7.0536294930142498],[80.712406224399516,7.0536137238698373],[80.712312731338045,7.0535964587600795],[80.712271734025109,7.0535655766247611],[80.712259046219984,7.053552467763903],[80.712201407616433,7.0535149527411427],[80.712118697931615,7.053486104150176],[80.71207589769989,7.0534418813491184],[80.712017571885113,7.0533574029851689],[80.711990552358003,7.0533254501218812],[80.711914138964985,7.0532415200197978],[80.711909735423461,7.0532325094547481],[80.711898277412018,7.0532215812357908],[80.711878266540737,7.0532009051660678],[80.711829866211559,7.053131930247293],[80.711804409753029,7.0530873570460271],[80.711766702968973,7.0530101997608687],[80.711761369671137,7.0530051136523308],[80.711756575362458,7.0529661614585475],[80.711757066740944,7.0529422206391352],[80.711766580798098,7.0529331458789528],[80.711797314858927,7.0527998416522779],[80.711811908889032,7.0527375744569927],[80.711835327968473,7.0526696523524137],[80.711865611973352,7.0526112935566481],[80.711887449119601,7.0525904659015488],[80.711900658845849,7.0525768167528442],[80.711912070144876,7.0525659330943737],[80.711975603493357,7.0525353335016971],[80.712044281493462,7.0525132095750243],[80.712112503149399,7.0524966995405762],[80.712226461629712,7.0524943414736203],[80.71222866250217,7.0524966166293552],[80.712332096320594,7.0525277511357585],[80.712352180853728,7.0525345757108555],[80.712382572656395,7.052544366368287],[80.712456228221512,7.0525706215904611],[80.712463190164954,7.0525778152536107],[80.712521233010406,7.0526032404701686],[80.712573923693398,7.0526179933179369],[80.712672328742869,7.0526816521894391],[80.712727694608773,7.0527797049322265],[80.712772720865757,7.0528630823768408],[80.712799390049923,7.0528979719321034],[80.712803792693137,7.052906982503667],[80.712816818264741,7.0529202750354765],[80.712825545397749,7.0527786467001592],[80.712859752345452,7.0527255327200784],[80.712876506823818,7.0526573066059335],[80.71292778266023,7.0525921909898548],[80.712962288746908,7.0525858264391443],[80.713016423920905,7.0525949930325371],[80.71306015121398,7.0525941068631477],[80.713119567583504,7.0526312127535142],[80.713176729181669,7.0525678953267192],[80.713239367808114,7.0524997547751438],[80.713298207459232,7.0525147242652366],[80.713375236198203,7.052559532882559],[80.713384884104329,7.0525695009516234],[80.713445729693504,7.0526070080273096],[80.713446444752464,7.0526074493289537],[80.71346472636678,7.0526199653567856],[80.71356910521294,7.0526914214472969],[80.713589359527617,7.0527011764406726],[80.713654909593913,7.0527431616017449],[80.713726681391847,7.0528471161808577],[80.713725699533256,7.0528482073989158]]]},"properties":{"OBJECTID":8,"Division":"4","Field_No":"13C","Shape_Length":632.76628882519969,"Shape_Area":19007.412685288844}},{"type":"Feature","id":9,"geometry":{"type":"Polygon","coordinates":[[[80.710521961378703,7.052893671249624],[80.710495768301655,7.0528870071530392],[80.710490721566373,7.0528857233671918],[80.710485389166863,7.0528541137057523],[80.710519230500211,7.0528140952436447],[80.710573411488284,7.05276241750341],[80.710644898520272,7.0526885543243845],[80.710668300531751,7.0526406681979754],[80.710703708526992,7.0525999124316527],[80.710728364586586,7.0525310042872622],[80.710727831885606,7.0525050914060001],[80.710715595933138,7.0524934205348142],[80.710710049734558,7.0524872824284905],[80.710737009074549,7.0524520112722495],[80.710751859124528,7.0524271771243878],[80.710802564530724,7.052378814899833],[80.710829522972404,7.0523509602817702],[80.710881474341932,7.052281388810119],[80.710890037981528,7.0522638651101213],[80.710889623858179,7.0522437158854894],[80.710837694946562,7.052173138763961],[80.711024791562366,7.0520578073528126],[80.711117025185857,7.0520064816784798],[80.711152762862781,7.0519892699999547],[80.711234930863526,7.0519445478049185],[80.711244651533207,7.0519345039431975],[80.711317335121166,7.0518935956648257],[80.711445894818098,7.0518182836271794],[80.711541214154593,7.0517366720959362],[80.711624152909792,7.0517099541274959],[80.71172776639132,7.0516908212118627],[80.711792822384183,7.0516757946378492],[80.711835552547313,7.0516736095216448],[80.711837754318054,7.0516758837898523],[80.711871842688154,7.0516806079558094],[80.711922312735737,7.0516995688084343],[80.712019341566247,7.0517726583057785],[80.712135449715007,7.0518324552289355],[80.712166131673541,7.0518641576781844],[80.712174744720485,7.0518894474228961],[80.71213477508023,7.0518943596973278],[80.712001141698579,7.0518587586335615],[80.711865417038922,7.0518514312312162],[80.711800686236174,7.0518700274452568],[80.711753663024311,7.0518983358758796],[80.711742614644649,7.051903657357804],[80.71171501121259,7.0519222321732764],[80.71169936615361,7.0519383972100576],[80.711640231855085,7.0519862343754527],[80.711610950370087,7.05202544697537],[80.711600286469348,7.052058069459588],[80.711610529060223,7.0520977447519959],[80.711633808002475,7.052114875298197],[80.711663990497712,7.0521221795168296],[80.711704803656005,7.0521213530783591],[80.711747890450297,7.052104003218612],[80.711763843631445,7.0520988636089212],[80.711783835638073,7.0520638589874363],[80.711793456594762,7.0520497685210701],[80.711837729165239,7.0520209537165508],[80.711869911310302,7.0520148824679545],[80.711912853475809,7.0520294739694283],[80.711980355581204,7.0520716285800846],[80.712053842263032,7.0521382019035448],[80.71210998247669,7.0521962086088035],[80.712171270036976,7.0522475164317635],[80.712183640736725,7.0522602990335361],[80.712196495628461,7.0522725600962852],[80.712332632614832,7.0523820609202401],[80.712364232651552,7.0524069316227891],[80.712449591468186,7.0524951277931471],[80.712517501408726,7.0525538013095828],[80.712529707716797,7.0525728806984906],[80.712514978939424,7.0525869292475631],[80.712497820219156,7.0525810987163986],[80.712486716143928,7.0525696257642476],[80.712379949575777,7.0525182056456091],[80.712340903403643,7.0525056272087303],[80.712292539905377,7.0524891938446181],[80.712220830091212,7.0524680220577771],[80.712112577709547,7.052460932700626],[80.712031975472385,7.0524857142470996],[80.711952449416899,7.0525198718939839],[80.711864083939062,7.052568910766345],[80.71185581674348,7.0525858264391443],[80.711837754318054,7.0526080395141815],[80.711812816187475,7.052652880217118],[80.711793516781896,7.0527314711231268],[80.711761735285464,7.0528130494929266],[80.711753752855842,7.0528206621658107],[80.711736375844993,7.0528960319891105],[80.711724681576612,7.0529606474209823],[80.711735579039342,7.0530240708846836],[80.711757191606736,7.0530949741719677],[80.711770446248778,7.0531076158906005],[80.711856713262137,7.0532205069574312],[80.71186929596432,7.0532325094547481],[80.711875901276599,7.0532460248565103],[80.711950173984292,7.0533261793828546],[80.712035454647477,7.0534377812629883],[80.712062167849098,7.0534727296150788],[80.712066907360509,7.0534818471574869],[80.711926642615424,7.0533874604811926],[80.711770356417233,7.053317348014378],[80.711612522421802,7.053241110813385],[80.711604197734076,7.0532325094547481],[80.71159062778338,7.0532281383455002],[80.711541136899456,7.0532061446134717],[80.711386562890198,7.0531847223430013],[80.711258140635493,7.0531781536429561],[80.711185225282222,7.0531848783585591],[80.711096403460175,7.0531830783849712],[80.711044314648419,7.0531599301357533],[80.710957176269233,7.053098694474679],[80.710880701790757,7.0530452578019194],[80.710834952389988,7.0530071329399346],[80.710795525332188,7.0529543319088139],[80.710751394695535,7.0529271290249032],[80.710723439123868,7.0529203641872646],[80.710719036480654,7.0529158138799808],[80.710694405573904,7.0529078802622216],[80.710550281666357,7.0529008764975112],[80.710521961378703,7.052893671249624]]]},"properties":{"OBJECTID":9,"Division":"4","Field_No":"13C","Shape_Length":875.06641869319105,"Shape_Area":19421.434681478568}},{"type":"Feature","id":10,"geometry":{"type":"Polygon","coordinates":[[[80.711706822170456,7.0520457985844462],[80.711702680937009,7.0520443302517091],[80.711702089845545,7.0520405145479552],[80.711702089845545,7.0520334688686868],[80.711702680937009,7.0520214333541071],[80.711707117716188,7.0520099853506348],[80.711715695728842,7.051991490775456],[80.711736400997822,7.0519683005652443],[80.711793714411257,7.0519291218382465],[80.711795757180226,7.0519270107193783],[80.711876236348189,7.0518954990596834],[80.71193440316118,7.0518921736906321],[80.711936604931935,7.0518944488493185],[80.711980157951857,7.0519028897592264],[80.712048934766628,7.0519212113830934],[80.712066997192068,7.051925583396204],[80.712071400733564,7.0519301328216981],[80.712103219060921,7.051936299464022],[80.712143802250523,7.0519526410212316],[80.712210518330068,7.0519655707318645],[80.712235794227183,7.0519807862986612],[80.712255621842161,7.0520245010730775],[80.712237559416721,7.0520593086717307],[80.71222164755811,7.0520918678556592],[80.712230033331281,7.0521325122267813],[80.712249823216993,7.0521513874750825],[80.712296971294691,7.0521712567666661],[80.712335984229128,7.0521704659890201],[80.712354472455999,7.0521799214428951],[80.712363549033626,7.0521842925620284],[80.71237516335195,7.0521902318635581],[80.712401235156435,7.0522319130628865],[80.712412884509064,7.052255749611299],[80.71242645356142,7.0522779627021634],[80.712529707716797,7.0524475510037465],[80.712561464958711,7.0524995381361144],[80.712561154141611,7.0525146404624808],[80.712540909708409,7.0525142303638972],[80.712435440307516,7.052416238188183],[80.712359504818238,7.0523495472241855],[80.712349979082944,7.0523449594674732],[80.71229349122126,7.0522948774940764],[80.712242738204353,7.0522424374469939],[80.712152081124174,7.0521586720797176],[80.712107345921353,7.0521219343490005],[80.712054480965207,7.0520750644962602],[80.712018167468173,7.0520314870206642],[80.711986878248496,7.0520111220381567],[80.711921950714682,7.0519761450471563],[80.71187257032355,7.0519665754745846],[80.711829956941401,7.0519737914351142],[80.711813306667594,7.051976813686923],[80.711805911736178,7.0519806293911991],[80.711706822170456,7.0520457985844462]]]},"properties":{"OBJECTID":10,"Division":"4","Field_No":"13C","Shape_Length":269.06023571866746,"Shape_Area":1287.619682574353}},{"type":"Feature","id":11,"geometry":{"type":"Polygon","coordinates":[[[80.7111258915577,7.0519457843427995],[80.711130011231589,7.0519575684508027],[80.711068580839168,7.0519975085331907],[80.71100996486858,7.0520359401609971],[80.710999842651987,7.0520425284906754],[80.710886561501368,7.0521028166061903],[80.710847103900832,7.0521325389723577],[80.710705338969206,7.0522461434922326],[80.710664772847622,7.0522880582645255],[80.710567561659161,7.0523762107730814],[80.71056168577887,7.0523760922010483],[80.71055728044071,7.0523806434051464],[80.710521155589902,7.0523893865311189],[80.710469265305832,7.0524025881428418],[80.710436920565698,7.0524088564120166],[80.710368476127556,7.052416238188183],[80.710309844885586,7.0524269462209785],[80.71031033895899,7.0524028974999124],[80.710333896379012,7.0523907273755579],[80.710428412621624,7.0523418970997485],[80.710526840129006,7.0522727285933957],[80.710538888333602,7.0522602794201248],[80.71054829459294,7.052255749611299],[80.710614131221789,7.0522097766404634],[80.710775615970547,7.0521320031691959],[80.710902338612726,7.0520526427801054],[80.710966998448541,7.0520215020011259],[80.7111258915577,7.0519457843427995]]]},"properties":{"OBJECTID":11,"Division":"4","Field_No":"13C","Shape_Length":216.74764459155423,"Shape_Area":661.39966235087786}},{"type":"Feature","id":12,"geometry":{"type":"Polygon","coordinates":[[[80.709623366718503,7.0527465511540077],[80.709622446843682,7.0527464798325372],[80.709661162435793,7.0526215112497903],[80.709681187680118,7.0526037495272327],[80.709696034136812,7.0525872537603203],[80.709776277946176,7.0525639352012544],[80.709902692466216,7.0525295751828763],[80.709984114865264,7.0525144880128074],[80.710011311360489,7.0525121834370443],[80.710013431384567,7.0525145397208666],[80.710030825463392,7.052525521447631],[80.710040390724558,7.0525502236454995],[80.710054352340677,7.0525817129726622],[80.710026911503704,7.0525990378519756],[80.710022670557251,7.0526037495272327],[80.71001111732437,7.0526139975321813],[80.709958883883886,7.0526339309932373],[80.709878762245367,7.0526291907897152],[80.709849824815137,7.0526309025050988],[80.709853631875291,7.0526943090751182],[80.709846261198379,7.0527077754591136],[80.709747100665751,7.0527615117209388],[80.709739880905801,7.0527599800926835],[80.709623366718503,7.0527465511540077]]]},"properties":{"OBJECTID":12,"Division":"4","Field_No":"13C","Shape_Length":125.61812767718412,"Shape_Area":675.58932442694481}},{"type":"Feature","id":13,"geometry":{"type":"Polygon","coordinates":[[[80.713271086422466,7.0546408006084302],[80.713247571223278,7.0545954858121913],[80.71321073939832,7.0545836206434904],[80.713175084366384,7.0545843427703909],[80.713136160365124,7.054594245715295],[80.713073660079232,7.054629979404452],[80.713014170047842,7.0546776522531811],[80.712899643832259,7.0547555759627842],[80.712758384652147,7.0548475151537797],[80.712749964742997,7.0548562154405037],[80.71267196223026,7.05490367430252],[80.712548522930433,7.0549835281017321],[80.712414108912768,7.0550653111229238],[80.71240389776294,7.0550702287127365],[80.712356950907889,7.0551030105633918],[80.712284783851203,7.0551647995892903],[80.712264698419773,7.0551952108988676],[80.712246750978721,7.0552214953906685],[80.712196732783696,7.0552489094284496],[80.712183281410631,7.055248636625354],[80.712169624323366,7.05523452575106],[80.712170468739728,7.0551934403530305],[80.712192896977427,7.0551283937401417],[80.71220524611762,7.0550906158485445],[80.712212574573712,7.0549791088672817],[80.712209828423923,7.0548455137044943],[80.712198962402226,7.0547822768167361],[80.712190021470221,7.0547476414850161],[80.7121778241453,7.054724138491296],[80.712128698875659,7.0546675932949965],[80.712099502730595,7.0546284950326736],[80.712084281676454,7.0545819303316746],[80.712085221314211,7.0545362116734749],[80.712099565612661,7.0545011064950396],[80.712133124875052,7.054454785164805],[80.712191171313776,7.0543648188187245],[80.712242232452823,7.0543031152715185],[80.712302663020338,7.0542290749266661],[80.712327602947553,7.0542094455410265],[80.712336410030588,7.0542003458432472],[80.712347113457213,7.0541901379916183],[80.712386629448233,7.0541826822479639],[80.712413934639599,7.0541919602491649],[80.712430857102916,7.0542094455410265],[80.712458129056628,7.0542255168888319],[80.712503805693885,7.0542316585381784],[80.712563913766203,7.0542194367539821],[80.712584323489466,7.0542089997833104],[80.712592612244578,7.054200434994768],[80.712627863034641,7.0541726910341813],[80.712706133245348,7.0541012173419331],[80.712743233666572,7.0540547631358592],[80.712763443963837,7.0540354867830493],[80.712898149933949,7.0539060431379079],[80.712925326666237,7.0538972884508739],[80.712959508461125,7.0538959592005233],[80.71295522529384,7.0538983440058045],[80.712979778945495,7.053896193669221],[80.713004222104388,7.0539050178945404],[80.713091171837377,7.0539468941815109],[80.713123798648482,7.0540014558431787],[80.713175260436188,7.0541389444978817],[80.713194286753875,7.054185508351912],[80.713199195148619,7.0542005241463386],[80.713223650883904,7.0542584628381073],[80.713337824061554,7.0544957796938652],[80.713347471069397,7.0545350607279209],[80.713366254841986,7.0546078217003263],[80.713383416257173,7.0546822569255339],[80.713429165657956,7.0547376235380481],[80.71345265570433,7.054765174006155],[80.71346902660207,7.0548223931752991],[80.713482550738661,7.0548683097213774],[80.713474721022664,7.054881025387207],[80.713409947100786,7.0548690166920567],[80.71338574648702,7.0548598332049313],[80.713362968804674,7.0548513557968358],[80.713321684030831,7.0548612462548572],[80.713292500462202,7.0548803193080492],[80.713262604529575,7.054917052362371],[80.713217761528881,7.0549594376122613],[80.713160817323015,7.0550293724192077],[80.713143021697249,7.0550661054616723],[80.713158682027611,7.0551063706784376],[80.713182171175646,7.0551423976360201],[80.713184306471078,7.055162177647933],[80.713133769049819,7.0551953785033739],[80.713064012173078,7.0552186897978251],[80.712988560875729,7.0552610750201072],[80.712930905204161,7.0552773219595553],[80.71297076614826,7.055196791552282],[80.713063300707361,7.0550526837219785],[80.713138751106385,7.0549304741060093],[80.713205660323695,7.0548188609959475],[80.713270434245558,7.0547199635292976],[80.713283012456188,7.0546673552606043],[80.713271086422466,7.0546408006084302]]]},"properties":{"OBJECTID":13,"Division":"4","Field_No":"12C","Shape_Length":672.55634136444098,"Shape_Area":11803.66961912069}},{"type":"Feature","id":14,"geometry":{"type":"Polygon","coordinates":[[[80.712166461355253,7.0549465525609163],[80.71217862723914,7.0549455228622415],[80.712183730568285,7.0550091814137534],[80.712174124882949,7.0550744402236587],[80.712135821617551,7.0551681819917293],[80.71212990261813,7.0551862904146576],[80.712125319413545,7.0551995828810252],[80.712120915872049,7.0552630791421773],[80.712142615576028,7.0553048946833909],[80.712169223674749,7.0553222123287487],[80.712217791988891,7.0553039657265586],[80.712338811227326,7.0551886368782251],[80.712356054389218,7.0551708217633777],[80.712399910141386,7.0551337347982788],[80.712421960188379,7.0551193832118217],[80.712451456370729,7.0550957465098723],[80.712548286673496,7.0550244904894939],[80.712661113276582,7.0549562433177488],[80.712758950590796,7.0549052808108925],[80.712845502370101,7.0548596379633128],[80.712857312521137,7.054847434917507],[80.712945696863628,7.054796483988353],[80.712995468920269,7.0547589922457643],[80.713015755574332,7.0547457889181953],[80.713108822834386,7.0546729611038632],[80.713161425482497,7.0546476269354148],[80.713205980123917,7.0546442980200581],[80.713208180996375,7.0546465722737111],[80.713227873864057,7.0546593895783252],[80.713220110623368,7.0547045706411078],[80.713174950517384,7.0547915958155798],[80.713145276468637,7.0548427446614408],[80.713136470283885,7.0548607648372075],[80.713100369687552,7.0549198606315624],[80.713017484831241,7.0550412456001075],[80.713006330450355,7.0550518840341478],[80.712928756433996,7.0551653576768052],[80.712920705732415,7.0551818301725282],[80.712915250263706,7.0551923437914121],[80.712819986622776,7.0553284315251839],[80.712787912275544,7.0553871082486745],[80.712803870846571,7.0554178609931126],[80.712808832241876,7.0555385754133928],[80.712788785437994,7.0555772064461637],[80.712720863819385,7.0556742351193362],[80.712690869072034,7.0557087598341637],[80.71263149582164,7.0557373550971052],[80.712480630057868,7.0557342981008668],[80.712459163915852,7.0557564771474173],[80.712453412901411,7.0557973752778729],[80.71244467319201,7.0558567437554043],[80.712430755593317,7.0559181644862381],[80.712414996448274,7.0559331962716536],[80.712392970655827,7.0559559530084446],[80.712321880679198,7.055987092631292],[80.712259801703155,7.0560037576643602],[80.712179327925085,7.0559935462864631],[80.712101611076591,7.0559860005291286],[80.711863078724235,7.0559791795709215],[80.711730006789651,7.0559712442226221],[80.711547757483103,7.0559655278476212],[80.711531676741203,7.0559250549832537],[80.711496096269428,7.0558729469898713],[80.711486714264609,7.055834741233137],[80.711501960471608,7.0557756829990854],[80.711547762872982,7.0557007050185705],[80.711572874378447,7.0556678518892415],[80.711696185219182,7.0555199526013146],[80.711713112174067,7.0554943224969602],[80.711800995256638,7.0554171388675222],[80.711822324854751,7.0554032562257367],[80.711918721271246,7.0553513282592544],[80.71195632834231,7.0553298267434066],[80.711999416034914,7.0552781198639858],[80.712016821791849,7.0552517649458366],[80.712062413987468,7.0551683594029422],[80.712107436651195,7.0550926199713526],[80.712135490139218,7.0550412990909432],[80.712166461355253,7.0549465525609163]]]},"properties":{"OBJECTID":14,"Division":"4","Field_No":"12C","Shape_Length":618.15344853059662,"Shape_Area":12113.963659496259}},{"type":"Feature","id":15,"geometry":{"type":"Polygon","coordinates":[[[80.713729009825073,7.055195591575119],[80.713710008660186,7.0551752347553913],[80.713691417127052,7.0551169386813974],[80.713674411120408,7.0550687728708263],[80.713657460809301,7.0550302140082506],[80.713653139014468,7.0549797177712579],[80.713701725294953,7.0548703316754056],[80.713716044440588,7.0548517953133105],[80.713723477999565,7.0548361572631055],[80.713769743033325,7.0548091568634828],[80.713810999061039,7.0547994010230237],[80.713998222339313,7.054806767605311],[80.714048369891742,7.0547980994121895],[80.714073167885147,7.0547959544288865],[80.714076574296712,7.0547996042882657],[80.714106246548837,7.0548135056699692],[80.714107607496516,7.0548141431026421],[80.714127475535648,7.0548234514026849],[80.714151713878636,7.0548562555586214],[80.714197773198208,7.054906187480662],[80.714214618406416,7.0549320832887572],[80.714219519614602,7.0549365916751094],[80.714203196327588,7.0549672160714563],[80.714147220505581,7.0549720578836626],[80.714106952624661,7.0549766884069651],[80.714034890670888,7.0549809792634521],[80.713961456989665,7.0549962303917386],[80.713909204684541,7.05503192482327],[80.71387913986861,7.055069878347858],[80.713844720020191,7.0551422799562351],[80.713826618068907,7.0552177207227098],[80.713790342301095,7.0552746304807652],[80.713776524415394,7.055295688917103],[80.713745917017036,7.0553055784740986],[80.713708903732396,7.0553041663170566],[80.713669042788283,7.0552843863112118],[80.713605692696149,7.055217983719138],[80.713562984990901,7.0551671219821017],[80.713488957523253,7.0551028385012362],[80.713449808044899,7.055085178506455],[80.713405676509922,7.05507811415172],[80.713364391736079,7.0550908298118369],[80.713222032119759,7.0551480489407403],[80.713183791736412,7.0551574133994048],[80.713182171175646,7.0551423976360201],[80.713158682027611,7.0551063706784376],[80.713143021697249,7.0550661054616723],[80.713160817323015,7.0550293724192077],[80.713217761528881,7.0549594376122613],[80.713262604529575,7.054917052362371],[80.713292500462202,7.0548803193080492],[80.713321684030831,7.0548612462548572],[80.713362968804674,7.0548513557968358],[80.71338574648702,7.0548598332049313],[80.713409947100786,7.0548690166920567],[80.713463373503998,7.0548789214139376],[80.713478635880648,7.0548746680000978],[80.713499236046744,7.0548996464419771],[80.713547524086536,7.0549430489109364],[80.713578501590803,7.0549841896050589],[80.713609023649212,7.0550298520536217],[80.713637723924208,7.0550845571213721],[80.713663689727511,7.0551455910377641],[80.713687379199882,7.0551926094624573],[80.713709700538047,7.0552219964212082],[80.713735667239646,7.0552400807711919],[80.713755956588656,7.0552203774327715],[80.713729009825073,7.055195591575119]]]},"properties":{"OBJECTID":15,"Division":"4","Field_No":"23A","Shape_Length":374.32443911399105,"Shape_Area":3051.4637704997563}},{"type":"Feature","id":16,"geometry":{"type":"Polygon","coordinates":[[[80.714305809085857,7.0548114632108536],[80.714309105902942,7.0548071500649252],[80.714313509444452,7.0547713771628366],[80.71431962607322,7.0547595895603834],[80.714363992068499,7.0547536244378897],[80.714416128490939,7.0547802869568201],[80.714474801055403,7.0547884175671571],[80.714526703915894,7.0547752124574084],[80.71455979425771,7.0547582906239894],[80.714585815756536,7.0547491633000519],[80.714619047133866,7.0547625449303819],[80.714640434224123,7.0547694345531262],[80.714695431780783,7.0547624557789756],[80.714734650429435,7.0547580846841802],[80.714758337206874,7.0547759265603673],[80.714797869367558,7.0548002952118258],[80.714825824939211,7.0548070609135189],[80.714884648420636,7.0548251461712086],[80.714893133008488,7.0548339124303974],[80.714939150107256,7.0548560754727783],[80.714990126804665,7.0548985570117981],[80.715072992796379,7.0549384665290304],[80.715137764023297,7.0549593315220989],[80.715164479919835,7.0549538995275523],[80.715195346033013,7.054943411757125],[80.715227520093237,7.0549217613395001],[80.715297611143285,7.0549142013004706],[80.71531104365171,7.0549073321847207],[80.715368154944215,7.0548483228656407],[80.715368658000799,7.0548462732745385],[80.71537508095507,7.0548201171394922],[80.715346331272713,7.0548071500649252],[80.715299204754615,7.0548231634435714],[80.715291134290069,7.0548315017759728],[80.71522087435676,7.0548382844159772],[80.715212240648555,7.0548293630334014],[80.715185191477062,7.0548249919392294],[80.715153828595533,7.0548159814049924],[80.715104313457076,7.0548026898191436],[80.715071254556293,7.0547931916261444],[80.715063964727747,7.0547833831859643],[80.715101096590047,7.0547377180385356],[80.715155606361478,7.0547456257710577],[80.715176594599768,7.0547384945475908],[80.715201971108243,7.0547045109096675],[80.715339465448977,7.0546997368497761],[80.715379948925573,7.0546859816730452],[80.715423331265612,7.0546598647555738],[80.715432406944913,7.0546554936598111],[80.715441303859492,7.0546509442610974],[80.715476508835479,7.0546460650019052],[80.715513103505202,7.054631329157548],[80.715563236684588,7.0546151793705345],[80.715581912659346,7.0546155582642633],[80.715610619222559,7.0546253123255713],[80.715643498460253,7.0545661950972676],[80.71566807367148,7.0545225527754924],[80.715680084146854,7.0544979772779577],[80.71570887425338,7.0544705177284364],[80.715722197167381,7.0544567527382434],[80.715722781072316,7.0544563970237739],[80.715725994346073,7.0544533141651469],[80.715727120833435,7.0544522336490578],[80.715727335530801,7.0544521801581581],[80.715758916702924,7.0544254730445948],[80.715780585864209,7.0544212740089911],[80.715782961908133,7.0544327923825287],[80.7157824786145,7.0544563274856271],[80.71577973695625,7.0544616106030276],[80.715764814142773,7.0544903664156617],[80.715735859644525,7.0545529498629902],[80.715728958786528,7.0545895465415391],[80.715752053574136,7.0546340518430766],[80.715772270159619,7.0546533335200712],[80.715863176971425,7.0546859272906737],[80.715906134408314,7.0547078950984838],[80.715919785207376,7.0547358271365406],[80.715930404192335,7.0547562909573029],[80.715935556030487,7.0547987306043094],[80.715904119487135,7.0548708594517642],[80.715895207301187,7.0548946361328762],[80.715909492310828,7.0549436373101555],[80.715935645862032,7.0550122428723494],[80.715949036149667,7.0550486264427681],[80.715938127907151,7.0550802644828208],[80.715937384102105,7.0550824210545251],[80.715865931206082,7.0551125319293906],[80.715781414110907,7.0551428335861779],[80.715773890720371,7.0551506066932115],[80.715733810587352,7.0551674973093217],[80.715657951454887,7.0551898930207777],[80.715584807929503,7.0552272991431657],[80.715498526543087,7.0553396111011386],[80.715441185281875,7.0554056116033292],[80.715370650464081,7.0554665527600271],[80.715355933364776,7.0554761320668904],[80.715347473031443,7.0554848724598749],[80.715305103991071,7.0555109902222917],[80.715244750678679,7.0555400571077413],[80.715158187221277,7.0555719875304099],[80.715065004976864,7.0556107487212492],[80.714937825990518,7.0556934596962027],[80.714849520699786,7.0557565056757969],[80.714825735107667,7.055770522925374],[80.714779261664759,7.0558029739753669],[80.714760808472207,7.0558220416406865],[80.714733309244735,7.0558482690401183],[80.714697319141194,7.0558854557973092],[80.714660260940761,7.0559612842503983],[80.714612442719869,7.0560663284259189],[80.714590717863061,7.0560981429157534],[80.714573273478564,7.056114782090976],[80.714544997208364,7.05612839993245],[80.714499599947146,7.0561362808958465],[80.714461956943467,7.0561211234138792],[80.714414058772533,7.0560850430417306],[80.71427652041433,7.0559955263345211],[80.714248144431124,7.0559788042444005],[80.714211702474998,7.0559612530474514],[80.714083426645701,7.0558910179417174],[80.713987741694879,7.0558266302544306],[80.71397660887358,7.0558151279627959],[80.713969985594971,7.05580880981503],[80.713896107247677,7.0557807583790524],[80.713882412431204,7.0557527363612973],[80.714219242035171,7.0557483100020741],[80.714260223178456,7.0557423645055746],[80.714301651682732,7.0557111580028256],[80.714316470291649,7.0556738633586127],[80.714322496190576,7.0556356076607454],[80.714289746310257,7.0555904035094521],[80.714240427902851,7.055555671063324],[80.714223645576709,7.0555475886081247],[80.714173180020666,7.055511559007539],[80.71414964236358,7.0554872385352123],[80.714125624107851,7.0554643302181601],[80.71409900792429,7.0554164729072708],[80.714088709637863,7.0553223736926256],[80.714089742700466,7.0552721208706837],[80.71411450565958,7.0552003005494113],[80.714140746347326,7.0551752730904891],[80.714151754302833,7.0551638991606085],[80.714159850818504,7.0551561759785759],[80.714208595202436,7.0551218491385619],[80.71423721462908,7.0551149229690173],[80.714277309135156,7.0551047222696415],[80.714405927222572,7.0551073281641203],[80.714448531621542,7.0550986653256915],[80.7144819004411,7.0550539781999726],[80.714489162421856,7.0550096931426998],[80.71448329642304,7.0549755490521795],[80.714465887072834,7.0549356056606021],[80.714444693120356,7.0549153905802076],[80.714408836865772,7.05490671347395],[80.714361325868708,7.0549163739201601],[80.714340070830787,7.054900363219299],[80.714322496190576,7.0548918991846472],[80.714312204192368,7.0548866356854676],[80.714291964250691,7.0548657234388603],[80.714286639936006,7.0548365415057512],[80.714305809085857,7.0548114632108536]]]},"properties":{"OBJECTID":16,"Division":"4","Field_No":"23A","Shape_Length":858.8495346198082,"Shape_Area":18825.599530749954}},{"type":"Feature","id":17,"geometry":{"type":"Polygon","coordinates":[[[80.716012891993316,7.0550583377023077],[80.716009918569711,7.0550522531208397],[80.715998461456593,7.0550301738901204],[80.715982886466193,7.054998304053024],[80.715941814593108,7.0549477953313868],[80.715926061736269,7.0549081470285815],[80.71593250086022,7.0548706722337817],[80.715949215812728,7.0548384627188012],[80.715958502596109,7.0548194592019868],[80.715980078332592,7.0547988803786774],[80.7160449061534,7.0547937684358804],[80.716178189192121,7.0548116103107059],[80.716214225109738,7.0548159814049924],[80.716223121125992,7.054820531693613],[80.716258796819204,7.0548274453863504],[80.716331048317485,7.0548338232789662],[80.716370009149657,7.0548387676166708],[80.71639413610157,7.0548382781753602],[80.716393664486063,7.0548153386232499],[80.716364651597303,7.0547728481614511],[80.716358007657476,7.0547555233634451],[80.716372559466748,7.0547342117124883],[80.716476770327944,7.0547221771595687],[80.716528659713688,7.0547133903934602],[80.716623106786031,7.0547090192981941],[80.71665896214229,7.0547044699000026],[80.716719248979302,7.0546995906414205],[80.716745290241093,7.0547001175264477],[80.716780278723064,7.0547090192981941],[80.716801498726738,7.0547133903934602],[80.717013200198139,7.0546525712751169],[80.717137234182701,7.0546304474496369],[80.717230833245424,7.0546023299701668],[80.717249863156397,7.0545996928698287],[80.717252064927152,7.0546019680152074],[80.717253630690692,7.0546781274303791],[80.717245667125681,7.0547244781582767],[80.717237668526394,7.0547321068469842],[80.717215710107624,7.0547815110059355],[80.717206342475819,7.0548196571181343],[80.71718325038313,7.0548822699409124],[80.717148320291628,7.0549624143773668],[80.716985347932777,7.0551312519328331],[80.71697696844781,7.0551483984140591],[80.716925137452549,7.0552215470984212],[80.716893467347219,7.0552927995224319],[80.716880973578213,7.0553563323228277],[80.716891315882094,7.0554064594322776],[80.716910671881521,7.0554538290866047],[80.716915074524721,7.0554652386698926],[80.716901332995832,7.0554716718275206],[80.716892698389302,7.0554627504571448],[80.716870953769558,7.0554574878559508],[80.71684345813533,7.055438986286414],[80.716754505159287,7.0554407880342174],[80.716645572752952,7.0553780014419232],[80.716632866083273,7.0553718820956304],[80.716612758193946,7.0553449548313489],[80.716587443669241,7.0553208099783618],[80.716467494324306,7.0552569740585609],[80.716419503626867,7.0552208240810419],[80.716357662704425,7.0551930810730825],[80.716315476022032,7.0551812694105225],[80.716264309780087,7.0551638840048838],[80.716204561932244,7.0551650937887658],[80.716164331780533,7.0551548592130224],[80.716155813056687,7.0551460572993578],[80.716119509441128,7.0551307580342923],[80.716056782779759,7.0551105518775419],[80.716032287518601,7.05509802432735],[80.716016180725561,7.0550650659566472],[80.716012891993316,7.0550583377023077]]]},"properties":{"OBJECTID":17,"Division":"4","Field_No":"23A","Shape_Length":418.70832498802406,"Shape_Area":7552.6033522391226}},{"type":"Feature","id":18,"geometry":{"type":"Polygon","coordinates":[[[80.713881407216377,7.055818715408293],[80.713890455047959,7.0558265669570543],[80.71391819771884,7.0558374300341429],[80.713988631027036,7.0558748637410869],[80.714076244615015,7.0559295776241004],[80.714227361907035,7.0560133993659457],[80.714249422733786,7.0560240244049401],[80.714342854709869,7.0560787578836059],[80.714426767238862,7.0561325035608276],[80.714441223826725,7.0561474408390383],[80.714498642343074,7.0561716373565613],[80.714548037107278,7.0561808858980148],[80.71458804447677,7.0561707075099376],[80.714610483494241,7.0561538044492966],[80.714619047133866,7.0561362808958465],[80.714632617084519,7.0561185282232639],[80.714660264534018,7.0560701173511582],[80.714681114431784,7.0560176420711631],[80.714709001731435,7.0559579517784172],[80.714718342413789,7.0559344408225222],[80.714728592191179,7.0559146902635126],[80.714768635493257,7.0558764978829327],[80.714831508580019,7.0558322200364225],[80.714848290906147,7.0558241375860957],[80.714858234358033,7.0558190523999693],[80.714870667041552,7.0558062065990486],[80.714906791892389,7.0557796225922891],[80.714952891636145,7.0557448972924348],[80.715074304336682,7.0556626445641664],[80.715132913120783,7.0556344174913317],[80.715212294547484,7.0556109805145528],[80.715256797984964,7.0555930602174266],[80.715340934194472,7.0555500331362708],[80.715414224145263,7.055494827093284],[80.715434518884152,7.0554738569257855],[80.715455143304752,7.0554541865833293],[80.715485337478086,7.055422988976261],[80.715535918018489,7.0553536470851119],[80.715579650701457,7.0552851048709675],[80.715614508029432,7.0552564801601605],[80.71566825333457,7.0552354359862699],[80.715728958786528,7.05521751389157],[80.715782787634964,7.0551951217474995],[80.715843016979832,7.055173527506982],[80.715947354503442,7.0551671915201712],[80.715972458822378,7.0551543537247952],[80.715984053377767,7.0551423735651877],[80.716014232279704,7.0551171080689743],[80.716016434050459,7.0551193832118217],[80.716021390954211,7.0551241109086522],[80.71604797659505,7.0551326756801096],[80.716075543196169,7.0551420428136202],[80.716086712848423,7.05515358345707],[80.716254751705478,7.0552064609075948],[80.716295788544272,7.0552163923676474],[80.716358007657476,7.0552218849820401],[80.716398356386776,7.0552576578493325],[80.716458373729211,7.0553062087740086],[80.71652530181116,7.0553428909782578],[80.716564357864769,7.0553554729041164],[80.716584779266114,7.0553692146882572],[80.716606092694548,7.0553830866328964],[80.71665077938836,7.0554005834694333],[80.716651139612793,7.0554010818252664],[80.716652052301114,7.0554010818252664],[80.716655699461171,7.0554025100292632],[80.716656227670555,7.0554029753991063],[80.716658736665153,7.0554040059882599],[80.716667545544823,7.0554094887937708],[80.716668051296324,7.0554095984498693],[80.716730853416138,7.0554494579983356],[80.716753409214618,7.0554627504571448],[80.716761335050379,7.0554709398953772],[80.716794525105172,7.0554990065058574],[80.716839033932558,7.0555133447078289],[80.716912585293073,7.0555204857260305],[80.716918551903206,7.0555234464402883],[80.716922029281662,7.055528024358833],[80.716940950496493,7.0555335018137981],[80.716932924947727,7.0555567774307066],[80.716886857543329,7.0555839248863288],[80.716843183250859,7.0556010249921153],[80.716832434010158,7.0556065229510354],[80.716806792498701,7.0556237772876562],[80.716787939555829,7.0556523226311558],[80.716773650952916,7.0557026119638557],[80.71675945307986,7.0557373595546782],[80.716739435920374,7.0557635486238848],[80.716721542378224,7.0557751944503018],[80.716587070868414,7.0557839045261881],[80.716539617363509,7.0557907878931507],[80.716529328060247,7.0558014191778389],[80.71645867556316,7.0558522086326994],[80.716407058366954,7.0559055415660961],[80.716372054613586,7.0559545239146306],[80.716349943481163,7.0559880037565472],[80.71631747836679,7.0560292299429248],[80.716258233575488,7.0561154114982818],[80.716250170297499,7.0561319098140149],[80.716214135278207,7.0561898063630517],[80.716196900201155,7.0562186280401775],[80.716191759142802,7.0562664219708431],[80.71620763866207,7.0562970230999564],[80.716257446651326,7.0563828756377971],[80.71627805849549,7.0564379424991897],[80.716286026552083,7.0564914839786814],[80.716272283226559,7.0565386270781802],[80.716239165935292,7.0565928398536855],[80.716192457133786,7.0566153344538796],[80.71611304426601,7.0566409172461082],[80.716070455138421,7.0566652661861804],[80.716034406644354,7.0566804575277349],[80.71600018891688,7.0566951549718944],[80.715935077228465,7.0567659141638055],[80.715926660014233,7.0567831372543646],[80.715916748901719,7.0568022360822127],[80.715827768077872,7.0569046545693137],[80.715802793116353,7.056963059182408],[80.715782787634964,7.0570016107519207],[80.715771778781161,7.0570241356435774],[80.715758344476086,7.0570500250926251],[80.715702230313553,7.0571035459966129],[80.71569451198863,7.0571193382014075],[80.715572631265829,7.0572934491401353],[80.715541831627988,7.0573337435829426],[80.715477558067732,7.0574031065737248],[80.715459096790312,7.0574207147725501],[80.715445887064064,7.0574343637784223],[80.71536941258563,7.0574744183930171],[80.715301663443526,7.0575274337622904],[80.715267399901975,7.0575685510474795],[80.715205096347105,7.0576465625298201],[80.715185578650946,7.0577062686519572],[80.715207747275514,7.0577554273285861],[80.715215873435596,7.0577802879359144],[80.715168436998695,7.0578062869981988],[80.715144449285631,7.0577727199200027],[80.715135766170121,7.0577644369141135],[80.715129160857828,7.0577576124161139],[80.715121444329526,7.0577502530128475],[80.715089863157402,7.0577350429846941],[80.71505545498708,7.057726716294205],[80.714868628764179,7.0577339972450952],[80.714809125258071,7.0577272877512458],[80.714793024753249,7.0577190537775252],[80.714780002774873,7.0576862810272507],[80.714767145188205,7.057661503325189],[80.714767514395817,7.0576435536876625],[80.71479208062388,7.0576440511495813],[80.714808162264077,7.0576437257488767],[80.714839091259321,7.0575920039722977],[80.714807880193092,7.0575227916748471],[80.714816937906093,7.0574965224694024],[80.714868988090302,7.0574761425716206],[80.714912446787125,7.0574691192628221],[80.714927146818425,7.0574539306216852],[80.714937836770275,7.0574212273903338],[80.714947826036237,7.0574065977239089],[80.714976882942423,7.0573788842668019],[80.714987400417783,7.0573360552667497],[80.714996874050769,7.0573085789469268],[80.715015274242745,7.0572816330735879],[80.715069193821023,7.0572827251727235],[80.715097071239256,7.0572969821921046],[80.715141160553401,7.0573425356483765],[80.715188376903029,7.0573691106502858],[80.715230033579402,7.057412150934967],[80.715246073897106,7.0574274501246146],[80.715257082750909,7.0574388239988481],[80.715279900857439,7.0574431959598618],[80.715290736336399,7.0574319994960515],[80.715297611143285,7.0574254433374177],[80.715305674421259,7.0574089441762302],[80.715297521311754,7.0573852986761292],[80.71529311777023,7.0573718279706634],[80.7152840420909,7.0573496151242061],[80.71527963854939,7.0573361444176976],[80.715270684142624,7.0573188901448658],[80.715265906901962,7.0572994338430783],[80.715266319228661,7.0572793695310132],[80.715316165845465,7.0572724612239464],[80.715342937437569,7.0572510079388442],[80.715356099553105,7.057210743800133],[80.715373542140981,7.0571941073388524],[80.715388978790827,7.0571734341210943],[80.715430759434668,7.0572032631428758],[80.715442027901588,7.0571975004245591],[80.715441046941322,7.0571497993070853],[80.715446119727744,7.0571301513235589],[80.715473284781936,7.0571176719695838],[80.715494150849338,7.0571283424502189],[80.715499715912529,7.0571622759856538],[80.715500596261521,7.0571666470577394],[80.715541405826556,7.0571562654271425],[80.715581059259804,7.0571216365136289],[80.715601066537829,7.0570806965992077],[80.715618156087814,7.0570376839205204],[80.715654955573399,7.056908163553504],[80.715669668181135,7.0568482513895265],[80.715674950274988,7.0567785878765532],[80.715715279241365,7.0566922673690211],[80.715719882208887,7.0566279430904686],[80.715696448756361,7.0566225610400828],[80.71565370242358,7.0566444217747364],[80.715602951203309,7.0566642926565084],[80.715538433301276,7.0566972874652869],[80.715478961236187,7.0567420849796614],[80.715450290605588,7.0567607460775523],[80.715435384860086,7.056770775570417],[80.715421219326359,7.0567854123889928],[80.715414344519516,7.0567919694482208],[80.715365009044078,7.0568545044428133],[80.715334716954388,7.0568917579824406],[80.715252222865246,7.0569834524754267],[80.715209981385627,7.0570166986672955],[80.715164837449322,7.0570460810526878],[80.715126309605111,7.0570720070524278],[80.715086430694697,7.0571132108545314],[80.715061705464819,7.0571326707301809],[80.714999613912383,7.0571625755329395],[80.714948012885841,7.0571755683952793],[80.714920182180023,7.0571532663883962],[80.714895575527763,7.0571387650909267],[80.714868555102342,7.0571108474620043],[80.714861680295456,7.0571042904072936],[80.71484406702767,7.0570860920169052],[80.714820310181693,7.057063432510243],[80.714797417514959,7.0570524072071565],[80.714770848942138,7.0570463039301847],[80.714707240135169,7.0570592379561301],[80.714676334496161,7.0570487359692597],[80.714648064514165,7.0569908903437781],[80.714628033879961,7.0569615552048894],[80.714614468420848,7.056938870729855],[80.71461528588776,7.0568991075927539],[80.714589846497205,7.0568748442499833],[80.714551739064547,7.0568901880329413],[80.714537907704127,7.0568945599991064],[80.714527218650574,7.0568835150787796],[80.714488300937518,7.0568313982781739],[80.714489015996463,7.0567966061939353],[80.714479104883935,7.0567678621142012],[80.714454905168495,7.056760065855058],[80.714399227587194,7.0567611936158183],[80.714386473306789,7.0567480153076376],[80.714398970669023,7.0567117700548989],[80.71440861498192,7.0566681537892197],[80.714392870209934,7.0566423793236863],[80.714340413088919,7.0566276916844268],[80.714318092649037,7.056604630084002],[80.714293003601469,7.0565898443773634],[80.714277699004001,7.0565666713361548],[80.714261437700699,7.0565428572974556],[80.714212217209663,7.0565375483499828],[80.714205762814345,7.0565243415070737],[80.714199561743925,7.0565123925857929],[80.714156701325123,7.0564715132402398],[80.714113251611437,7.0564133269853286],[80.714011317081201,7.0563435341377589],[80.713955503854308,7.0562988087972558],[80.713922691091895,7.0562567134112122],[80.713887704406531,7.0562339424250142],[80.713800062970776,7.0561609071225915],[80.713792387764983,7.0561452022532327],[80.713775855170496,7.0561235723965572],[80.713763014651818,7.0560842923888165],[80.713765658393712,7.0559556766397176],[80.713764372904535,7.0558931192358783],[80.713753515866017,7.0558299297413747],[80.713783401018887,7.0558241375860957],[80.713787804560411,7.0558195881988324],[80.713878021466087,7.0558152171140112],[80.713881407216377,7.055818715408293]]]},"properties":{"OBJECTID":18,"Division":"4","Field_No":"14","Shape_Length":1407.3184822371493,"Shape_Area":41257.941878427649}},{"type":"Feature","id":19,"geometry":{"type":"Polygon","coordinates":[[[80.716995378521233,7.0555553590338365],[80.717018161593487,7.0555574014896818],[80.71704296048523,7.05555815303497],[80.717061890683198,7.0555564627266785],[80.717081579059283,7.0555543953084783],[80.71709729149191,7.0555515772364741],[80.71711508621938,7.0555472569653519],[80.717131744577983,7.0555429358026949],[80.717154272528688,7.0555386146399623],[80.717172067256172,7.0555344815864407],[80.717194404764015,7.055532602277351],[80.717212578580543,7.0555318507320122],[80.717232455602797,7.0555318507320122],[80.717245138916297,7.055528657332979],[80.717264728477701,7.0555219237363005],[80.717280599912158,7.0555148299683044],[80.71729525951929,7.0555117034326216],[80.717312342781028,7.0555091786681006],[80.717325790560835,7.0555098999020283],[80.717353293381578,7.0555177157954994],[80.717390366853351,7.0555296192753305],[80.7174133861825,7.0555415227548437],[80.717430362544761,7.055553738263538],[80.71745821391184,7.0555793977845376],[80.717479901039383,7.0556023631527003],[80.71750449511525,7.0556214807510242],[80.717529090089414,7.0556363904088526],[80.717546293725434,7.0556442063001867],[80.717564588814483,7.055651540774571],[80.717584173884305,7.0556544257094291],[80.717614935792909,7.0556573614604687],[80.717647768318216,7.0556567739536495],[80.717673797901881,7.0556520774651847],[80.717697461323127,7.0556435644110858],[80.717732364465149,7.0556306481758018],[80.717757210967605,7.0556197868769113],[80.717772296376154,7.0556124479444575],[80.717810157670456,7.0556036415819348],[80.717940304690515,7.0555833864126072],[80.717962489484762,7.0555781024165087],[80.71799946324353,7.0555719384971978],[80.71804974733989,7.0555631321339369],[80.718092932948849,7.0555599030745872],[80.718126061019916,7.0555531507565794],[80.718158302453773,7.0555522708334557],[80.718176346014573,7.0555546190781966],[80.718211249156596,7.0555781024165087],[80.718288970496673,7.0556519009456844],[80.718399146171322,7.055733625900495],[80.718730053182654,7.0560007800144753],[80.71876396188965,7.0560215772047714],[80.718760411747667,7.0560267756106798],[80.718741912741038,7.0560444204138344],[80.718689800573074,7.0560648244454871],[80.718652083907557,7.0560932351434866],[80.718640554929195,7.0561051475236161],[80.718609013282943,7.0561318206628636],[80.718563064456177,7.0561711603978594],[80.718542799361657,7.0562018453353517],[80.718525025295463,7.056225098630823],[80.718482825138338,7.0562750027683521],[80.718461929426525,7.0562850661491749],[80.718414007899398,7.0563345806898106],[80.718376395438426,7.0564115439630157],[80.718365352448643,7.0564277159751354],[80.718352900002174,7.0564395926862469],[80.718330523866769,7.0564664449999182],[80.718279796002676,7.0565228312875385],[80.718215731749879,7.0565781816327116],[80.718215142455051,7.0565781700430756],[80.718102222427206,7.0566351554123168],[80.718102039170901,7.056635741134845],[80.718086833388057,7.0566403136933529],[80.718047452144333,7.056626932117271],[80.718031761271277,7.0566218772513469],[80.717994524306121,7.0566226314694207],[80.717920118647768,7.0566362207676301],[80.717887988604986,7.0566471382078406],[80.717864865071263,7.0566545867797261],[80.717800643613273,7.0566701284853197],[80.717764380421897,7.056680546678785],[80.717737331250362,7.0566849177554385],[80.717711948453683,7.0566900787104681],[80.717619043788716,7.0567257480490646],[80.717579756868076,7.0567521840107625],[80.717566679194164,7.0568054392790716],[80.717558486558758,7.0568132533676549],[80.717525831001552,7.0568021576292512],[80.717458857105541,7.0568213982064698],[80.71738695145865,7.0568545044428133],[80.717314374770183,7.0568875955211547],[80.717238585706298,7.0569079406759316],[80.717148141526863,7.0569351103400688],[80.716940630696257,7.0570056198724576],[80.716859853287588,7.0570301319396673],[80.71673610227235,7.0570488144221448],[80.716632002802299,7.0570551361190281],[80.716540853445352,7.0570692175179888],[80.716499190480803,7.0570683741496287],[80.716426262551067,7.0570736554542144],[80.71636931834523,7.057088143381077],[80.716358007657476,7.0570998301836356],[80.716350802270597,7.0571067019413709],[80.71627368280177,7.0571274045819434],[80.716224876434069,7.0571439884465565],[80.716081974235294,7.0572170681693445],[80.715967008743533,7.057269237525575],[80.715895431880028,7.0573021921733119],[80.71578887551766,7.0573566847933167],[80.715667878737079,7.0574278361481033],[80.715657543619741,7.0574385146451739],[80.715639381481324,7.0574503351652487],[80.715488091712757,7.0575384002144919],[80.715471191707294,7.0575465396914643],[80.715421434922035,7.0575800212012387],[80.715387475011028,7.057608321259127],[80.715346139931555,7.057638740431722],[80.715324480651731,7.0576528369685718],[80.715303157341836,7.0576688992817571],[80.715279109441667,7.0576840602790636],[80.715261247340578,7.0576749249892368],[80.715252679209399,7.0576388447382294],[80.715264406715448,7.057604832784973],[80.715291005830991,7.0575794622251147],[80.715329703456803,7.0575394789403614],[80.715396248856408,7.0574905092407016],[80.71544817866635,7.0574567103472043],[80.715468263199497,7.0574431959598618],[80.715477669458835,7.057438665310225],[80.715501788325895,7.0574137449534415],[80.715538524929443,7.0573581210148557],[80.715600082882602,7.057282417601928],[80.715670546733492,7.0572068808889448],[80.715745794113261,7.0571261965861947],[80.715762194655412,7.057101365363553],[80.715796446518866,7.0570686959847029],[80.715826997323347,7.0570277837024067],[80.715834359017094,7.0569530662456552],[80.715870488359528,7.056903196950123],[80.715917066006995,7.0568326722464381],[80.715988020338031,7.0567560977418458],[80.716050465826712,7.056696538596384],[80.716105016022311,7.056673550994744],[80.716187265769761,7.0566448630725249],[80.716225231268595,7.0566285564498408],[80.71626234965612,7.0566095744027884],[80.71628904309479,7.0565738274937839],[80.716298177164632,7.0565458830854686],[80.716303999145978,7.0564944437951969],[80.716288044168195,7.0563926688883987],[80.716245407429852,7.056310507209373],[80.71623079453515,7.0562806050261075],[80.716223210957509,7.056255753253355],[80.716239386920847,7.0562088401349943],[80.716281623010545,7.0561274495809938],[80.716286026552083,7.0561184390720744],[80.716348887960706,7.0560370565257946],[80.716366903673716,7.056006927880814],[80.71640509734469,7.0559550187038278],[80.716445709280364,7.0559162833956686],[80.716501790205228,7.0558732028538547],[80.716524166340633,7.0558552718687411],[80.716553772117464,7.0558360027229918],[80.71660535607603,7.0558215593325455],[80.716748915841578,7.0558152171140112],[80.716767408560031,7.0558105117120542],[80.716785221253772,7.0557740640125948],[80.716795959714673,7.0557303344364746],[80.716805367770647,7.0556938920797618],[80.7168483054446,7.0556377169796489],[80.716892698389302,7.0556234162250204],[80.716944409908649,7.0556025940544949],[80.716994879057935,7.0555578481375711],[80.716995378521233,7.0555553590338365]]]},"properties":{"OBJECTID":19,"Division":"4","Field_No":"15","Shape_Length":1012.5653941457508,"Shape_Area":36456.400431893948}},{"type":"Feature","id":20,"geometry":{"type":"Polygon","coordinates":[[[80.717261370575173,7.0539635619625534],[80.717295528115557,7.053974601603465],[80.717319462827987,7.0539819610667678],[80.717350919134276,7.0539895737204414],[80.717422679254099,7.0539965409165459],[80.717461628408188,7.0539866317182387],[80.717494653172992,7.0539617548598788],[80.717525816628537,7.0539388215049144],[80.717531590999172,7.0539369618026972],[80.71753401106055,7.0539393635466077],[80.717537628576196,7.05394186781482],[80.717540205842738,7.0539454267463393],[80.717540940664634,7.0539462415918539],[80.717541104158045,7.0539463253943806],[80.717541919828292,7.0539467435153025],[80.717542624107494,7.0539475663845037],[80.717545872415556,7.0539519998930542],[80.717546510219393,7.0539528923004653],[80.71754685966404,7.0539539326995193],[80.717547049208562,7.0539560946255477],[80.717550355008811,7.053961605085231],[80.717552572050948,7.0539636635953586],[80.717553447908358,7.0539666492820352],[80.717554781906543,7.0539676923555783],[80.717557316053956,7.053972906831838],[80.717558878224239,7.0539744580694475],[80.717559296839156,7.0539753264058733],[80.717560305647226,7.0539754217980617],[80.717560857212803,7.0539758737965981],[80.717568590809094,7.0539945118265619],[80.717567474203193,7.053995619089207],[80.717572852416794,7.054005491735194],[80.717598731083498,7.0540529925856585],[80.717663156459039,7.05410040249666],[80.717672384851952,7.054107797618574],[80.717672984028241,7.0541083931510142],[80.717673336167849,7.0541085598644306],[80.717688344321289,7.0541205873011261],[80.717689672929595,7.0541233055321095],[80.718065838861563,7.0542350480795388],[80.718359209768749,7.0543089555876728],[80.718429167868109,7.0543347114613235],[80.71846963427673,7.0543317115127984],[80.718528372418206,7.0543269570624014],[80.718586546417697,7.0543343388079451],[80.718655165128993,7.0543403966534424],[80.718706737409448,7.054329910652128],[80.718728128092977,7.0543276034108819],[80.71873253073619,7.0543321537042987],[80.718739966990128,7.0543392457073537],[80.718760436900524,7.0543491040817967],[80.7188822951654,7.0543743945823101],[80.718979409335816,7.054347878248505],[80.719033144759493,7.0543426602103807],[80.719114251849874,7.0543544264270892],[80.719170831339724,7.0543714231625465],[80.719211211510085,7.0543985956500874],[80.719313526925987,7.0545119294850647],[80.71937357031959,7.0545287407796424],[80.719426775737233,7.0545752047448671],[80.719483716349828,7.0546212666322941],[80.719538344698876,7.0546825653895304],[80.719630118384956,7.054757931343711],[80.71966173728633,7.054781198975939],[80.719673902271879,7.0547937684358804],[80.719715631711779,7.0548280373517862],[80.719813281278107,7.0548962702781832],[80.719916195870297,7.0549717369386222],[80.720001596907736,7.0550437133102868],[80.71996138831561,7.0551297764777781],[80.719870123076035,7.0552420135722755],[80.719830545101246,7.0552797620315539],[80.719789366328598,7.0553029387032264],[80.719755348027121,7.055325830089525],[80.719707331278542,7.0553669404381667],[80.719669498730383,7.0554316161481019],[80.71966058295115,7.055440120290986],[80.719643649708061,7.0554747689435562],[80.719626634718267,7.0554970291301782],[80.719554574561101,7.0555358473841254],[80.71951917105747,7.0555625160985977],[80.719496792227105,7.0555999391296282],[80.719485277621772,7.0556635610391281],[80.719478916651269,7.055694392218296],[80.719455806592265,7.0557246260820685],[80.719399816397242,7.0557482208508082],[80.719367850746153,7.055761950142112],[80.719359467667914,7.0557706120766017],[80.719289339786982,7.0558083899127171],[80.71921568512019,7.0558598212556234],[80.719196000337362,7.0558726340690772],[80.719134807998515,7.05584635050577],[80.719103265453967,7.0558330589494611],[80.719069701699979,7.0558186423042999],[80.719015312302787,7.0558011214127321],[80.718971695502489,7.0557926689842034],[80.71895325488633,7.0557930425278954],[80.718899524852574,7.0558067120865253],[80.718862738841707,7.0558447199298602],[80.718828880440299,7.0558988498759856],[80.718781342493799,7.0559961227560279],[80.718769420053363,7.0560135830173945],[80.718545342492249,7.0558333709787577],[80.718406691121402,7.0557158366604389],[80.718309923700673,7.0556520525028423],[80.718255355538744,7.0556041140837005],[80.718183451688432,7.0555499395274452],[80.71815897798686,7.0555420032802578],[80.718142379815347,7.0555405608124913],[80.718124327271425,7.0555416431090938],[80.718107971645026,7.0555432059310723],[80.717969043593087,7.0555575895988687],[80.717864926156707,7.0555699887587702],[80.717811730620511,7.0555782557567115],[80.717795260908105,7.0555818253737872],[80.717783902609668,7.0555867099721388],[80.717758535982654,7.055599860676514],[80.717736766210066,7.0556131994896569],[80.717713292333372,7.0556240964492192],[80.717687546617327,7.0556312356826592],[80.717664830020425,7.0556355568444893],[80.717643627084769,7.0556395017879838],[80.717626021901822,7.0556411929874674],[80.717605766688791,7.0556436348405889],[80.717586646047977,7.0556447626040599],[80.717569987689345,7.0556426960777889],[80.717558439846385,7.0556391264611582],[80.717533297798184,7.0556256583794212],[80.717501352808384,7.055602760767365],[80.717474435689212,7.0555778091087964],[80.717453433976175,7.0555552056936213],[80.717433025151252,7.0555411153334981],[80.717405516042291,7.0555261441582209],[80.717380373994132,7.0555158703638465],[80.717353456874946,7.0555082381219894],[80.717336892839427,7.055501485803255],[80.717307980562012,7.0554993194268674],[80.717288353271357,7.0555028061338803],[80.717269937808027,7.0555073751375073],[80.717256368755685,7.0555130264377617],[80.717236498919917,7.0555185573836905],[80.717221718040236,7.0555208414396473],[80.717202454567271,7.0555212025023728],[80.717175664110542,7.0555218934248511],[80.717158058029298,7.0555235846247664],[80.717135151887874,7.0555280938968519],[80.717110352996144,7.0555356084586824],[80.717092747813183,7.055539929621415],[80.717065487537596,7.0555433111296102],[80.717038795895547,7.0555451895471135],[80.717021758447856,7.0555451895471135],[80.716998250435182,7.0555435188520947],[80.716991723276337,7.0555165461306251],[80.716960006458621,7.0554672998478951],[80.716953402044624,7.0554537845109646],[80.716942478530783,7.0554327358884708],[80.716924416105385,7.0553872740701111],[80.716919657729292,7.055323946322023],[80.716948424479654,7.0552535444065647],[80.716989826932775,7.0551882089517681],[80.717026792606731,7.0551427488923828],[80.717039227985211,7.0551239192332238],[80.717131623305448,7.0550248720574205],[80.717189877254995,7.0549468601332253],[80.717238585706298,7.0548204425421819],[80.717243168910898,7.0548160705564369],[80.717247571554111,7.0548026006676992],[80.71726393975689,7.0547551284225714],[80.717278431379057,7.0547041248839131],[80.717283517640183,7.0546409307695397],[80.71724763084292,7.054440627907554],[80.717236204272496,7.0543852434292278],[80.717229598960202,7.0543789439837337],[80.71721543701976,7.0543269534963509],[80.717206979381359,7.0542839476939205],[80.717196222954144,7.054044006107306],[80.717203210050428,7.0539965373504954],[80.717217683706281,7.0539753415616362],[80.71725687271055,7.053962716805513],[80.717292816101718,7.0539737680361503],[80.717261370575173,7.0539635619625534]]]},"properties":{"OBJECTID":20,"Division":"4","Field_No":"16","Shape_Length":975.14455176928857,"Shape_Area":45541.558960408511}},{"type":"Feature","id":21,"geometry":{"type":"Polygon","coordinates":[[[80.717243794138341,7.0536108656677818],[80.717284914520476,7.0535656996540492],[80.717347483078314,7.0535127890300213],[80.717367081622854,7.053492539118329],[80.717422896646397,7.0534467017808478],[80.717451040864276,7.0534232486460118],[80.717643086298949,7.0532520738010467],[80.717699283106498,7.0532045505804559],[80.71773935335807,7.0531631485136161],[80.717809455187904,7.0530962855942914],[80.717822791576609,7.0530898631018895],[80.717897640104397,7.0530210557718718],[80.718036658886192,7.0528734676698095],[80.718070934105867,7.0528323357033189],[80.718172186814783,7.0527249371858955],[80.718358629457057,7.0525500506908925],[80.71840436987469,7.0525027903962867],[80.718424881107595,7.0524876960931753],[80.718487696702127,7.05242961988594],[80.718534619302687,7.0523910857661463],[80.718559986827984,7.0523486637288668],[80.718617773653605,7.0522803270108563],[80.718574362567509,7.0522461604310909],[80.718582682763653,7.0521896398947383],[80.718591129622268,7.0521486977611554],[80.718595533163807,7.0521189753960316],[80.718579517100579,7.0520482912731621],[80.718602946959848,7.0519448892569923],[80.718625696794405,7.051889210278615],[80.718643322638584,7.0518421210884243],[80.718668526670527,7.0518222838774536],[80.718767080840351,7.0518242799906972],[80.71883375919063,7.051814607890222],[80.718906453558347,7.0517947590883052],[80.718952383520516,7.0517791521380602],[80.719000363438155,7.0517468657373428],[80.71905452466325,7.0517256582557604],[80.719108287036406,7.0517204892217009],[80.719126777958195,7.0517299455762972],[80.71914177173862,7.0517454375220492],[80.719152482351731,7.0517782035607048],[80.719169284440824,7.0518001857708041],[80.719256123680992,7.0518051497543501],[80.719317775058968,7.0518108349775233],[80.719339486441072,7.0518399101189289],[80.719362503075274,7.0518747605244005],[80.719441238613314,7.0519810100701097],[80.719477873707206,7.0520159531830249],[80.719519278855287,7.0520358938019703],[80.719540049701308,7.0520044436645462],[80.719566064911916,7.051938964216637],[80.719576019143588,7.0519197831683593],[80.719620073423442,7.0518676854224696],[80.719629324274209,7.0518536787529946],[80.719628951473382,7.0518355701997395],[80.719604335837971,7.0518120920207323],[80.719544528701292,7.0517900304659458],[80.71949797710495,7.0517357814672943],[80.7195179637217,7.0516778166058076],[80.719575141489557,7.0516357395216041],[80.719598840843389,7.0516178868261621],[80.719689673095019,7.0516156223643689],[80.719692041054117,7.0516180686963095],[80.71974749136163,7.0516359320899671],[80.719792022646914,7.051658705085333],[80.719834838149978,7.0516909567229442],[80.719857105589242,7.0517365205374931],[80.719871360954471,7.0518090144936449],[80.719860466186702,7.0519042341711407],[80.719871427429823,7.0519680295432456],[80.719876542437035,7.0520095877328668],[80.719902633106159,7.0520437222353634],[80.719917795769831,7.0520901071046707],[80.719930014654324,7.0521576183038492],[80.719943584605019,7.052179832290955],[80.719948367235602,7.0521896184982698],[80.719978950379442,7.0522344075336294],[80.720036378777252,7.0523038069491291],[80.720115061314658,7.0523576796602496],[80.720140374941053,7.0523915796676127],[80.720192795231128,7.0524284956807088],[80.72024462892135,7.052438541314749],[80.720285119584474,7.0524467735993523],[80.720343020496088,7.0524634084482321],[80.72036888748471,7.0524808144601874],[80.72039619087947,7.0525090256779199],[80.720428760198402,7.0525546027848085],[80.720474336224328,7.0526041819137184],[80.720491665624465,7.0526571942746452],[80.720502821801986,7.0526735331318307],[80.720511433950634,7.0526837178374313],[80.720464541892781,7.0527313899949879],[80.720422021935434,7.0527474435637343],[80.720383661177877,7.0527391872134633],[80.720356855449793,7.0527483609359933],[80.720326813990056,7.0527657901167],[80.720311100659103,7.0527919347780479],[80.720296773428657,7.0528107404610791],[80.720264883236069,7.052827253158898],[80.720196481917071,7.052827253158898],[80.720111442002377,7.0528199141821455],[80.720043040683379,7.0528235836705342],[80.720000058991971,7.0528382607322362],[80.719965857434175,7.0528671575055535],[80.719945060537043,7.0529020167488961],[80.719928015004513,7.0529490585809196],[80.719897253095908,7.0530380053058357],[80.719864124126559,7.0531216670980186],[80.719797540099393,7.0533321677031813],[80.719757100640223,7.0534661867731083],[80.719709438726198,7.0535837225540625],[80.719691789525825,7.0536358967773314],[80.719688554692468,7.0536620404980743],[80.719695949623912,7.0536978170519609],[80.719718596152205,7.0537519410084792],[80.719779602539788,7.0538400067612734],[80.719816113666184,7.0538927542004677],[80.719838760194506,7.0539166049276538],[80.719860944988753,7.053929448106449],[80.719887288982775,7.0539363279348795],[80.719927719458781,7.0539409700582754],[80.719966171844518,7.0539377409876289],[80.720027401014292,7.0539280537754996],[80.720062895247807,7.0539262921399999],[80.72009602421717,7.0539265854487549],[80.720128561196731,7.0539324569727144],[80.720174297122796,7.0539500884829955],[80.720216817080143,7.0539817364048023],[80.720257026570579,7.0540239345220117],[80.720278748732468,7.0540587936782835],[80.720283370564601,7.0540831035274811],[80.720277361733679,7.0541234668964314],[80.72026257276913,7.0541707100868161],[80.720256824449635,7.0541993491290107],[80.720256824449635,7.0542280158064221],[80.720266934089835,7.0542631334867529],[80.720290764597706,7.0542896498254439],[80.720325427889563,7.0543125840545642],[80.720372367558099,7.0543405339467666],[80.720424361148432,7.0543706350632194],[80.720469856326005,7.0543993017299824],[80.720451080638242,7.0544064686192867],[80.720445530846433,7.0544002699153303],[80.720413069325318,7.0543846354159605],[80.720340456704278,7.0543938492240006],[80.72026260151523,7.0543877753319819],[80.720196449577713,7.0543834042336373],[80.720109833119707,7.0543967858745766],[80.719990805446244,7.0544143736829037],[80.719932821889586,7.0544045563195752],[80.719849227364193,7.0543788548322519],[80.71980334501275,7.0543653082605315],[80.719783609924264,7.0543657085508062],[80.719705444816469,7.0543789439837337],[80.719669902073932,7.0543838696045107],[80.719617412613573,7.0543828060270375],[80.719588621608708,7.0543654731907903],[80.719518473066486,7.0543388382849521],[80.719456996860018,7.0543343388079451],[80.719404399601814,7.05434772045031],[80.719381141320781,7.0543497067460326],[80.719380618501305,7.0543493795599552],[80.719375440612012,7.0543493795599552],[80.719374577330996,7.0543485237054506],[80.719372851667345,7.0543485237054506],[80.71937148173653,7.0543481697739363],[80.719370366028983,7.0543474173351539],[80.719369755174583,7.0543459543588272],[80.719366806005468,7.0543444904909656],[80.719366090946508,7.0543431737230966],[80.719364633879124,7.0543425282661385],[80.719363265744946,7.0543399580279678],[80.719362402463972,7.0543373886813185],[80.719361125059635,7.0543369438152652],[80.719359088578884,7.0543350939213196],[80.719355727981409,7.0543347105697887],[80.719352811151651,7.0543331067339983],[80.719351947870678,7.0543322499879455],[80.719350221308702,7.0543322499879455],[80.719349358926053,7.0543313932418794],[80.719347793162513,7.0543310098903493],[80.719347126612561,7.0543296806412457],[80.719345709071035,7.054328941575144],[80.719344031916393,7.0543288238951423],[80.719342663782214,7.0543279671490771],[80.719339415474138,7.054327110403011],[80.719338552193165,7.0543262545484424],[80.719336826529513,7.0543262545484424],[80.719334089362846,7.0543245410562605],[80.719330840156445,7.0543236843101829],[80.719329136950691,7.0543236299277741],[80.719327917038527,7.0543224183586206],[80.719326377326126,7.0543219717095234],[80.719324970564372,7.0543212076810029],[80.719323282629958,7.0543211149634448],[80.719321724951271,7.0543204071003656],[80.719320034321896,7.0543202591088638],[80.719313371517416,7.0543185456166562],[80.719292660858585,7.054318581277264],[80.719285808509582,7.0543194023627729],[80.71925991726647,7.0543194023627729],[80.719254844480076,7.0543185456166562],[80.719251770445126,7.0543174454869133],[80.719243258009513,7.054316036892919],[80.719240135465583,7.0543146104685954],[80.719238491548595,7.0543142627776732],[80.719233319049209,7.0543142333576698],[80.71922848611301,7.0543124030769704],[80.719221775697818,7.0543108375762777],[80.719216613079865,7.0543108375762777],[80.71905516426375,7.0542762886862702],[80.719014026813639,7.0542754372891858],[80.718842659698439,7.0542718926244641],[80.718826906841642,7.0542665399666911],[80.718784517140008,7.0542448618804032],[80.718746335147173,7.0542264725933013],[80.718708224121258,7.0542374212934025],[80.718641057087439,7.0542717704868645],[80.718546992697398,7.0542945344374717],[80.718508313936212,7.0543030261199728],[80.718411412666512,7.0542931944900635],[80.718381522123764,7.0542706792721521],[80.718355248198321,7.054237780574101],[80.718326147274723,7.0542163654835033],[80.718275634107968,7.0542022215916811],[80.718188988903847,7.0542080788478891],[80.718181694583748,7.0542044592953532],[80.718162701503687,7.0542044592953532],[80.718161044112009,7.0542050066858115],[80.71815662529913,7.0542050066858115],[80.718153587196838,7.0542037888757738],[80.718151477054235,7.0542031683810427],[80.71814544666374,7.0542004510420524],[80.718143412877922,7.0541997155418485],[80.71814192526783,7.0541985325008847],[80.718140924544585,7.0541984290850985],[80.718140113365877,7.0541977274624452],[80.71813917282978,7.0541973325211389],[80.71813806790199,7.0541973325211389],[80.718137506454923,7.0541967940458017],[80.718136411408608,7.0541967842391333],[80.718132678908589,7.0541951402847038],[80.718131573980799,7.0541951402847038],[80.7181273770518,7.054194016975269],[80.718121935057809,7.054193390239921],[80.718120370192565,7.0541918443521574],[80.718119382045757,7.0541913540186627],[80.718118437018077,7.0541894666804916],[80.718116670031918,7.0541881650679397],[80.718115106963339,7.0541866147226031],[80.718114161935659,7.0541860842709143],[80.718105989961501,7.0541827446540344],[80.718102756026482,7.0541820831495627],[80.718101804710585,7.0541816356088027],[80.718101015989774,7.0541808706885565],[80.718099040594453,7.0541798900215671],[80.718095964762924,7.0541786722114539],[80.718089434909132,7.0541775988268425],[80.718078387427781,7.0541775988268425],[80.718077378619711,7.0541772850133944],[80.718074620791796,7.0541754609727656],[80.718057065914508,7.0541661936693982],[80.718053937082345,7.0541651193932644],[80.71805120620391,7.0541632935695269],[80.718043928053461,7.0541607117406642],[80.718041735265885,7.0541606056503241],[80.718040855815175,7.0541600671749745],[80.718039755378967,7.0541600573683061],[80.718037635354889,7.0541595090862632],[80.718032111614235,7.0541595090862632],[80.71803123575684,7.0541600573683061],[80.718030154185229,7.0541601554350102],[80.718028281197846,7.0541611539323679],[80.718027176270056,7.0541611539323679],[80.718026071342251,7.0541622504964163],[80.71802508768701,7.0541625402389432],[80.718024168710471,7.0541631250731038],[80.718022013652103,7.0541633595416862],[80.71801987027186,7.0541638917764065],[80.718018881226726,7.0541643785438763],[80.718016915712866,7.0541649910150221],[80.718014758857876,7.0541651167186981],[80.718012837361485,7.0541660073426709],[80.718008476939104,7.0541662525094306],[80.718006586883746,7.0541671841431066],[80.71800549543066,7.054167196624328],[80.718004930390364,7.0541677315336022],[80.71800272053477,7.0541677315336022],[80.71800178179528,7.0541681291495264],[80.717996582346402,7.0541693763796687],[80.717994926751359,7.0541693763796687],[80.717989040091297,7.0541513704412342],[80.717984457785036,7.0541380779447671],[80.717970050604492,7.0540851887825626],[80.717941667434772,7.0540667156866235],[80.717869164408199,7.0540633600216314],[80.717868514027941,7.0540575509054211],[80.717867339031542,7.0540564195719941],[80.717866350884734,7.0540559292383591],[80.717865251346822,7.0540559060589603],[80.717864647678965,7.0540550885390827],[80.717864375489413,7.0540542621040219],[80.717863499632017,7.0540537138218511],[80.717861626644662,7.0540518122188924],[80.717860781329989,7.0540499667813616],[80.71785976713204,7.0540498767382678],[80.717849825476762,7.0540498767382678],[80.717847696469534,7.0540503679634377],[80.71784328663982,7.054050425020451],[80.71784130585462,7.0540509724110869],[80.717839139118155,7.0540510731523449],[80.717838221039912,7.0540515206932319],[80.717830488341974,7.0540515206932319],[80.717827532884684,7.0540526172575477],[80.71782642885519,7.0540526172575477],[80.717824551376253,7.0540536014909065],[80.7178234733979,7.0540537138218511],[80.717820800011609,7.0540544725017336],[80.717819867560351,7.0540550056281033],[80.717816790830497,7.0540562064997534],[80.717812487002007,7.0540571220863599],[80.717808635026046,7.0540591948603595],[80.717807530098241,7.0540591948603595],[80.717806651545899,7.0540597431424921],[80.717800022877398,7.0540597431424921],[80.717798045685456,7.0540580991875661],[80.717795869965869,7.0540579565450576],[80.71779486205611,7.0540575509054211],[80.717790443243231,7.0540575509054211],[80.717789555707725,7.0540580715505685],[80.717788462458032,7.0540580991875661],[80.717786383756447,7.0540586474697244],[80.717785278828643,7.0540586474697244],[80.717780375823821,7.0540606043466392],[80.717779594289539,7.0540613799652911],[80.717778492955006,7.0540613879889404],[80.717774349924923,7.0540628901928546],[80.717771070175829,7.0540630328353888],[80.717770197013337,7.0540635802259732],[80.717768114718538,7.054064128508144],[80.717767010689045,7.054064128508144],[80.717765029903831,7.054064676790289],[80.717763924976055,7.054064676790289],[80.71776303923717,7.0540652018930228],[80.71776194419084,7.0540652250724216],[80.717759965202276,7.0540661905839031],[80.717758928546417,7.0540664535810302],[80.717757033999504,7.054067581348356],[80.71775246965953,7.0540706383555865],[80.717749129723316,7.0540734992293581],[80.717747272007315,7.0540746822706275],[80.717744307566861,7.0540761532714562],[80.717741045784081,7.0540767158178292],[80.717740046857472,7.0540771713823398],[80.717738976963986,7.0540774040679413],[80.717725808560232,7.0540788857669217],[80.717722579116767,7.0540795347903495],[80.717721590071633,7.0540800251239588],[80.717720749248556,7.0540807169400841],[80.717711856825545,7.0540851299425302],[80.717710916289448,7.0540856853567639],[80.717710134755151,7.054086460975352],[80.717708076714828,7.0540871839945503],[80.717704848169689,7.0540875735868642],[80.717679912734027,7.0540697709108349],[80.717623944996902,7.0539930452830522],[80.717610928408419,7.0539341775984612],[80.717628609948164,7.0538828940333111],[80.71767382485136,7.0538254759399877],[80.717638480636509,7.053816922734045],[80.717552894546131,7.0537626017600266],[80.717534693780138,7.0537547296714083],[80.717438483314908,7.0537131154728554],[80.717238848014389,7.0536162976781291],[80.717243794138341,7.0536108656677818]]]},"properties":{"OBJECTID":21,"Division":"4","Field_No":"22","Shape_Length":1346.6736817589376,"Shape_Area":62963.675734125572}},{"type":"Feature","id":22,"geometry":{"type":"Polygon","coordinates":[[[80.720525070376638,7.054554738241535],[80.720521128569175,7.0545194797239663],[80.720535797159442,7.0544679688873453],[80.720545952613733,7.0544343739300865],[80.720565901501232,7.0544208023975772],[80.720582511350841,7.0543971513957144],[80.720589732907413,7.0543670511725267],[80.720583954943507,7.0543247675011314],[80.72056445790858,7.0542939504949596],[80.720534849436817,7.0542667164867261],[80.720505241863378,7.0542444999252023],[80.720489354259243,7.0542007817942949],[80.720490076504731,7.0541678153360783],[80.720503797372373,7.0541348479839856],[80.720511741174448,7.0540896971771199],[80.720511018928974,7.0540466967017368],[80.720508852192509,7.0540051288882673],[80.720497298061304,7.0539692953011066],[80.720486466175615,7.0539327449323501],[80.720474912044438,7.0538983440058045],[80.720477077882578,7.0538675269713016],[80.720485743930141,7.0538474598359215],[80.720524017551099,7.0538223761383554],[80.720568790483213,7.0538080423415668],[80.720629450121081,7.053784392199943],[80.720673500807635,7.0537686257353638],[80.720733439098353,7.0537471250375159],[80.72076738014475,7.0537392413588931],[80.720820818226045,7.0537485585957089],[80.72085764825438,7.0537578749408123],[80.720900254449987,7.0537851089789951],[80.720947916364011,7.0538281094786264],[80.720976079446487,7.0538660934134514],[80.721007853756419,7.0539219941416151],[80.721036739982679,7.0539707288585998],[80.721065625310658,7.0540137293410314],[80.721107510159072,7.0540660470498722],[80.721145061534585,7.0540947137355401],[80.721195611532252,7.0541068971878316],[80.721223774614714,7.0541083307448922],[80.721276491348846,7.0541162144172436],[80.721372536524086,7.0541341312054806],[80.721460637897266,7.0541613652215256],[80.721505410829366,7.0541778484511752],[80.721571302255427,7.0541954835181429],[80.721594517417316,7.0542446630725051],[80.721574527207295,7.0542495004346577],[80.721561137818,7.0542648612434045],[80.721587014688055,7.0543242334835323],[80.721485115192138,7.0544361569600076],[80.721475454709548,7.0544507840457937],[80.721443838503134,7.0544809395374672],[80.721356621072218,7.0545765446914483],[80.721318504656367,7.0546242701449868],[80.721233044330134,7.0547312322713776],[80.721202551017825,7.0547694131567971],[80.721195669922764,7.0547834937337628],[80.721096581255338,7.0549286099502009],[80.721011009537989,7.054897508591246],[80.720877389631056,7.0547999279079363],[80.720864601214672,7.0547937684358804],[80.720850201220671,7.0547840785671347],[80.720838254525702,7.0547717346600587],[80.72073950182822,7.054704120426341],[80.720625988013964,7.0546230755154307],[80.720532014353779,7.0545619131520709],[80.720525070376638,7.054554738241535]]]},"properties":{"OBJECTID":22,"Division":"4","Field_No":"23","Shape_Length":411.79440894239207,"Shape_Area":9583.8450878261301}},{"type":"Feature","id":23,"geometry":{"type":"Polygon","coordinates":[[[80.711494740711672,7.0557148970062569],[80.711491191467971,7.0557184077824866],[80.711488730084099,7.0557157778206099],[80.711490623732715,7.0557080751525572],[80.711498006087723,7.0556947363421498],[80.711507092546839,7.0556684340469529],[80.711517883109991,7.0556389383519971],[80.711524319539038,7.0556060602559372],[80.711526094610036,7.0555525641411547],[80.711529643853694,7.0555038349397474],[80.711542363099795,7.0554548115339282],[80.711570166856163,7.05539375358748],[80.711586139800247,7.0553632237197368],[80.711597971510855,7.0553397394790256],[80.711613648010868,7.055308329684113],[80.711617789244329,7.0552898361321947],[80.71161926876961,7.0552739850251047],[80.711603886916976,7.0552434551494487],[80.711595309802661,7.0552325938414739],[80.711577266241861,7.0552231999643711],[80.711560997752059,7.0552123386559256],[80.711559814670849,7.0552017715466642],[80.711561589741848,7.055179461421071],[80.711571054391669,7.0551351353661689],[80.711600042127571,7.0550674302511158],[80.711613672265401,7.0550127599503778],[80.711626166034364,7.0549772518437663],[80.71167171600915,7.0548935796887138],[80.711704067935784,7.0548422079698856],[80.711715160332915,7.0548238614992327],[80.711722092631987,7.0548009272954415],[80.711721387454489,7.054761762180811],[80.711712868730658,7.0547023944543747],[80.711695641738444,7.0546201058802884],[80.711675211353921,7.0545516001096775],[80.711657038435746,7.0545108391624094],[80.711626367256983,7.0544488137977623],[80.711575195625159,7.0543619222861391],[80.711561589741848,7.054327869973946],[80.711557152064358,7.0542985150529738],[80.711574604533695,7.0542304113082013],[80.711589393498215,7.0541693523087474],[80.711629029863474,7.0540554549520227],[80.711699131693294,7.0539142566746049],[80.711733443743896,7.0538549592692394],[80.711787869073717,7.0537759941170819],[80.711828096530439,7.0537184574388121],[80.71187207445351,7.0536767968781415],[80.711912207587133,7.0536610152541357],[80.711966159504769,7.0536442948627496],[80.712015189552986,7.0536375318186133],[80.712099430865393,7.0536448583011415],[80.712195029577899,7.0536550037586325],[80.712256743837926,7.0536649611059588],[80.71231502024537,7.0536727092753448],[80.712351305894629,7.0536880005649394],[80.712387239404322,7.0536966964158587],[80.712420672004242,7.053708057009012],[80.712455523942324,7.0537290379546844],[80.712485896880381,7.0537436659542951],[80.712587004960568,7.0537832546252499],[80.712626591918522,7.0537928348584558],[80.712710850298905,7.0537989916693036],[80.712799300218407,7.0537588475850566],[80.712824111686558,7.0537491327321762],[80.712880159373739,7.0537204695912106],[80.712912263365382,7.0537078992106386],[80.712959008997814,7.0537009498405121],[80.712966440760155,7.0537161582181485],[80.712951350860024,7.0537656623353309],[80.7129021564201,7.0538325224834768],[80.712789459174473,7.053951550569046],[80.712634533923918,7.0540993157391272],[80.712557963325764,7.0541784323937886],[80.712502167166804,7.0541915144914364],[80.712403987594485,7.0541558306933263],[80.712353025270119,7.0541394134350606],[80.712311828531156,7.0541560018643032],[80.712253883602074,7.0542009699040413],[80.712195438311383,7.0542842588327384],[80.712124219875633,7.0543684793797032],[80.712063898902628,7.0544693543014949],[80.712024497895939,7.0545535213239106],[80.712031171480206,7.0546118468888599],[80.712057888275055,7.0546893319844761],[80.712120579003795,7.0547423467811985],[80.71216038335406,7.0547901132273427],[80.712176238618824,7.0548483184080553],[80.712164920744556,7.0548760168609466],[80.712118624269749,7.0549922150131934],[80.712116422498994,7.0549989504006003],[80.712109466843728,7.0550191244677176],[80.71207950713071,7.0550855609658401],[80.712035274984416,7.0551503392391597],[80.711990603561958,7.0552179783700684],[80.711959160730387,7.0552754997062834],[80.711945141622081,7.055293839918483],[80.711915499912635,7.0553131322661367],[80.711864533994998,7.0553376791919593],[80.711835990925167,7.0553522759377731],[80.711810884809609,7.055369170112618],[80.711801808231968,7.0553735412016376],[80.711723635039334,7.0554467576054423],[80.711662608888801,7.055516365153502],[80.711622969828596,7.0555604255011009],[80.711563443864591,7.055629794998179],[80.711528279312816,7.0556738250235522],[80.711494740711672,7.0557148970062569]]]},"properties":{"OBJECTID":23,"Division":"4","Field_No":"12A","Shape_Length":700.11169008310196,"Shape_Area":13618.708768571159}},{"type":"Feature","id":24,"geometry":{"type":"Polygon","coordinates":[[[80.709408034256697,7.0566476909444926],[80.70943935132415,7.056617184338716],[80.709568273042166,7.0565267646338148],[80.709663027338323,7.0564553323145018],[80.709786027361972,7.0563545130991585],[80.709875315409633,7.0562876024990953],[80.709939092201537,7.0562428441672704],[80.709997859089114,7.0561867832472522],[80.710042502663768,7.0561352440677672],[80.710105824908169,7.0560511531114205],[80.710145002234356,7.0559950921681969],[80.710187824025624,7.0559480738250011],[80.710239301982966,7.0558902039911224],[80.710293512615436,7.05586036596958],[80.710330868158195,7.0558427336405485],[80.710369134592653,7.0558029481214897],[80.710417878078303,7.0557364894385284],[80.710484283340733,7.0556452761153636],[80.710503227911744,7.0556165916954567],[80.710516841879894,7.0555966539052326],[80.710531196958115,7.0555749179329004],[80.710558247926286,7.0555698906923592],[80.710602122543094,7.0555788120606602],[80.710650372853621,7.0555881622464076],[80.710669195253757,7.0555817674254806],[80.71070027965753,7.0555630536808103],[80.710741002085982,7.0555209778411445],[80.710772842871222,7.0555022150608062],[80.710822801777454,7.0554882263315299],[80.710864314723381,7.0554806814574995],[80.710926938976769,7.0555127081676448],[80.710939112945496,7.0555252865228466],[80.710945987752353,7.0555318435999235],[80.710952849982803,7.0555528351610537],[80.710952269671154,7.0555810417340945],[80.710999194068336,7.0555886249415183],[80.711117347681011,7.0555974535921351],[80.711189051206986,7.0556105490224015],[80.711268350887025,7.0556188668358226],[80.711337578656085,7.0556071452269018],[80.711353107832409,7.0555910997809104],[80.711352447570633,7.0555589910570085],[80.711311510444844,7.0555348667199977],[80.711251473339459,7.0555232315856777],[80.711244500616232,7.0555160281616471],[80.711226678040987,7.0555074446755262],[80.711222275397773,7.0554823156007327],[80.711238637312377,7.0554261886166367],[80.711279945442413,7.0553585673463992],[80.711364358333029,7.0553313744103852],[80.711460594849413,7.0553158228531769],[80.711564374519213,7.0552894197954625],[80.711613183581875,7.0552799599475486],[80.711618845663125,7.0552785192619742],[80.711617789244329,7.0552898361321947],[80.711613648010868,7.055308329684113],[80.711597971510855,7.0553397394790256],[80.711586139800247,7.0553632237197368],[80.711570166856163,7.05539375358748],[80.711542363099795,7.0554548115339282],[80.711529643853694,7.0555038349397474],[80.711526094610036,7.0555525641411547],[80.711524319539038,7.0556060602559372],[80.711517883109991,7.0556389383519971],[80.711507092546839,7.0556684340469529],[80.711498006087723,7.0556947363421498],[80.711490623732715,7.0557080751525572],[80.711488730084099,7.0557157778206099],[80.711491191467971,7.0557184077824866],[80.711494740711672,7.0557148970062569],[80.711528279312816,7.0556738250235522],[80.711493861260976,7.0557169216311371],[80.711479303163486,7.0557467097372193],[80.711462157019696,7.0558070588848443],[80.711455921813297,7.0558648921771017],[80.711465215783207,7.0558918479395469],[80.711497779712261,7.0559395375970375],[80.711506117874748,7.0559650464311163],[80.71150521776282,7.0560088401739476],[80.711467263043758,7.0560819798072405],[80.711410900047866,7.0561585838432448],[80.711387873532217,7.0561934481878668],[80.711348084453334,7.0563058677842703],[80.711306622711376,7.0564073413793889],[80.711273759643362,7.0564991839591524],[80.711236511898406,7.0565666258690944],[80.711213975862847,7.0565961099153078],[80.711208795278623,7.0566231708334302],[80.71121878634122,7.0566521467149794],[80.711270624523024,7.0566771134712969],[80.711406541422122,7.0567272475698246],[80.711522893912687,7.0567779887815236],[80.71161636810956,7.0568173801692229],[80.711622320346621,7.0568235298077413],[80.711711116117513,7.0568662946664764],[80.711776614081515,7.0569057252730616],[80.711842303386675,7.056965709641954],[80.711868595278418,7.0569928757366434],[80.711939269335062,7.0570721782223238],[80.711982075854991,7.0571453569140372],[80.711996721089051,7.0571901588425767],[80.712004002832771,7.0572435246076815],[80.71199574821361,7.0572835302057682],[80.711990550561367,7.0573392798561727],[80.711990505645616,7.0573414604880735],[80.711971328410911,7.0574072422851089],[80.711941097406651,7.0574654979527631],[80.711933840815803,7.0574803478200687],[80.711900772033559,7.0575210140058529],[80.711846196685116,7.0575730674316928],[80.711817058032238,7.0576120887755316],[80.711806391436539,7.0576586968556576],[80.711815862374593,7.0577230343635877],[80.711815078145335,7.0577611971720451],[80.711805223626669,7.0577897780440448],[80.711785453503921,7.0578278748753558],[80.711711854532695,7.0578980722438462],[80.711699425442418,7.0579109144206527],[80.711673022159559,7.0579571453627041],[80.711667102261856,7.0579880699974709],[80.711679646336492,7.0580244515509731],[80.711645655882762,7.0580377599829864],[80.711605690734089,7.0580581986955604],[80.711572745021044,7.0580498167373857],[80.711552606589009,7.058044942863102],[80.711525521484887,7.0580454920320363],[80.711511598496273,7.0580452094239901],[80.711505347120209,7.058000751700332],[80.711500110840433,7.0579855657511406],[80.711458994949879,7.0579723206147102],[80.711450929875269,7.0579313085633881],[80.711437858489575,7.057925013623735],[80.711425756386049,7.0579188238819714],[80.711419975727182,7.0578886302793906],[80.711438210629126,7.0578712378433774],[80.711494443369304,7.057862150698714],[80.711536709103399,7.0578535565579887],[80.711563758274934,7.0578491854923779],[80.711599614529518,7.057835714800424],[80.711655444824416,7.0578311966357621],[80.711684985024206,7.0578134128253591],[80.711716889589852,7.0578089918349125],[80.711737672113941,7.0577983632708454],[80.711744459784242,7.0577844762429223],[80.711752382925042,7.0577594515982698],[80.711735045440051,7.0577429150056554],[80.711703047449646,7.0577510562620596],[80.711670890457412,7.0577554273285861],[80.711612172078873,7.0577354753663837],[80.711562008356765,7.0577285233821847],[80.711515316623263,7.0577190297067824],[80.711445407931208,7.057695275458479],[80.711381210727737,7.0576520774030946],[80.711316542807054,7.0576395445726474],[80.711291164501986,7.0576343845197247],[80.711256800349091,7.0575931459951873],[80.711240868727529,7.0575779511175432],[80.711215117621606,7.0575470496345929],[80.711154786767111,7.0574789686554933],[80.711150384123897,7.0574699581728968],[80.711101646926465,7.0574157856180753],[80.711071978267597,7.0573939525566525],[80.711008686565933,7.05735926303828],[80.710981790108008,7.0573487316384158],[80.710940587979195,7.0573276617058998],[80.71070206011845,7.0573222671825109],[80.710649436809078,7.0573115672865283],[80.710574188530998,7.0572969848666078],[80.710468632891875,7.0572701299265876],[80.710410458892369,7.0572503633774284],[80.710333270253273,7.0572519270851526],[80.710276463489649,7.0572615455815004],[80.710202268935376,7.0572600424964458],[80.710143906289687,7.0572335539646955],[80.71010759638591,7.0572201608161782],[80.710098614131368,7.0572108802011337],[80.710085815833523,7.0571717277715482],[80.710076910834132,7.057154567101092],[80.710015273829214,7.0571460255463352],[80.709985857596934,7.0571385413219847],[80.709893117323617,7.0570842136056093],[80.709853389330178,7.0570431658151831],[80.709830535291019,7.0570049476739172],[80.70982488848118,7.0569699514469466],[80.709839364831964,7.0569420552040745],[80.709833515002842,7.0569250897658602],[80.709816543132163,7.0569089017239239],[80.709716503148883,7.0568452924667593],[80.709708065273418,7.0568365734957137],[80.709612573460376,7.0567698492910269],[80.7094960538832,7.0566957603076315],[80.709426133513062,7.0566564081360816],[80.709408034256697,7.0566476909444926]]]},"properties":{"OBJECTID":24,"Division":"4","Field_No":"12A","Shape_Length":1146.0413602109606,"Shape_Area":39575.28891017149}},{"type":"Feature","id":25,"geometry":{"type":"Polygon","coordinates":[[[80.711536371336862,7.0561043005874629],[80.711540277211739,7.0561080253235238],[80.711564784150994,7.0561313998693347],[80.711559175070349,7.0561585838432448],[80.711549871218978,7.0562058963638687],[80.71150961411783,7.0562982631922857],[80.711478795615363,7.0563829728125338],[80.711492987200245,7.0564734986353184],[80.711500853747154,7.0564886578887664],[80.711509196401195,7.0565057294327902],[80.711546924744837,7.0565643097238855],[80.711640142921866,7.056604630084002],[80.711647755245579,7.0566356288045231],[80.711637050022333,7.0566979338104847],[80.711659951672203,7.056735422721502],[80.711729716633783,7.056748943370085],[80.711807769452179,7.0567265192056912],[80.711837844149613,7.0567206905096684],[80.711863892597876,7.0567153949368979],[80.711939805629299,7.0567169327926296],[80.712009491539135,7.0567604509875714],[80.712073666284709,7.0568118768756349],[80.712080387479659,7.0568188208499629],[80.712095035408694,7.0568283546618158],[80.712146199854018,7.0568448369049843],[80.712176433553225,7.0568266358298519],[80.712222606958832,7.0567789284335296],[80.712283960994426,7.0567655584511293],[80.712392827823706,7.0567605196338778],[80.712410431210031,7.0567608762380631],[80.712576963592312,7.0567805429589487],[80.712745426454177,7.0567771302569682],[80.712912859846725,7.0567805224542308],[80.712936187298013,7.0567980941248303],[80.713020928972043,7.0569504639276079],[80.713046425854756,7.0570284621415009],[80.713051009059313,7.057032834106356],[80.713063018636348,7.0570630607506386],[80.713052168784372,7.0571790122971914],[80.713046012629732,7.0571848837799056],[80.713019556346268,7.0573763782341574],[80.712988014700031,7.0574565766208215],[80.712982961676545,7.0574720344976418],[80.712934562245678,7.0575962671677681],[80.712844457629402,7.0577633394671047],[80.712816342157652,7.0578208694020645],[80.71277973131825,7.0579552696294865],[80.712713928825394,7.0581033419832506],[80.71270503280914,7.058134654414145],[80.712667755419773,7.0582524511129705],[80.712604646974427,7.0582287423589394],[80.712497459096426,7.0582103452065423],[80.712471385495306,7.0581970118172883],[80.712457771527156,7.0581904547779715],[80.712431081681771,7.0581768057944014],[80.712402464051763,7.0581630230842434],[80.712343636078742,7.0581487865962078],[80.712191397689239,7.058139114627866],[80.712125486500213,7.0581486760492238],[80.712077143663166,7.0581476971736494],[80.712028651705822,7.0581281704775991],[80.712017571885113,7.0581167235166493],[80.711992932893494,7.0580985920291397],[80.711942658678637,7.058080047772755],[80.711852774149605,7.0580640148936062],[80.711735980586269,7.0580343018233478],[80.711701326277549,7.0579849167332336],[80.711729299815488,7.057950516107824],[80.711771591600751,7.0579005033869722],[80.711813432431754,7.0578408766341143],[80.711839337149584,7.0577878719988316],[80.711833260945028,7.0577465951531133],[80.711828857403475,7.0577057515769051],[80.711842696848763,7.0576656149635522],[80.711851323370425,7.0576573863377821],[80.711887667410181,7.0575966095071907],[80.711938883059474,7.0575170869086152],[80.711977133324282,7.057470047323819],[80.711991397672691,7.0574484496233785],[80.712026467901381,7.0573574274205839],[80.712030962172747,7.0571906732436593],[80.71201160796997,7.0571242851892144],[80.711989301903131,7.057074819766088],[80.711944963755656,7.0570022383749746],[80.711911220338621,7.0569528210803707],[80.711847972654411,7.056897273756233],[80.711832683328282,7.0568899098817299],[80.711797404690444,7.0568633366353462],[80.711711944364197,7.0568188208499629],[80.71170513962592,7.0568117895075915],[80.711516772792322,7.0567230075456244],[80.711406551303583,7.0566776751230185],[80.71133994931013,7.0566531077635055],[80.711277470583809,7.0566173867116602],[80.711295388380449,7.056555923281091],[80.711325618486384,7.0564976674989497],[80.711336627340188,7.0564751425816699],[80.711349612487624,7.0564501196492246],[80.711387298610433,7.0563523083917943],[80.711438757703164,7.0562531455823327],[80.711516736859707,7.0560935837245822],[80.711521028111804,7.0560894907940135],[80.711523229882587,7.0560917659321021],[80.711536371336862,7.0561043005874629]]]},"properties":{"OBJECTID":25,"Division":"4","Field_No":"12C","Shape_Length":802.89922061483924,"Shape_Area":19284.989921915174}},{"type":"Feature","id":26,"geometry":{"type":"Polygon","coordinates":[[[80.712108636800423,7.0583659426926468],[80.71215590435402,7.0583452383244722],[80.712235573241642,7.0583140444783075],[80.712295412717665,7.0583043742964193],[80.712398996554768,7.0582980838193645],[80.712435350475971,7.0582772992124747],[80.712455614672152,7.0582751141274409],[80.712460018213704,7.0582796634905325],[80.712487650391822,7.0583060191277918],[80.71266239247754,7.0582961777762883],[80.712678339370441,7.0583043332870856],[80.712687760002851,7.0583236103536375],[80.712686956010643,7.058362735049041],[80.712660010145413,7.0584334146418204],[80.712655607502199,7.0584468853163838],[80.712606092363714,7.058562767870141],[80.712560853206028,7.0586933549076933],[80.712550969941262,7.0587536252185021],[80.712533945069993,7.0587591097673386],[80.712525304175287,7.0587680373147332],[80.712503080753464,7.0587892337756051],[80.712498001678838,7.0588047709519994],[80.712498527193276,7.058830334010044],[80.712538783396099,7.0588928402009996],[80.712563601152482,7.0589325157991469],[80.7125796594365,7.0589653731542628],[80.712579103379326,7.0589923929245701],[80.71254706496471,7.0589998904915259],[80.712512801423159,7.0589882483122768],[80.712477792279898,7.0589821379287878],[80.712456590242581,7.0589964047023832],[80.712405203015038,7.0589953643146659],[80.712343698960808,7.0589816297702432],[80.712299916870506,7.0589592395912977],[80.712257672695941,7.0589063456309216],[80.712208153065902,7.0588261394719485],[80.712156681396749,7.058777046880528],[80.712145673441242,7.0587656730391686],[80.71209484137259,7.058717190231885],[80.712064355246795,7.0586333948334676],[80.712067145414082,7.0584976896365461],[80.712078365371951,7.0584105483714206],[80.712085924695103,7.0583959802502942],[80.712097096143964,7.0583796201988971],[80.712108636800423,7.0583659426926468]]]},"properties":{"OBJECTID":26,"Division":"4","Field_No":"12C","Shape_Length":262.03712414894778,"Shape_Area":3886.2870046222956}},{"type":"Feature","id":27,"geometry":{"type":"Polygon","coordinates":[[[80.7153340342348,7.0519524341886282],[80.715255414579431,7.0518545435273268],[80.71515507815208,7.0517296121477582],[80.715093560623131,7.0516439655798271],[80.715033792114014,7.051578862302545],[80.714997639415401,7.0515360381151044],[80.714941077891851,7.0514761430864032],[80.714902592268444,7.051422034911301],[80.714872271432668,7.051376028871462],[80.714858276578852,7.0513630082091918],[80.714850695696143,7.0513485406081342],[80.71484486473166,7.0513308902768834],[80.71484544773827,7.0513184482104849],[80.714848946676298,7.0513031131581112],[80.714828537851375,7.0512863302750857],[80.714823872900084,7.0512637614197535],[80.714820374860381,7.0512458222324605],[80.714824164852573,7.0512275933000703],[80.714819499901282,7.0512015519668658],[80.714812580178673,7.0511869845103989],[80.714805660456037,7.0511724161619389],[80.714807924210547,7.0511638718222382],[80.714823583642584,7.0511278445551238],[80.714833548654013,7.0510741571374327],[80.714836396313487,7.0510529638894042],[80.714854191040914,7.0510310654468711],[80.714888357564462,7.0510183496752825],[80.714941742645166,7.050998570377951],[80.715007228931043,7.0509703136005921],[80.71504068309055,7.050944175968576],[80.715072001954624,7.0509166252731097],[80.715139623535933,7.0508897815528018],[80.715215073934971,7.0508791858162319],[80.715257070174516,7.050852341202213],[80.715314726744396,7.0507852318892228],[80.715365976529654,7.0507251860962121],[80.715396583928026,7.0507004615129762],[80.715636460160027,7.0509731388326484],[80.715652120490361,7.0509646622449065],[80.715720452639076,7.0510254140919493],[80.715950364757973,7.0512874946015636],[80.715911927643575,7.0513270540622921],[80.715938263552772,7.051371558785859],[80.715887726131498,7.0514259522535099],[80.715640731649188,7.0516689602433367],[80.71559090479532,7.0517254737110715],[80.715422919837209,7.051885829635264],[80.7153340342348,7.0519524341886282]]]},"properties":{"OBJECTID":27,"Division":"4","Field_No":"13B","Shape_Length":395.76817537313826,"Shape_Area":9890.3996329956935}},{"type":"Feature","id":28,"geometry":{"type":"Polygon","coordinates":[[[80.712209566115831,7.0589929732950898],[80.712221410402861,7.0590268808400998],[80.71226696576754,7.0590766117233628],[80.712280632736281,7.0590992167495532],[80.712285188093105,7.0591236306401903],[80.712274710143618,7.0591362891327751],[80.712265143984155,7.0591534693428288],[80.712257399608077,7.0591729095195861],[80.712254210588853,7.059203652205901],[80.712252388805439,7.0592330389099915],[80.712245555321076,7.0592660415591544],[80.712225054867986,7.0592945242726222],[80.712216399600223,7.0593153204233854],[80.712222777638715,7.0593275269174089],[80.712221410402861,7.0593537487691398],[80.71220045540224,7.0593799706194069],[80.712183600312571,7.0593930819897226],[80.712146700215627,7.0594147821224968],[80.712112533692121,7.0594161389936865],[80.712090666901474,7.0594116172784318],[80.712077456276901,7.0594070964546356],[80.71208702243635,7.0594351271661822],[80.712082922525397,7.0594699386651243],[80.712052400466987,7.0594880228491217],[80.712021422962749,7.0594938996515557],[80.712010489567405,7.059497516488241],[80.711984979209959,7.0595246423165738],[80.711970401349532,7.0595422745053176],[80.711957646170816,7.059546795327778],[80.71199090090434,7.0595739211532234],[80.712003201535524,7.0596028558407493],[80.712014590376683,7.0596173222923415],[80.712014134032529,7.0596381193200859],[80.712007756892334,7.0596715748248693],[80.712023701090274,7.0597023174780809],[80.71203508993149,7.059726730445365],[80.712041467969982,7.0597556651233369],[80.712046478772649,7.0597850517923639],[80.712054223148698,7.0598049439354069],[80.712067889219142,7.0598230281062753],[80.712089756009789,7.059834329709795],[80.712097500385823,7.0598596475472526],[80.712105244761901,7.0598881302241301],[80.712104789316044,7.059921132826565],[80.712103422978487,7.0599469026519737],[80.712090980413493,7.0599918861761282],[80.712067491265458,7.0600540498725888],[80.712032612377925,7.0601374055022497],[80.711995599093257,7.0602370087737274],[80.711959297274305,7.0603578039553003],[80.711960721104049,7.0603853531973551],[80.711942214012581,7.0604079581596029],[80.711910182784479,7.0604432786337927],[80.711871745670095,7.0604672957345338],[80.71184825652206,7.0604920206876427],[80.711813378532824,7.0605605416259634],[80.711786329361331,7.0605930360236977],[80.711778499645291,7.0606410710998331],[80.711777075815547,7.060670034248731],[80.711767110804118,7.0607032347090577],[80.711762840213254,7.0607350230265027],[80.711795582907058,7.0607491506716062],[80.711837579146589,7.0607533897674282],[80.71185679770376,7.0607639852779878],[80.71185679770376,7.0607922414575288],[80.711816936759661,7.060949769069552],[80.711783482600183,7.0610564364296664],[80.711755721962959,7.0611581577120832],[80.711730808985195,7.061214670021231],[80.711706608371415,7.0611991293597631],[80.711660340642695,7.061131314585686],[80.711621192062623,7.0610451339645337],[80.711577771993362,7.0609985110700073],[80.71153292899271,7.0609314032279338],[80.711517268662348,7.060903853126888],[80.711474560957114,7.0609236320010149],[80.711424735001572,7.0609370544619185],[80.711374196681987,7.0609455308670457],[80.711288068907521,7.0609236320010149],[80.711211906144442,7.0608890185249855],[80.711138591040864,7.0608635884145707],[80.711070257993825,7.0608473407797643],[80.711013313787959,7.0608282679724672],[80.710976300503305,7.0608007187567985],[80.710952098991243,7.060771049545906],[80.710920067763169,7.0607427933651055],[80.710893019489973,7.0607081798755518],[80.710854582375589,7.0606855749279722],[80.710821127317757,7.0606650890818043],[80.710786961692548,7.0606488414400257],[80.710754930464475,7.0606417780617337],[80.710714357156348,7.0606304755864624],[80.710670225621399,7.0606142279434367],[80.710623247325287,7.0605930360236977],[80.710591216097228,7.0605683119675051],[80.71056345545999,7.0605308723996894],[80.710549219857683,7.0604884885515586],[80.71052644217535,7.0604291500878542],[80.710500817731841,7.0603768767819863],[80.710459532958041,7.0603203643704626],[80.710414689059036,7.0602808056782846],[80.710394759036163,7.0602363018112539],[80.710367710762966,7.0601917988314193],[80.710337814830282,7.0601472949558142],[80.710301513011345,7.0600816000242181],[80.710285853579308,7.0600498116618775],[80.710292259465618,7.0600194363314852],[80.71031646097768,7.0599699881564684],[80.710349203671456,7.0599191269416792],[80.710378387240098,7.0598929898149123],[80.710428214093966,7.0598788621436643],[80.710470210333511,7.0598725039336827],[80.710517900993608,7.0598654405435459],[80.710571285175988,7.059852725014621],[80.710601181108657,7.0598244687777028],[80.710614705245249,7.0597955064673901],[80.710608299358967,7.059760892015464],[80.710570573710285,7.0597029673850553],[80.710543525437089,7.0596761241742332],[80.710515053334134,7.0596259689990726],[80.710484445935805,7.0595701634593766],[80.71046949796947,7.0595369620262201],[80.710458821492338,7.0595023484464656],[80.710462379719175,7.0594557253964609],[80.710472345628943,7.0594105153777686],[80.710505088322705,7.059362480173851],[80.71055562574395,7.0593292787257838],[80.710603316404089,7.0592989033481288],[80.710648871768768,7.0592805374409791],[80.710695850963191,7.0592494550961051],[80.710758489589651,7.0591985938020683],[80.710814721431476,7.059138549991764],[80.71086383592133,7.0590820374289729],[80.710925762183734,7.0590170484190082],[80.710991248469639,7.0589374449374773],[80.711031287280179,7.0588701157028577],[80.711066876735089,7.0588149278860008],[80.711085784475188,7.0587884376602368],[80.711118037587141,7.0587707769145398],[80.711195890979553,7.0587553244301713],[80.711262622330437,7.0587553244301713],[80.711322680097098,7.0587818146577801],[80.71137384094915,7.0588193426263013],[80.711409431302386,7.0588645972780482],[80.711447245884273,7.058896605923902],[80.711519519840451,7.0589057420811301],[80.711614073812328,7.0589341338831106],[80.711751984971357,7.0589738692086277],[80.711842072519644,7.0590014631084301],[80.711903243298892,7.0590290570065406],[80.711981095793007,7.0590665849549739],[80.712051164385187,7.0590952825336366],[80.712106773694501,7.0591030083244615],[80.712149036733678,7.0590875558511623],[80.712171280816747,7.0590743107462695],[80.712190423017162,7.0590336420224666],[80.712209566115831,7.0589929732950898]]]},"properties":{"OBJECTID":28,"Division":"4","Field_No":"12B 1","Shape_Length":868.242370183655,"Shape_Area":35839.566105930178}}]}