{"type":"FeatureCollection","features":[{"type":"Feature","id":1,"geometry":{"type":"Polygon","coordinates":[[[80.708712322306809,7.0618495803031696],[80.708708396669024,7.0618615050161164],[80.708702481262875,7.0618694304569241],[80.708685917227371,7.0618794108065046],[80.708666690585318,7.061884988925847],[80.708634449151461,7.0618799983053977],[80.708613743882495,7.0618726594722281],[80.708590672451052,7.0618588626081706],[80.70856967163634,7.061845946546379],[80.708548374377585,7.0618242242401275],[80.708533585413065,7.0618039693431056],[80.70851820356043,7.0617772573047972],[80.708505485212655,7.0617590573152258],[80.708490695349809,7.0617382149162458],[80.708472948233066,7.0617208957280386],[80.708449580357595,7.0617068055556569],[80.708413198588588,7.0616915412760326],[80.708373266677569,7.0616803868155946],[80.708344278941667,7.0616730479792196],[80.708307897172659,7.0616695256586963],[80.708281867588994,7.0616724604800725],[80.70825465492409,7.0616880189556106],[80.708231287048591,7.0617100345721067],[80.708219456236321,7.0617382149162458],[80.708215315002832,7.0617567091019593],[80.708220047327771,7.0617878242638987],[80.708228329794679,7.0618218760271914],[80.708235292636445,7.0618598539569257],[80.708236736229111,7.0619064366470656],[80.708236013983608,7.0619530202240846],[80.708238180720073,7.0619981702637489],[80.708250457096753,7.0620576529492096],[80.708267766733954,7.0620952903064715],[80.708252738817578,7.0620955943080359],[80.708202525688151,7.0620883107513173],[80.708157732094818,7.0620702739184891],[80.708112315968989,7.0620324270566268],[80.708094062202406,7.0620047887626161],[80.708077031941272,7.0619526912603821],[80.708049982769737,7.0618947945409696],[80.708034249675876,7.0618466659874537],[80.707982864244968,7.0617596136117706],[80.707967422205229,7.0617207486303863],[80.70796020873351,7.0616751849071706],[80.707969195479606,7.0616316306229576],[80.70797359812282,7.0615626658756598],[80.707916251471701,7.0615466090466548],[80.707904841969295,7.0615380149744134],[80.707904467371804,7.0615368988148024],[80.707904467371804,7.0615340005441194],[80.707901546050508,7.0615311022734115],[80.707900086288163,7.0615288039830855],[80.707899853624525,7.061523102832254],[80.707898625627521,7.0615207091512282],[80.707896328635343,7.0615196045810871],[80.707894263408505,7.061517555019539],[80.707891501987334,7.0615168997660653],[80.707889093604052,7.0615153227002274],[80.707886969088392,7.0615147717524209],[80.707883824086579,7.0615014036898547],[80.707896943082986,7.0614505890015158],[80.707912481242488,7.0613715770043042],[80.707942266682338,7.0613363537746583],[80.70795113215587,7.061320397677509],[80.707897214374213,7.061252495554001],[80.707887708401856,7.0612330456581178],[80.707888524970457,7.0611933221161234],[80.70790202844583,7.0611673018481396],[80.707929431553538,7.0611494664588719],[80.707965993883946,7.061150207297052],[80.707995649068096,7.0611653726378005],[80.708035935813655,7.0611976557071037],[80.708066983386502,7.0612297346201753],[80.708092172147062,7.0612718571903574],[80.708163062697693,7.0613478505800398],[80.708216321115941,7.0613594561483692],[80.708235277365105,7.0613642782806272],[80.708274643337475,7.0613907683588764],[80.708315171729822,7.0613951393910277],[80.70832511518168,7.0614002245158716],[80.708337547865256,7.0614130701614668],[80.708356225636635,7.0614263624489721],[80.708383005313564,7.0614172628931096],[80.708391466545237,7.0614085208291879],[80.708400543122835,7.0614041497971645],[80.708404945766048,7.061401587621738],[80.708373728411615,7.0613558696373069],[80.708320779912142,7.0613351377663793],[80.70829261593137,7.0613283222360552],[80.708212907517876,7.061308044138249],[80.708154768552703,7.0612748036037729],[80.708085165287855,7.0612123547907748],[80.708009802025387,7.0611530404904945],[80.70798267470046,7.0611096724810514],[80.707956011804498,7.0610923193922153],[80.70794758740378,7.0610836156567389],[80.707900136593835,7.0610446480958258],[80.707883391098619,7.0610103849892667],[80.707883963325472,7.0609825870552649],[80.70790599989769,7.0609247802561885],[80.707913380456077,7.0608648222541328],[80.707985613089747,7.0608300340392178],[80.708047780998982,7.0608264805096548],[80.708049982769737,7.0608287556244109],[80.708081316006854,7.0608338193594129],[80.708109375783067,7.0608563048384383],[80.70814185886374,7.0608774459304842],[80.708203669243503,7.0608894241586553],[80.708277834153364,7.0609235704873319],[80.708301692509011,7.0609312561300284],[80.708319252776164,7.0609372229559],[80.708360583364055,7.0610372682402689],[80.708387063003698,7.0610829104785058],[80.708419069977282,7.0611520883663115],[80.708428319929752,7.0611991275767574],[80.708451111985156,7.0612364378227106],[80.708487431770394,7.0612662630165541],[80.70851840029151,7.0612982607982433],[80.708561775444977,7.0613707960488972],[80.708566701806006,7.0614320841055518],[80.708529454959375,7.061490860794728],[80.708539832297546,7.0615512537682337],[80.708544235839057,7.0616271704429243],[80.708553028549076,7.0616526718314523],[80.708599187581626,7.0617711523071574],[80.708648815907807,7.0618017441571679],[80.708712322306809,7.0618495803031696]]]},"properties":{"OBJECTID":1,"Division":"3","Field_No":"5A","Shape_Length":571.41498386122498,"Shape_Area":6456.7951144171411}},{"type":"Feature","id":2,"geometry":{"type":"Polygon","coordinates":[[[80.707930597566815,7.0620119537511323],[80.707976675750999,7.0620536964709624],[80.708000996738974,7.0620962816547053],[80.708022838376806,7.0621171133395295],[80.708027516802801,7.0621275216038377],[80.708017806912906,7.0621651313189115],[80.708028762766105,7.0621969043803929],[80.708068045195176,7.0622113948213316],[80.708109178153705,7.0622279571077513],[80.708148923215148,7.0622426169327293],[80.708179326695941,7.0622679533598163],[80.708198258690544,7.0623185334939258],[80.708207335268185,7.062340746101829],[80.708219224470966,7.0623825922059336],[80.708226783794075,7.0624593200086938],[80.708248659567857,7.0624913560423046],[80.708277550285743,7.062500662404906],[80.708355732461527,7.0624681405047118],[80.708451726432799,7.0624621674581203],[80.708457075002016,7.0624656291506813],[80.708473309355824,7.0624698379197364],[80.708492331181972,7.0624769315811076],[80.708506748243948,7.062485708393301],[80.708517894540009,7.0624936445213695],[80.708536795093565,7.06251204061192],[80.708550243771668,7.0625306774065812],[80.708560299512982,7.0625536424297435],[80.708579101251871,7.0626189010670837],[80.70858932407981,7.0626630498882612],[80.70862831186146,7.0628267210728488],[80.708631266420426,7.0628355130339227],[80.70861363608465,7.0628403110803095],[80.708584859452856,7.062820947726582],[80.708553990644745,7.0627742091162116],[80.708526932490059,7.0627422114366807],[80.708503706548399,7.0627200585784875],[80.708494900363661,7.062710959939591],[80.708465722184897,7.0626894881851854],[80.70842765248149,7.0626711536151117],[80.708423009089785,7.0626663555669564],[80.708367150947097,7.0626300011234848],[80.70834202147536,7.06259483593713],[80.708315081898306,7.0625861580834295],[80.708277221502343,7.0625732928573983],[80.7082118277429,7.0625370043775497],[80.708189271944434,7.0625281722933586],[80.708184735452264,7.0624821281314807],[80.708131096148307,7.0624309676490773],[80.708103375036984,7.0624773238408753],[80.708072538568217,7.0625549351037531],[80.708054037764938,7.0625771477002957],[80.70802849596646,7.0625640863442021],[80.708009634040437,7.0625325433147603],[80.707928666188948,7.0624478856358959],[80.707918250223202,7.0624265716647114],[80.707933023018086,7.0623693507613883],[80.707937652935058,7.0623335490244044],[80.707922539678705,7.0622817065281671],[80.707879644225585,7.0622289555877042],[80.707874838238823,7.0621801718164008],[80.707853606557038,7.0621540615623699],[80.707820062566043,7.0621220691889208],[80.70780091587406,7.0620772935914431],[80.707793960218837,7.0620296999571117],[80.70781352103414,7.0619848209366465],[80.707848995504719,7.061973392792634],[80.707887577247845,7.0619812371049342],[80.707908503502409,7.0619919386759484],[80.70792048612995,7.062002793584762],[80.707930597566815,7.0620119537511323]]]},"properties":{"OBJECTID":2,"Division":"3","Field_No":"5A","Shape_Length":330.30885042212009,"Shape_Area":2293.8870279026646}},{"type":"Feature","id":3,"geometry":{"type":"Polygon","coordinates":[[[80.708575883486532,7.0625419450669673],[80.708566713484089,7.0625278549195984],[80.708553994237988,7.0625084808548175],[80.708537725748187,7.0624852902800628],[80.708525598491875,7.0624659162134886],[80.708519978631458,7.0624500644607462],[80.708510989190401,7.0624253503103276],[80.708503356205441,7.0624038277271719],[80.708499721621791,7.062387716545909],[80.70849778305741,7.0623695602638126],[80.70849699343826,7.0623400979815001],[80.708496372702413,7.062323706867101],[80.708492728237317,7.0622970822257782],[80.708487377871478,7.0622699948945353],[80.708483811559802,7.0622544507025369],[80.708478849266157,7.0622350587963076],[80.708473653410579,7.0622241316814227],[80.708468071279384,7.0622148975247656],[80.70845938636721,7.0622045097669313],[80.708452562764336,7.062197507034413],[80.708442405513409,7.0621896573767584],[80.708434806664442,7.0621856563246155],[80.708420461467654,7.0621795005168506],[80.708403713277505,7.0621728053514889],[80.708385646360512,7.0621619549041421],[80.708370296847235,7.0621522330956807],[80.708342090645644,7.062134197156869],[80.708311043971079,7.0621084595473489],[80.708291735582378,7.0620894848570854],[80.708278294090775,7.0620693824182474],[80.708270911735795,7.0620479650155774],[80.708266178512559,7.062029178429424],[80.70826428576224,7.0620090759879401],[80.708263907571492,7.061997052322238],[80.708263907571492,7.0619767626642735],[80.708263338937925,7.0619480189063477],[80.70826239301195,7.0619211535382682],[80.708260878452379,7.0618987964871414],[80.708258417068507,7.0618779433964844],[80.708254631567897,7.0618563387697755],[80.708252170184011,7.0618456300636572],[80.708247248314549,7.0618106859098608],[80.708244408739958,7.0617764941801013],[80.70824403054921,7.0617541371219765],[80.708245355564273,7.061740986592544],[80.708248195138864,7.0617302778837283],[80.708255199303125,7.0617195691746586],[80.708262771202655,7.0617131815704477],[80.708275833605214,7.0617069820728418],[80.708287949183443,7.0617054790022262],[80.708323538638382,7.0617004063617728],[80.708350987560195,7.0617011578970867],[80.708390552958591,7.0617069820728418],[80.708419138249226,7.0617159996049343],[80.708436932976696,7.0617238902796577],[80.708456242263736,7.0617383557734072],[80.708474604726447,7.0617569551562083],[80.708495996308315,7.0617920865292216],[80.708508490077293,7.0618131286219228],[80.70852609526024,7.0618373631776841],[80.708552408711512,7.0618651681923126],[80.708576829412522,7.0618852706400554],[80.708607307453505,7.0619104448336261],[80.70862705691502,7.0619245153868189],[80.708652982294112,7.0619397930312617],[80.708668409062483,7.0619557321685233],[80.708701497607663,7.0620152255574542],[80.708752176064422,7.0620222487972732],[80.70878467351811,7.0620482904131778],[80.70879449929069,7.0620783500192452],[80.708875611770978,7.0621844670635934],[80.708916768984039,7.0622467838033458],[80.708921754633849,7.0622515381723456],[80.708934035502097,7.0622766677710276],[80.708940216809566,7.0623080984889013],[80.7089395251068,7.0623417276430001],[80.708912706802309,7.0623673065526251],[80.708906985432279,7.0624079919218348],[80.708918908771025,7.0624541778395216],[80.708926248006904,7.0624611770021728],[80.708935144023158,7.0624924891381147],[80.708945278816202,7.062527252266011],[80.708998086280189,7.0625963390048438],[80.709023853555806,7.0626209149637873],[80.709032539366262,7.0626317021039116],[80.70904293556903,7.0626405760866051],[80.709049147419236,7.0626429242953677],[80.709065120363292,7.0626479149075863],[80.709077543165392,7.0626508506142498],[80.709093811655151,7.0626499698131022],[80.709105938911492,7.0626487957087205],[80.709125461099248,7.0626443925944411],[80.709138475891109,7.0626414568877651],[80.709146758358003,7.0626388144842336],[80.70915977314985,7.0626505564195448],[80.709173971022921,7.0626628858524132],[80.709184323208234,7.0626760951945764],[80.709189943068679,7.0626837273182064],[80.709194344813554,7.0626914182806342],[80.709204945832226,7.0627013754335133],[80.709212896820802,7.062710581052503],[80.709220468720332,7.0627177201765958],[80.709227851973651,7.0627246711943128],[80.709235045682448,7.0627314341056291],[80.70924091437621,7.0627368829473705],[80.709246214436391,7.0627423308975388],[80.709252650865395,7.0627490938086011],[80.70925776227935,7.0627552941837095],[80.709264388252905,7.0627629967344383],[80.709273095622933,7.0627744560614101],[80.709278396581439,7.06278215950333],[80.709287294394329,7.0627892977348443],[80.709297326779406,7.0627951218969098],[80.709306414136819,7.0627996310981196],[80.709320232920831,7.0628073336481227],[80.709333105778882,7.0628154124104698],[80.709345233035179,7.062826097023696],[80.709358544271083,7.0628393063611901],[80.709367713375173,7.062849287581364],[80.709380728167034,7.0628619094205245],[80.70939019371518,7.0628754129515539],[80.70940025035479,7.0628892097852951],[80.709406165760896,7.0629032999216594],[80.709412673156848,7.0629159217593696],[80.709421843159248,7.062929718591902],[80.709431308707408,7.0629402864161399],[80.709440182265794,7.0629487993359934],[80.709459112463762,7.062971402389973],[80.709497203726755,7.0630274072149684],[80.709480721437941,7.0630444375088013],[80.709393451006392,7.0631257769220781],[80.709321649564046,7.0631927721169827],[80.709218049557251,7.0632893311566773],[80.709194681681794,7.0632580377961478],[80.70919639117578,7.0631748859904508],[80.709195637489245,7.0631382204540634],[80.709185415559631,7.0631085754636036],[80.709163629617365,7.0630665930259262],[80.709122374487933,7.0630126208221062],[80.709056460603975,7.0629875937857536],[80.708994019606891,7.0629592548310169],[80.708929717300535,7.062921850225182],[80.708903378696405,7.0628888710158026],[80.708887006900355,7.0628387884004047],[80.708881315174722,7.0627867863825191],[80.708869708941222,7.062735565311872],[80.708849773528456,7.0627110490894704],[80.708836383240822,7.0626931183693609],[80.70880034822153,7.0626709057783525],[80.708795944679991,7.0626663555669564],[80.708785219693809,7.0626561265060781],[80.708723963574599,7.0626396828044387],[80.708695695389252,7.0626283001430581],[80.708635623249535,7.0625744027740005],[80.708586667761523,7.062547571319298],[80.708575883486532,7.0625419450669673]]]},"properties":{"OBJECTID":3,"Division":"3","Field_No":"5A","Shape_Length":494.71087180866175,"Shape_Area":7123.0953061915279}},{"type":"Feature","id":4,"geometry":{"type":"Polygon","coordinates":[[[80.710888403946001,7.0614868740005656],[80.710913227990574,7.0615047905034558],[80.710926991079077,7.0615253066234533],[80.710984663818621,7.0616033620136811],[80.711019308245852,7.0616195935749317],[80.711033429762111,7.0616394116444967],[80.71097951108213,7.061698406725073],[80.710967757524941,7.0617164756664152],[80.710925593300473,7.0617697740468888],[80.710910883387683,7.0617896812600742],[80.710857498307007,7.0617875808842152],[80.710830238929688,7.061745675887205],[80.710831528012122,7.0617133883986751],[80.710844886858723,7.0616941168223706],[80.710849208653556,7.0616559766258895],[80.710820029576496,7.0616012357834244],[80.710812298675151,7.0615530590582711],[80.710813511400801,7.0615226909586157],[80.710824120504284,7.0614824976202861],[80.710869513273906,7.0614777013428087],[80.710871674620492,7.06148001657193],[80.710887202898505,7.0614872921147196],[80.710888403946001,7.0614868740005656]]]},"properties":{"OBJECTID":4,"Division":"3","Field_No":"5A","Shape_Length":95.815669008265132,"Shape_Area":509.49651283014282}},{"type":"Feature","id":5,"geometry":{"type":"Polygon","coordinates":[[[80.708767548035539,7.0618227407828984],[80.708764447051195,7.0618223636781172],[80.708764447051195,7.0618222442170175],[80.708762023396559,7.061820079653228],[80.708759479367686,7.0618164726412127],[80.708756571521079,7.0618102205464552],[80.708752573119767,7.0618025251118492],[80.708748575616752,7.0617948296771536],[80.708741548096285,7.0617846095120198],[80.708729796335717,7.0617719849689431],[80.708720224786376,7.0617618851559349],[80.708710479862177,7.0617501922306429],[80.708702907064335,7.0617394835220439],[80.708701203858539,7.0617321562761566],[80.708705746638941,7.0617225753157866],[80.70871407581825,7.0617165630335039],[80.708721459071597,7.0617126181418399],[80.708731492354971,7.0617094238939417],[80.708741903829136,7.0617079217148486],[80.708749287082441,7.061706418644234],[80.708757805806286,7.0617026609676765],[80.70876064538092,7.0616998429331392],[80.708768596369495,7.0616863161887178],[80.708770513374304,7.0616833225283777],[80.708774653709455,7.0616774511027609],[80.708781457549392,7.0616715805685386],[80.708792992815972,7.0616671774449591],[80.708802162818401,7.0616639484282047],[80.708811627468222,7.0616633609290567],[80.708826121785307,7.0616598386084188],[80.708834403353919,7.0616560220924143],[80.708841207193913,7.0616486832556964],[80.70884653150857,7.0616395837041974],[80.708853334450225,7.0616263743324419],[80.708859841846163,7.0616140448719031],[80.708864869716791,7.0615990738931069],[80.708869602940027,7.0615855712162867],[80.708872264648221,7.0615726551469002],[80.70887522280043,7.0615570975589144],[80.708882617731874,7.0615424198822208],[80.708887645602488,7.0615371359541355],[80.708895336079649,7.0615318520259986],[80.708900069302899,7.0615300725894175],[80.708917169632642,7.0615342002403976],[80.70893426996237,7.0615392461376532],[80.708956916490706,7.0615433737885569],[80.708970781088809,7.0615433737885569],[80.70898741968449,7.061542915556922],[80.709001746914964,7.0615401634924959],[80.709012839312081,7.0615378696596922],[80.709031788374688,7.0615319072990905],[80.709052123537788,7.0615323655307378],[80.709065989034187,7.0615364940732146],[80.709078005797721,7.0615415390789735],[80.709087711196062,7.0615479605626055],[80.709097416594403,7.0615566749873402],[80.709111743824892,7.0615695179541076],[80.709121911855561,7.061581443565764],[80.709130231153409,7.0615924509309291],[80.709140860918168,7.0616025418326087],[80.709154263782196,7.0616172195074318],[80.709166280545759,7.0616296033494388],[80.709176910310518,7.0616410698365266],[80.709183380875515,7.0616502433825614],[80.709187540075277,7.0616644619328417],[80.709186615708859,7.061678221359621],[80.709188002707648,7.0616919816775416],[80.709193086273842,7.0617112461219094],[80.709201405571676,7.0617328026142943],[80.70921064923597,7.0617470220535008],[80.709224052100012,7.0617543599971837],[80.709235606231204,7.0617511497025856],[80.709253411738445,7.0617473126827912],[80.709268191719815,7.0617476122271139],[80.709290693619337,7.0617591197202785],[80.709289832134985,7.0618010389800796],[80.709302207326346,7.0618128415586705],[80.709323493805329,7.0618188788017298],[80.709382416101434,7.0617967419463312],[80.709438472771794,7.0617922050988371],[80.709483974237571,7.061787588907686],[80.709501644099205,7.0617785526554977],[80.709510274214153,7.0617608929154541],[80.709514904131126,7.0617564773117341],[80.709510274214153,7.0617520617079643],[80.709505630822434,7.0617472636502541],[80.709461569356051,7.0617260432543594],[80.709456445365689,7.0617207495219088],[80.709450348499843,7.0617149333697897],[80.709372688245239,7.0616701657564205],[80.7093375398631,7.061633849569195],[80.709307581048364,7.0615538114853234],[80.709297359118764,7.0615018307189885],[80.709299296784835,7.0614075829695766],[80.709308631178956,7.0613805089587514],[80.70933899962543,7.0613360355085613],[80.709313994121189,7.0613121860552512],[80.709289551860635,7.0612828547563478],[80.709280860660243,7.0612650710786626],[80.709281279275189,7.0612446958043895],[80.70930124253573,7.0612185792570843],[80.709354333867353,7.0612123512247749],[80.709408508567179,7.0612261347355929],[80.70943574368998,7.0612400617777693],[80.709505346056517,7.061286897716891],[80.709546924579442,7.061292549838047],[80.709573178741906,7.0612836294714167],[80.709593950486223,7.0612786022928828],[80.70963412853564,7.0612888242522054],[80.709699854671697,7.0613152902642291],[80.709728020449134,7.0613443915536367],[80.709732036816746,7.0613504733778818],[80.709741684722914,7.0613675037334556],[80.70975396109958,7.0613847034736796],[80.709780680589375,7.0614019041047902],[80.709808122324674,7.0614212541453787],[80.709829063850577,7.0614320038704239],[80.709860838160523,7.0614327206376188],[80.709882502830212,7.0614277041587128],[80.709908500074548,7.0614155208991498],[80.70991572163112,7.061388287309998],[80.709913340197275,7.061366268112236],[80.709877537841663,7.0613556984689883],[80.709760519699486,7.0613139859972245],[80.709667000586819,7.0612709291369935],[80.709624793243194,7.0612371064491057],[80.709618201405632,7.0612162872056832],[80.709632033664377,7.0611896312980953],[80.709685599306468,7.0611766679680077],[80.709711505820962,7.0611700770938226],[80.709746553591742,7.0611772037606997],[80.70979783930963,7.0612034308566054],[80.709828339808482,7.0612078018905118],[80.709889910338035,7.0611846709811825],[80.709915544662991,7.0611764129984342],[80.70994927819855,7.0611770967804404],[80.70999748898322,7.061186898844575],[80.71004147139783,7.0612057897706952],[80.710072872906906,7.0612309533032498],[80.710099196239696,7.0612708096757544],[80.710107960203601,7.0612791683965028],[80.710125521369093,7.061307243569698],[80.710133144472593,7.061320920988992],[80.710139152405219,7.0613291762946409],[80.710154866634468,7.0613388089702323],[80.710178899263255,7.0613470642756022],[80.710226965419182,7.0613424774995952],[80.710257745294058,7.0613319051812837],[80.710278612259813,7.0612970100212733],[80.710301057565488,7.0612711751914974],[80.710330971464458,7.0612654811694853],[80.710356030867629,7.061265988434001],[80.710388650492234,7.0612770724758382],[80.710416240449547,7.0612859598570257],[80.710454363153573,7.0612730063361626],[80.710499483733656,7.0612658769962833],[80.710528889186179,7.0612758680569288],[80.710565173038802,7.0612944228832131],[80.710616380603241,7.0613473326175882],[80.710651809259744,7.0614270390985965],[80.710651435560578,7.0614452328607689],[80.710637813507617,7.0614532082327601],[80.710615647577981,7.061452759807552],[80.710589938692877,7.061453280444379],[80.710574366397424,7.061476859765496],[80.710575392273483,7.0615267660110836],[80.710575058998501,7.0615429574574859],[80.710559392379949,7.0615578999100395],[80.71053752918256,7.0615804896594785],[80.71055728044071,7.0616047786090226],[80.710588643322239,7.0616494722341407],[80.710606975242229,7.0616669572442303],[80.710634743964306,7.0616956475295511],[80.71064925624772,7.0617253434261622],[80.710673843137045,7.0617727213486088],[80.710692077140664,7.0617965761271977],[80.710700973156946,7.0618100467038252],[80.71071031922915,7.0618237339147241],[80.710728022328453,7.061832260227626],[80.710735441514387,7.0618372517400942],[80.710733878445794,7.0618663128791592],[80.7106137018271,7.061873610703401],[80.710599893822859,7.0618453554814478],[80.710609716002182,7.0618073089049753],[80.71057194633606,7.0617827266623241],[80.710561781000294,7.0617516293300406],[80.710547552584501,7.0617380580120912],[80.710481925263124,7.0617393881314205],[80.710453493584382,7.061724847751651],[80.710444950606018,7.0617073680927556],[80.7104344007913,7.0616919174894441],[80.710410219940499,7.0616841284452736],[80.710379715848404,7.061699727929498],[80.710321962260466,7.0617932704422808],[80.710269048795283,7.0618501018310615],[80.710248727106944,7.0618364271019693],[80.710229275886093,7.0618259118510034],[80.710231587251315,7.0618222433255085],[80.710257006878919,7.0617896776940867],[80.710319400265277,7.0617126217078399],[80.71034435726051,7.0616823499007877],[80.710384565852635,7.0616502433825614],[80.710411372479015,7.0616227227438717],[80.710432632008519,7.0616048347736102],[80.710452968069916,7.061573645604744],[80.710469605767287,7.0615539229229656],[80.710480235532074,7.0615163122667139],[80.710478849431595,7.0614920028079871],[80.710469605767287,7.0614617309864949],[80.710459900368988,7.0614401735899675],[80.710438178207113,7.0614112782434351],[80.71041322121188,7.0613897208445406],[80.71037717181953,7.0613704563867765],[80.710356374024059,7.0613640349006772],[80.710274568942708,7.0613594481248478],[80.710228352417971,7.0613635766688381],[80.710157177101379,7.0613709155101114],[80.710096170713797,7.0613823820035728],[80.710030542494081,7.0614021046926414],[80.709982476338183,7.061426872387826],[80.709896974689457,7.061464942174613],[80.709871555061852,7.0614791607305794],[80.709843824967351,7.0615066804863087],[80.709806388576183,7.0615488779173843],[80.709765717351701,7.0615860294479216],[80.709731516692202,7.0616204298029972],[80.709686686267943,7.0616718007693056],[80.709646015043461,7.0617328026142943],[80.709614124850873,7.0617878429854324],[80.709591940954937,7.0618419659957992],[80.709579924191374,7.0618800348569426],[80.709561899495213,7.0619135178360564],[80.709547110530693,7.0619392028579036],[80.709540177333338,7.0619543387532939],[80.709537866866398,7.0619699337708992],[80.709539715599263,7.0619855278964616],[80.709545261797842,7.0620102964519473],[80.70954618616426,7.0620332294069126],[80.709542950432606,7.0620570797145188],[80.709532320667861,7.0620878106196905],[80.709507363672628,7.0621286315215084],[80.709483330145517,7.0621763330172014],[80.709453751318151,7.062221282447565],[80.709442197186945,7.0622313733355293],[80.709431104789829,7.0622355009802886],[80.709407072161042,7.0622318315665282],[80.709374257602036,7.0622144027422733],[80.709342368307745,7.0621836718455491],[80.709303545816113,7.0621378050578745],[80.709263595040497,7.0620793164054936],[80.709216564642091,7.0620126812154105],[80.709197338000081,7.0619798035722487],[80.709190830604172,7.0619577879686402],[80.709188168895977,7.0619384138799806],[80.709186985814753,7.0619117009579222],[80.709184323208234,7.0618750076848968],[80.709181365954322,7.061833911286957],[80.709181957045786,7.0617784314113923],[80.709177520266621,7.0617426189306727],[80.709167168081265,7.0617164926049298],[80.709153561299658,7.0616935961858109],[80.709133448020452,7.0616715805685386],[80.709097952888641,7.0616536738786388],[80.709050034954728,7.0616392904003655],[80.708986144076775,7.0616334189741501],[80.708955382168199,7.0616375287941899],[80.708932606282488,7.0616466292372362],[80.708907464234329,7.0616642417320747],[80.708886166975546,7.0616935961858109],[80.70886871540452,7.0617226573338705],[80.708826556569946,7.0617775301040506],[80.708813917273886,7.0617966661687763],[80.708801821458565,7.0618082021887565],[80.708767548035539,7.0618227407828984]]]},"properties":{"OBJECTID":5,"Division":"3","Field_No":"5A","Shape_Length":974.09299924846857,"Shape_Area":7393.5382513883587}},{"type":"Feature","id":6,"geometry":{"type":"Polygon","coordinates":[[[80.70884924082749,7.0618042983069103],[80.708883126178335,7.0617518825162895],[80.708916633338404,7.0617094238939417],[80.708963960180853,7.061676359014033],[80.708999158868622,7.0616701122663734],[80.709045006185775,7.0616751028890876],[80.709085825632286,7.0616874314564759],[80.709124870007798,7.0617109153750484],[80.709140842053557,7.0617247122435085],[80.70914646191396,7.0617420314315753],[80.709148828974747,7.0617778439123464],[80.709146407116748,7.0618149044914231],[80.709149641950063,7.0618479283524058],[80.709151490682913,7.0618685683757834],[80.709152415049374,7.0618915013377839],[80.709147331483166,7.0619107657738445],[80.709144095751512,7.0619314057944225],[80.709145944484376,7.0619543387532939],[80.709159809980775,7.0619781890649715],[80.709185691342412,7.0620144240986393],[80.709231908765474,7.0620836829736469],[80.709251319562128,7.0621148721080997],[80.709267736273944,7.0621383185619768],[80.709286666471911,7.0621653247744449],[80.709314766672321,7.0621976149059016],[80.709348376240371,7.0622258692148572],[80.709387198732017,7.0622497195125282],[80.709419550658652,7.0622625624600461],[80.709448667751943,7.0622657727511333],[80.709471776014311,7.062264855397741],[80.70948286841147,7.0622575165706785],[80.709497195641916,7.0622309142130595],[80.709521690903088,7.062177709493267],[80.709544799165457,7.062130925351374],[80.709568832692568,7.062081389143553],[80.709579924191374,7.0620534102993719],[80.70958916785564,7.0620231385145971],[80.709583621657089,7.0620006637903501],[80.709575302359241,7.0619749787718877],[80.709574377992823,7.0619570908152518],[80.709579924191374,7.0619424131512289],[80.709591016588504,7.0619190219604819],[80.709606730817768,7.0618947125229248],[80.709611814383976,7.0618837042734635],[80.709620595415856,7.0618676510216272],[80.709631687812987,7.0618350853933745],[80.709641024003759,7.0617986863095323],[80.709654334341323,7.061767863560565],[80.709669123305829,7.0617464345544425],[80.709678884399722,7.0617352800952897],[80.709697778665074,7.0617181258346564],[80.709713954628413,7.0617066593494773],[80.709737525523153,7.0616928990320273],[80.709759709419075,7.0616713416462762],[80.709787902145976,7.061631896290276],[80.709828573370459,7.0615773150236949],[80.709863698396376,7.0615332828855806],[80.709911763653977,7.0614965895825055],[80.709951048777967,7.0614759495425634],[80.709998652301522,7.061453016559966],[80.71007028935216,7.0614236620909505],[80.710131295739743,7.0614007282142479],[80.710178899263255,7.0613906381996383],[80.710245914481789,7.0613851340689662],[80.710315240167191,7.0613855923007538],[80.710360533223806,7.0613929311416577],[80.710387338951904,7.0614154058954579],[80.710405363648064,7.0614429256549913],[80.710423388344253,7.0614754913108273],[80.710429397175176,7.0615094325509258],[80.71042754844234,7.061542915556922],[80.710414607312359,7.0615777741468007],[80.71039658261617,7.0616052938967036],[80.71037624745307,7.0616190542167612],[80.710342046793571,7.0616419871911278],[80.710308769602207,7.0616635445782405],[80.710292593638897,7.0616883122594558],[80.710282405845248,7.0617054941577351],[80.710279376726106,7.0617146320424871],[80.710277075242345,7.0617307441386945],[80.710273198113569,7.061746254471271],[80.710266655683384,7.0617609232265091],[80.710255388114746,7.0617800405703752],[80.710242667072009,7.0617942288056055],[80.710229097121328,7.061805170194642],[80.710213567046708,7.0618255276141966],[80.710204480587606,7.0618414970664318],[80.710198990084606,7.0618535207361797],[80.710191228640554,7.0618653562989548],[80.710182388319822,7.0618700197388238],[80.710170774899851,7.0618768637892071],[80.710134028414814,7.0618998119062963],[80.710123731925037,7.0619104510741284],[80.710114565515894,7.0619191931285714],[80.710106198607335,7.0619278371178114],[80.710040221841268,7.0620201626864443],[80.71003157555667,7.0620553698170001],[80.710004398824395,7.0621606408330395],[80.710004842592127,7.0621822392049838],[80.710085494236651,7.0622247753443954],[80.710108502786014,7.0622432133461706],[80.710125842965951,7.0622694689096175],[80.710130426170551,7.0622738399334484],[80.710137292892554,7.0622809344893058],[80.710143816458157,7.062355176807765],[80.710132229987622,7.0624113332623466],[80.710121350491207,7.0624165734969386],[80.710075257035669,7.0624574380532685],[80.709990993265393,7.062551988698492],[80.709893082289341,7.0625437138016816],[80.709881470665948,7.0626311573978926],[80.709873628373529,7.0627187008255072],[80.709860550699602,7.0628149702270484],[80.709836884583439,7.0628605766299373],[80.709815901735041,7.0628447721401351],[80.70980682605574,7.0628404002301766],[80.709750004919073,7.0627940636877558],[80.709714145071217,7.0628311152703924],[80.709663043507973,7.0628759942087225],[80.709541816758701,7.0629875937857536],[80.709530429714164,7.0629930773929166],[80.709524973347129,7.0629987143377502],[80.709491649443365,7.0629787412057254],[80.709471536164159,7.0629678791878128],[80.709460591989057,7.0629555506545447],[80.709451126440896,7.0629364699107073],[80.709446097671915,7.0629176833606468],[80.709438702740513,7.0628909704951894],[80.709434562405349,7.0628745321508513],[80.709427167473947,7.0628586804121154],[80.709417701925801,7.0628463518759474],[80.709406757750699,7.0628390130581087],[80.709396701111089,7.0628331425386444],[80.709382503238032,7.062826097023696],[80.709368600910679,7.0628155291967989],[80.709352923512327,7.0628026131617627],[80.709336063931076,7.0627864681174266],[80.709312400509859,7.062767974864391],[80.70928755400746,7.0627506557147575],[80.70926803181969,7.06273362986762],[80.709253242855141,7.0627210080249228],[80.709241115598829,7.0627092660914315],[80.709228100806982,7.062693707650217],[80.709216683219708,7.0626797699537924],[80.709201728066859,7.0626636133156859],[80.709192452063235,7.0626547839084157],[80.709181093764798,7.0626465170369084],[80.709171438672129,7.0626388144842336],[80.709162162668505,7.0626294216490164],[80.709156105328546,7.0626205913495879],[80.709158187623387,7.0626021801078416],[80.709158565814093,7.062586211573362],[80.709161405388727,7.0625715579997772],[80.709168220906761,7.0625522071158073],[80.709175414615586,7.0625334205501371],[80.709183743794881,7.0625058036820478],[80.709190558414619,7.0624883311846798],[80.709202673992877,7.0624661631588408],[80.709216564642091,7.0624468354494745],[80.709224847109041,7.0624298104826257],[80.709233425121681,7.0624130779270553],[80.709256200109067,7.0623948779624968],[80.709273356134361,7.06238225611055],[80.709292287230653,7.0623755038921434],[80.709312400509859,7.0623722748803122],[80.709325710847423,7.0623696333667887],[80.709340500710269,7.0623631753430871],[80.709350557349879,7.0623575981209665],[80.709357952281323,7.0623520200072978],[80.709363868585768,7.0623443878782357],[80.709368305364961,7.0623349950369887],[80.709365642758428,7.0623200240815383],[80.709360022898025,7.0623147401623454],[80.709349669814387,7.0623103370448863],[80.709338725639284,7.0623015308098651],[80.709322161603765,7.0622921370762812],[80.70927731770476,7.0622476022002294],[80.709276717630175,7.0622470779983182],[80.709244908285939,7.0622220420055486],[80.709195635692623,7.0621983129504056],[80.709131961308657,7.0621754834176516],[80.709113915951235,7.0621662555005047],[80.709097302508383,7.062149089666355],[80.709087297971038,7.0621445777842808],[80.709061043808532,7.062153498134335],[80.709046771375313,7.0621578700507568],[80.709010225214598,7.0621391806425837],[80.708953116617053,7.0621267361922069],[80.708935815962988,7.0621208576402257],[80.708930740481648,7.0620642010187398],[80.708925133197639,7.0620315658673007],[80.708851541412926,7.0619613762580276],[80.708828756544079,7.0619080921636517],[80.708822347962808,7.0618690123431138],[80.708836383240822,7.0618368095557695],[80.708845316088002,7.0618143267989177],[80.70884924082749,7.0618042983069103]]]},"properties":{"OBJECTID":6,"Division":"3","Field_No":"5A","Shape_Length":734.98883565193864,"Shape_Area":13089.457163203811}},{"type":"Feature","id":7,"geometry":{"type":"Polygon","coordinates":[[[80.713029419848112,7.0622156677807606],[80.713039730710918,7.0622136690377975],[80.713043400328871,7.0622174605872106],[80.713140135410228,7.0622869984712375],[80.713150642105788,7.062292058624287],[80.713193150385038,7.0623206623953907],[80.713216308953093,7.0623445911401577],[80.713300915879813,7.0624140701660991],[80.713349091630178,7.062478584421104],[80.713391105835996,7.0625708777858316],[80.713444513374597,7.062649090794948],[80.713450814158008,7.0626619845468275],[80.713456832870392,7.0626735811671626],[80.713494068038912,7.0626978156778231],[80.713595567784566,7.0627534452149359],[80.713608076824912,7.0628225586649327],[80.713624251889911,7.0628915740397904],[80.713640517684752,7.0629128532211016],[80.713722897687873,7.0629664697286314],[80.713738379253485,7.0630054353446612],[80.713754544437023,7.063044996478272],[80.713783490850417,7.0630543215511983],[80.713863059126695,7.0630813571296258],[80.713940219918058,7.0630753377330153],[80.714030921913945,7.0630771760025421],[80.714111693034411,7.0631147508719554],[80.714189892278213,7.0631693551360337],[80.714234746956976,7.0632478925491826],[80.714222072626669,7.0633216541951072],[80.714190068348003,7.0633833262287418],[80.714143382902719,7.0634624163340662],[80.714116137898458,7.0635181643483298],[80.714111405573533,7.0635841048450176],[80.714131520649374,7.0636302567683762],[80.714143397275734,7.0636531423936466],[80.714167031052568,7.0636756838998851],[80.714264467718181,7.063758079626095],[80.714309016071397,7.0638045827818345],[80.714229048044814,7.0638156649797903],[80.714191305328171,7.0637963640717238],[80.714121195413512,7.0637491860519228],[80.714017475032463,7.0637130099929903],[80.713949685466204,7.0636783432359271],[80.713913643260355,7.0636483086957735],[80.713889126439639,7.0636229768017778],[80.713833671640529,7.0635700860492072],[80.713791920641057,7.0635214316865067],[80.713742089295607,7.063473904171607],[80.713674965380946,7.0634352096103727],[80.713594596705718,7.0634068706830151],[80.713508484202606,7.0633734947917262],[80.713451471724781,7.0633278090961333],[80.713432931395616,7.0633086534818608],[80.713422898112242,7.0632990841436705],[80.713414499762649,7.0632478684787321],[80.713392665311318,7.06319059507865],[80.713369954104337,7.0631573350665207],[80.713365533494823,7.0630945539788375],[80.71335410782271,7.0630778214473251],[80.713289059016361,7.0630544998508675],[80.713236208433244,7.0630257347639649],[80.71322552476957,7.0630038752223632],[80.713210652261722,7.0629583784879513],[80.713165964669614,7.0628558472291179],[80.713147478239378,7.0628382151666811],[80.713095394817501,7.0627565868571596],[80.713007356326401,7.0626774377922006],[80.712997090379332,7.0626618953968974],[80.712952068613944,7.0626129199989434],[80.712911156640956,7.0625670131363938],[80.712869006789518,7.0625164330294847],[80.712853307831608,7.0624749399712758],[80.712929007063963,7.0623466995369926],[80.712938499561574,7.0623272755406461],[80.712975988055021,7.0622626587420392],[80.712982393941289,7.0622565492932896],[80.713029419848112,7.0622156677807606]]]},"properties":{"OBJECTID":7,"Division":"3","Field_No":"6ANC","Shape_Length":535.9966541117409,"Shape_Area":9031.2815300635884}},{"type":"Feature","id":8,"geometry":{"type":"Polygon","coordinates":[[[80.711259695619262,7.0633377537543689],[80.711278417408096,7.0632987498319419],[80.711312127587462,7.0632869954321515],[80.711364060990647,7.0632951330249893],[80.711504826995693,7.0633168329747278],[80.71160960379548,7.0633403426639987],[80.711752647029726,7.0633638514605392],[80.711873368925822,7.0633751538690452],[80.711973134922971,7.0633873602559216],[80.712070622792552,7.0633837434496556],[80.712128022444247,7.0633783186859853],[80.712167199770434,7.0633778658051503],[80.712199544510554,7.0633823874816537],[80.712222322192886,7.0634018274806429],[80.712251021569585,7.0634524618720507],[80.712267421213397,7.0634877250579242],[80.712287466220673,7.0635284138945362],[80.712319354616596,7.0635559914756643],[80.712367187210546,7.0635691027276124],[80.712425954098137,7.0635709106842404],[80.712445052281055,7.0635776111783795],[80.712475653391209,7.0635890918810968],[80.712512226501389,7.0636039067834453],[80.712541334611529,7.0636140912484811],[80.712557568066998,7.0636153874855134],[80.712576414721681,7.0636116842058181],[80.712586863925083,7.0636072400918355],[80.712608695681411,7.0635953885266849],[80.712625488787353,7.06358224072412],[80.712639856441996,7.0635635380010129],[80.71265310479582,7.063544278982798],[80.712662434698331,7.0635357607249434],[80.712668965450476,7.0635335391133252],[80.712685012056383,7.0635326128474967],[80.712706284162323,7.0635435381484353],[80.71272270446741,7.0635527972405008],[80.712744385306777,7.0635596082805563],[80.712758051377193,7.0635234411217827],[80.712759874058904,7.063507617041723],[80.712755801995726,7.0635012883010173],[80.712755446262875,7.0634829216692481],[80.712755090530024,7.0634645550367026],[80.712734448143095,7.0633875581684178],[80.712713805756181,7.0633063222149204],[80.712702416915022,7.0632505162277592],[80.712709535165331,7.0632151968594226],[80.71272234783622,7.0631360799668812],[80.712732890464395,7.0630306914950953],[80.712734239733962,7.0630172075815496],[80.712773172718371,7.0630266298283733],[80.712821766185357,7.0630142674197298],[80.712843292514506,7.0630090575028337],[80.712887733968245,7.0630099579162611],[80.712937568008627,7.0630242744895568],[80.712972627457532,7.0630453807140725],[80.712984358556838,7.063098430213369],[80.712983506055636,7.0631399018196532],[80.71297453458088,7.0631659201937058],[80.712965638564626,7.0631917272812341],[80.712988459366088,7.0631971431320988],[80.713015665742788,7.0631788353271183],[80.713035390949813,7.0631693364145889],[80.713099577373484,7.0631706362188549],[80.713161028427137,7.0631843590494219],[80.713177779312218,7.0632123699191158],[80.7131956288369,7.0632669741716674],[80.713217257574016,7.0633086534818608],[80.713223213404348,7.0633208393660558],[80.713252275700398,7.0633348367734881],[80.713289950145111,7.0633583634003072],[80.713299057265488,7.0633677731592046],[80.713316018356338,7.0634122918803799],[80.713306896862946,7.0634564994646203],[80.71329212586474,7.0634705878007011],[80.713263969070482,7.0634826087535947],[80.713230737693166,7.0634692273754451],[80.71320727279965,7.0634635494274596],[80.713182552959651,7.0634719482259838],[80.713167832267089,7.0634871580654917],[80.71316324906249,7.0634915290778348],[80.713150252236986,7.0635112088850622],[80.713145366300139,7.0635829628369367],[80.71320495245125,7.0636352937277769],[80.713235284965137,7.0636666334206177],[80.713259554749158,7.0637091284146312],[80.713250806954917,7.0637770685118237],[80.713259056184199,7.0638090242194185],[80.713281831171571,7.0638370314852903],[80.713335156963481,7.0638745848970022],[80.713361655467708,7.0638795835194346],[80.713382830555602,7.0638577044052342],[80.713367194479758,7.0638194377946171],[80.71331739727033,7.0637647426746106],[80.713311614814842,7.0637416832129434],[80.713353196931024,7.0637190989180407],[80.713421968355902,7.0637307427612166],[80.713466593964299,7.0637679315593305],[80.713500618553979,7.0638087612278255],[80.713509226211031,7.0638624418192695],[80.713497768199588,7.063895671469786],[80.713485087581034,7.0639077664058796],[80.713429496237993,7.0639014982924495],[80.71337567008446,7.0639025885929305],[80.713409223956958,7.0639422673273469],[80.71343155248168,7.0639760755534304],[80.713461489736844,7.0640299032223748],[80.713471389171261,7.0640802388937463],[80.713444401983494,7.0641667381049418],[80.713411934174189,7.0642041096246748],[80.713351227823921,7.0642368114849914],[80.713336596064565,7.06425192947522],[80.713316108187882,7.0642875777263701],[80.713371489325141,7.0643403988601996],[80.713453298898074,7.0643936434484731],[80.713507222967948,7.0644385801823679],[80.713555063646737,7.0645074366298068],[80.713635125996419,7.0646110872405226],[80.713641730410373,7.064624602309955],[80.713675564557249,7.0646646117271628],[80.713709073513982,7.0647075978432703],[80.713737236596444,7.0647652240875249],[80.7137873158769,7.0648912654248273],[80.713792297933466,7.0649367842564095],[80.713796881138052,7.0649411552550507],[80.713801284679562,7.0649992290004349],[80.713809771962374,7.0650238467319184],[80.713838254845072,7.0650704701120777],[80.713853387864347,7.0651085601032877],[80.713860637268695,7.0651674504364301],[80.713859529645973,7.0652213385882661],[80.713837229867366,7.0652578417075036],[80.71382978912186,7.0652956784989405],[80.713823840478057,7.0653560593860965],[80.713818538621226,7.0653765967310802],[80.713807799262028,7.0654077410687313],[80.713801284679562,7.0654139547806176],[80.713796654762589,7.0654234286852224],[80.713745584640378,7.065483820253597],[80.713735755274527,7.0654897816717748],[80.713693790476057,7.0654728843005739],[80.713657936018109,7.065482005172476],[80.713617384269568,7.0655306682438024],[80.713585854301385,7.0655607401043685],[80.713571513596207,7.0655847212795493],[80.713572404724971,7.0656280977842405],[80.713571970838672,7.0656492181537898],[80.71353716651133,7.0656718701078933],[80.713491814165863,7.0657082127227682],[80.713481828493158,7.0657128003469776],[80.713458077935371,7.0657006546429981],[80.713432707715143,7.0657430790220941],[80.713408147775269,7.0657490226070676],[80.713401478682584,7.0657476978482077],[80.71341275703098,7.0657040128981068],[80.713419362343259,7.0656771174375015],[80.713428438022575,7.0656459838159158],[80.713432841564114,7.0656099514358184],[80.713419497090555,7.0655972235839481],[80.713401478682584,7.0655566873747508],[80.713391976303512,7.0655427711605183],[80.713353157405152,7.0655142050314961],[80.713333373807629,7.0654842508450537],[80.713320156894866,7.0654438180392507],[80.71332680532629,7.0653857122559227],[80.713361278175299,7.0653603447973596],[80.713392871923858,7.0653609848899688],[80.713456596613497,7.0653899067345298],[80.713482619010634,7.0653961133146845],[80.713495430783212,7.0653828764139179],[80.713472694423373,7.0653324570839589],[80.713454950001577,7.0653064709256173],[80.713455928266924,7.0652588651427255],[80.7134493921249,7.0652462701138088],[80.713422630414271,7.0652397934088906],[80.713394910201245,7.0652303747731668],[80.713364610924998,7.0651758973447114],[80.713313327902071,7.0651863242615223],[80.7132248375584,7.0651750958913428],[80.713199284980121,7.0651597140489644],[80.713187861104672,7.0651542117461315],[80.713129347541994,7.0651148388982667],[80.713077357544918,7.0650744925351185],[80.713053938465478,7.0650390333415078],[80.713011284659132,7.0649610052760483],[80.713001583752373,7.0649411552550507],[80.712965704141652,7.0648803722495135],[80.712933362096436,7.0648237436024948],[80.712914730139147,7.0647768491829588],[80.712902063893651,7.0647195688402853],[80.712903622470677,7.0646437650016614],[80.71288916408615,7.0646200966925177],[80.712866346877945,7.0645734090792507],[80.712796277387469,7.0645065790110735],[80.712749666502319,7.0644360046513084],[80.712710899706238,7.0643663021637177],[80.712673580096066,7.0642899392991998],[80.712651024297614,7.0642498852747888],[80.712627492928732,7.064207575761654],[80.712608051589356,7.0641481013762064],[80.712615437537622,7.064119489694682],[80.712632436357737,7.0640867334448076],[80.712647641242242,7.0640461124110434],[80.712634804316849,7.064027313425103],[80.712584266895576,7.0639791119907667],[80.712579062955157,7.0639684639555735],[80.712565965518309,7.063955972305104],[80.712554061044145,7.0639379471345807],[80.712539413115138,7.0639010810719558],[80.712534290921397,7.0638439004684361],[80.712524275604281,7.063829233562271],[80.712511344355761,7.0638027739345883],[80.712490189929156,7.0637825975759707],[80.712448733577105,7.0637663660906336],[80.712410032358008,7.0637353535839598],[80.712374972909117,7.0636739668763466],[80.712360647475279,7.0636011217458909],[80.712342467370547,7.0635660885749969],[80.712324197434313,7.0635798506197292],[80.712303372689405,7.0635955365152601],[80.712317208541407,7.0636625949384095],[80.712354115824851,7.0637459953840702],[80.712327513116009,7.0638037572557],[80.712311047895184,7.0638451975963292],[80.712296061301302,7.0638795835194346],[80.71228916673148,7.0639565428629378],[80.712306590454745,7.0640137020566165],[80.712377813382048,7.064096979412458],[80.712417467713621,7.0641249046432115],[80.712473882811764,7.0641741705087826],[80.712507241749847,7.0642142022523906],[80.712561250261373,7.0642720977898961],[80.712574639650683,7.0642900284488253],[80.712579222855268,7.0642943994535594],[80.712585827269223,7.0643079145322156],[80.712613374107434,7.0643609959805023],[80.712664683181501,7.0644281220463263],[80.712688966440254,7.0644648891108917],[80.712745381538426,7.0645710323524513],[80.71277094759138,7.0646164326466687],[80.712802897072791,7.064660532244857],[80.712839362385125,7.0647243802395572],[80.712866628050634,7.0647881417504461],[80.712871191492283,7.0648271054299387],[80.712846927098127,7.0648907528153],[80.712802791969892,7.0649149417435488],[80.712790403303828,7.0649446409993732],[80.712808449559589,7.0650038415935263],[80.712783586887454,7.0651001452875919],[80.712793002129928,7.0651824248656574],[80.712816414921178,7.0652361436318749],[80.712824444961527,7.0652688427446879],[80.712807648262341,7.0652848628931704],[80.712780428410923,7.065284311058333],[80.712756474833853,7.0652595622911267],[80.712727498776047,7.065213238472082],[80.712704560295293,7.0651861129774023],[80.712567395636214,7.065055290635506],[80.712512832864178,7.0649940672466274],[80.71246680229072,7.0649501647005959],[80.712426489494035,7.0649049302571649],[80.712387542136582,7.0648504313944427],[80.71236214406855,7.0648191969782674],[80.712304283581091,7.0647866324493789],[80.712278177640613,7.0647448979997156],[80.712268556683938,7.0647308088109781],[80.712224139484718,7.0647019002976359],[80.712206286366737,7.064677993070708],[80.712161264601335,7.064629017886296],[80.712138888465944,7.0646021660464386],[80.712102379136127,7.0645589918149492],[80.712047797499494,7.0644858998796334],[80.712000786864024,7.0644336466452033],[80.711952676690672,7.0643941391201217],[80.71191139730675,7.0643251079226408],[80.711900748677351,7.0643033206536359],[80.711872022351216,7.0642702559591397],[80.711828767571973,7.0642632657388473],[80.711805496714533,7.0642446183160823],[80.711730505354595,7.0641507214836556],[80.711693971770316,7.0641249937928485],[80.711659542938747,7.0640955182499505],[80.71164463629492,7.0640579987330154],[80.711636539779249,7.0640502765909359],[80.71158296245909,7.06401254667714],[80.711543943236407,7.0639327069172149],[80.711502989940925,7.0638537889512447],[80.711463933887316,7.0637844340596931],[80.711424846392688,7.0637332977917682],[80.711405672751226,7.0636997257946792],[80.711388523912476,7.0636565639599098],[80.711365680653117,7.0636069646191855],[80.711355147906417,7.0635969192275798],[80.711330111859439,7.0635405935324656],[80.711302666530898,7.0634818491977232],[80.71128992931844,7.063442884513341],[80.711276103347913,7.0634202520629961],[80.711270490674011,7.063397396737102],[80.711259695619262,7.0633377537543689]]]},"properties":{"OBJECTID":8,"Division":"3","Field_No":"6ANC","Shape_Length":1604.778397581443,"Shape_Area":36379.514572903405}},{"type":"Feature","id":9,"geometry":{"type":"Polygon","coordinates":[[[80.710821094080103,7.0608811991562233],[80.710757956888656,7.0608466873083433],[80.710748467984331,7.0608176617653333],[80.710683075123214,7.0608242972196491],[80.710672084235739,7.0608240743440103],[80.710642164048537,7.0608015362647558],[80.710623867162852,7.0607927246519759],[80.710544006035775,7.0607943427294257],[80.710471775198712,7.0607876814210941],[80.710420380784683,7.0607746057504173],[80.71038479492303,7.0607564075043507],[80.710364072586046,7.0607349980644276],[80.710349852255092,7.0607257424819512],[80.710260639665918,7.0606994039211157],[80.710215797563563,7.0606859333121355],[80.710134452419638,7.06066453545849],[80.7100866782162,7.0606452986071133],[80.710067521642756,7.0606324083650271],[80.710040825509154,7.0606150329707065],[80.709940333673259,7.0605790037646372],[80.709824798649635,7.0605745114803655],[80.709783525553888,7.0605685241452463],[80.709697585527294,7.060514855652543],[80.709669573361779,7.0604773438686177],[80.709663133339518,7.0604037912724102],[80.709674318263112,7.0603386919016629],[80.709690436734263,7.0602834026285475],[80.709689538418971,7.0602397082471979],[80.709664649695725,7.0601744225290632],[80.709622912170985,7.0601024808324935],[80.709589444536746,7.0600182479563873],[80.709561316488603,7.0599192472947969],[80.709573967462717,7.0598385483093846],[80.709591242065642,7.059771634647058],[80.709599060103571,7.0597397981221492],[80.709606011267212,7.059690369530343],[80.709613618201061,7.0595867784391144],[80.709589512808719,7.0595314721375635],[80.709631772254653,7.0595111190745667],[80.709658550134932,7.0594949988774998],[80.709671331364788,7.0594888439254317],[80.709735024613394,7.0594683259321007],[80.709754752515352,7.059458236766865],[80.709747386330022,7.0594440422194422],[80.709684848314893,7.0593964554461781],[80.709649050450821,7.0593178175304523],[80.709627566342476,7.0592863554066625],[80.709601329247988,7.0592809876513058],[80.70955408145727,7.0593012809935489],[80.709473914004704,7.059276280501571],[80.70946543211177,7.0592675170010297],[80.709460647684594,7.059262953383544],[80.709425670880677,7.0591749234312511],[80.709435184937874,7.0589899279099368],[80.70945514640178,7.058885072505845],[80.709462415569064,7.0588781401520677],[80.709483096583526,7.0587729753698625],[80.709496936028813,7.0586687546694389],[80.709514767587208,7.0585301324717387],[80.709496794993299,7.0583978203214279],[80.709469982078716,7.0581999564672779],[80.709460938738729,7.0580238979244907],[80.709486791354294,7.0579665677125902],[80.709507132805598,7.05788373768174],[80.709557649565625,7.0578287842139664],[80.709591242065642,7.0578179621930301],[80.70959564560718,7.0578134128253591],[80.709661131893043,7.0577991424492632],[80.709739428154904,7.057764347763281],[80.709807433316868,7.0577403679655859],[80.709901783371151,7.0577023763250777],[80.709946203265318,7.0576769799168648],[80.70999171461257,7.0576663076658566],[80.710031485725139,7.0576930698659783],[80.71004056230278,7.0576974409330653],[80.710049459217359,7.0577024262495831],[80.710033459323824,7.0577176862032722],[80.709959684282794,7.0578100019140049],[80.709984627803308,7.0578580675903844],[80.710033494358115,7.0579296325278991],[80.710088107435809,7.0579632976606241],[80.710140050720483,7.0579545020409586],[80.710128473233084,7.0579034088124653],[80.710095231974321,7.0578575255532838],[80.710082814562156,7.05780696187011],[80.710091655781184,7.0577985290914427],[80.710135534889545,7.0577733582401265],[80.710173670169979,7.0577863163164851],[80.710181343579166,7.0578486541533918],[80.710208196019636,7.0578535565579887],[80.710249745796446,7.057820262284797],[80.710269625513703,7.0577838076115391],[80.710227235812084,7.0577504437956851],[80.710211580871629,7.0577267403649477],[80.710206810817468,7.0576368504330684],[80.710222307654433,7.0575989247557001],[80.710246936764563,7.0575514626039988],[80.71029218131217,7.0575235726367413],[80.710317809348922,7.0575042687916119],[80.71032803756674,7.0574833397246026],[80.71036351563059,7.0574719105778625],[80.710389966524104,7.0574387910130225],[80.710429179782878,7.0574365497589602],[80.710431381553661,7.0574432851107964],[80.710441819977262,7.0574634011232993],[80.710454377526588,7.057507598577919],[80.710508497429231,7.0574920497683529],[80.710536514086314,7.0574631024677394],[80.710573387233765,7.0574706000594656],[80.710579656576144,7.0574834288754991],[80.710593271442576,7.0575033674759755],[80.710613692843921,7.0575342876835121],[80.710626531565993,7.0575794764892787],[80.710649526640623,7.0576014076079145],[80.710672699581679,7.0576253517524439],[80.710717575820013,7.0576583750209911],[80.710768371057739,7.0577153718468448],[80.71081339372148,7.057764347763281],[80.710823632719098,7.0577901194917931],[80.710831740014541,7.0578149203661802],[80.710854119743217,7.0578580461941947],[80.710910363263167,7.0579198223712121],[80.710919143396723,7.0579644682108631],[80.71088968763857,7.0580275147726388],[80.710876298249261,7.0580626473203703],[80.710929262918384,7.0581357545348036],[80.711001297922735,7.0582044603642133],[80.711044596719404,7.0582184080020465],[80.71110577827848,7.0582237739867244],[80.711169967397083,7.0581754230658351],[80.71119854011134,7.0580880160707098],[80.711227066113196,7.0580529352323467],[80.711338946790264,7.0580702188975746],[80.711362935401581,7.0581103340796503],[80.711372662359494,7.0581302387758207],[80.711391235926314,7.0581660301399856],[80.71144938028138,7.0582137792941531],[80.711505257288692,7.0582818494670763],[80.711561586148591,7.0583313201102049],[80.711604599281017,7.058396447400141],[80.711673761473037,7.0584076242274598],[80.711709713847355,7.058426010673907],[80.711766876343845,7.0584850730273114],[80.711728069123566,7.0585672797871499],[80.711738328782417,7.058617006262228],[80.711758483384131,7.058649999148793],[80.711810406007558,7.0586645378421942],[80.711872318795258,7.0586487866994796],[80.711910360650904,7.0586975877818041],[80.711930119095598,7.0587380167198486],[80.7119476057009,7.0587820277278839],[80.711963307353756,7.0588300638835761],[80.711977133324282,7.0588526965585316],[80.712005001759337,7.0589036773523937],[80.71204051036591,7.058937545677705],[80.71215814295573,7.0590141055572291],[80.712152099090488,7.0590316352422162],[80.71213478316507,7.0590481503926243],[80.712079596063916,7.0590534156275213],[80.712030536371302,7.059040934542371],[80.71196488030381,7.0590212117526567],[80.711878327626195,7.0589886949568967],[80.711772206048437,7.0589512748744063],[80.711679853847329,7.0589215244178467],[80.711563668443404,7.0588973895580223],[80.711516528450574,7.0588868635421891],[80.711447800144811,7.0588591894000068],[80.711353237189783,7.0587587977400137],[80.711314843194543,7.0587272687152156],[80.711252141686046,7.0587189723538213],[80.711172977651628,7.0587290169598553],[80.711113090564893,7.0587493664912149],[80.711089950861506,7.0587649366546819],[80.711069595935456,7.0587859681869878],[80.711048951751934,7.0588056580010159],[80.71098681079215,7.0588950983866425],[80.710907273956877,7.0590019882055399],[80.710808810516923,7.0591069416488308],[80.710781941008435,7.0591382531202918],[80.710711715211104,7.0592124228396891],[80.710601280821663,7.0592719130154196],[80.71054124730955,7.0592972112704944],[80.710499550208965,7.0593286199031935],[80.710470471743221,7.0593586645304134],[80.71044733203982,7.0594060132755825],[80.710428717150506,7.059471529110513],[80.710422484639068,7.0595058993116782],[80.710446712202298,7.0595614864403942],[80.71048343802606,7.0596194413996951],[80.710521155589902,7.0596825153726108],[80.710550296039372,7.0597302189035274],[80.710566967872737,7.0597643314406051],[80.710566109981642,7.0598060324625376],[80.710540237603141,7.0598228712014723],[80.710494286081413,7.059833991829561],[80.71045140410304,7.059846311530988],[80.710380424619146,7.0598589717868085],[80.710350442448245,7.059877020295402],[80.710297660137101,7.0599315562958838],[80.710257482986009,7.0600050554769016],[80.710251742751325,7.0600366307728288],[80.710272354595531,7.0600906969318622],[80.710312009825429,7.0601671139799524],[80.710393599311104,7.0602822588293046],[80.710453937352128,7.0603469409843411],[80.710478754210158,7.0603866155663271],[80.710502039440627,7.060434262859923],[80.710534724642258,7.0605165263296108],[80.71055049726202,7.0605527151196297],[80.710589618892655,7.0605977440515453],[80.710644898520272,7.06063372244048],[80.710710049734558,7.0606547102042185],[80.710776843069212,7.0606803542868182],[80.71084286385269,7.0607187584486013],[80.710833588747391,7.0608449631422578],[80.710821094080103,7.0608811991562233]]]},"properties":{"OBJECTID":9,"Division":"3","Field_No":"14","Shape_Length":1478.7788261664061,"Shape_Area":49595.595064396279}},{"type":"Feature","id":10,"geometry":{"type":"Polygon","coordinates":[[[80.707130129478372,7.0556153417946526],[80.707141196722688,7.0556258973048136],[80.707158645598767,7.0556523163905638],[80.707205089397277,7.0557164241671817],[80.707250282740887,7.0557660626888419],[80.707317590810177,7.0558419794212028],[80.707365075756115,7.0558947614012721],[80.707425083217089,7.0559433042355071],[80.707449736581722,7.0559687774088893],[80.707486770527623,7.0560151485123361],[80.70752584364925,7.05605241460069],[80.707587495027184,7.0561457639055893],[80.707596509621055,7.0561543616440687],[80.707609559447192,7.0561810642003682],[80.707621016560338,7.0562031433761785],[80.707634281982138,7.0562302872278497],[80.707753521658006,7.0562923970473941],[80.707778713113498,7.0563075625473619],[80.70779016932832,7.0563249095750402],[80.707825323100337,7.0564039982125006],[80.707831455000459,7.056415815192949],[80.707877356216542,7.0564409727454116],[80.708006372257643,7.0564756070589087],[80.70816158047748,7.0564923469613312],[80.708221812517309,7.0565010846605647],[80.708299789877216,7.0565223757254447],[80.70830609515221,7.056528890887404],[80.708336839992796,7.0565409289593655],[80.708381503330386,7.0565471187195632],[80.7084063821722,7.05654661501592],[80.708471254010433,7.0565301104743536],[80.708478074918389,7.0565230630803972],[80.708575777485336,7.0564976674989497],[80.708594184863799,7.0564914135493186],[80.708632427043767,7.056459544704313],[80.708675645890423,7.0564757817950721],[80.708698319368168,7.0564992089214433],[80.708718897076409,7.0565303654464708],[80.708746519373065,7.056546643544249],[80.708768951204021,7.0565841565383245],[80.708784068951928,7.0566525211494682],[80.708791878905032,7.0567159744187835],[80.708805072461601,7.0567612301677327],[80.708813917273886,7.0567696665313804],[80.708827307561521,7.0567920585992834],[80.708848422462268,7.0568180247312107],[80.708894474595297,7.0568451640892551],[80.708899198835368,7.0568500442167643],[80.708923244938902,7.0568642147729701],[80.708976006588799,7.05686314585214],[80.708994532544892,7.0568350953715635],[80.708993435701956,7.0567817384744806],[80.708979267473282,7.0567406478647179],[80.708961832071921,7.0567070486148422],[80.708962321653772,7.056683239932414],[80.708981527634549,7.0566707400616604],[80.709045321494429,7.0566869700129011],[80.709105470889256,7.0567074078936072],[80.709162273161269,7.0567428802070697],[80.709224017065708,7.0567656556257514],[80.709268156685496,7.0567742096686894],[80.709295270535719,7.0567880753306769],[80.709321714242748,7.0568234887982673],[80.709348698735553,7.0568364843446645],[80.709374063565932,7.0568626920733966],[80.70939585399978,7.0569136499072291],[80.709411888927576,7.0569700842819483],[80.709411157698938,7.0570056466177666],[80.709417687552744,7.0570182302814546],[80.709436840532916,7.057027454735219],[80.709520910267116,7.0571012779955993],[80.70953318484716,7.0571321723762184],[80.709546669457893,7.0571581572107744],[80.709546154723228,7.0571832193313302],[80.709506922599815,7.0572528872409492],[80.70947293304441,7.0573323742245382],[80.709433979398739,7.0574432851107964],[80.709429223717635,7.0574478211094265],[80.709418934414387,7.0574792985138721],[80.709425981697777,7.0575203159543012],[80.709433979398739,7.0575279437054315],[80.709451863059428,7.0575503357366554],[80.709478911332624,7.0575814699031847],[80.709497967294752,7.0576053293554075],[80.709523183004777,7.0576293795892848],[80.709528246808006,7.0576724278733032],[80.709519074110645,7.0577525941143806],[80.709508549448785,7.0577598875459584],[80.709471301703843,7.0577374643220807],[80.709451907975179,7.0577378574773784],[80.709344098462978,7.0577356732812841],[80.709237369624105,7.0577273474823299],[80.709158800274395,7.0577037456824261],[80.709036481173726,7.0576963167406195],[80.708961851834857,7.0576615987166527],[80.708906977347439,7.0576527308790329],[80.708872329326923,7.0576439156402433],[80.70883642456333,7.057635226995532],[80.708727713142594,7.0576296666550951],[80.708678365989101,7.0576196327233331],[80.708638679318156,7.0575948487771436],[80.708589212688722,7.0575958517246313],[80.708524892416051,7.0575945483386411],[80.708454460904534,7.0575680883543415],[80.708425742663223,7.0575588371660682],[80.708340746765955,7.0575605586698638],[80.708292750678652,7.0575524316742273],[80.708251403921054,7.0575457498145377],[80.708220859404776,7.0575301296855244],[80.708166805977513,7.0575101910862319],[80.708162403334299,7.0575056417155828],[80.708083901358236,7.0574779612502034],[80.708025135368999,7.0574590300539741],[80.707944923898964,7.0574317757272498],[80.707892721001159,7.0574254433374177],[80.707860010646712,7.05741879178718],[80.707819451711643,7.0574024602295067],[80.707786815917387,7.0573919475523086],[80.7077656534059,7.057399138466022],[80.707726562318001,7.0574254433374177],[80.707697752448539,7.0574342746274867],[80.707636286123531,7.0574028409039515],[80.707584762352084,7.0573903722554183],[80.707506305291815,7.0573763782341574],[80.707382890246507,7.0573504290722315],[80.707342434617658,7.0573366828893702],[80.707259670135613,7.0572985771025083],[80.707173482173999,7.0572316924927163],[80.707154464839405,7.0571998887788938],[80.707146764480797,7.0571841331287732],[80.707147045653485,7.0571704662853199],[80.707156880409201,7.0571515154633122],[80.70718182213308,7.0571149885250906],[80.707197336038064,7.0570890438060179],[80.707196231110231,7.0570353062634599],[80.707170456648115,7.0569761679466918],[80.707094709805048,7.0569107239707964],[80.707072595079381,7.0568772406295954],[80.707047853679811,7.056768635945267],[80.707030707535978,7.0567189065970295],[80.707007290253145,7.0566846128588159],[80.706989587153842,7.0566760864510565],[80.706917785711511,7.056609090312417],[80.706903248275282,7.0566047192350636],[80.706863867031529,7.0566180999202599],[80.706823416792588,7.0566294265643377],[80.706767077152932,7.0566521119460335],[80.706717370673303,7.0566626157249557],[80.706678412536078,7.0566469287028335],[80.706643083592567,7.0566026928310324],[80.706622434917449,7.0565892533056767],[80.706592803089492,7.0565820819926026],[80.706561945061168,7.0565827078332095],[80.706534055066541,7.0566014750273052],[80.706504074692262,7.0566769316031346],[80.706485788586349,7.0566943722255813],[80.706458928061025,7.0566938275126159],[80.70643191392378,7.0566800126639082],[80.706395652529054,7.0566807472686843],[80.706370116120453,7.0566938070078598],[80.706350517575913,7.056698549844322],[80.706316590004235,7.0566978624896244],[80.706269336823695,7.0567188620215049],[80.706231236577523,7.0567280820237137],[80.706193058177945,7.0567339829319788],[80.706140780719991,7.0567072483131943],[80.706090945781284,7.0567028487084409],[80.706083784411859,7.0566881958400094],[80.706095113065885,7.0566553409977484],[80.706143308579186,7.0566157623790513],[80.706207768989046,7.056546643544249],[80.706320189553608,7.0564307613771451],[80.706379987707123,7.0563666421098192],[80.706390799829848,7.0563563299991241],[80.706441415404555,7.0562834765843414],[80.706467338088714,7.0562476957727229],[80.706491845926294,7.0562105883891375],[80.70652134390528,7.0561719957442488],[80.706559469304239,7.0561356327668658],[80.706674079063148,7.0560582326069703],[80.706756143757602,7.0559913085914028],[80.706847162858836,7.0559220496959769],[80.706883861733118,7.0558841310102185],[80.706897610448536,7.0558710168659369],[80.706926861390812,7.0558407946014183],[80.706972033174907,7.0557788692643255],[80.706980690239291,7.0557706120766017],[80.706985495327729,7.0557656472440637],[80.707016515951139,7.055682770460689],[80.707036984963196,7.0556358064680458],[80.707064795007781,7.0556016062584064],[80.707113194438634,7.0555988390029132],[80.707117597980158,7.0556033892838492],[80.707126089754524,7.0556114886767993],[80.707130129478372,7.0556153417946526]]]},"properties":{"OBJECTID":10,"Division":"3","Field_No":"13A","Shape_Length":1109.3667868873022,"Shape_Area":38946.552758345184}},{"type":"Feature","id":11,"geometry":{"type":"Polygon","coordinates":[[[80.70598929691532,7.05653527232261],[80.705987409554908,7.0565329089271698],[80.705987711388843,7.0565475938948783],[80.706000603111491,7.0565975292005074],[80.706050409304083,7.0567664258908183],[80.706009277243865,7.056774127649728],[80.705970531109017,7.0567642693269752],[80.705911307877301,7.0567339829319788],[80.705868555256274,7.0567256981244961],[80.70584390997648,7.0567340720830281],[80.705793603422265,7.0567384431591984],[80.705753233133365,7.0567281729577687],[80.705726428303606,7.0567066929021278],[80.705709590281955,7.0566722395825607],[80.705704619903472,7.0565886435122787],[80.705722257425748,7.0565454783395047],[80.705726996038877,7.0565002083052724],[80.705695714904039,7.056418153626697],[80.705682906724732,7.0563602294694023],[80.7056505143739,7.0562978085214594],[80.705657656878714,7.0562284328839011],[80.705686647309577,7.056180975049192],[80.705720315268096,7.0561186316386051],[80.705736131007001,7.0561004269688858],[80.705746520023268,7.0560888916981179],[80.705763935661693,7.0560704801964693],[80.705791006392758,7.0560516933675892],[80.705816752108788,7.0560374149135585],[80.705843822839896,7.0560261426372461],[80.705870530651595,7.056019162098969],[80.705906117411587,7.0560072363439579],[80.705940780703443,7.0559994391804812],[80.705972670896045,7.0559962279544388],[80.706008720288395,7.056002649515027],[80.706048004514102,7.0560159508730536],[80.706072961509292,7.0560196203361132],[80.706088675738584,7.056018702970329],[80.706100229869747,7.0560058607410312],[80.70611017601658,7.0559910108264106],[80.706118505195903,7.0559735380830206],[80.706122895262681,7.0559679376045699],[80.706148332856586,7.0559438667796028],[80.706157206414957,7.0559330045965689],[80.706162235183939,7.0559265473745203],[80.706165488881894,7.055914217762103],[80.706171404288014,7.0558795789490238],[80.70617968675495,7.0558511049405697],[80.706203645721899,7.0558056039367081],[80.70626309982066,7.055719300186488],[80.706282917554134,7.0557286940535153],[80.706327286244345,7.0557507099535126],[80.706376387259468,7.0557856429753043],[80.70640655807658,7.0558120620519462],[80.706421347041115,7.0558282073396574],[80.706433178751723,7.0558467008700632],[80.706442052310095,7.0558654885987613],[80.706448264160286,7.0558716534056627],[80.706453588474972,7.0558725333282268],[80.706461706550186,7.0558763712881793],[80.706605246552826,7.0560386015158532],[80.706549269832536,7.0560699345912319],[80.706460954660301,7.0561766708311557],[80.706423442810646,7.0562210297722432],[80.706419039269136,7.0562300402791651],[80.706394190071734,7.0562594262805556],[80.706371546238401,7.0562810231449555],[80.706355182527176,7.0562979306585252],[80.706185097307909,7.0564919341917181],[80.706116494766306,7.056568189579135],[80.706073597516536,7.0565820079972275],[80.706026924647603,7.0565685996741303],[80.70600831245325,7.056559081012634],[80.706002868662637,7.056552264520433],[80.70598929691532,7.05653527232261]]]},"properties":{"OBJECTID":11,"Division":"3","Field_No":"13A","Shape_Length":371.62675646841677,"Shape_Area":6199.1382105983057}},{"type":"Feature","id":12,"geometry":{"type":"Polygon","coordinates":[[[80.706615753248371,7.0560327202119808],[80.706613315220679,7.0560366286000882],[80.706563622215825,7.0559820279517416],[80.706474293743952,7.0558804597630589],[80.706463940660299,7.0558690109635069],[80.706454179566435,7.0558663694128212],[80.706448264160286,7.055860792112421],[80.706445010462332,7.0558502241264449],[80.706437615530888,7.0558370145894029],[80.70642519272883,7.055819694288803],[80.706398867599432,7.0557932752125945],[80.706346239798506,7.0557535405054921],[80.706276225105256,7.0556984503833675],[80.706288809604089,7.0556712494437033],[80.706311112975968,7.0556099463598194],[80.706326824510271,7.0555738962592871],[80.706362515474851,7.0555051196098786],[80.706374107335265,7.0554940630666847],[80.706378510876789,7.0554892524629205],[80.706369524130665,7.0554806814574995],[80.706356134741355,7.0554582902176488],[80.706305008025282,7.0554031135836475],[80.706263953220173,7.0553481348589617],[80.706234009676791,7.0552868638267734],[80.706220324741778,7.0552311388915312],[80.706222531902412,7.0551237988788849],[80.706220870019152,7.0550429510659942],[80.706176317174297,7.0549498850401484],[80.706160452926397,7.0549127864676784],[80.706124940726568,7.054857646320734],[80.70611584528433,7.0548206101468667],[80.706127444331287,7.0547694247464845],[80.706136776928759,7.0547423574793759],[80.70615111853229,7.0547147205329797],[80.706190414436065,7.0546682503411828],[80.706228818312766,7.054669028633346],[80.706261298698522,7.0547096977406722],[80.706302049873059,7.0547485659854203],[80.706310962058978,7.0547758284938036],[80.706330922624602,7.0547888196401063],[80.706374109131886,7.0547667341562388],[80.706427708011631,7.0547678200206976],[80.706460178515883,7.0547623220518165],[80.706486067962373,7.0547490821722318],[80.706593923288636,7.0546708767429367],[80.706641055196656,7.0546221777602343],[80.706722286254561,7.0546175347521354],[80.706724488025301,7.0546198098974378],[80.706776584023586,7.0546291021541006],[80.706829788542905,7.0546623280102025],[80.706917695879994,7.0548785175580582],[80.70692677155931,7.0549007305230989],[80.706931175100806,7.0549142013004706],[80.706959587016613,7.0549871289263981],[80.706967211018451,7.0549944010052199],[80.707025532341632,7.0551372250740902],[80.707060051903071,7.0552217075708397],[80.707068467320639,7.0552474509125203],[80.707109541888698,7.0553402717124225],[80.707144904968175,7.0554320529894881],[80.707196364060891,7.0555385780879458],[80.70720076760243,7.0555478079202958],[80.707190813370772,7.0555876433860094],[80.707148486551191,7.0555439102262048],[80.707108770235862,7.0555215573244929],[80.707061557479463,7.0555158302457803],[80.707024013290493,7.0555350298668555],[80.706981345111117,7.055627252404066],[80.706976107034706,7.055632248441051],[80.706937940313225,7.0557029231017188],[80.706881097616986,7.0558028928477246],[80.706829314232436,7.0558522835197373],[80.706767572124633,7.0559160774563683],[80.70669192229964,7.0559825165003085],[80.70664322283146,7.0560173443061966],[80.706615753248371,7.0560327202119808]]]},"properties":{"OBJECTID":12,"Division":"3","Field_No":"13A","Shape_Length":476.27623487205761,"Shape_Area":11185.016263556336}},{"type":"Feature","id":13,"geometry":{"type":"Polygon","coordinates":[[[80.705726137249442,7.0634010331561949],[80.705744969531054,7.0633398755191399],[80.705807158101564,7.0632356576306696],[80.705852356835081,7.0631431727265266],[80.705884438368827,7.0630813517806326],[80.705914460963953,7.06301991951978],[80.705924337940473,7.0630104990558351],[80.705939603012112,7.0629810831722803],[80.705963821592164,7.0629016354936933],[80.705956167047631,7.0627541610885736],[80.705942669860519,7.0626887473494477],[80.705934122390559,7.0626452814190976],[80.706123953478098,7.0625328143305754],[80.706253501321854,7.0624805412624481],[80.706427893064571,7.062383764527957],[80.706525409680253,7.0623512693645489],[80.706659939580575,7.0623102987104112],[80.70673254321845,7.0623088856832323],[80.706778810947156,7.0623110047782456],[80.706832196027861,7.062335728741286],[80.706840176660876,7.062344580442133],[80.706826233909325,7.0623656920466962],[80.706779949112644,7.0623731717289866],[80.706729880611945,7.0624013511412356],[80.706724577856846,7.0624122015829718],[80.706663301076389,7.06248385050844],[80.706620820644901,7.0625438011685926],[80.706583401321751,7.0626523269368073],[80.706569427129153,7.0627064551950127],[80.706560135854176,7.0627442921952346],[80.706534228441399,7.0628373504128819],[80.706522383256072,7.0628671630224922],[80.706517800051472,7.0628715340406867],[80.706500186783714,7.0629254162196444],[80.706465697764997,7.0630254432439656],[80.706450491982181,7.0630812617393204],[80.706423551506802,7.0631784974493268],[80.70642300353451,7.0632051496763122],[80.706429094112124,7.0632669732801832],[80.706458772652454,7.0633189386926585],[80.706522293424513,7.0633845689765797],[80.706531370002153,7.0633889399898893],[80.706564714567179,7.063415660850052],[80.706664997993926,7.0634793075382225],[80.706723675948297,7.0635093153444153],[80.706790507910497,7.0635212355570678],[80.706848951404552,7.0635361039514484],[80.706901043809566,7.0635371594844081],[80.706965667712794,7.0635185940501213],[80.707000990368073,7.0635178790691384],[80.707046011235178,7.0635287740595309],[80.707083701849555,7.0635469258386108],[80.707124382955513,7.0635808268093125],[80.707137952007869,7.0635896579819173],[80.707178301635494,7.0636209700414376],[80.707216063216777,7.0636282883424339],[80.70725784386066,7.0636636192686773],[80.707276862093508,7.0636914705313441],[80.707285688939479,7.0637095313713294],[80.707290631470173,7.0637146378666635],[80.707343166744636,7.0637549950464456],[80.707385078542544,7.063808217414703],[80.707459838137112,7.0639041210758009],[80.707508097430789,7.0639539824846391],[80.707544533098726,7.0639726156551985],[80.707660263955091,7.0639801113584388],[80.707698633695813,7.0640050839597635],[80.707740483509951,7.0640587698773905],[80.707753071602056,7.0640707765510689],[80.707770316560527,7.0641040070781207],[80.707798119418598,7.0641761656772735],[80.707841181958358,7.0642278403598375],[80.70795113215587,7.0643327079251872],[80.707938931237692,7.06435981564002],[80.70791078342657,7.064392617336841],[80.707869247124478,7.0644404264699334],[80.707807636170713,7.0646020358881039],[80.70779148895349,7.06464886613771],[80.707777777068983,7.0646908136633924],[80.707762507505805,7.0647316066990982],[80.70775612677231,7.0647376920447655],[80.707719146725339,7.0648412374075171],[80.707685399715032,7.0649600094765006],[80.707562103247355,7.0649305125909621],[80.707507634798418,7.0649229643049214],[80.707262017433422,7.0648704062286374],[80.707131123913399,7.0648410198827669],[80.707052699192459,7.0648120926549014],[80.707039529890409,7.064779862436164],[80.707030645552251,7.0647022185613926],[80.707025424543815,7.0646492218443422],[80.707012053120792,7.0645844136986931],[80.707006700958345,7.0645463548666783],[80.706967084355995,7.0644916732050742],[80.706917908780724,7.0644130575515769],[80.706890239771639,7.0643784131343992],[80.706874874987022,7.0643637587260963],[80.706856096604341,7.0643443562103885],[80.706836907691539,7.0643345435152121],[80.706793453486299,7.0643185144188365],[80.706733563704617,7.0642943994535594],[80.706667195273127,7.0642742596677204],[80.706606991979413,7.0642506876212199],[80.706576248037123,7.0642306788834315],[80.70644885525175,7.0641091750823408],[80.70640987375829,7.0640581779237746],[80.706359274353275,7.0639815644978441],[80.706316666361062,7.063931912593695],[80.706252308359126,7.0638951169588298],[80.706097691230752,7.0638273917297463],[80.706047337065812,7.0637963524822656],[80.706016134084436,7.0637579806699176],[80.705996588540501,7.0637146378666635],[80.705972909847901,7.0636550412826891],[80.705939582350851,7.0636045807554249],[80.705930760894788,7.0635954660869791],[80.705885419329135,7.0635591322209583],[80.705845147854944,7.0635329221970871],[80.705798434561842,7.0634921281641505],[80.705732393117103,7.063443529957615],[80.705726137249442,7.0634010331561949]]]},"properties":{"OBJECTID":13,"Division":"3","Field_No":"11B","Shape_Length":921.48877171641857,"Shape_Area":27335.885941363606}},{"type":"Feature","id":14,"geometry":{"type":"Polygon","coordinates":[[[80.705334669414952,7.0613696682993448],[80.705333854642987,7.0613997475625379],[80.705331007881853,7.0615014696609446],[80.705328160222422,7.0615770547053449],[80.705286163982876,7.061572109548151],[80.705254133653114,7.0615572749676714],[80.705242032447913,7.0615438534162545],[80.705246303038763,7.0615092399866475],[80.705248439232506,7.0614753326235773],[80.705226373015861,7.0614647362377934],[80.705198612378638,7.0614710944258805],[80.705150210252825,7.0614788647521296],[80.705111061672753,7.0614753326235773],[80.70508045427438,7.0614583789410883],[80.705049134512009,7.0614385991983522],[80.705041304795984,7.0614195264154693],[80.70500144385187,7.0614004536317712],[80.704967277328365,7.0613658401914527],[80.704917451372822,7.0613248685585051],[80.704891826929327,7.0613022636410516],[80.704836306553219,7.0612761274839224],[80.704788615893065,7.0612464583035504],[80.704733095516971,7.0612252664127411],[80.704705334879733,7.0612076057600941],[80.704661203344756,7.0611680480353129],[80.70457649850168,7.061131314585686],[80.704590735002313,7.0610967011252033],[80.704624189161791,7.0610670319333169],[80.704654085094447,7.0610684449642616],[80.704679710436253,7.0610818665294826],[80.704729536391795,7.0611072966279256],[80.704763702915301,7.0611284894156379],[80.704804275325117,7.0611518004111673],[80.704861219530983,7.06116875410489],[80.704884708679018,7.0611553325421879],[80.704902503406487,7.061130608516045],[80.704893962224759,7.0610938750634542],[80.704871896008115,7.0610599676699026],[80.704847695394392,7.0610408948714092],[80.704790038824513,7.0610246481343202],[80.704780786177068,7.0609999241011927],[80.704804275325117,7.0609596593972341],[80.704856236576092,7.060951888170786],[80.704899656645352,7.0609511821008777],[80.704933110804873,7.0609441178356942],[80.704953753191774,7.0609165686269213],[80.704970124987838,7.060882661220405],[80.705021374773096,7.0608720648210461],[80.705078367487985,7.0608842694909839],[80.705115802980799,7.0608512455611736],[80.705143071341269,7.0608406964107235],[80.705169877069352,7.0608264778351391],[80.705237354920214,7.060751256401228],[80.705336259433025,7.0606608990178712],[80.705480919634766,7.0605673304225167],[80.705574913956241,7.0605103696081368],[80.7056680701495,7.0604659361919451],[80.705736673589442,7.06044730288008],[80.705913599479572,7.0604293863362493],[80.706081858423872,7.0604136192065408],[80.706157683420372,7.0604164862816434],[80.706234952907849,7.0604315366424784],[80.706318721706424,7.0604451534654373],[80.706385881553672,7.0604523193695963],[80.706445934828736,7.0604577093989755],[80.70653883140892,7.0604733035755407],[80.706616013759799,7.0604778903601613],[80.70667101221477,7.0604742209324574],[80.706749581564466,7.0604480767050388],[80.706821680349179,7.0604077138876731],[80.706864441055004,7.0603837903917244],[80.706909400836636,7.0603597189049356],[80.706956135689296,7.0603479778029801],[80.706985418970945,7.0603529675484724],[80.706997546227271,7.0603585447947399],[80.707002279450506,7.0603652970426234],[80.706999616844016,7.0603726350082132],[80.706986010960705,7.0603884868321627],[80.706937796582793,7.0604380963245692],[80.706808277485123,7.0605673304225167],[80.706771303726342,7.0606017308533531],[80.706730632501859,7.0606255812348131],[80.706683028978304,7.060648056025876],[80.706628954889794,7.0606659440331718],[80.706543453241053,7.0606847493962643],[80.706460724691581,7.0607049303475264],[80.7063682898455,7.0607301572040342],[80.706330391720272,7.0607416246048951],[80.706271234065554,7.060763640266428],[80.706213462511315,7.0607984989150445],[80.706134893161618,7.0608498699726354],[80.706069264043606,7.0608888562715322],[80.7060161143215,7.060910413693759],[80.705950486101784,7.0609269261026055],[80.705915361075853,7.0609338058270188],[80.705875152483728,7.0609539867674416],[80.705826161961383,7.0609732512425598],[80.705710157118872,7.0610282908125663],[80.705658393497274,7.0610581044303107],[80.705557177619241,7.0611058060363687],[80.705461507939788,7.0611741468004015],[80.705387560422253,7.0612342322471049],[80.705369073992017,7.0612590008428189],[80.705355208495618,7.0612814756031073],[80.705340418632773,7.0613135821469557],[80.705340881265158,7.0613369742598344],[80.705341805631562,7.0613553204723027],[80.705338569899922,7.0613654113791595],[80.705334669414952,7.0613696682993448]]]},"properties":{"OBJECTID":14,"Division":"3","Field_No":"10A","Shape_Length":696.14000609223046,"Shape_Area":11833.3727455019}},{"type":"Feature","id":15,"geometry":{"type":"Polygon","coordinates":[[[80.70698275726275,7.0607580630250455],[80.706992928886706,7.0607255303042988],[80.707004050928248,7.0606913144237353],[80.707016255439711,7.0604246845472121],[80.707047220367528,7.0604168874581728],[80.707054153564897,7.060415052744073],[80.707064321595595,7.0604090903689931],[80.707081883659399,7.060398082084177],[80.707092051690111,7.0603994585655734],[80.707109152019854,7.0604090903689931],[80.707125327983178,7.0604246845472121],[80.70713873084722,7.0604333998846398],[80.707154445076469,7.0604347754743992],[80.707170158407436,7.0604324825276086],[80.707190494468833,7.0604223916003965],[80.707210829631933,7.060412300672942],[80.707234863159044,7.0604063382978239],[80.707255660056177,7.0604017515124919],[80.707259820154263,7.0604008341553968],[80.707274360285453,7.0604342200677737],[80.707289522050829,7.0604678413345807],[80.70732817476086,7.0605184091844597],[80.707433747467988,7.0606550873099412],[80.707455521732157,7.0606546469074916],[80.707457658824225,7.060635140821792],[80.707461615903043,7.0605989654108017],[80.707483125164217,7.0606099647757778],[80.707497408377222,7.0606145667146212],[80.707525536425408,7.0606241236273384],[80.707567592852044,7.0606524234990378],[80.707586786256442,7.060678127312479],[80.707606930976681,7.0607601571650696],[80.707605148719139,7.0608468647173552],[80.707595703832254,7.0608558724596744],[80.707572967472416,7.0608554124443215],[80.707574057128866,7.0609084131621787],[80.707596373975463,7.0609358580656405],[80.707605155905682,7.0610160932784325],[80.707611288704101,7.0610696957418417],[80.7076245541259,7.0611339890918794],[80.707622968599438,7.0612111263011732],[80.707599173125885,7.0612266125805885],[80.70754984483699,7.061225613207001],[80.707526314366461,7.061225137144973],[80.707533354463308,7.0612524064038036],[80.70754216064806,7.0612882679550752],[80.707556954104163,7.0613311705839248],[80.707555224847241,7.061415256123202],[80.707556232757,7.0614642548270394],[80.707576106186011,7.0615324261528221],[80.707632205077189,7.0615378723342204],[80.707661322170495,7.0615527630798729],[80.707672357973735,7.0616088795143108],[80.707686825341398,7.0616420736667331],[80.70768562070063,7.0617006952080574],[80.707672553806489,7.0617385911296449],[80.707665948494224,7.0617587969969771],[80.707658119676523,7.0617815026317077],[80.707621595973691,7.0618391390470832],[80.707595553813604,7.0618732086366212],[80.70755194150486,7.0618723251594693],[80.707506217256892,7.0619122554712828],[80.707452386611834,7.0619170071692539],[80.707394073373479,7.0619540178131004],[80.707385078542544,7.0618411805836976],[80.707371302877647,7.0616692011523128],[80.707346412357751,7.0615485623259424],[80.707313097437122,7.0614442932182273],[80.70729905856588,7.0613948808555822],[80.707173808262453,7.061100841261081],[80.707168354590337,7.061084158581532],[80.707084456434373,7.0608870545448985],[80.707077617560103,7.0608805323123249],[80.707052581513182,7.0608242062863695],[80.70704589804744,7.06081132674732],[80.707012989165335,7.0607708569812964],[80.70700020883379,7.0607639335708194],[80.70698275726275,7.0607580630250455]]]},"properties":{"OBJECTID":15,"Division":"3","Field_No":"5A","Shape_Length":457.71646089165949,"Shape_Area":6934.7504110191494}},{"type":"Feature","id":16,"geometry":{"type":"Polygon","coordinates":[[[80.709173329625798,7.0526795580128381],[80.709200459645686,7.0526859733788125],[80.709243993800996,7.0527088417149697],[80.70927675805433,7.0527150511398125],[80.709303938379904,7.0527221217712315],[80.709339491902199,7.0527375236404568],[80.709358072655576,7.052743363976381],[80.709417022799457,7.0527743308607711],[80.709476089724305,7.0527959368029443],[80.709492952000531,7.0528047949268959],[80.709492218975257,7.0528231557418506],[80.709456400449923,7.052821746251805],[80.709410928628543,7.052823535528578],[80.709366621922101,7.0528311945602216],[80.709333733701243,7.0528363956765103],[80.709284697364851,7.0528506465921907],[80.70922677848688,7.052881071426504],[80.709167985548191,7.0529440625149791],[80.709115002912711,7.0530274559773121],[80.709072754246591,7.0530922461282861],[80.708994530748271,7.0531639464217228],[80.708917654722896,7.0532259086607434],[80.708903650885915,7.0532324693364528],[80.708869364886496,7.0532571001752178],[80.70885889053028,7.0532683225940076],[80.708757432107134,7.0533367028505802],[80.708741895744296,7.0533439811959475],[80.708727682599857,7.0533514476513286],[80.708651651889184,7.0533992080003367],[80.708604751746478,7.0534385524250975],[80.708561735919105,7.0534905180498173],[80.70853995177346,7.0535419041828176],[80.70853022481559,7.0536025192897478],[80.708515661328178,7.0536377181455698],[80.708463878841954,7.0536577353650953],[80.708404917918273,7.0536740572481955],[80.708396090173991,7.05366565203121],[80.708440177691514,7.0536312350375203],[80.708466505515844,7.0536030265626994],[80.708474464589258,7.0535780721217938],[80.708483432470757,7.0535526728127493],[80.708476409441843,7.0534924900849134],[80.708486596337195,7.0534579455914752],[80.708526565079111,7.0534002849528177],[80.708636964434277,7.0532990915264895],[80.708687320395839,7.0532451404713994],[80.708716795018631,7.0532236780844775],[80.708741895744296,7.0531967845728909],[80.708769224291856,7.0531716482405677],[80.708827266239027,7.0531031146186018],[80.708898986832992,7.0530246396729588],[80.708924776566462,7.0529920823376706],[80.708940993852295,7.052967151043303],[80.708970626578576,7.0528972498025828],[80.708990800044901,7.0528594039735868],[80.709037749594927,7.0527949989258785],[80.709074583216506,7.0527611194529527],[80.70914876249941,7.052680250722597],[80.709160666075235,7.0526786352913433],[80.709173329625798,7.0526795580128381]]]},"properties":{"OBJECTID":16,"Division":"3","Field_No":"14","Shape_Length":350.41886118367881,"Shape_Area":2304.2790837337125}},{"type":"Feature","id":17,"geometry":{"type":"Polygon","coordinates":[[[80.706547312403515,7.053918020654983],[80.70655538466464,7.0538867516231516],[80.706623926120827,7.053832805985615],[80.706718973267797,7.0537870293049121],[80.706734103592112,7.0537713965678615],[80.706747492981407,7.053730434960773],[80.70675593984005,7.0536874790278494],[80.706760702707655,7.0536643949930253],[80.706775524909872,7.053635832588153],[80.706803026832276,7.0535955556538159],[80.706864846195188,7.0535616735648841],[80.706904540052633,7.0535425567730599],[80.706969262770542,7.0535359122991501],[80.707054017919305,7.0535613722322763],[80.707067229442188,7.0535477222206744],[80.707088120662448,7.0535049731027089],[80.707111548725052,7.05347726832718],[80.707138671558411,7.0534596154024918],[80.707169364296732,7.0534497284806239],[80.707286194691008,7.0534294215090805],[80.707396386535336,7.0534480800659365],[80.707449980923499,7.0534140642387131],[80.707531618918196,7.0534157188941071],[80.707565131468172,7.0534425740577325],[80.70758432936411,7.0534518199791725],[80.707638516640387,7.0534397194206981],[80.707730151087574,7.0534323028916797],[80.707801070384292,7.0534337400169411],[80.707849530900617,7.0534229178932604],[80.707962961171546,7.053358066273856],[80.708018992689077,7.0533520226798272],[80.708068754864243,7.0533631345481975],[80.708131705206085,7.0534161905065771],[80.708212621853633,7.0533918832969347],[80.708281629535435,7.053332799788782],[80.708352342219641,7.0532807628249969],[80.708365279756379,7.0532673954161238],[80.708414920658981,7.0532350859396811],[80.708436488310625,7.0532281383455002],[80.708461343796216,7.0532154270917999],[80.70859295057862,7.0531016070624766],[80.70867236793795,7.0530063029369785],[80.708724571734038,7.05297553933414],[80.708748169578215,7.0529641742653864],[80.708763714924231,7.0529481126804976],[80.708915092727707,7.0528169053086414],[80.708919463031549,7.0528154976016149],[80.708917261260808,7.052831154441888],[80.708901111348624,7.0528622755530419],[80.708883896034521,7.052902534720813],[80.708867746122323,7.0529336558271574],[80.708862764964096,7.0529438485506946],[80.708829509332276,7.0529982890841429],[80.70880469966076,7.0530397767514135],[80.708753836151061,7.0531051865053414],[80.708741936168494,7.0531165364148078],[80.70870608081222,7.0531656911213032],[80.708655875767633,7.0532198721971238],[80.708629606333787,7.0532369697156563],[80.708597103490163,7.053260175909644],[80.708581644382448,7.0532761483320208],[80.70853529400874,7.0533117555274769],[80.708458396423779,7.0533937706383618],[80.708437340811841,7.0534368558684797],[80.708427501564529,7.0534706648621324],[80.708436722770898,7.0535512561927654],[80.708436330207135,7.053570385465493],[80.708415864788336,7.0535971594921136],[80.7083976891752,7.053608989916957],[80.708324068644401,7.0536250327570817],[80.708290406075776,7.0536347039282496],[80.708252267202056,7.0536652660045913],[80.708173210067187,7.053706963118449],[80.70812054453701,7.0537323267583742],[80.708096244210253,7.0537410056696723],[80.708092409302296,7.0537377222151028],[80.708034440118681,7.0538073157558729],[80.708024271189686,7.0537997467835174],[80.708026108244439,7.0538014986128204],[80.707999644774475,7.0538589595018815],[80.707980512455563,7.0539071138486014],[80.707969729977208,7.0539619456442813],[80.707964702106551,7.0540505284362629],[80.707974823424877,7.0541389863990949],[80.7079961539213,7.0542495004346577],[80.708005050835851,7.0542986550208395],[80.708035093193914,7.054423296856501],[80.708040996921966,7.0545292747970123],[80.708025295269096,7.0546294302314712],[80.708016308523014,7.0546449202972354],[80.707997459173413,7.0546774115442483],[80.707996043428523,7.0546766591060264],[80.707973828091539,7.054664851887833],[80.707876859448177,7.0546133152134676],[80.707748938453406,7.0545796658843711],[80.707746864243447,7.0545775226830445],[80.707740999142928,7.0545768362167394],[80.707739928351117,7.0545763048739865],[80.70773652014293,7.0545751771079077],[80.707733296987669,7.0545736080420172],[80.707732743625471,7.0545727584285105],[80.707667545698797,7.0545637220354234],[80.707657602246883,7.0545623437536928],[80.707533733552395,7.0545560077585119],[80.707447507861531,7.0545675510911465],[80.707378367229026,7.0545661496300038],[80.707313187268653,7.0545483532129767],[80.707269932489424,7.0545367412332469],[80.707269708808923,7.0545365887842229],[80.70726839457366,7.0545358060342709],[80.707266912353418,7.0545354253574466],[80.70726614878545,7.0545354030695702],[80.707265319640427,7.0545355029192169],[80.707261010422016,7.0545343457330576],[80.707246578986982,7.0545280676859798],[80.707211349756477,7.0545175192828955],[80.707159760408032,7.0545032978385018],[80.707125128557209,7.0544933422922478],[80.707075210973485,7.0544779351323106],[80.707034536155746,7.0544684271259896],[80.706949147694701,7.0544369299034821],[80.706889790613999,7.0544141409975047],[80.706846435223454,7.0543849661680369],[80.706816572528439,7.0543541108307375],[80.706762497541604,7.0542892201150895],[80.706756029671567,7.0542628820794651],[80.706742095903181,7.0542171696303821],[80.70670665377196,7.0541652647102886],[80.706698539290016,7.0541404422439564],[80.706693125143772,7.0540800019445218],[80.706683408965674,7.0540612792240083],[80.706624661841062,7.0540329851898864],[80.706593379807899,7.0540079175496437],[80.706555717041283,7.0539607590366558],[80.706547312403515,7.053918020654983]]]},"properties":{"OBJECTID":17,"Division":"3","Field_No":"14","Shape_Length":785.35742844610809,"Shape_Area":19916.195452405951}},{"type":"Feature","id":18,"geometry":{"type":"Polygon","coordinates":[[[80.708024831738427,7.0540339899281026],[80.708045052815464,7.0539248719550969],[80.708080808458732,7.0538440729662524],[80.708114329991858,7.053794980737937],[80.708137009757849,7.0537802199040005],[80.708153416588203,7.0537723175041229],[80.708199448958297,7.0537459999439429],[80.708246603324199,7.0537383792626134],[80.70842599778473,7.0537304536825989],[80.708518128101971,7.0537027774490753],[80.708573148116514,7.0536684175151985],[80.708597886821096,7.0535676797125006],[80.708627264425857,7.0534980816781161],[80.708718996789386,7.0534175170837603],[80.708751012746106,7.0534020974067877],[80.708825148909895,7.0533605553894478],[80.708942288324607,7.0532797456039056],[80.708962103363149,7.0532592719111973],[80.70898670193057,7.0532358098517118],[80.709002631755496,7.0532281383455002],[80.709130686599281,7.0531074456107632],[80.709168790438653,7.0530362472330275],[80.709211115461599,7.0529711272126319],[80.709238717995348,7.0529350145003864],[80.709289258111539,7.0529000643246933],[80.709320560805907,7.0528878077361581],[80.709350900506337,7.0528780340248103],[80.709382977548501,7.0528671343260907],[80.709554313222625,7.0528379460263881],[80.709572950569836,7.0528349344784438],[80.709584457090301,7.0528333395526595],[80.709586658861085,7.0528356147067015],[80.709626255700485,7.0528502204466026],[80.709761298538837,7.0528911999619188],[80.709803599307222,7.052916666171094],[80.709815811903539,7.0529292847150984],[80.709860833668927,7.0529604191924058],[80.709912158912687,7.0529976347101435],[80.709938784079398,7.0530149640314832],[80.709958535337549,7.0530244765252483],[80.710045869549461,7.053079906633708],[80.71014619250208,7.0531339513174069],[80.710216558436613,7.0532242201269977],[80.710233770157473,7.0532325094547481],[80.710252609625599,7.0532421440818762],[80.710260639665918,7.0532504405414356],[80.7103217403766,7.0532578526157437],[80.710485929054343,7.0532545263649666],[80.710494286081413,7.0532458911289178],[80.710523286393737,7.05324027100413],[80.710576470251837,7.0532316758860842],[80.710610019632739,7.0532402112724473],[80.710615796698335,7.0532461799805075],[80.710683180226113,7.0532725644328931],[80.710727932496951,7.0532905846697522],[80.710792034478956,7.0532983604824455],[80.710878736276953,7.0533253993053826],[80.71093856048158,7.0533627592195138],[80.711058016651435,7.0534150841340661],[80.711120857398839,7.0533990965606845],[80.711210721266596,7.0533903721756479],[80.711299723649987,7.0534112898380155],[80.711353079984619,7.0533883725030719],[80.711401652790357,7.0533766169600245],[80.711455831981766,7.0533887157370962],[80.711495279700841,7.0533935014002225],[80.71157300283754,7.0533701525702019],[80.711641274799121,7.0533715362046152],[80.711698465143357,7.0533887157370962],[80.711750694092302,7.0533933266629019],[80.711772376728305,7.0534079181209286],[80.711804374718753,7.0534409791340469],[80.711859179137605,7.0534813095728577],[80.711896165472808,7.0535136092254325],[80.711959381715971,7.053526948098674],[80.711979848931364,7.0535480957661738],[80.712008586037314,7.0535536650707868],[80.712015511149843,7.0535608203834572],[80.712073877388789,7.053595215094461],[80.712084328388826,7.053595003805035],[80.712136701068204,7.0536113149921338],[80.712171559294475,7.0536230027739721],[80.712174856111588,7.0536286121959266],[80.712171559294475,7.0536337544631751],[80.71215554323129,7.0536365591740893],[80.712140941116346,7.0536379624210745],[80.71209571992496,7.0536365591740893],[80.712025062037966,7.0536323521077247],[80.71198596376351,7.0536300145514153],[80.711956287918099,7.0536351568186388],[80.711927082789899,7.0536473117545091],[80.711885630031148,7.0536650761115585],[80.711855482570172,7.0536819061587632],[80.711837582739861,7.053701072869762],[80.711805550613462,7.0537361344245868],[80.711766923954556,7.0537922330849909],[80.711747140357048,7.0538212171673456],[80.711709827035065,7.0538851977107333],[80.711661917186049,7.0539789290214205],[80.711630564185981,7.0540432554510719],[80.71159886174128,7.0541279681584683],[80.711587748682916,7.0541566446469623],[80.711562997401899,7.0542440372287425],[80.711551420812839,7.0542842490260576],[80.711549491231608,7.0543009078798171],[80.711550827026429,7.0543174285481438],[80.711559593685294,7.0543416938079755],[80.711570583674458,7.0543657130083668],[80.711593675767176,7.0544058401012126],[80.711617214322558,7.0544445202618231],[80.711650787059682,7.0545103898389492],[80.711667186703494,7.0545509840729901],[80.711677026849131,7.0545795152183661],[80.711686673856946,7.0546107271465059],[80.711696167252882,7.0546532131655919],[80.711710153123533,7.0547209254733287],[80.711718594592242,7.0547744805241583],[80.711718594592242,7.0547852517999425],[80.711716785385264,7.0547993136546117],[80.711709996816666,7.0548168158623286],[80.71170718508985,7.0548241414346844],[80.711707033274536,7.0548245363754942],[80.711701459228223,7.0548207670533616],[80.711700670507398,7.0548203025744689],[80.711593724276185,7.0547626911387624],[80.711538354817023,7.0547410112926743],[80.711426348375824,7.0546984824889574],[80.711307343160243,7.0546808973659472],[80.711204140208835,7.0546829879674142],[80.711047380598473,7.0546988925856073],[80.710942425033963,7.0547226888888712],[80.710647754264585,7.0547657775613786],[80.710544924114004,7.0547800284176727],[80.710375685107721,7.0548345142024749],[80.710271011614168,7.054832393290182],[80.710257324882534,7.0548321160292593],[80.710208561633948,7.0548218636158584],[80.710206760511809,7.0548218636158584],[80.710204317992563,7.0548211878480611],[80.710204041311414,7.0548209132616924],[80.710203637069554,7.0548205120803029],[80.710202288698312,7.0548204514573403],[80.710201070582784,7.0548198461191607],[80.71019894157557,7.0548198407700786],[80.710131177162125,7.0548055925895348],[80.710116946949711,7.0548026006676992],[80.710110609335374,7.0548015763178142],[80.710035548805166,7.0547894454831308],[80.710007106346637,7.0547878202526011],[80.710006287083118,7.0547874137220914],[80.710003648731117,7.0547867459778795],[80.709990029373088,7.0547867112088323],[80.709988757358659,7.0547864152260953],[80.709987623684754,7.0547856654625667],[80.709986379518114,7.0547851653230529],[80.709983714216662,7.0547846830138301],[80.709980989626402,7.0547846803392762],[80.709971477365855,7.0547840072459822],[80.709957854414583,7.0547840099205361],[80.709953170598681,7.0547847373961883],[80.709923096799585,7.0547830185566287],[80.709906194099204,7.0547839706939035],[80.709905172714727,7.0547833305866376],[80.709895636199676,7.0547833305866376],[80.709893072407866,7.0547840072459822],[80.709889008429499,7.0547841917894365],[80.709884358749591,7.0547852000921001],[80.70980537797152,7.0547896478568761],[80.70973366366573,7.0548034039220644],[80.709726864317361,7.0548024401951412],[80.709698487435844,7.0548101509018935],[80.709658477371391,7.0548178259479357],[80.709586028243749,7.0548266144950906],[80.709552499524094,7.0548491760447014],[80.709521806785759,7.0548182681389768],[80.709502673568508,7.0548006357702908],[80.709478073204465,7.0547843602856313],[80.709428417928834,7.0547441226778229],[80.709361907563519,7.0546903224570521],[80.709306786039335,7.0546577714794516],[80.709229341380407,7.0546116561047247],[80.70917376441038,7.054547458132169],[80.709154631193172,7.0545090293873445],[80.709148253154652,7.054474668621765],[80.709124109134748,7.0544552282477122],[80.709059858032361,7.0544483207900317],[80.708982304677278,7.054442244224159],[80.708910582286663,7.0544442697461083],[80.708844399806424,7.0544454269325341],[80.708781132359292,7.05444571667487],[80.708748478598693,7.0544460055257217],[80.708716990851372,7.0544407972953724],[80.708679963193674,7.05444687386127],[80.708637688476401,7.0544465841189217],[80.708592788881873,7.0544494779764069],[80.708526023395009,7.0544578689149153],[80.708501532625405,7.0544593158436131],[80.70849278572949,7.0544506351627945],[80.708481998759552,7.0544520820915055],[80.708466545940041,7.0544593158436131],[80.708450511012217,7.0544726252696641],[80.708433017220372,7.0544720466765023],[80.708422230250434,7.0544543964642932],[80.708404737356929,7.0544549750574808],[80.708397739480858,7.0544604730300007],[80.708383453572893,7.0544711792325012],[80.708365376774438,7.0544766763133087],[80.708345551854435,7.0544778334996199],[80.708332140007229,7.054471757825663],[80.708314938167831,7.0544578689149153],[80.70829861128756,7.0544630771450487],[80.708291322357354,7.0544578689149153],[80.708268872560069,7.05444629526807],[80.708252545679798,7.0544488993832193],[80.708241758709846,7.0544575791725794],[80.70822776385603,7.0544601832876399],[80.7082096879559,7.054458157765767],[80.708190736198347,7.0544506351627945],[80.708177033297019,7.0544396401089715],[80.708159540403486,7.0544367462514099],[80.70814350457735,7.0544439800037599],[80.70811318374156,7.0544517923491696],[80.708089867070029,7.0544535067323775],[80.708082745226477,7.0543912691794546],[80.708055778699972,7.0542457516127142],[80.708038381926158,7.0541715258234579],[80.708024831738427,7.0540339899281026]]]},"properties":{"OBJECTID":18,"Division":"3","Field_No":"14","Shape_Length":1217.3762676444589,"Shape_Area":63257.507594722643}},{"type":"Feature","id":19,"geometry":{"type":"Polygon","coordinates":[[[80.707793122090692,7.0551154578771964],[80.70778432309244,7.055061803016299],[80.707785136067784,7.0550222964739335],[80.707833094425851,7.0549670948255567],[80.707858965906027,7.0549238296520089],[80.707872456804978,7.0548962257024925],[80.707883895053484,7.0548741830164232],[80.707961724191406,7.0547901898975649],[80.708007951495901,7.0547561714943843],[80.708027739585006,7.0547262103707711],[80.708038795151182,7.0547156655382546],[80.708045399565179,7.0547224900811383],[80.708055788581447,7.0547323983722112],[80.708118266409429,7.054776397279916],[80.708167177880028,7.054795548789861],[80.708225307862079,7.0548026006676992],[80.708269174394005,7.0548089634049083],[80.708298800832083,7.0548165011577915],[80.708364444323138,7.0548429336624672],[80.708441818913542,7.0548924929330123],[80.708459553453878,7.054910816221633],[80.70850967854841,7.0549554115352207],[80.70855268000274,7.0549761222956358],[80.708599563077428,7.0549810193815956],[80.708687610551664,7.0549682466615771],[80.708801229468804,7.054963266664676],[80.708839512072956,7.0549730064544667],[80.708926158175359,7.0550123320237166],[80.708954394919701,7.0550233876868766],[80.709030382511258,7.0550434663609654],[80.709065447350056,7.0550345449823455],[80.70911463190852,7.0550238272031986],[80.7091746052335,7.0550167922675131],[80.709230605309997,7.0550454303658476],[80.709269813178878,7.0550523868478843],[80.709353012445547,7.0550345449823455],[80.709421983296437,7.0550255192964562],[80.709465342280268,7.0550167031161077],[80.709506486018597,7.0550123320237166],[80.709525908493347,7.0550323991086019],[80.709555206148011,7.0550792392420618],[80.709587977587915,7.0551162201213744],[80.709648815990519,7.055145520608197],[80.709690707127166,7.0551505175418692],[80.70972490868499,7.0551388957705861],[80.709708139833566,7.0551065819671637],[80.709696015272172,7.0550639060972449],[80.709707210975566,7.0550205393001786],[80.709737336876927,7.0549811263632538],[80.70982488848118,7.0549766482888607],[80.709928310621507,7.0549455799191403],[80.710013602962775,7.0549275829260418],[80.710093839585625,7.0549096652770071],[80.710285789798931,7.0549048796295413],[80.710334822542094,7.0549058727762137],[80.710408965892356,7.0549043705749961],[80.710487135491746,7.0548955561754019],[80.710596597005775,7.0548796774178797],[80.710602630091202,7.0548734439512248],[80.710679520489634,7.0548501112430539],[80.710743563182874,7.0548346122690262],[80.710788281317718,7.0548294521848325],[80.710795330397744,7.0548767505770629],[80.710771836758127,7.0549111567800216],[80.710741216783362,7.0549403618877848],[80.710741753975881,7.0549665082093815],[80.710781469392927,7.0549793014342832],[80.710919539553771,7.0549530383250589],[80.711057393220656,7.0549322277140565],[80.711075688309705,7.054956728301347],[80.711055144737486,7.0549819938062885],[80.71102996226513,7.0550201229632172],[80.711055860694771,7.0550284657496416],[80.711135321173231,7.0550204028985419],[80.711190781362234,7.0550215270974883],[80.711251777868355,7.0550492103842872],[80.711307556060959,7.0550881597282942],[80.711332562463525,7.0551002031868171],[80.711395092393815,7.0551153357398517],[80.711440083616509,7.0551144246128779],[80.71150317589219,7.0550962983568599],[80.711547551768902,7.0550736048752967],[80.71158770017388,7.0550619429839747],[80.711572077572797,7.0551179523324059],[80.711557305676251,7.0551640284300685],[80.711550070644961,7.0551924516645546],[80.71155218078755,7.0552101036316408],[80.711565144375427,7.0552223699653585],[80.711588357740681,7.0552310470656607],[80.711596798311092,7.0552409205768223],[80.7116052397798,7.055258272993556],[80.711588357740681,7.0552621626664402],[80.711558208483098,7.055269937554483],[80.711455642437244,7.0552994029614879],[80.711410900047866,7.0553066340258361],[80.711346895982203,7.0553203597641803],[80.711276147365382,7.0553507469926586],[80.711123334952404,7.0553556993484525],[80.711096398070254,7.0553602603299321],[80.711078582681552,7.0553511490651122],[80.711047958215204,7.0553364007620001],[80.711012606813824,7.055329025272977],[80.710952682896192,7.0553424068865898],[80.710883094004373,7.0553508486251717],[80.710722233584747,7.0553557359005064],[80.710606430863166,7.0553687938940284],[80.710491265047111,7.0553571088308136],[80.710464507828064,7.0553707926665714],[80.710395641181748,7.0553892799746665],[80.710326501447611,7.0553959921769245],[80.710138055562226,7.0553921747177579],[80.710071841640982,7.0554120652665917],[80.710009109589734,7.0554405375190621],[80.709995540537378,7.05544490860742],[80.709929760502376,7.0554741413184283],[80.709883210702657,7.0554805923061954],[80.709860833668927,7.0554851416967548],[80.709827795429405,7.055489513676215],[80.709748891008132,7.0554795010943341],[80.709611049917669,7.055447105295487],[80.709524956279154,7.0554405375190621],[80.709393981910708,7.0554580700139677],[80.709251255781737,7.0554627504571448],[80.709057438869308,7.0554504689741027],[80.709002631755496,7.05544490860742],[80.708926158175359,7.0554405375190621],[80.70886931907242,7.055432291914995],[80.708834722255858,7.0554174321753358],[80.708791451306936,7.0553913830541237],[80.708782375627635,7.0553870119652569],[80.708747795879063,7.0553693279104195],[80.708711404228609,7.0553622751497223],[80.708616216944478,7.055369170112618],[80.708526262346865,7.0553735412016376],[80.708439247036893,7.0553794225138953],[80.708363251360467,7.0553778828706921],[80.708325865274958,7.0553683722083029],[80.708297199135927,7.0553467779758758],[80.708263996504726,7.0553233962583342],[80.708207746696587,7.0552783195629987],[80.70814706819408,7.0552587731325609],[80.708055139099471,7.0552519040219259],[80.708054717789608,7.0552518728189542],[80.708051645551322,7.0552508288567637],[80.708023496841918,7.0552412638094975],[80.707943816276199,7.0551539213407271],[80.707909931823693,7.0551430056482953],[80.70779663630006,7.0551368889734523],[80.707793122090692,7.0551154578771964]]]},"properties":{"OBJECTID":19,"Division":"3","Field_No":"13B","Shape_Length":1000.8998154104059,"Shape_Area":19596.666749524949}},{"type":"Feature","id":20,"geometry":{"type":"Polygon","coordinates":[[[80.707524778247333,7.0557598007057019],[80.707548267395367,7.0557329572661471],[80.707556809475392,7.0557054077471175],[80.707542572974774,7.0556319408691488],[80.707519795292427,7.0555535287580353],[80.70751196557643,7.0554850070783148],[80.707523354417603,7.0554157793100867],[80.707536167088492,7.0553670367215977],[80.707597381885193,7.0553274776059975],[80.707690627910026,7.0552836802326651],[80.707733306869144,7.0552617810986922],[80.707768840628532,7.0552355590151121],[80.707780684915562,7.0552111458109019],[80.707793895540107,7.0551804028593539],[80.707799818132813,7.0551713602375319],[80.708025772274539,7.0552681108436133],[80.708069049511664,7.0553002097810253],[80.708116426659757,7.0553241718748749],[80.708164715597832,7.0553368304713748],[80.708203892924004,7.0553544628196807],[80.708253548199664,7.0553720942757767],[80.708321881246675,7.0553951514800648],[80.708408435720941,7.055412783826144],[80.70846674716266,7.0554240864288671],[80.70850273546958,7.0554240864288671],[80.70854494191488,7.0554263214521082],[80.708583368249478,7.0554272513002205],[80.708602046020872,7.0554182086832204],[80.708625279149061,7.0554114278347457],[80.70863940156363,7.0554096189546884],[80.70866126745598,7.055420469560338],[80.708676033064307,7.0554269241149319],[80.708703463121509,7.0554497013813897],[80.70871950972743,7.0554693307144483],[80.708744140634181,7.0554871083743205],[80.708780525996445,7.0554945150637582],[80.708810381504904,7.0554997001028896],[80.708839489615087,7.0555000709722568],[80.708870091623552,7.0554937742164947],[80.708903678733691,7.0555037743168745],[80.708941929896824,7.055519884846353],[80.708978503006989,7.0555326629002248],[80.709047543028149,7.0555537730325346],[80.709072173036603,7.0555658102383552],[80.709118821650975,7.0555726615140806],[80.709161364964515,7.0555969204675337],[80.70919831087555,7.055624327350988],[80.709250752725197,7.0556487815430193],[80.709269885942433,7.0556252723544182],[80.709303141574253,7.0555570047664631],[80.709330474613395,7.0555230969672378],[80.709366462920329,7.0554995877722506],[80.709422496234481,7.0554869282887056],[80.709475340529352,7.0554796954441503],[80.709550961608329,7.0554697488340343],[80.709616105636073,7.0554778865643728],[80.709681249663845,7.0554837643092565],[80.709761426997929,7.0554959709043574],[80.709818826649624,7.0554995877722506],[80.709884426123224,7.0555032046401429],[80.709920415328483,7.0555181241084046],[80.70974776092747,7.0556193946113286],[80.709703116454492,7.0556831413299159],[80.709657561089827,7.0557319685788169],[80.709577383755757,7.0557568337523788],[80.709469417936688,7.0558011401344691],[80.709444362126789,7.0558201284552924],[80.709446184808499,7.0558553922228766],[80.709447551146056,7.0559055754435702],[80.709416573641818,7.0559534986758061],[80.709381040780755,7.0559842415759819],[80.709354618633299,7.0560091076275038],[80.709339129881172,7.0560479882443294],[80.709352340505717,7.0560687845409786],[80.70940154033552,7.0560516051079087],[80.709472151510099,7.056005942760132],[80.709520439549905,7.0559788167255331],[80.7096038059032,7.0559584715299311],[80.70963569429918,7.0559571155401235],[80.709670316268543,7.055932249485803],[80.709711771722269,7.0558856831329129],[80.709780104769308,7.0558318830447968],[80.709825204688144,7.0558110867374992],[80.709914948181648,7.0557649714776671],[80.710038402752815,7.0557184051079327],[80.710117669195199,7.0556849493173823],[80.710185546796382,7.0556704827428938],[80.710247957250729,7.055655563279517],[80.710326767348917,7.0556519464128336],[80.710395555841814,7.0556392869334239],[80.710465256124706,7.0556207514936515],[80.710498055412359,7.0556248203575098],[80.710494681340137,7.0556295320019542],[80.710484283340733,7.0556452761153636],[80.710417878078303,7.0557364894385284],[80.710369134592653,7.0558029481214897],[80.710330868158195,7.0558427336405485],[80.710293512615436,7.05586036596958],[80.710239301982966,7.0558902039911224],[80.710187824025624,7.0559480738250011],[80.710145002234356,7.0559950921681969],[80.710111960401548,7.056042373502617],[80.710105824908169,7.0560511531114205],[80.710042502663768,7.0561352440677672],[80.709997859089114,7.0561867832472522],[80.709939092201537,7.0562428441672704],[80.709875315409633,7.0562876024990953],[80.709786027361972,7.0563545130991585],[80.709663027338323,7.0564553323145018],[80.709568273042166,7.0565267646338148],[80.70943935132415,7.056617184338716],[80.709408034256697,7.0566476909444926],[80.709345564513541,7.0566173822541129],[80.709254453784169,7.0565749980475081],[80.709212457544623,7.0565566311407606],[80.709150531282219,7.0565361451117878],[80.709114229463253,7.0565071825956682],[80.709094298542055,7.0564958800194075],[80.709073012063101,7.0564634860747217],[80.70906016705284,7.0564422404742038],[80.708962646843887,7.0563733204204935],[80.708854783432784,7.0563483910912632],[80.708729189074589,7.0563498585188276],[80.708650875744766,7.056354257235455],[80.70854005867298,7.0564011819286812],[80.708417418873779,7.0564334421511052],[80.708392300181814,7.0564187785759858],[80.708356837389331,7.0563586568435159],[80.708332859557757,7.0563336071594636],[80.70830068998913,7.0563000007479459],[80.708212034355427,7.0562721392336645],[80.708096783199423,7.056250143863231],[80.707990397516966,7.0561900212173194],[80.707833773552224,7.0560932396010205],[80.707737729275294,7.0560375165459064],[80.707643098048322,7.0559852338288414],[80.707636330140986,7.055942838866212],[80.707619350185482,7.0559074699068711],[80.707567930618637,7.0558524288362268],[80.707544575319531,7.0558204199797947],[80.707533453277989,7.0557972406595093],[80.707524778247333,7.0557598007057019]]]},"properties":{"OBJECTID":20,"Division":"3","Field_No":"13B","Shape_Length":1002.2982398251844,"Shape_Area":27739.390197792829}},{"type":"Feature","id":21,"geometry":{"type":"Polygon","coordinates":[[[80.708071467776392,7.0546423099425759],[80.708079678378084,7.0546134213037055],[80.708089007382313,7.0545615708104217],[80.708091433731894,7.054530275076587],[80.708088447731882,7.0545021272795481],[80.708087888081465,7.0544639802496576],[80.708088821431048,7.0544586097638069],[80.708089739509276,7.0544523950132785],[80.708089867070029,7.0544535067323775],[80.70811318374156,7.0544517923491696],[80.708127228002724,7.0544481736900648],[80.708145111663399,7.0544432552020897],[80.708159540403486,7.0544367462514099],[80.708177033297019,7.0544396401089715],[80.708190736198347,7.0544506351627945],[80.7082096879559,7.054458157765767],[80.70822776385603,7.0544601832876399],[80.708241758709846,7.0544575791725794],[80.708252545679798,7.0544488993832193],[80.708268872560069,7.05444629526807],[80.708291322357354,7.0544578689149153],[80.70829861128756,7.0544630771450487],[80.708314938167831,7.0544578689149153],[80.708332140007229,7.054471757825663],[80.708345551854435,7.0544778334996199],[80.708365376774438,7.0544766763133087],[80.708383453572893,7.0544711792325012],[80.708397739480858,7.0544604730300007],[80.708404737356929,7.0544549750574808],[80.708422230250434,7.0544543964642932],[80.708433017220372,7.0544720466765023],[80.708450511012217,7.0544726252696641],[80.708466545940041,7.0544593158436131],[80.708481998759552,7.0544520820915055],[80.70849278572949,7.0544506351627945],[80.708501532625405,7.0544593158436131],[80.708526023395009,7.0544578689149153],[80.708592788881873,7.0544494779764069],[80.708637688476401,7.0544465841189217],[80.708679963193674,7.05444687386127],[80.708716990851372,7.0544407972953724],[80.708748478598693,7.0544460055257217],[80.708781132359292,7.05444571667487],[80.708844399806424,7.0544454269325341],[80.708910582286663,7.0544442697461083],[80.708982304677278,7.054442244224159],[80.709059858032361,7.0544483207900317],[80.709124109134748,7.0544552282477122],[80.709148253154652,7.054474668621765],[80.709154631193172,7.0545090293873445],[80.70917376441038,7.054547458132169],[80.709229341380407,7.0546116561047247],[80.709306786039335,7.0546577714794516],[80.709361907563519,7.0546903224570521],[80.709428417928834,7.0547441226778229],[80.709432832250144,7.0547477003249721],[80.70945812791021,7.0547681980227646],[80.709478073204465,7.0547843602856313],[80.709499330039051,7.054798423923395],[80.709521387272517,7.0548516696098131],[80.709519929306836,7.0548840761484639],[80.709519055246048,7.0548962283770464],[80.709477945643712,7.0549020151948589],[80.709400684241047,7.0549005691590443],[80.709347038648914,7.0549014366022309],[80.709292518097712,7.0549060662347491],[80.709250242482113,7.0549104070166964],[80.709226153259436,7.0549204436817377],[80.709176041639623,7.0549281294241508],[80.709146431371238,7.054922703669801],[80.709119098332081,7.0549095930643704],[80.70910725404508,7.0548982904491035],[80.709075820196659,7.0548897007109153],[80.709012498850583,7.0548897007109153],[80.708950543842064,7.0548856309490713],[80.70891501008272,7.0548797540881019],[80.708834833646961,7.0548494631122667],[80.708791555511496,7.0548304747516219],[80.708746911936856,7.0548078695169529],[80.708708190056541,7.0547934020235132],[80.708674934424693,7.054778934529641],[80.708637123436091,7.0547712487847596],[80.708586557268745,7.0547703447892518],[80.708550112617658,7.0547712487847596],[80.708525513151912,7.0547703447892518],[80.708483146806472,7.054766727915621],[80.708468113500217,7.0547662759178866],[80.708433491530855,7.0547590421705753],[80.708404335809988,7.0547445746756337],[80.708363792146258,7.054734176943402],[80.708324613921775,7.0547282991890023],[80.708254914537179,7.0546984602010809],[80.708217559892745,7.0546876095784716],[80.708142848807185,7.0546586754751761],[80.708105037818541,7.0546460159686042],[80.708071467776392,7.0546423099425759]]]},"properties":{"OBJECTID":21,"Division":"3","Field_No":"13B","Shape_Length":380.00150724300016,"Shape_Area":5536.5328572949347}},{"type":"Feature","id":22,"geometry":{"type":"Polygon","coordinates":[[[80.707084582198505,7.0545160277786598],[80.707102129889279,7.0545258656444414],[80.707119677580053,7.0545357035100578],[80.707170700091552,7.0545451972507509],[80.707240399476106,7.0545555958787158],[80.707273198763772,7.0545953806134625],[80.707318298682623,7.0546451119728548],[80.707376153780189,7.0546550586006802],[80.70746544182785,7.0546844455935895],[80.707528764072208,7.0547016250773957],[80.707572953099358,7.0547278471912298],[80.707624637669241,7.0547666762078176],[80.707683196147656,7.0547938540212352],[80.707747429283756,7.0548024446527267],[80.707799362686941,7.0547997317747955],[80.707874983765876,7.0547911420348006],[80.707879648717139,7.0548204202543427],[80.70786128086452,7.0548548523153762],[80.707833875061837,7.0548846547411559],[80.707813466236914,7.0549054876421344],[80.707781686537103,7.0549355798066999],[80.707731830937149,7.0550038653165972],[80.707705883100161,7.0550354044016546],[80.707696845150096,7.0550643384814409],[80.707708215126644,7.0550825672627919],[80.707737370847525,7.0551042684892051],[80.70774786676327,7.0551265483069363],[80.707740577833064,7.0551334923065561],[80.707658651479164,7.0551407260480152],[80.707603255968863,7.0551459342704899],[80.707563313278044,7.0551468026047157],[80.707502961762316,7.0551346494912641],[80.707443776259822,7.0551227870109079],[80.707402083650862,7.0551083195273154],[80.707370304849377,7.055089222412616],[80.707307912361316,7.0550533434421849],[80.707277590627214,7.0550200685808724],[80.707267386663887,7.0549839007545385],[80.707245227920779,7.0549378941770584],[80.707225111048317,7.0549506258882388],[80.707202078244435,7.054919665390007],[80.707163884573475,7.0548594819483528],[80.707125982855047,7.054792063860587],[80.707095953073406,7.0547425857070367],[80.707061257442177,7.0546864523926827],[80.707049304458991,7.0546618581820626],[80.707044056501118,7.0546230853220981],[80.707046680480047,7.0545756326718845],[80.707060674435553,7.0545383076247106],[80.707084582198505,7.0545160277786598]]]},"properties":{"OBJECTID":22,"Division":"3","Field_No":"13B","Shape_Length":269.25274748602192,"Shape_Area":3377.8332454383494}},{"type":"Feature","id":23,"geometry":{"type":"Polygon","coordinates":[[[80.707499171770124,7.0557228903072771],[80.707424285513099,7.0555805095009649],[80.707384882709817,7.0555055912201734],[80.707364473884851,7.0554537987751802],[80.707347855052106,7.055404320692352],[80.707331236219346,7.0553565783804615],[80.707318991283714,7.055314334026014],[80.707316659257245,7.0552816377756233],[80.707329195246999,7.0552344740432691],[80.707344648066552,7.0551876000480345],[80.707363015919157,7.055157507899855],[80.70738925570862,7.0551470914551349],[80.707402958609947,7.0551468026047157],[80.707427740433701,7.0551528782698174],[80.707460978099192,7.0551630058640038],[80.707495380879635,7.0551803663073125],[80.707549027370078,7.0551951235305186],[80.707563896284654,7.0551821029756621],[80.707578182192634,7.0551641630486355],[80.7076175418768,7.0551604017529002],[80.707661275458094,7.0551546149382807],[80.707708507079118,7.0551537466040681],[80.707745242784355,7.0551549037886874],[80.707740869785553,7.0551800774569191],[80.707732996950384,7.0552038033058846],[80.707717836981658,7.055222032081752],[80.70769830221748,7.0552353423773546],[80.707669730401562,7.0552489415229056],[80.707623664793786,7.0552686172231969],[80.70756943619503,7.0552865562546554],[80.707537073488595,7.0553033389926991],[80.707501795749096,7.0553325627975187],[80.707484301957251,7.0553551314545615],[80.707474097993909,7.0553866705157278],[80.707471182062491,7.0554138687975669],[80.707475264007172,7.0554462752968687],[80.707477013027031,7.0555217944669426],[80.707481677978294,7.0555660643194846],[80.707491882839918,7.0556106239094776],[80.707501795749096,7.0556595233785462],[80.707507043706954,7.0556933767855288],[80.707507043706954,7.0557104483588766],[80.707499171770124,7.0557228903072771]]]},"properties":{"OBJECTID":23,"Division":"3","Field_No":"13B","Shape_Length":194.96056843168489,"Shape_Area":1078.061416710161}},{"type":"Feature","id":24,"geometry":{"type":"Polygon","coordinates":[[[80.706149806093663,7.0569228057168241],[80.706223150841652,7.0568870891433395],[80.706283283168446,7.0568694577449511],[80.706329293978996,7.0568626760262001],[80.70639671613435,7.0568712657277741],[80.706433159887084,7.056903365445554],[80.706465960073075,7.0569318474129012],[80.706481904271058,7.0569684679741593],[80.706461404716265,7.0570082525015465],[80.706465049181347,7.0570358304713245],[80.706483270608572,7.057062956443966],[80.70649283766636,7.0570742590063853],[80.706510604546054,7.0571601586500723],[80.706528370527423,7.0572116986069613],[80.706541582050306,7.0572799650593439],[80.706573015000401,7.0573364778422034],[80.706625906906041,7.0573932839246973],[80.706673731415123,7.057445160846088],[80.706757145379157,7.0574992451380734],[80.706856129841995,7.0575191124171424],[80.706910627037004,7.0576107247669855],[80.706942881047297,7.0576990260354906],[80.706948441618891,7.0577619406901855],[80.707021846554014,7.0577862227081045],[80.707089690019231,7.0577685628156743],[80.707156421370115,7.0577630443777606],[80.707228713292608,7.0577586287358747],[80.707345493381212,7.0577950530998077],[80.707432243688217,7.0578071945538419],[80.70750453650902,7.0578226470699006],[80.707531229049351,7.0578756276304713],[80.707532341163684,7.0579175704213259],[80.707477843968675,7.0580047679442934],[80.707438917272455,7.0580588521708743],[80.707406663262162,7.0581063142705807],[80.70740332691922,7.058171435351615],[80.707413336846443,7.0582354536285319],[80.707446702072701,7.0582696705822014],[80.707510097080629,7.0583358962179954],[80.707542350192583,7.0583954988363216],[80.707564594275638,7.0584473756453621],[80.707585726244389,7.0585147049414934],[80.707585726244389,7.0586052134086792],[80.707571267859876,7.0586946181727805],[80.70755347223411,7.0587862302899467],[80.707557921589697,7.0588855681833964],[80.707563482161333,7.0589738692086277],[80.707589062587346,7.0590732070618243],[80.707604633086177,7.0591692338409855],[80.707636886198117,7.0592950627419926],[80.707658018166882,7.0594297210778008],[80.707700281206058,7.0595125026906214],[80.70773920790225,7.0595908695557501],[80.707748105715169,7.0596626134177605],[80.707732535216337,7.0597166983420792],[80.707733647330642,7.0597939605983404],[80.707710291133253,7.0599341380925464],[80.707671364437061,7.0601063241064148],[80.707629101397885,7.0603016891520927],[80.707614407654788,7.0603854378901829],[80.707601652476072,7.0604699800511099],[80.707592997208309,7.0605237804915166],[80.707576141220301,7.0605490973997176],[80.707547441843602,7.0605780320262532],[80.707516008893492,7.060587525642994],[80.70747273075807,7.0605730592217446],[80.707446309508924,7.0605260404522152],[80.707429908966787,7.060466816105718],[80.707416987599743,7.0604112076897021],[80.707410762274819,7.0603930210189194],[80.707410762274819,7.0603641889037352],[80.707412504108163,7.0603604784659595],[80.707413432067838,7.0603524576084356],[80.707414912491444,7.0603486856568489],[80.707414912491444,7.0603363294171588],[80.7073937463867,7.0603136852252115],[80.707386321810887,7.0602989495613189],[80.707383784968528,7.0602869053465867],[80.70738390354613,7.0602786758759466],[80.707385665142411,7.0602664435533766],[80.707389970767579,7.0602548860988632],[80.707390011191777,7.0602507753750494],[80.707385607650238,7.0602392393162026],[80.707382006304272,7.0602231565876732],[80.707382168001018,7.0602191073773266],[80.707383533440236,7.0602109822113999],[80.707392872325926,7.0601927224294236],[80.707395497203208,7.0601849075063905],[80.707395562780206,7.0601810365964894],[80.707392480660459,7.0601733883845199],[80.707390330093673,7.0601654406270837],[80.707381709860229,7.060157241465399],[80.707381709860229,7.0601407664722418],[80.707383540626779,7.060128559999681],[80.707385382173086,7.060124989526158],[80.707395342692976,7.0601118095307438],[80.707396236516701,7.060107985869954],[80.707395822393323,7.0601040373985748],[80.707389083232073,7.060099409601059],[80.707383001637595,7.0600939571622243],[80.707375178209787,7.0600916356856294],[80.707370193458274,7.0600851589085254],[80.70735475231686,7.0600735577657598],[80.70735473345222,7.0600694577383809],[80.707353279978122,7.0600659362971285],[80.707350476336117,7.0600629435178153],[80.70734916389749,7.0600590360551978],[80.707348508127296,7.0600550225036018],[80.707348508127296,7.0600467850052926],[80.707343968041869,7.0600152507192346],[80.707345064884834,7.0600130041286082],[80.707346602800598,7.0600112790679219],[80.707349004895661,7.0600073056335786],[80.707353286266297,7.0599990734834357],[80.707354450482896,7.0599922222732419],[80.707356365691112,7.0599890458435617],[80.707358516257912,7.059988606331947],[80.707364351713977,7.0599854432747939],[80.707367909042517,7.059982519140795],[80.707372233532283,7.0599808012120189],[80.707375886082247,7.059978181080945],[80.707377819256735,7.0599777825785237],[80.707378220803662,7.0599758640612862],[80.707380153978164,7.0599754655588658],[80.707380554626752,7.0599735470416283],[80.707383190283807,7.0599709964478352],[80.707384892591278,7.059969968543375],[80.707387681860226,7.0599663365548322],[80.707389631204393,7.0599651624436701],[80.707390684029903,7.0599630968281444],[80.707395636442072,7.0599581819648565],[80.70739942643425,7.0599555787721826],[80.707401077537739,7.0599539401872411],[80.707402332484193,7.0599521393484661],[80.707402892134624,7.0599503786274136],[80.70740405994448,7.0599492205632561],[80.707404666307283,7.0599475053088945],[80.707404666307283,7.0599451891806062],[80.707405834117182,7.0599417132051405],[80.707408168838597,7.0599387177504598],[80.707409335750128,7.0599343582941021],[80.707411471943885,7.0599318442517909],[80.707411670471586,7.0599297242543528],[80.707412837383117,7.059927886863842],[80.707413180539575,7.0599257115931469],[80.707414527114182,7.0599238554810126],[80.707415803620208,7.0599196324246645],[80.707418673737536,7.0599161787366311],[80.707418673737536,7.0599138617166677],[80.707417506825962,7.0599103866324571],[80.707416339016106,7.0599092285682108],[80.707416339016106,7.0599069115482092],[80.707414740913194,7.0599059308933567],[80.707411438706231,7.0599026537230545],[80.707410502661702,7.0599007218329586],[80.707409335750128,7.0598995637686865],[80.707407453779609,7.0598986990093922],[80.707405834117182,7.059894730923113],[80.707405819744125,7.0598900995574718],[80.707403127493222,7.059881293276371],[80.707401091910796,7.0598773982932963],[80.707399997762778,7.0598761671255907],[80.70739994566047,7.0598553371228858],[80.707398829952922,7.0598534783359312],[80.707398829952922,7.0598511622071838],[80.70739712764545,7.0598502234528953],[80.707393826336784,7.0598469471737211],[80.707391958739279,7.0598456072423934],[80.707389777629785,7.059844962684604],[80.70738804298297,7.0598435246877687],[80.707387157244099,7.0598415714013179],[80.707359836781379,7.0598211648616962],[80.707351017121894,7.0598135790491057],[80.707349105506978,7.0598123398576744],[80.7073198006658,7.0598045097726452],[80.707317478520764,7.059804417947678],[80.707284315415421,7.0597829264452461],[80.707277998462359,7.0597799711073081],[80.707273419749356,7.0597790626640364],[80.707266754249929,7.0597769435574209],[80.707264922585068,7.0597756446351223],[80.707258845482187,7.0597686088801384],[80.707246765836544,7.0597576879475268],[80.707244879374443,7.0597563497989517],[80.707236716383477,7.0597518485916586],[80.707234569409948,7.0597511300388369],[80.707229899967103,7.0597511300388369],[80.707227990148809,7.0597504034624672],[80.707223518335326,7.0597422889863983],[80.707218990826291,7.0597267242048627],[80.707215914994762,7.0597232642748127],[80.707212019899686,7.0597174891068377],[80.707210899700527,7.0597156329938517],[80.707209731890643,7.0597114794730027],[80.707208564979112,7.0597103205167642],[80.707208376332886,7.0597057640356802],[80.707205063346123,7.0596974462957292],[80.707205063346123,7.0596719608464751],[80.707204780376799,7.0596697606124463],[80.707203895536225,7.0596678073252201],[80.707203895536225,7.0596654903040221],[80.707202728624708,7.0596636529124543],[80.707202728624708,7.059656702740269],[80.707201561713134,7.0596548653486382],[80.707200312156573,7.0596537411609379],[80.707196300280501,7.0596517914397108],[80.707195200742618,7.0596503472017362],[80.70719301963311,7.0596499790102181],[80.707192182403247,7.059648030180437],[80.707187041344881,7.0596428879800186],[80.707185391139717,7.0596389332641296],[80.707185219561467,7.0596366866716718],[80.707184051751611,7.0596348501714736],[80.707184051751611,7.0596232659560147],[80.707183610678811,7.0596213866635269],[80.70718244376728,7.0596202285985559],[80.707181275957382,7.0596167535121701],[80.707175031767861,7.0596121194692403],[80.707172697046431,7.0596121194692403],[80.707170953416465,7.0596107037592892],[80.707165317386384,7.0596051104569204],[80.707162840731115,7.0596014945125969],[80.707161874143878,7.0595995751022853],[80.707160706334022,7.0595954215804317],[80.707159539422449,7.0595935850800684],[80.707159539422449,7.0595843169936998],[80.707149935533749,7.0595641466915708],[80.707148530568659,7.0595641466915708],[80.707145553551797,7.0595586309495975],[80.707141267689593,7.0595539541138175],[80.707138767678131,7.0595519856705611],[80.707130764587291,7.0595466910216782],[80.707120867847792,7.0595386229002974],[80.707114704506651,7.0595371019925333],[80.70711216227437,7.0595355115473737],[80.707108257297847,7.0595245130483235],[80.707108257297847,7.0595213312663807],[80.707109859892299,7.0595156265247789],[80.707109859892299,7.0595124447427979],[80.707109293953664,7.0595094956436331],[80.707108120753929,7.0595068764013709],[80.707105206619133,7.0595059180332633],[80.70710253952106,7.0595041537445056],[80.707090487723192,7.0595003773284644],[80.70708581468709,7.0594936847988148],[80.70708581468709,7.0594650496502291],[80.707085484107068,7.0594620033766962],[80.707084212092639,7.0594593449079417],[80.707084212092639,7.0594561631255655],[80.707081201838108,7.0594559687774154],[80.707078408077592,7.0594549809895328],[80.707076118271928,7.059452786994977],[80.707072934642554,7.0594527317216436],[80.707070369952433,7.0594511965495368],[80.707063957777919,7.0594511965495368],[80.707062355183453,7.0594496052125626],[80.707059447336889,7.0594488911168174],[80.707051119055862,7.0594448329846209],[80.707047912968619,7.0594448329846209],[80.707040931262256,7.0594403531704133],[80.707039327769465,7.0594387618334133],[80.70703327761602,7.0594380593272019],[80.707030236818767,7.0594370528176844],[80.707023852492057,7.0594368789741626],[80.707018105070858,7.0594352876371502],[80.707008599098515,7.0594350184025227],[80.707005944576863,7.0594336971916096],[80.706999532402378,7.0594336971916096],[80.706993784981179,7.0594321058545715],[80.706992374626182,7.0594300527177873],[80.706986771833755,7.059427503903998],[80.706974144215806,7.0594254409606343],[80.706964896958283,7.0594228190433741],[80.70695210854187,7.0594225605068344],[80.706945859860767,7.0594212455364111],[80.706920346808403,7.0594079888515129],[80.70690991107972,7.0594005911397764],[80.706895616188604,7.0593934073891935],[80.706892677799331,7.0593921949418261],[80.706876906077866,7.0593893483650296],[80.706868519406399,7.0593848052533943],[80.706858593920799,7.0593767611998182],[80.706854658401554,7.0593681501486314],[80.706850129994208,7.0593636453714961],[80.706844122061597,7.0593561923857138],[80.706824502855781,7.0593398145381077],[80.706819969058529,7.0593353151097631],[80.706818113139164,7.0593293134945263],[80.706818113139164,7.0593197681446265],[80.706824525313678,7.0593074279245629],[80.706824525313678,7.0592978825742048],[80.706822921820901,7.0592962921282307],[80.706822326237841,7.0592937014129369],[80.706819716631955,7.0592931103447105],[80.706819120150612,7.0592905205209],[80.706816510544712,7.0592899285611903],[80.706811749473687,7.0592873859871785],[80.706808494877407,7.0592832921933679],[80.706806276038677,7.0592819540434188],[80.706802083601232,7.059278246271508],[80.706799333858143,7.059277793386614],[80.706797730365366,7.0592762020490802],[80.706794525176448,7.0592762020490802],[80.706791654160781,7.0592753979109544],[80.706790379451405,7.0592730211569288],[80.706784450570524,7.0592725415268784],[80.706779822450187,7.0592698393732816],[80.706778635775692,7.0592672504408407],[80.706774296912869,7.0592645349145888],[80.706773135391188,7.0592618844682482],[80.706768326709494,7.0592571122384102],[80.706765120622251,7.0592571122384102],[80.706761914534979,7.0592539304546227],[80.706758801872539,7.0592538377380443],[80.706753899766014,7.0592491582246959],[80.70675072062825,7.0592490922532489],[80.706749184509121,7.0592465425469708],[80.706746548852067,7.0592459764408702],[80.706742403127024,7.0592427946570053],[80.70673956624735,7.0592424291396849],[80.706734965974789,7.0592398205939597],[80.70672930479185,7.059238022426964],[80.706724020003051,7.0592353202731255],[80.70671780815286,7.059234840643037],[80.706712999471137,7.0592332493053496],[80.706709793383894,7.0592332493053496],[80.706704045064399,7.0592316588591215],[80.706688015526467,7.0592316588591215],[80.706675643030067,7.059228526107999],[80.706666158617281,7.0592269410108024],[80.706663797844698,7.0592289005404023],[80.706661079542656,7.0592300675213968],[80.706657873455413,7.0592300675213968],[80.70665558903967,7.0592322748895748],[80.70665288241571,7.0592338198690108],[80.706649840720132,7.0592348263789617],[80.70664663732785,7.059234840643037],[80.706638029670799,7.0592305917267684],[80.706629739119023,7.0592257597656936],[80.706619848667742,7.0592177192753818],[80.706608756270612,7.059211356598782],[80.706575850083439,7.0591988041974396],[80.706569692132163,7.059197068435676],[80.706563376077412,7.059196297283159],[80.706557302567774,7.0591944001588276],[80.706549293188715,7.0591891866328806],[80.7065456029095,7.0591852720308852],[80.706541329623704,7.059181812988311],[80.706535834629122,7.0591791607584558],[80.706534231136359,7.0591775694205783],[80.706524612874588,7.0591775694205783],[80.706518245615868,7.0591711006542353],[80.706515659366161,7.0591696154055024],[80.706515145529821,7.0591669435624764],[80.70651354203703,7.0591653522245226],[80.706510850684438,7.0591648431746723],[80.706509247191647,7.0591632518367184],[80.70650552726805,7.0591555349619677],[80.706503924673612,7.0591539436239756],[80.706503924673612,7.0591189448849647],[80.70650552726805,7.0591132401384149],[80.706507130760841,7.0591116496918049],[80.706507130760841,7.0591084679070377],[80.706508733355307,7.0591059449451663],[80.706508769287922,7.0591027997120834],[80.706511939442578,7.059099581375504],[80.706511965493689,7.0590932285038415],[80.70651354203703,7.059090695735315],[80.706515581212713,7.0590892069203015],[80.706518482771102,7.0590835360505775],[80.706522329357142,7.0590784446597103],[80.70652307945042,7.0590755535056973],[80.706519103506963,7.0590669558214909],[80.706512302361944,7.0590602062292183],[80.706511087839658,7.0590573106175043],[80.706510336848083,7.0590542500771862],[80.706510707852331,7.0590447920892228],[80.706513603122474,7.0590391247850146],[80.706521606213343,7.0590338301302546],[80.706523583405286,7.0590315425255872],[80.706524597603249,7.0590285238858961],[80.706524763791563,7.0590253688457265],[80.706519263407074,7.0590139308220197],[80.706509937996117,7.058997275703911],[80.706503924673612,7.0589898485659113],[80.706498614731956,7.0589700624770648],[80.706498475493078,7.0589625595605687],[80.706496644726528,7.0589575234417623],[80.706495032250601,7.058948718925933],[80.706493152076717,7.0589437006370748],[80.706492302270462,7.0589365935489798],[80.706492302270462,7.0589330141511768],[80.706493103567666,7.0589277114716733],[80.706497257377549,7.0589198127256809],[80.706499388181427,7.0589148773466572],[80.70650112462485,7.058909793085971],[80.706501487544244,7.0589026779737818],[80.706502269078527,7.0588973654873302],[80.706504913718717,7.0588851161896695],[80.706504926295139,7.0588815376829936],[80.706506663636887,7.0588796824581452],[80.706506730112253,7.0588779582847705],[80.706507631122463,7.0588770632123339],[80.706508533031013,7.0588736951011066],[80.706509434939576,7.0588722767144008],[80.706509611009324,7.0588705587815417],[80.706510336848083,7.0588690672912877],[80.706511642100196,7.0588680491909503],[80.706513700140519,7.0588638154269212],[80.706514844594196,7.0588624968889082],[80.706515029647164,7.0588608903943131],[80.706517370656769,7.0588567725260454],[80.706518541161586,7.0588536424468806],[80.706519646089376,7.0588522552628286],[80.706522800074353,7.0588459951044626],[80.706522959974464,7.0588442424027331],[80.706525664801788,7.0588399854593051],[80.706526566710352,7.0588373011332894],[80.706527434482922,7.0588358675908589],[80.706529223926964,7.0588340444600846],[80.706529876103858,7.0588325502952127],[80.706531150813234,7.0588312852474635],[80.706533701130326,7.0588269641154797],[80.70653378018207,7.0588162589052228],[80.706532462353522,7.0588152523943437],[80.706530407008174,7.0588127998598891],[80.706528868194084,7.058812167781781],[80.706526742780142,7.0588098837420192],[80.706526566710352,7.05879753013574],[80.706527294345733,7.0587959111598471],[80.706527468618873,7.0587923718787362],[80.706528370527423,7.0587914776976568],[80.706528732548492,7.0587898364340651],[80.706530173446197,7.0587891633465851],[80.706530910064743,7.0587876763136119],[80.706532878273521,7.0587854306085154],[80.706534361392059,7.058782461000078],[80.70653468209062,7.0587808027978065],[80.70653468209062,7.0587718538545277],[80.70653378018207,7.0587709596733976],[80.706532848629124,7.058767526481418],[80.706531977263296,7.0587586212217097],[80.706531977263296,7.0587514624233547],[80.70653243360745,7.0587497658862146],[80.706534564411314,7.0587448305053329],[80.70653468209062,7.0587359056320347],[80.706523630117672,7.0587075637422698],[80.706518264480479,7.0587003764148992],[80.706513943583971,7.0586925382875316],[80.706513955262068,7.0586835911255417],[80.706514844594196,7.0586746858642053],[80.706514844594196,7.0586711064643914],[80.706514832916085,7.0586693181017495],[80.706513943583971,7.0586640216597463],[80.706513943583971,7.0586514942057716],[80.706511375300565,7.0586344771228182],[80.706511697795762,7.0586321904076881],[80.706512482923316,7.058628619031091],[80.706512482923316,7.0586264134430436],[80.706512850334263,7.0586220361441825],[80.706514329859516,7.058618682295223],[80.706514329859516,7.0586120851440475],[80.706513960651947,7.0586069670028078],[80.706513962448582,7.0585945055187924],[80.706514697270492,7.0585879484850977],[80.706515778842103,7.058583699562889],[80.706514671219352,7.0585771951279481],[80.706513464781921,7.0585729658187946],[80.706511760677813,7.0585689058959202],[80.706511744508148,7.0585579127229243],[80.706511131857113,7.058555921987745],[80.706510682699474,7.0585553514232569],[80.706510636885426,7.0585546373261252],[80.70651042128975,7.0585539927665293],[80.706509897571905,7.0585534739094511],[80.706509664908253,7.0585527794254386],[80.706509431346277,7.0585513512311744],[80.706508789949183,7.0585492820433515],[80.706508789949183,7.058547816405766],[80.706508552793949,7.0585471388604075],[80.706508107229567,7.0585465656214046],[80.70650751883305,7.0585452488654941],[80.706506996911884,7.0585447300083777],[80.706506943012954,7.058544019477246],[80.70650657380537,7.0585434382146692],[80.706505835390189,7.0585427045043794],[80.706505835390189,7.0585419716855489],[80.706504844548434,7.0585411274283638],[80.706504357661572,7.0585391286695485],[80.706504357661572,7.0585295984589864],[80.706503988454003,7.058529232049584],[80.706503988454003,7.0585284992307527],[80.706503619246391,7.0585281328213503],[80.706503619246391,7.0585273991110222],[80.706502634692839,7.0585254957433898],[80.706502511623668,7.0585247923442829],[80.706502100195266,7.0585244348499749],[80.706501437238572,7.0585232518200662],[80.706501033895023,7.0585227659486733],[80.706500544313201,7.0585215258622984],[80.706499222891395,7.0585208697131039],[80.706498358712096,7.0585197526547061],[80.706497755044239,7.0585194308206374],[80.706496970814968,7.0585182861255475],[80.706487737930516,7.0585050909287359],[80.706487737930516,7.0585040817426918],[80.706487459452745,7.0585036252910225],[80.706486999515334,7.0585016684328981],[80.706486999515334,7.0585009347225318],[80.706486630307751,7.0585005683130655],[80.706486504543633,7.0584999594137088],[80.706486260201842,7.0584994690847935],[80.706485180426867,7.0584988601854111],[80.706485152579091,7.0584981550032468],[80.706484442011728,7.0584981273665548],[80.706484172517122,7.0584975211417005],[80.706483305642905,7.0584966251770043],[80.706483270608572,7.0584959280184378],[80.706482649872711,7.0584956436276647],[80.706481779405223,7.0584946201774317],[80.706481190110395,7.0584941940370083],[80.706480861326995,7.0584937286703076],[80.706480720291481,7.0584931358180452],[80.706480720291481,7.0584924029991498],[80.706479981876342,7.0584903766034008],[80.706479981876342,7.0584896437845313],[80.70647924346116,7.0584877475487975],[80.706478874253577,7.058487381139356],[80.70647879071025,7.0584866821977448],[80.70647796066693,7.0584847592167774],[80.70647743874575,7.0584842403596353],[80.70647739652496,7.0584835253708667],[80.70647709289436,7.0584828629810552],[80.706476498209653,7.0584824698263811],[80.706475885558632,7.0584812324144455],[80.706475362739127,7.0584807144487751],[80.70647481117355,7.0584796901070321],[80.706474441965966,7.0584793236975907],[80.706474362914221,7.0584786229729355],[80.706473334343215,7.0584775799095567],[80.706473311885347,7.0584768684868004],[80.706472225822168,7.0584755321175425],[80.706471535017727,7.0584743499790292],[80.706470816365481,7.0584735699102206],[80.706469059260797,7.0584724697903631],[80.706468343303513,7.0584723761821095],[80.706467083865476,7.0584717369714687],[80.706466685911792,7.0584713981987068],[80.706465975344429,7.058471370561989],[80.706465642069475,7.0584708525963062],[80.706463501384121,7.0584691712137451],[80.706462992937688,7.058468942987929],[80.706462762070643,7.0584684383948373],[80.706461569107958,7.0584677581748618],[80.706459938665702,7.0584661400892701],[80.706459668272799,7.0584655178172708],[80.706458817568247,7.0584648028284764],[80.706458583107946,7.0584641074528527],[80.70645808993288,7.0584635716570441],[80.706453389049003,7.0584589063997809],[80.706452951569432,7.0584583358351791],[80.706452718007469,7.0584576404595678],[80.706451505281819,7.0584558235678463],[80.706451106429839,7.0584544203354787],[80.706450219792657,7.0584532471119701],[80.70644891364222,7.0584526480191032],[80.706447726069428,7.0584517903891486],[80.706446372308292,7.0584500617566492],[80.706446366918414,7.0584485961187706],[80.706445987829341,7.0584442223842414],[80.706442136751718,7.0584379666778627],[80.70644163818676,7.0584374487121417],[80.706441023739075,7.0584370421848632],[80.706440579971343,7.0584364769692547],[80.706439480433431,7.0584345682522214],[80.706437668531521,7.0584289918742584],[80.706436770216214,7.058426989548896],[80.706436783690947,7.0584159972640634],[80.706440040982159,7.05841024793349],[80.706441065061583,7.0584091950633292],[80.706441202503825,7.0584085184092773],[80.706442337076027,7.0584067790785241],[80.706442570638018,7.0584060837028106],[80.706442958710227,7.0584054828268741],[80.706443220119951,7.0584041241697379],[80.706443481529703,7.0584034983315993],[80.706444003450883,7.0584029803658401],[80.706444526270388,7.0584017286895619],[80.706447224809509,7.0583948605170876],[80.706447224809509,7.0583938905570927],[80.706446956213213,7.0583934670911086],[80.706446956213213,7.058392399956821],[80.706446687616946,7.0583913756148871],[80.706446680430432,7.0583903093720846],[80.706446439681955,7.0583898315241624],[80.706446149526116,7.0583888321444048],[80.706446149526116,7.0583845618241989],[80.706447089163888,7.0583821841740724],[80.706447279606735,7.058381194600881],[80.706447727866049,7.0583804475177194],[80.706447762900339,7.0583799482735827],[80.706448032394931,7.0583795248075862],[80.706448032394931,7.0583789916861788],[80.706448300991198,7.0583785682201947],[80.706448309076038,7.0583780377733021],[80.706448569587465,7.0583776107412683],[80.706448569587465,7.0583765436069559],[80.706449107678324,7.058375068162257],[80.706449377172916,7.0583740420372525],[80.706449377172916,7.0583729740114052],[80.70644991436545,7.0583720825040146],[80.706449979942462,7.0583715752363307],[80.706450990547182,7.0583692742557638],[80.706450990547182,7.0583676722169741],[80.706451528638041,7.0583662449136595],[80.706451509773387,7.0583641124279648],[80.706451259143449,7.0583630854114388],[80.706451262736692,7.0583614842641325],[80.706451784657887,7.0583594124009288],[80.706452890484002,7.0583558410222711],[80.706453791494226,7.0583533349949192],[80.706455038355827,7.0583515947724269],[80.706456932902782,7.0583483675155492],[80.706457894998437,7.0583464579066257],[80.706458267799306,7.0583454594183141],[80.706458840026116,7.0583445581043058],[80.706459386201814,7.0583430550227622],[80.706459596407598,7.0583420137420596],[80.706459596407598,7.0583361369249946],[80.706459328709641,7.0583334820157893],[80.706458310020096,7.0583304437583863],[80.706458001897957,7.0583300220753582],[80.706457525790853,7.0583297760192893],[80.706457127837183,7.0583294220908153],[80.706455251256571,7.0583275169393502],[80.7064540367343,7.0583251357229049],[80.706452748550191,7.0583227928412535],[80.706452436834766,7.0583223640261741],[80.706451318432258,7.0583212121985124],[80.706448907354044,7.0583183415444077],[80.706446621141623,7.058316086030481],[80.70644336205379,7.0583142165392676],[80.706441851985772,7.0583136566725626],[80.706440801855223,7.0583134551918789],[80.706440263764364,7.0583134551918789],[80.706439251363037,7.0583131886311428],[80.706437637988785,7.0583131886311428],[80.706437151101895,7.0583130656030768],[80.706435023891302,7.0583114885263232],[80.706434249543534,7.0583107530326332],[80.706433287447879,7.0583102760761189],[80.706432467285993,7.0583096020964682],[80.706431076693946,7.0583080981232875],[80.706430436195163,7.0583072592147396],[80.706429043806466,7.0583064622070228],[80.706426557269751,7.0583054619356025],[80.70642559337746,7.058304989436623],[80.706424071631361,7.058304461664183],[80.706423628761911,7.0583041835138118],[80.706422582224633,7.0583041139762379],[80.706420869137361,7.0583032099876251],[80.706420331046502,7.0583016079486063],[80.706420404708368,7.058300571125387],[80.706420600541094,7.0583001102159919],[80.706420600541094,7.0582969150530097],[80.706420062450235,7.0582949528449381],[80.706420062450235,7.0582944188319443],[80.706419810921986,7.0582939891253176],[80.706419793853968,7.0582929282313298],[80.706419255763109,7.0582920821906683],[80.706419234203551,7.0582915695738633],[80.706418986268545,7.0582912807254168],[80.706418781452641,7.058290831405607],[80.706418449075983,7.0582905906985953],[80.706418322413526,7.0582901092845081],[80.706417591184888,7.0582893327814453],[80.706417109687919,7.0582883779768819],[80.706416493443641,7.0582875301532004],[80.706416028116308,7.0582872814225652],[80.706415900555555,7.0582867777208174],[80.706415601416552,7.0582863417736119],[80.706415221429182,7.0582854306529237],[80.706415221429182,7.0582843626268597],[80.706408983527837,7.0582822479709604],[80.706408983527837,7.0582791205624442],[80.706406315531453,7.0582741388181596],[80.706405147721597,7.0582729807498037],[80.706403147173461,7.0582726500005126],[80.706399645540486,7.0582691740124908],[80.706398583731797,7.0582672938229853],[80.706396591268515,7.0582664745275316],[80.706392123048275,7.0582620401687688],[80.706391474464652,7.0582599897012965],[80.706391474464652,7.0582507215882107],[80.706391223834686,7.0582486541820586],[80.706390307553079,7.0582472464915078],[80.70639019526368,7.0582426391801087],[80.706388106680663,7.0582384945611114],[80.706387762625894,7.0582316014239685],[80.706385379395442,7.058222654253111],[80.706379638262447,7.0582125802163365],[80.706374685850292,7.0582076653344101],[80.706371940598785,7.0582039361576712],[80.706370633550037,7.0581995178454546],[80.706370463768465,7.0581925881559391],[80.706369049820211,7.0581882937632097],[80.706362768799735,7.0581854124102028],[80.706359466592758,7.0581821361192478],[80.706347854071097,7.0581648194724185],[80.706346202967595,7.0581631808811034],[80.706345066598757,7.0581611749886086],[80.706336873963366,7.0581572675099364],[80.706333315736529,7.0581543442558692],[80.706331143610171,7.0581536631439006],[80.706328808888756,7.0581536631439006],[80.70632695835927,7.0581525041837558],[80.706325883075877,7.0581511241296937],[80.706323940019885,7.0581501880464979],[80.706322240407374,7.0581486662426451],[80.70632143821183,7.0581466790717222],[80.706320247045781,7.0581455308096528],[80.706319103490415,7.0581436836054641],[80.706316768768986,7.0581413665766322],[80.706315094309304,7.0581404171207947],[80.706311183044548,7.058136286764995],[80.706309765503008,7.0581353765354979],[80.706307430781592,7.0581330595066287],[80.706301160540917,7.0581316527072433],[80.706300427515657,7.0581300640402684],[80.706299259705801,7.0581289050800731],[80.706298092794228,7.0581254299824536],[80.706298092794228,7.0581231129535338],[80.706296960916958,7.0581212621831915],[80.706296924984372,7.058109692193959],[80.706297715501819,7.0581076996738528],[80.706299259705801,7.0581060182899682],[80.706299259705801,7.0580828497822203],[80.706299109687151,7.0580806816348991],[80.706298092794228,7.0580793737927605],[80.706297985894722,7.0580747843098219],[80.706296924984372,7.0580729032280436],[80.706296924984372,7.0580705861988564],[80.706295758072812,7.0580687496924499],[80.706296006007818,7.0580642181574103],[80.706296924984372,7.0580622791275802],[80.706296924984372,7.0580530110105508],[80.706296108415785,7.0580484776923393],[80.706295263999408,7.0580463523372696],[80.706293968628756,7.0580444240054128],[80.706293423351383,7.0580422710135755],[80.706293379333928,7.0580306921073142],[80.706290221755708,7.0580171500999827],[80.706289248880253,7.058015142423808],[80.70627274143861,7.057998760071226],[80.706270543261084,7.057998433779292],[80.706266117261677,7.0579970474841671],[80.706257764726175,7.0579929028629937],[80.706233029614822,7.0579861086796107],[80.706230989540828,7.057985127129152],[80.706229338437325,7.0579834885372144],[80.706227281295341,7.0579824107038975],[80.706225401121443,7.057978422096463],[80.706222143830232,7.0579751146012519],[80.706221099987872,7.0579730418448339],[80.706217825628656,7.0579697459391824],[80.706215184581723,7.0579659338502934],[80.706214139841038,7.0579638619853089],[80.706210547478207,7.0579508780601756],[80.706210486392763,7.0579463046231092],[80.706208212756778,7.0579432485329594],[80.706208212756778,7.0579386153647965],[80.706207045845247,7.0579374564041304],[80.706207045845247,7.0579212389778245],[80.706208212756778,7.057920080017082],[80.706208212756778,7.0579154468486776],[80.706209379668351,7.0579119717494549],[80.706209379668351,7.0579096547194657],[80.706210547478207,7.0579078173209275],[80.706210547478207,7.0578985500922773],[80.706209379668351,7.0578973920229933],[80.706201209490843,7.0578843260772324],[80.706201209490843,7.0578796920169493],[80.706200041680987,7.0578785339476138],[80.706200041680987,7.0578762169174594],[80.706198874769427,7.0578750588481496],[80.706198874769427,7.0578727418179703],[80.706196540047998,7.0578697463498923],[80.70619643764006,7.0578675318431623],[80.706195269830161,7.0578663728823052],[80.706193038415009,7.057866271250365],[80.706191902046172,7.0578646513796546],[80.706189709258567,7.0578640558520878],[80.706180197896344,7.0578549606837111],[80.706173367106942,7.0578547886225724],[80.706166507571396,7.057853630553212],[80.706161864179705,7.057853425506261],[80.706152787602065,7.0578513135228924],[80.706150452880635,7.0578513135228924],[80.706140511225399,7.0578461249440707],[80.706137009592453,7.0578449668746588],[80.706135627983514,7.0578433354143009],[80.706133760386038,7.0578419446611953],[80.706128159390246,7.0578382342032038],[80.70612416907376,7.0578362541630089],[80.706117092145973,7.057825538231751],[80.706116039320435,7.0578240993371599],[80.706114776289141,7.0578218215330537],[80.70611320064414,7.0578197362948165],[80.706112534992528,7.0578172213494943],[80.706111393233769,7.0578148775737759],[80.706110405086974,7.057811202775909],[80.706109869691076,7.0578104307295675],[80.706109748418498,7.0578092476978265],[80.706107900583959,7.0578071722661173],[80.706107778413099,7.0578059901258987],[80.706105930578531,7.0578031506713952],[80.70610576439023,7.057801915932143],[80.706104836430526,7.0578009941123865],[80.706104617241607,7.0577997807693498],[80.70610333983727,7.0577975903329939],[80.706103303904641,7.0577962949711353],[80.706102431640502,7.0577953499721584],[80.706101990567689,7.0577942284544699],[80.706101990567689,7.0577929250690516],[80.706101334797552,7.0577922733763243],[80.706101311441358,7.0577896764120664],[80.706100678129062,7.0577886333470978],[80.706100678129062,7.0577873308531762],[80.706100021460585,7.0577862975948245],[80.706099875933518,7.057785138633764],[80.706099364792138,7.0577843425166407],[80.706099261485875,7.057783081032091],[80.706098708123662,7.0577820058728191],[80.706097646315001,7.0577813532885942],[80.70609739478671,7.0577802050256091],[80.70609739478671,7.0577762948692149],[80.706096081449758,7.0577720040386431],[80.706095978143523,7.0577708031766369],[80.70609542478131,7.0577700489604336],[80.70609542478131,7.0577687455749389],[80.706094768112834,7.0577662930349119],[80.706092948126042,7.0577644351310944],[80.706088844621831,7.0577616803696603],[80.706087532183204,7.0577603769841657],[80.706086415577317,7.0577599062676581],[80.706085449888377,7.0577590735986462],[80.706082977724733,7.0577584219058798],[80.706080351949154,7.0577584219058798],[80.706077832174799,7.0577577702131133],[80.706069953051411,7.0577577702131133],[80.706068911904012,7.0577571185203469],[80.7060676246182,7.0577570079733114],[80.706066440638665,7.0577564668276063],[80.706062510509298,7.0577564249266986],[80.706061336411224,7.0577558427716083],[80.706060029362476,7.0577558160263365],[80.706056516949729,7.0577545126408294],[80.706046011152466,7.0577545126408294],[80.706045359873869,7.0577538199386654],[80.706042818539942,7.0577531700289056],[80.706040469445469,7.0577520039356791],[80.706039195634389,7.0577497715982007],[80.706038279352825,7.0577446712775957],[80.706037864331165,7.0577434347551717],[80.706036572553757,7.0577411863704844],[80.706035605068223,7.057738781080281],[80.706030688588683,7.0577326742463411],[80.706029301589865,7.057730478460611],[80.706024978896721,7.0577255885358099],[80.706020981393706,7.0577204302668477],[80.706017901070595,7.0577179946652588],[80.706014590778764,7.0577159201246387],[80.706013589157223,7.0577135175088372],[80.706012830979148,7.0577126028209527],[80.706009241311236,7.0577110132610308],[80.706004800938786,7.0577082335370251],[80.706003872080785,7.0577073117170785],[80.706002712355769,7.0577069444155045],[80.706001413391874,7.0577068855759295],[80.705999064297387,7.0577057194825894],[80.705995880668041,7.057703422064753],[80.705991424125912,7.057700664628447],[80.705987808406903,7.0576991463891812],[80.705982553262487,7.0576952558452826],[80.705979757705308,7.0576925028664474],[80.705979208834677,7.0576914250324307],[80.705978072465854,7.0576910675374736],[80.705976969334685,7.0576903864248184],[80.705975046939969,7.0576886996903374],[80.705974612155373,7.057687827794858],[80.705974612155373,7.0576813117577117],[80.705973955486897,7.0576806600648441],[80.705973955486897,7.0576780532933592],[80.705973733603017,7.0576769701102728],[80.705972906254644,7.0576761900401417],[80.705972612505519,7.0576749561920433],[80.705972025905666,7.0576737900986517],[80.705971329711318,7.0576731482123627],[80.705971329711318,7.0576705414408396],[80.705970673042856,7.0576695081821956],[80.705970673042856,7.0576682047964461],[80.70597001637438,7.0576675531035526],[80.705969359705904,7.0576651005630042],[80.705968703037428,7.0576644488701108],[80.705968603324422,7.0576462451526751],[80.705968046368952,7.0576451708846069],[80.705967389700476,7.0576445191916752],[80.705967154341863,7.0576432710793746],[80.705966470723951,7.0576421745235693],[80.705966076363552,7.0576410333923292],[80.705966032346097,7.0576397398130579],[80.705964995690238,7.057637451309998],[80.705963131686033,7.0576346332506779],[80.705960922728764,7.0576326603417057],[80.705959510577131,7.0576309566683548],[80.705958562854491,7.0576302354377471],[80.705957365400224,7.0576298797257202],[80.70595550858252,7.0576280369769924],[80.70595444138398,7.0576274476896605],[80.705952530667389,7.0576257324267235],[80.705952288122234,7.0576245288897947],[80.705952288122234,7.0576167094658571],[80.705951631453743,7.0576156762070976],[80.70595097478531,7.0576132236662694],[80.70595097478531,7.0576067076281186],[80.70595031901513,7.057605674369321],[80.70595031901513,7.0576043709833938],[80.705949005678207,7.0576026860316148],[80.705949005678207,7.0576013826456876],[80.705945065667379,7.0575942149143254],[80.705945065667379,7.0575929115283342],[80.705944408998903,7.057592259835352],[80.705943950858099,7.0575911534728029],[80.705943752330413,7.0575899321056461],[80.705943752330413,7.0575873253336656],[80.705943486429106,7.0575861316032382],[80.705941581102365,7.0575827376288602],[80.705941126554833,7.0575815412239171],[80.705941126554833,7.0575802378378887],[80.705939285008512,7.0575768340568672],[80.705937268290697,7.0575679893968397],[80.705939978507899,7.0575620671029835],[80.705941554152915,7.0575599818635757],[80.705944561712485,7.0575574731573694],[80.705945363908043,7.0575564809079072],[80.705947380625858,7.0575531297257417],[80.705949495260029,7.057548362827327],[80.705950404355079,7.0575445783717337],[80.705952699550636,7.0575414045997507],[80.705954665962778,7.0575380186486267],[80.705959407270853,7.0575317968073437],[80.7059621606072,7.0575290063841942],[80.705964509701673,7.0575243437920578],[80.705964763924925,7.0575231001369731],[80.705964617499518,7.0575205085202466],[80.705964107256449,7.057517951672363],[80.705964107256449,7.0575010094345147],[80.705963458672812,7.0574971634644115],[80.705963450587973,7.057495860969663],[80.705962881056067,7.0574946913097509],[80.705962137251021,7.0574922111315042],[80.705962137251021,7.0574883018642023],[80.705961886621054,7.0574871010014588],[80.705961150002523,7.0574860427801545],[80.705960240009148,7.0574853955445667],[80.705960167245607,7.0574841643705257],[80.705959510577131,7.0574831311114608],[80.705959077589171,7.0574819293572197],[80.70595827898687,7.0574809148198678],[80.705958197240179,7.0574796444193844],[80.705956228133061,7.0574748365107833],[80.705953729019939,7.0574705349792861],[80.70595246868362,7.0574691049986704],[80.705952288122234,7.0574679808056651],[80.705948588859911,7.0574641303777597],[80.705947375235937,7.0574638914533212],[80.705946718567489,7.0574632406516322],[80.705944185318387,7.0574630177743645],[80.705943064220904,7.0574625568641425],[80.705940985519348,7.0574612151429008],[80.705938636424875,7.0574600499404596],[80.705936175040989,7.0574591539737535],[80.705931612497665,7.0574565962340294],[80.705929173571647,7.0574556280550809],[80.70592659810174,7.0574553793240389],[80.70592542310537,7.0574547962770442],[80.705921774148663,7.057453808484925],[80.705921260312309,7.0574528144522271],[80.705919996382733,7.0574526967730264],[80.70591706428165,7.0574509743773017],[80.705915430246122,7.0574494677268325],[80.705914862510895,7.0574483979158673],[80.705914205842419,7.0574477462226559],[80.705912236735315,7.0574467129635146],[80.705912067852012,7.0574454791148309],[80.705910956636018,7.0574449950253761],[80.70591048232555,7.0574439064926731],[80.7059089515963,7.0574420619601881],[80.705907716412781,7.0574417365593565],[80.705906983387521,7.0574407790784957],[80.705906326719045,7.0574397458193676],[80.705906300667877,7.0574384531310326],[80.705905482302668,7.0574374528577426],[80.705905013382122,7.0574362600184442],[80.70590489480449,7.0574336808823919],[80.705904357611928,7.0574325040902632],[80.705904278560183,7.0574312327981561],[80.705903044275018,7.0574291341854831],[80.705903044275018,7.0574134953308514],[80.70590311524191,7.0574122035340006],[80.705903700943452,7.0574096912609683],[80.705903783588482,7.0574032090972638],[80.705904357611928,7.0574021419606998],[80.705904357611928,7.0573943225330087],[80.705904139321333,7.0573936137831401],[80.705922514360466,7.057379597474231],[80.705905431098699,7.0573471028508168],[80.705858451904291,7.0573244977390317],[80.70583852188139,7.0573040117440913],[80.705812896539626,7.057272929266448],[80.705795814176156,7.057246792881692],[80.705783001505282,7.0571789775283342],[80.705783712970984,7.057136592481644],[80.705795814176156,7.0570885570416655],[80.705831384766483,7.0570719009627494],[80.705862723393466,7.0570850248796031],[80.705894042257526,7.057105510884238],[80.705933903201625,7.0571083360788656],[80.705963086770268,7.0571040978411697],[80.706002236248679,7.0570885570416655],[80.706037825703575,7.0570624197550194],[80.706064874875125,7.0570497050405576],[80.706094058443753,7.0570193286217542],[80.706119682887234,7.0570009626241239],[80.706133919387852,7.0569967243854483],[80.70615384941074,7.0569790635713945],[80.706151828201357,7.0569509346449557],[80.706149806093663,7.0569228057168241]]]},"properties":{"OBJECTID":24,"Division":"3","Field_No":"03","Shape_Length":1127.1693591512187,"Shape_Area":35056.316569995557}},{"type":"Feature","id":25,"geometry":{"type":"Polygon","coordinates":[[[80.71124285130935,7.0632446893969281],[80.711236691561453,7.0632304352353126],[80.711220388037376,7.0631990170610637],[80.711143646759268,7.0630798620869601],[80.71113180876047,7.0630436476412388],[80.711132411530045,7.0630143119946442],[80.711132141137099,7.0630011623925339],[80.711073208061222,7.062878667813318],[80.711063967990214,7.0628608628010321],[80.711042412016667,7.0628292939383615],[80.711023010203149,7.0627999172692526],[80.710958185077303,7.0626915127795451],[80.710946598606739,7.0626623518444447],[80.710872325899061,7.0625365265339148],[80.710867311503165,7.0625045582573787],[80.710894480150614,7.0624522058425798],[80.710920567226466,7.0624389644000702],[80.710944767840189,7.0624998734279112],[80.711002834940174,7.0625736102311336],[80.711057252185142,7.0626182984136614],[80.711100958816985,7.0626440538247843],[80.711127842698488,7.0626602381000536],[80.711145800919326,7.0626842862881087],[80.711172850090833,7.0627154201091411],[80.711212327454305,7.0627614250218427],[80.711238666956774,7.0628153205861004],[80.711249144007922,7.0628627028544049],[80.71127035772335,7.0629097427823462],[80.711308263933404,7.0629525195594836],[80.711336170996034,7.0629706820591567],[80.711361654403987,7.0629829553191428],[80.711388344249414,7.0629966041608983],[80.71140649650637,7.0630053461948075],[80.711411139898075,7.0630101442394269],[80.71143556868391,7.0630219093442648],[80.711489941013085,7.0630285046495223],[80.71162113457045,7.0630258470927716],[80.711684985024206,7.0630366582938811],[80.711736106350401,7.0630410293104733],[80.711750438072457,7.0630193293478207],[80.711740211651275,7.0629797165050583],[80.711681505849114,7.0629475405400308],[80.711638992179985,7.0629270663835344],[80.711584650393505,7.0629349490141395],[80.711535842229182,7.0629339603422148],[80.711493957380739,7.0629233042594297],[80.711478120082276,7.0629069408021543],[80.711478639308496,7.0628816953428881],[80.711492218242327,7.0628484611620026],[80.71150572081936,7.0628355834623191],[80.711543787827864,7.0628233208964266],[80.711643301398396,7.0628016360790289],[80.711654251861717,7.0627903220670198],[80.711664853778686,7.062768628333103],[80.711656520107809,7.0627201263324313],[80.711640053090321,7.0626798261182664],[80.711635649548825,7.0626618953968974],[80.711629526631839,7.0626441367342112],[80.711559256817054,7.062552205332814],[80.71151171707389,7.0624985584662534],[80.711439151165251,7.0624483786351409],[80.711381773073114,7.0623992534426279],[80.711324755205382,7.0623671621296547],[80.711308385205982,7.0623502494888779],[80.711285090094009,7.0623319149053696],[80.711262713958604,7.0623139841705145],[80.711243088464585,7.0622995418737977],[80.711216969947728,7.0622869628112408],[80.711196043693164,7.0622873871651715],[80.711124500965624,7.0623088785512458],[80.711089993082297,7.0623000990611784],[80.711082985324765,7.0622776903213298],[80.711092870386167,7.0622490214681006],[80.711137465451813,7.0622064880054314],[80.711163953176282,7.062193731531865],[80.711175094082421,7.0621822204835007],[80.711168266886276,7.0621624193756682],[80.711163863344751,7.0621409823643315],[80.711187051557189,7.0621124659491477],[80.711240286619244,7.0620705681135751],[80.711240142888769,7.0620635466575257],[80.711230632424872,7.06203596452991],[80.7112177505837,7.0620111407028094],[80.711213288651678,7.0619826037751077],[80.711231569367712,7.0619295862418365],[80.711249233839467,7.061903715787329],[80.711259198850911,7.0618732327071481],[80.711280686552513,7.0618680325838925],[80.711287381696309,7.0618657574742505],[80.711288474946002,7.061867089376217],[80.711310201599474,7.0618935571381556],[80.711330111859439,7.0619125469919561],[80.711417357138146,7.0620156320816152],[80.711434192464878,7.0620411227507445],[80.711541728889216,7.0621700996487995],[80.711664554639725,7.0623399945675454],[80.711671505803366,7.0623542166626043],[80.711682462554904,7.0623702636570682],[80.711891762829595,7.0626618953968974],[80.711907223733931,7.0626935311334016],[80.711928575789912,7.0626930987563812],[80.711975952938005,7.0626810456889828],[80.711982489080015,7.0626742925834174],[80.712046414093933,7.0626755879315999],[80.712134710401543,7.0626953043250147],[80.712199734055076,7.0627306950529753],[80.7122215235906,7.0627973506440522],[80.712264698419773,7.0628447721401351],[80.712306363180971,7.0629209908205164],[80.712340433584757,7.0629655648576568],[80.712346820606413,7.0630497998715152],[80.712357380302592,7.0630804246223793],[80.71235903050777,7.0630798638699535],[80.712383198782177,7.0630716513874576],[80.712402581731055,7.0630456954130123],[80.712442315114401,7.0630077995985205],[80.712459904127641,7.0629896255108271],[80.712500700217959,7.0629256872351922],[80.712516299462891,7.0628892088938233],[80.712540472228838,7.0628775668124462],[80.712609938051457,7.0628708226247241],[80.712652173242859,7.0629026357551776],[80.712698197528113,7.0629551316502175],[80.712718422198449,7.0629965150110321],[80.712734239733962,7.0630172075815496],[80.71272234783622,7.0631360799668812],[80.712709535165331,7.0632151968594226],[80.712702416915022,7.0632505162277592],[80.712713805756181,7.0633063222149204],[80.712734448143095,7.0633875581684178],[80.712755090530024,7.0634645550367026],[80.712755801995726,7.0635012883010173],[80.712751999427113,7.0635196504745901],[80.712725689569098,7.063500576886022],[80.712693222658089,7.0634800225192693],[80.712675683052169,7.0634729859291356],[80.712655530247076,7.0634729859291356],[80.71263966959242,7.0634768746414407],[80.712626794937762,7.063493725727696],[80.712616158884785,7.0635133547194817],[80.712607575482266,7.0635363161278155],[80.712601044730135,7.0635502047660541],[80.712584624425048,7.0635655750725226],[80.712565965518309,7.063576129509781],[80.712546932912375,7.0635827961269291],[80.712525660806449,7.0635835369612412],[80.712497671997141,7.0635729816326265],[80.712468562988647,7.063557056815049],[80.712434630925429,7.0635484092903171],[80.712397657166662,7.0635439090113525],[80.71236841520755,7.0635363321747704],[80.712342052348887,7.0635253908266993],[80.712323766242974,7.0635076134756973],[80.712308652088311,7.0634698371597722],[80.712280662380692,7.063422061803216],[80.712233267266285,7.0633461382911964],[80.712216100461234,7.0633178064903932],[80.712161242143438,7.0633098436314921],[80.712125602382869,7.0633292871995597],[80.712080446768468,7.0633478053920626],[80.712037343804511,7.0633496570329601],[80.711973134922971,7.0633530010411807],[80.711822910556293,7.0633307207280467],[80.711672399627076,7.0633083976219613],[80.711522902895823,7.0632802494674412],[80.711371711043597,7.0632610519507724],[80.71124285130935,7.0632446893969281]]]},"properties":{"OBJECTID":25,"Division":"3","Field_No":"06","Shape_Length":953.31633633836145,"Shape_Area":13883.749803819055}},{"type":"Feature","id":26,"geometry":{"type":"Polygon","coordinates":[[[80.707007320795881,7.0604280909818087],[80.707002257890949,7.0605663310475046],[80.706998501136411,7.0606689038229833],[80.706983727443244,7.0607549597038242],[80.706963879167049,7.0607566107670099],[80.706920145585755,7.0607597756018885],[80.706837691022471,7.0607742420172865],[80.706683714392895,7.0608117662581469],[80.70651424901115,7.0608474825286516],[80.706385782738991,7.0608732514109498],[80.706277361474122,7.0608945003740269],[80.706117462251839,7.0609406142311579],[80.705982163393642,7.0609785904501994],[80.705955741246214,7.0609785904501994],[80.705954374908657,7.0609713567999961],[80.705962574730563,7.0609609583162376],[80.705984896068742,7.0609487518652791],[80.706016329917176,7.0609383542724826],[80.706076006798114,7.0609184612866693],[80.706120651271107,7.060897665207964],[80.706171217438452,7.0608633058082422],[80.706223606287509,7.0608366320502496],[80.706274627900683,7.0608000117951395],[80.706307883532503,7.0607783108358158],[80.706374849343703,7.0607570627588929],[80.706460492926226,7.0607353617975717],[80.706567092407738,7.060705523196952],[80.706688430548112,7.0606819714731524],[80.706739557264186,7.0606616024137212],[80.706790498029022,7.0606297507944857],[80.706833414143389,7.060589381752469],[80.706915889367934,7.0605062365990037],[80.706963097632766,7.0604606825626881],[80.707007320795881,7.0604280909818087]]]},"properties":{"OBJECTID":26,"Division":"3","Field_No":"10A","Shape_Length":290.07131784029161,"Shape_Area":1627.2322226267017}},{"type":"Feature","id":27,"geometry":{"type":"Polygon","coordinates":[[[80.706855712125375,7.0612583304334544],[80.706844308012862,7.061260693804762],[80.706839313379859,7.0612542286335396],[80.706776675651753,7.0612174960822678],[80.706705494945254,7.0611821756671977],[80.70664641544397,7.0611666350046489],[80.706625773955366,7.0611645159043945],[80.706555305612895,7.0611652219739716],[80.706488396395613,7.0611588646731578],[80.706432875121138,7.0611638089432818],[80.706377354745001,7.0611623968041268],[80.706323258198594,7.0611779374668169],[80.706280550493346,7.0611842947673633],[80.706211505082308,7.0612132569907322],[80.706186592104544,7.0612231473127531],[80.706114728678443,7.0612236269407811],[80.706099239926317,7.061236738258847],[80.706080106709067,7.0612683847908659],[80.706104251627281,7.0613371035275643],[80.706042295720451,7.061384574205964],[80.705960296602996,7.0614374696659974],[80.705920208385123,7.061375983696669],[80.705897886148634,7.0613172114504099],[80.705873285784563,7.0612959625067342],[80.705820442388003,7.0613267059434692],[80.705729331658617,7.0613624212827339],[80.705638676375074,7.0613994934845881],[80.705577930498947,7.0614307423958236],[80.705558043595175,7.0614374696659974],[80.70551476635805,7.0614573617379737],[80.705466477419975,7.0614704721579269],[80.705404522411442,7.0614917210935619],[80.705367623212837,7.0615134220194129],[80.705365800531126,7.0614917210935619],[80.705368989550394,7.0614297840316977],[80.705373089461347,7.0613741757314541],[80.705380378391567,7.0613312267485133],[80.70539176723274,7.0613031961518482],[80.705415455806758,7.0612683847908659],[80.705467389209986,7.0612200110091168],[80.705520688052403,7.0611738962883503],[80.705618176820309,7.0611133151586367],[80.705701998619475,7.0610694621682804],[80.705774431577439,7.0610292251069415],[80.705815430687039,7.0610129498413592],[80.705848230872988,7.0610084290332233],[80.705875108466302,7.061015210691175],[80.705889230880871,7.0610269651487112],[80.705907907753939,7.0610351027813181],[80.705931140882129,7.0610328419315911],[80.705984440622871,7.0610161146744952],[80.70611062876749,7.0609781384585197],[80.706241827714734,7.0609428750813299],[80.706373938451975,7.0609098716602583],[80.70647370444911,7.0608881707061002],[80.706534293120086,7.0608764162450397],[80.706589870090113,7.060864661783687],[80.70665820313711,7.0608538113056794],[80.706719247253943,7.0608420568437404],[80.706792135657778,7.060821260761613],[80.706864568615757,7.060803628621608],[80.70692470184089,7.0607954909849049],[80.706962056485338,7.0607959429767879],[80.706978912473346,7.0607982038276722],[80.707008978187602,7.0608167399515818],[80.707035400335016,7.0608596889822817],[80.707097356241874,7.0610034562333457],[80.707135622676319,7.0610893542560822],[80.707170244645695,7.0611634987005916],[80.70705863346322,7.0612036448170601],[80.706855712125375,7.0612583304334544]]]},"properties":{"OBJECTID":27,"Division":"3","Field_No":"10A","Shape_Length":500.05092915197969,"Shape_Area":6863.2370330131616}},{"type":"Feature","id":28,"geometry":{"type":"Polygon","coordinates":[[[80.705927114633042,7.0626344398978507],[80.705850330235805,7.0624343990308756],[80.705806490653316,7.0623201881174884],[80.705716803753674,7.0622001004079262],[80.705650606002067,7.0621139190944175],[80.705544548204685,7.0620008946889383],[80.705497569010234,7.0619782898045376],[80.705447031589003,7.0619274297020516],[80.705407170644904,7.0618490186577585],[80.705381545303098,7.061752947859822],[80.705360903814523,7.0616300348359804],[80.705361615280225,7.0615353770220937],[80.705367623212837,7.0615134220194129],[80.705404522411442,7.0614917210935619],[80.705466477419975,7.0614704721579269],[80.70551476635805,7.0614573617379737],[80.705558043595175,7.0614374696659974],[80.705577930498947,7.0614307423958236],[80.705638676375074,7.0613994934845881],[80.705729331658617,7.0613624212827339],[80.705820442388003,7.0613267059434692],[80.705873285784563,7.0612959625067342],[80.705897886148634,7.0613172114504099],[80.705920208385123,7.061375983696669],[80.705960296602996,7.0614374696659974],[80.706042295720451,7.061384574205964],[80.706104251627281,7.0613371035275643],[80.706080106709067,7.0612683847908659],[80.706099239926317,7.061236738258847],[80.706114728678443,7.0612236269407811],[80.706186592104544,7.0612231473127531],[80.706211505082308,7.0612132569907322],[80.706280550493346,7.0611842947673633],[80.706323258198594,7.0611779374668169],[80.706377354745001,7.0611623968041268],[80.706432875121138,7.0611638089432818],[80.706488396395613,7.0611588646731578],[80.706555305612895,7.0611652219739716],[80.706625773955366,7.0611645159043945],[80.70664641544397,7.0611666350046489],[80.706705494945254,7.0611821756671977],[80.706776675651753,7.0612174960822678],[80.706791464616273,7.061226168612647],[80.706801071199891,7.0612318020130074],[80.706810521476697,7.0612432845569604],[80.706831483663862,7.0612641180632369],[80.706873479903408,7.0613990414933294],[80.706902664370332,7.0614159951779811],[80.706978114769356,7.0615212485095125],[80.70698523301968,7.0616003656783048],[80.707000180986014,7.0617211605038213],[80.706997590244711,7.0617842279496914],[80.706972078988983,7.0618538505914294],[80.706934268000367,7.0619153356057138],[80.70683268021979,7.0620166056000153],[80.7067456694014,7.0620007823598767],[80.706735191451926,7.0620333328209428],[80.706742935827975,7.062105216269674],[80.706757969134259,7.0621287251290115],[80.706897367903423,7.0622571207447322],[80.706890078973203,7.0622846984016334],[80.706848168971945,7.0623416625635462],[80.706836186344376,7.0623401550374831],[80.706822767310655,7.0623231086707685],[80.706776409750418,7.0623040118538194],[80.706703230292433,7.0623016975203301],[80.706633256921677,7.0623112454831709],[80.706534711735017,7.062341048320234],[80.706458908298089,7.0623673778725813],[80.706381937949587,7.062401809372056],[80.70624549104447,7.0624767488237126],[80.706137032948632,7.0625184139411266],[80.706050149690967,7.0625707850699024],[80.705927114633042,7.0626344398978507]]]},"properties":{"OBJECTID":28,"Division":"3","Field_No":"10NC","Shape_Length":610.35575677528391,"Shape_Area":19666.273784612917}},{"type":"Feature","id":29,"geometry":{"type":"Polygon","coordinates":[[[80.705301731786733,7.0618827307547836],[80.705259201049628,7.0619035811707587],[80.705234601583882,7.0619031291799574],[80.705194968811838,7.0618904707630819],[80.705157613269066,7.0618601802461374],[80.705106135311738,7.0618439041182937],[80.705058302717788,7.061857015418803],[80.705031425124503,7.0618796203091447],[80.705015025480662,7.0619198564049812],[80.705006824760432,7.061964162196964],[80.70497404343908,7.0619988424550373],[80.704930292789797,7.0620143447550854],[80.704867425991267,7.062007563111802],[80.704806837320291,7.061987671063477],[80.70480200887566,7.0619287357503442],[80.7047853900429,7.0618344105273412],[80.704761774232395,7.0617189629540276],[80.704751570269082,7.0616437345332281],[80.704735534442946,7.0615823939060505],[80.70472037357591,7.0615172920266476],[80.704690051841808,7.0614744687587061],[80.704672449353822,7.0614555528815544],[80.704641927295413,7.0614266192013986],[80.704620061403048,7.0614040142889323],[80.704617736563094,7.0613778255389903],[80.704595021762827,7.0613610581767654],[80.704573595146698,7.0613452411547133],[80.704540532652658,7.0613419818246514],[80.704523483526884,7.0613298698829716],[80.704506595199504,7.0613060257783493],[80.704478384506331,7.0612855649217368],[80.704466084773472,7.0612652199594601],[80.704454369843859,7.0612484597251894],[80.704441420629024,7.0612387673170893],[80.704431461905799,7.0612313125785029],[80.7044032503143,7.0612248099637815],[80.70438681833113,7.0612127773626918],[80.704367229668051,7.0611915284142333],[80.704348551896643,7.0611526482295943],[80.704336707609642,7.0611232616474338],[80.704326229660154,7.0610920670970945],[80.704325774214297,7.0610604205530532],[80.704338984838884,7.0610464052467048],[80.704351285470068,7.0610369107478945],[80.704372240470704,7.061033293923245],[80.704391829133769,7.0610364587562415],[80.704407773331738,7.0610378156226483],[80.704435562715048,7.0610409795641225],[80.704479295398059,7.0610721750094063],[80.704513461921564,7.0610929710802486],[80.704545350317531,7.0611128631670592],[80.70456311719721,7.0611417977583164],[80.704586805771243,7.0611702794647817],[80.704611861581157,7.0611793219693686],[80.704654683372425,7.0612014749013641],[80.704682016411581,7.0612272437639039],[80.70469613792784,7.0612439719049025],[80.704721649183583,7.061242163047643],[80.70476720454829,7.0612534655079662],[80.704785882319683,7.061272905596482],[80.704832348576076,7.0612927985670284],[80.704909883964888,7.0613433966377874],[80.704942828779593,7.0613726209526533],[80.704991518366313,7.0614220983973093],[80.705037583974075,7.0614657891009571],[80.705080150643838,7.0614831493078114],[80.705132630222735,7.0614996420831826],[80.705176071851525,7.0615031135894339],[80.705190941664455,7.0615427533036987],[80.705180736802816,7.061560692983444],[80.705118053260605,7.0615823939060505],[80.705053036793615,7.0616136428048941],[80.70512738226482,7.0617099935630652],[80.705153622054269,7.0616880038001151],[80.705179570789554,7.0616735365217824],[80.705201728634364,7.061660226411365],[80.705228843382912,7.0616547294158858],[80.705276075003923,7.0616498101130523],[80.705281322961781,7.061660226411365],[80.705267911114618,7.0616946579634838],[80.70526499608151,7.0617209884441463],[80.70526528713566,7.0617383486413825],[80.705273451024951,7.0617748056775502],[80.705294734808987,7.0618263085688406],[80.705307854703719,7.0618726033076662],[80.705301731786733,7.0618827307547836]]]},"properties":{"OBJECTID":29,"Division":"3","Field_No":"10NC","Shape_Length":389.35857576537825,"Shape_Area":4113.0347402778889}},{"type":"Feature","id":30,"geometry":{"type":"Polygon","coordinates":[[[80.702867465351744,7.060110562316618],[80.702855888762684,7.0601168732736079],[80.702840143990684,7.0601148486679772],[80.702801368211439,7.0600809946929601],[80.702764923560366,7.0600292027599858],[80.702735184832889,7.0599866690932007],[80.702727021841895,7.0599345874107531],[80.70271127796822,7.0598816373970825],[80.702701073106596,7.0598376576963284],[80.702693493122226,7.0598327383741442],[80.702686667722716,7.0597729014752062],[80.702727952496545,7.0597291045225719],[80.702798685841998,7.0596140415539912],[80.702810067496657,7.0596040415424257],[80.702825555350486,7.0595916344670524],[80.702842722155552,7.0595814499134573],[80.702859635635733,7.0595525027435135],[80.702875295067741,7.0595306047030526],[80.702888819204333,7.059523540416178],[80.702906613931816,7.0595065866621907],[80.702958575182791,7.0594408907481219],[80.703002707616093,7.0594627896843534],[80.70302833205956,7.0595044675543406],[80.702983488160555,7.0596824814954156],[80.702867465351744,7.060110562316618]]]},"properties":{"OBJECTID":30,"Division":"3","Field_No":"2B","Shape_Length":176.64711287431243,"Shape_Area":1482.5923304641985}},{"type":"Feature","id":31,"geometry":{"type":"Polygon","coordinates":[[[80.702930872037768,7.0600662563471097],[80.702967309502299,7.0599018905952677],[80.703003746068532,7.0597375238935216],[80.703031093480746,7.0596141583411347],[80.703055693844789,7.0595291631392003],[80.703081204202235,7.0594785283183024],[80.703104438228763,7.0594482376434238],[80.703134959388848,7.0594202078241759],[80.703165937791411,7.0593976028136591],[80.703205570563426,7.0593691201065534],[80.703271625482898,7.0593392814178193],[80.703303058432994,7.0593270749241146],[80.703350436479411,7.0593144164367452],[80.703388247468041,7.0593085387405248],[80.703420135863979,7.059307634753833],[80.703452024259931,7.0592967842393248],[80.70348801346519,7.0592877425894169],[80.703520812752799,7.0592710152692053],[80.703565001779964,7.0592244483607489],[80.703623312323387,7.0591570861821733],[80.703671144917308,7.05912001380063],[80.703728089123175,7.0590802285632668],[80.703795055832657,7.0590359233865936],[80.703865210663096,7.0589956861483909],[80.703911676919446,7.0589730811171378],[80.703970442908698,7.0589382695808176],[80.704013721044177,7.058909787736952],[80.704059731854699,7.0588781401520677],[80.704056998281303,7.0589057189019728],[80.704055175599592,7.0589599706264483],[80.704057453727131,7.058994330167514],[80.704068387122462,7.0590345665143088],[80.704100730964271,7.0590621452548632],[80.704136264723658,7.0590901750958031],[80.704185919100979,7.059118656928562],[80.704211430356722,7.0591421668311973],[80.704241041523446,7.0591801431979047],[80.704263819205778,7.0592181195614705],[80.70430299653195,7.0592606167471912],[80.704369962343122,7.0593171292881767],[80.704416429497854,7.0593415422758161],[80.704490684239232,7.0593881082809826],[80.704540794960707,7.0594373871321983],[80.704620972294748,7.0595391096621061],[80.704682016411581,7.0596408321696469],[80.704751715796164,7.0597610899294994],[80.704804560091048,7.0598668812148206],[80.70477904883532,7.0598772797231844],[80.704728027222103,7.0598827045279346],[80.704673816589676,7.0598768277304371],[80.704610494345303,7.0598727589039685],[80.704533961476358,7.059873662889502],[80.704421895746307,7.0598799916798241],[80.704309830016314,7.0598903901879204],[80.704247875007795,7.0598980758477916],[80.704177719279073,7.0598998847103047],[80.704104375429395,7.0599044055292541],[80.704042420420876,7.0599166120077692],[80.703972265590451,7.0599292704786496],[80.703912587811175,7.0599559442889692],[80.703867032446468,7.059985330945274],[80.703794144042647,7.0600436513681695],[80.703758611181584,7.0600667092312008],[80.703724900103921,7.0600680652089611],[80.703711660733262,7.0600618202225913],[80.703650445936503,7.0600314448930135],[80.703583678653047,7.05999120863292],[80.703547690346127,7.0599735764612754],[80.703518534625275,7.0599550403035876],[80.703474156951927,7.0599264399522168],[80.703445047943433,7.05991144039068],[80.703398269073332,7.0598890342096388],[80.703366380677394,7.0598750188678467],[80.703313991828338,7.0598673332075945],[80.703261147533411,7.0598799916798241],[80.70320739234684,7.0599003367030271],[80.703154092606084,7.0599297233628819],[80.703076193399582,7.0599880437927611],[80.70299920508478,7.0600504330402547],[80.70296048320445,7.0600811756683024],[80.702941349987213,7.0600852444929263],[80.702930872037768,7.0600662563471097]]]},"properties":{"OBJECTID":31,"Division":"3","Field_No":"2B","Shape_Length":571.65751188686647,"Shape_Area":14717.30192380987}},{"type":"Feature","id":32,"geometry":{"type":"Polygon","coordinates":[[[80.703471357801504,7.0592552097652774],[80.703465611278602,7.0592471264831973],[80.703453430123361,7.0592192749529188],[80.703441248968119,7.059185024192268],[80.70343480086099,7.0591629808189316],[80.703432571242459,7.0591433632321063],[80.70342178337421,7.0591122559158581],[80.703413782079963,7.0590969674799453],[80.703404752214752,7.0590814695396622],[80.703397063534211,7.0590614133283811],[80.703386225360333,7.0590370868020464],[80.703376523555249,7.0590122289368145],[80.703378680410253,7.0590092495232231],[80.703425146666646,7.0589798628049474],[80.703523546326252,7.0589007451879899],[80.703556801059719,7.058869550487783],[80.70359506749422,7.0588347389436388],[80.703634245718703,7.0587922417187974],[80.703652011700058,7.0587633069805733],[80.703649279024987,7.0587388939624258],[80.703634245718703,7.0587099592208684],[80.703597801067616,7.0586792165017558],[80.703499857752192,7.0585924131519526],[80.703467513012058,7.0585652872689648],[80.703460861885716,7.05853647911057],[80.703448616950084,7.0584615390206134],[80.70348068770403,7.0584459144649676],[80.703517715361713,7.0584291327323996],[80.703559116018212,7.0584164020083868],[80.703585938814285,7.0584091683181214],[80.703621216553827,7.0583932540208396],[80.703664075176007,7.0583761825464695],[80.703690314965456,7.0583680814188829],[80.703721802712835,7.0583553498016682],[80.703754748425837,7.0583429088155265],[80.703785944220741,7.0583449334289181],[80.703814516934955,7.0583573753065192],[80.703823554885048,7.0583692385954739],[80.703768451327193,7.0584190061011958],[80.703746876489006,7.0584476511210781],[80.703722385719445,7.0584884482734269],[80.703695562923372,7.0585136217603539],[80.70369002301301,7.0585382157663368],[80.703701101935408,7.0585593373511504],[80.703757663458944,7.0586117089281295],[80.703789443158769,7.0586357243409514],[80.703830260808644,7.0586736285371581],[80.703859415631186,7.0587014052137063],[80.703885947373095,7.0587338123743466],[80.703913645128253,7.0587766350044854],[80.703929680056078,7.0587893657185878],[80.703954753832306,7.0588020973238299],[80.703984492559769,7.0588440525118505],[80.703993822462294,7.0588790628612088],[80.703984492559769,7.0588946874021987],[80.703943674909894,7.0589152303831639],[80.70388390640079,7.058947926376832],[80.703816557907302,7.0589869877225198],[80.703748625508894,7.0590321255705843],[80.703699644868024,7.0590639532291366],[80.703632587428686,7.0591108268317893],[80.703579815897328,7.059160883105668],[80.703540748165594,7.0592086250251294],[80.703496431577676,7.0592447934128062],[80.703471357801504,7.0592552097652774]]]},"properties":{"OBJECTID":32,"Division":"3","Field_No":"2B","Shape_Length":308.58076878344963,"Shape_Area":2997.0744217994124}},{"type":"Feature","id":33,"geometry":{"type":"Polygon","coordinates":[[[80.705492116236485,7.0596877779257268],[80.705437778043262,7.0596951970290229],[80.705391511212852,7.0596867197094992],[80.705350421373467,7.0596735940834154],[80.705289777905264,7.0596675238266942],[80.705221554452706,7.0596692595866903],[80.705118053260605,7.0596802545162811],[80.70505245378699,7.0596924075103971],[80.705017758155762,7.0597028238528177],[80.704967028495034,7.0597285749687408],[80.704913673957037,7.0597705300727567],[80.704851281469004,7.0598185607767752],[80.704804560091048,7.0598668812148206],[80.70480276974871,7.0598632973666966],[80.704798673431014,7.0598550964166504],[80.704751715796164,7.0597610899294994],[80.704682016411581,7.0596408321696469],[80.704620972294748,7.0595391096621061],[80.704540794960707,7.0594373871321983],[80.704490684239232,7.0593881082809826],[80.704416429497854,7.0593415422758161],[80.704379151210162,7.0593219567907495],[80.704369962343122,7.0593171292881767],[80.704390407100689,7.0593127225761556],[80.704423773225287,7.0593049967888293],[80.704460475692827,7.0592774029071812],[80.704508299303612,7.0592387712917573],[80.7045839284674,7.0591604043670255],[80.704615771947587,7.0591184394011144],[80.704575030654496,7.059091971480389],[80.704600611080537,7.0590709996928824],[80.704628415735201,7.0590445094817866],[80.704645098348365,7.0590213303229969],[80.70464621046267,7.0589926327397414],[80.704629992278527,7.0589609468257768],[80.704600075684638,7.0589476722975597],[80.704567599790465,7.0589207283026703],[80.704546316006429,7.0588984486675797],[80.704533660540733,7.0588812051510912],[80.704512204280149,7.0588631485801097],[80.704511913225986,7.0588538893941664],[80.704515994272342,7.0588489709530338],[80.704528531160435,7.0588423158572411],[80.704536112043144,7.0588379760036988],[80.704546316006429,7.0588382648518024],[80.704556520868053,7.0588411586818332],[80.704574013761615,7.0588547577214333],[80.70459267356668,7.0588712505905162],[80.704611915480072,7.0588862965441201],[80.704625035374789,7.0588935302269302],[80.704635531290577,7.0588961343170551],[80.704642529166634,7.0588978700799512],[80.704653025082422,7.0588967129046827],[80.704670517975927,7.0588912149848584],[80.704684803883893,7.0588845598896635],[80.704690343794269,7.0588854282169047],[80.704684220877283,7.0588972914923236],[80.704670809928416,7.0589163884498651],[80.704676931947077,7.0589253578950242],[80.704692384766574,7.0589302763353299],[80.704709877660122,7.0589213068902721],[80.704724163568102,7.0589065506773885],[80.704742240366556,7.0588773262067139],[80.70476323219809,7.0588686465002519],[80.704782766063943,7.0588750118560881],[80.704802299929796,7.0588883220466556],[80.704819210715016,7.0589074181130824],[80.704819210715016,7.0589195711274648],[80.704808422846781,7.0589317232500459],[80.704791221007426,7.0589383783445667],[80.704791804014036,7.0589486681100455],[80.704799092944256,7.0589495720974371],[80.704832804021891,7.0589509280784659],[80.704857404385976,7.0589581617602581],[80.704877448494912,7.0589699162700326],[80.704895670820434,7.0589794108112969],[80.704907970553293,7.0589794108112969],[80.704923459305448,7.0589726291235122],[80.704956532579246,7.0589519773813425],[80.704968485562432,7.0589716529241713],[80.70500463826103,7.0590460143440596],[80.705039870186482,7.0591149821410379],[80.705056850141986,7.0591612771512544],[80.705088055818322,7.0592281641566528],[80.705105013315929,7.0592632440143994],[80.705125076289505,7.0592977319097647],[80.705143705551848,7.0593275982378492],[80.705156723038641,7.0593597156153667],[80.705166396097624,7.0593767817044215],[80.705177382493531,7.0593947963546233],[80.705203535146396,7.0594143515254162],[80.705232554323331,7.0594407802014549],[80.70525870787452,7.0594643640826478],[80.705297996591781,7.0594962452018075],[80.705325344003995,7.0595235038644804],[80.705342302399927,7.0595366589144861],[80.705364124274809,7.0595494716261378],[80.705418352873565,7.0596035788513349],[80.705467625466895,7.0596559503101126],[80.705492116236485,7.0596877779257268]]]},"properties":{"OBJECTID":33,"Division":"3","Field_No":"2A","Shape_Length":420.9160609421192,"Shape_Area":6036.3071787144809}},{"type":"Feature","id":34,"geometry":{"type":"Polygon","coordinates":[[[80.704479258567105,7.0599128864108458],[80.704552146970968,7.059903628137417],[80.704618913356128,7.0599059424829029],[80.704698215731099,7.0599076782420083],[80.704784515982126,7.0599033383984526],[80.704814545763767,7.0598981302295511],[80.704885684249433,7.0600109741734745],[80.704832913616386,7.0600083700896477],[80.704752444329856,7.0599904303496759],[80.704635084827885,7.0599571184001819],[80.704580409766407,7.0599415982010667],[80.704529989126158,7.0599305364148428],[80.70450141731024,7.0599261965715039],[80.704485090429927,7.0599206986639436],[80.704481350743421,7.0599156893007011],[80.704479258567105,7.0599128864108458]]]},"properties":{"OBJECTID":34,"Division":"3","Field_No":"2B","Shape_Length":99.347926444514627,"Shape_Area":279.86551564074284}},{"type":"Feature","id":35,"geometry":{"type":"Polygon","coordinates":[[[80.704818569317922,7.0598955145555031],[80.704850289728896,7.0598682933579449],[80.704907014745842,7.059823664640569],[80.704973255616579,7.0597714438650474],[80.705014866478862,7.0597466306144607],[80.705073083597469,7.0597242235339461],[80.705160036923715,7.0597103347808261],[80.70520612498936,7.0597045943813654],[80.705296064315633,7.0596968168932825],[80.705372940341007,7.0597047798143819],[80.70541604420329,7.0597140389832651],[80.705466611268932,7.0597270014628215],[80.705507848432049,7.0597418155973592],[80.705521843285865,7.059748666811255],[80.705689755480464,7.0601020858962249],[80.705812185073896,7.0603931235418349],[80.705779903215856,7.0603964247792161],[80.705724297499771,7.0603951285331643],[80.705689031438339,7.0603834623184252],[80.705661064188604,7.0603677852290101],[80.705635665222246,7.0603419824414138],[80.705600212311253,7.0602993908556222],[80.705536583741349,7.060242725987492],[80.70544888481345,7.0601779136583316],[80.705367902588875,7.0601192116886802],[80.705315282872803,7.0600908787986887],[80.705270873758423,7.0600760646753216],[80.705205752188533,7.0600642130196647],[80.705146228919489,7.0600531022036765],[80.705078867849608,7.0600336584979031],[80.705024196381387,7.060023288521176],[80.704954223010645,7.0600164373113383],[80.704888728639929,7.0600114368641584],[80.704856639021358,7.0599584164304749],[80.704818569317922,7.0598955145555031]]]},"properties":{"OBJECTID":35,"Division":"3","Field_No":"2A","Shape_Length":295.5942613276822,"Shape_Area":3878.3938918317685}},{"type":"Feature","id":36,"geometry":{"type":"Polygon","coordinates":[[[80.702994194282127,7.0601530594203696],[80.703017934060156,7.0601447666505468],[80.70304200441818,7.0601308779100469],[80.703058237873663,7.0601160637879774],[80.703073725727492,7.0600966200848756],[80.703083801231742,7.0600775463551031],[80.703089399532587,7.0600538430436117],[80.703108245288917,7.0600223622483123],[80.703143698199938,7.0599916231823974],[80.703181016911756,7.0599712532010637],[80.703212365420228,7.0599531057391802],[80.703230651526141,7.0599429203020136],[80.70327114218928,7.0599327357561412],[80.703306595100258,7.0599256991120782],[80.703332158458338,7.0599219949113321],[80.70337283597101,7.0599295878542048],[80.70341183453246,7.0599432911678317],[80.703464640199812,7.0599623649031003],[80.703510543212488,7.0599814377460968],[80.703549914574779,7.0600027339998483],[80.703599548290839,7.0600366218577975],[80.703635934551443,7.0600629167726705],[80.703677731364948,7.0600921750455932],[80.703696204320465,7.060103101319311],[80.703719155377684,7.0601121750474025],[80.703739494134027,7.0601160637879774],[80.703757780239954,7.060111619640395],[80.703772875529978,7.0600992598283696],[80.703819142360373,7.0600674714672369],[80.703856156543353,7.0600392152434353],[80.703904558669151,7.0600060147354506],[80.703987128216795,7.0599848227878494],[80.704064991490682,7.0599627571650316],[80.704131623128589,7.059950915313002],[80.704194973220723,7.0599473831728217],[80.704220598562529,7.0599537404902506],[80.704260174740682,7.0599717684905388],[80.704281129741318,7.0599600140062346],[80.704311196353856,7.059960917991603],[80.704342173858137,7.0599695076356594],[80.704381351184296,7.0599762893088389],[80.704404360631983,7.0599804107331456],[80.704433915204859,7.0599767930087545],[80.704459203678411,7.0599736968143683],[80.704493417812614,7.0599695076356594],[80.70452712799198,7.0599771932941691],[80.704569494337406,7.0599884957854453],[80.704642382741227,7.0600120047523616],[80.704705249539771,7.0600309929004057],[80.704780434037474,7.0600485885181641],[80.704838452628408,7.0600564007689712],[80.704885101242823,7.0600595834387345],[80.7049315136003,7.0600618853024137],[80.704986562360901,7.0600592945913947],[80.70502883707816,7.0600662385170345],[80.705073736672688,7.0600792589345041],[80.705129824784095,7.0600960949889613],[80.70529701203823,7.0605305612650442],[80.705329812224207,7.0606160082750646],[80.705322978739829,7.0606422300537695],[80.705293823018977,7.060667999838989],[80.705252823909404,7.0606960295826289],[80.705232778902172,7.0607159216864996],[80.705204990417158,7.0607453082945373],[80.70517583559463,7.0607801196948818],[80.705150779784717,7.060805437480572],[80.705108868885134,7.0608316592485139],[80.705100669063228,7.0608162870682278],[80.705077435935038,7.0607846405052817],[80.705042813965662,7.0607525419482764],[80.705000447620222,7.0607321969625403],[80.70494076984096,7.0607199905055635],[80.704902958852358,7.0607181825377658],[80.704830982238519,7.0607236073326565],[80.704738960617448,7.0607457602864452],[80.704632816581778,7.0607588707265636],[80.704552639247737,7.0607674612472824],[80.704534872368043,7.0607737900253653],[80.704506628437215,7.0607855444890344],[80.704468362002714,7.0607896133074872],[80.704450139677192,7.0607837365215165],[80.704432373695795,7.0607656523881657],[80.704394107261351,7.0607303889947808],[80.704362674311227,7.0607145657106356],[80.704320763411658,7.0606982895424872],[80.704281585187175,7.0606942207232457],[80.704216897503557,7.0607032632371318],[80.70416177508109,7.0607163736784591],[80.704091164804808,7.060737622648749],[80.704082964982902,7.0607308409867269],[80.704060642746384,7.0607037152291161],[80.704030120687975,7.0606847271086801],[80.703974542819694,7.0606521756611968],[80.703932631920111,7.0606119394550966],[80.703894365485624,7.0605866216588087],[80.703855188159451,7.0605513582517725],[80.703803255654563,7.0605043403715264],[80.703754511270603,7.0604659112298576],[80.70368663366942,7.0604220581781165],[80.703609189908789,7.0603714234549129],[80.703519446415285,7.0603239526725341],[80.703421502201522,7.0602791947310788],[80.703390069251427,7.0602697011080151],[80.703359091747174,7.0602642754163227],[80.703327203351208,7.0602611114695311],[80.703282558878229,7.060243931300608],[80.703231992710883,7.0602249431613044],[80.703190992703,7.0602086678674532],[80.703162293326287,7.0601946525352925],[80.703130859477881,7.0601856109029661],[80.703107626349691,7.0601838020415855],[80.703091226705837,7.0601801852102692],[80.703067538131819,7.06016255393736],[80.703048860360425,7.0601593890983843],[80.703006038569157,7.0601661707688033],[80.702994194282127,7.0601530594203696]]]},"properties":{"OBJECTID":36,"Division":"3","Field_No":"2B","Shape_Length":624.37525682620742,"Shape_Area":15437.872257667987}},{"type":"Feature","id":37,"geometry":{"type":"Polygon","coordinates":[[[80.705337009526261,7.0606180150484326],[80.705289671005744,7.0605114830957261],[80.705155090799749,7.0601516365800858],[80.705135219167374,7.0601006933668691],[80.705155185122862,7.0601042121333641],[80.705203139887672,7.0601171746019924],[80.705231689245736,7.0601219896151761],[80.70526470412905,7.0601313406006163],[80.705316017694713,7.0601504375072563],[80.705376078156291,7.0601750314262066],[80.705462086454858,7.0602389763226121],[80.705544595815397,7.0603133375388181],[80.705586579478506,7.0603463222808482],[80.70565626089676,7.0604284957243379],[80.705650137979802,7.0604374660316562],[80.705602032298017,7.060462927368107],[80.705537306885191,7.060491283414394],[80.705481037314087,7.0605190599818615],[80.705436429672019,7.06054770487171],[80.705337009526261,7.0606180150484326]]]},"properties":{"OBJECTID":37,"Division":"3","Field_No":"2A","Shape_Length":174.45030759090145,"Shape_Area":1571.2436406586257}},{"type":"Feature","id":38,"geometry":{"type":"Polygon","coordinates":[[[80.705533899575286,7.0597461705980393],[80.705549388327412,7.0597036734569096],[80.705544377524774,7.0596331465055009],[80.705537999486239,7.0595232863372113],[80.705547110199873,7.0594410039692903],[80.705585376634332,7.0593388294245116],[80.705645054413594,7.059246149392945],[80.70571019844138,7.0591837600370075],[80.705756664697773,7.059155729310219],[80.705818164260421,7.0591421668311973],[80.705847319981302,7.0591462356640902],[80.705887863644989,7.0591747174934012],[80.70593934160236,7.0592701103910045],[80.705988996878034,7.0593781626463423],[80.706044118402147,7.0595223823509903],[80.706107439748223,7.0596760956460951],[80.706159828597279,7.0597796260949721],[80.706242739504759,7.0599220377035321],[80.706301050048154,7.0600269240752853],[80.706353894343067,7.0600888613249548],[80.706393982560911,7.0601114663017066],[80.706423138281778,7.0601214128120811],[80.706441360607329,7.0601300024531604],[80.706485093290283,7.0601372361165051],[80.706552514547312,7.0601254816363737],[80.706598525357833,7.060091122179287],[80.70668189171117,7.0599930166035421],[80.70675113564991,7.0599148040368034],[80.706837235576614,7.059837946543821],[80.706906024069511,7.0597588299650731],[80.706943835058112,7.059759281957974],[80.706990301314505,7.0597687755915199],[80.707029023194835,7.0597615419223994],[80.70707685578877,7.0597547611375617],[80.707131521867069,7.0597384849356359],[80.707147010619195,7.0597217576317348],[80.707184366161968,7.059758377972198],[80.707213977328692,7.0597859557780884],[80.707240854921977,7.059804039949733],[80.707254521890718,7.0598081087767994],[80.707265454387723,7.0598157944380064],[80.707276387783025,7.0598487970456318],[80.70728094313985,7.0598840613977512],[80.707275932337211,7.0599152560295639],[80.707274565999654,7.0599577531512532],[80.707277298674754,7.0599997982764044],[80.707286410286684,7.0600454602300973],[80.707307365287306,7.0600906701867174],[80.707341076364983,7.0601489905963311],[80.707347909849346,7.0601887757417634],[80.707332876543049,7.0602389584925369],[80.707302354484639,7.0603289254797019],[80.70729278742688,7.0603786562230075],[80.707274565999654,7.0603990012242779],[80.707265822697011,7.0603957222744809],[80.707252191660871,7.0603962473700133],[80.707213977328692,7.0604066770691229],[80.707191526633096,7.0604163953482741],[80.707174568237164,7.0604219654617539],[80.70716179060058,7.0604254022074686],[80.70714698277142,7.0604261127357004],[80.707134562664308,7.0604227945599316],[80.707124624602329,7.060418593795748],[80.707107454203978,7.0603990921576081],[80.707091810043281,7.0603829737745007],[80.707095512000592,7.0603681596604844],[80.707099213957875,7.0603510936079807],[80.707099572385673,7.0603449306437902],[80.707090735658227,7.0603302350985242],[80.70707616588264,7.0603138795730178],[80.707063029818215,7.0603066503699425],[80.707047649762245,7.0603010125008145],[80.707024815486051,7.0602978797568925],[80.707000693025734,7.0602995397367376],[80.706978958287422,7.0603040427217438],[80.706956387217588,7.0603112719248573],[80.706927249463035,7.0603193311177597],[80.706892855665757,7.0603322490051506],[80.706851656231876,7.0603523969861977],[80.706819417492952,7.0603727954788509],[80.706725749259959,7.0604247576505061],[80.706692163048118,7.0604371647035142],[80.706661374190077,7.0604464238577531],[80.706631332730339,7.0604508680021034],[80.706592148217638,7.0604517942741145],[80.706552776855389,7.0604503125954903],[80.70651433794437,7.0604454975857287],[80.706453135724075,7.0604371647035142],[80.70635890514572,7.0604210543452384],[80.70629303707581,7.0604093881311361],[80.706224370753802,7.0603971656186051],[80.706159808834343,7.0603832777771975],[80.706115026020811,7.0603734632149715],[80.706069310755993,7.0603708707227266],[80.706028820092882,7.0603730923494963],[80.705985156580169,7.0603806852849775],[80.705963885372569,7.0603860548105937],[80.70590716035565,7.0603914252276549],[80.705854727489125,7.060389388142176],[80.705821886878979,7.0603901289815898],[80.705806084614807,7.0603547951308014],[80.705533899575286,7.0597461705980393]]]},"properties":{"OBJECTID":38,"Division":"3","Field_No":"2A","Shape_Length":656.54475867512633,"Shape_Area":13900.948886812073}},{"type":"Feature","id":39,"geometry":{"type":"Polygon","coordinates":[[[80.703794982170805,7.0582610238501013],[80.703791368248417,7.0582529138054477],[80.703784333541421,7.0582371260968886],[80.703780477972231,7.0582284731236244],[80.703786399666569,7.0582171705893977],[80.703793233150961,7.0581945655201048],[80.703777744398806,7.058169699586009],[80.703755444620185,7.0581540794780508],[80.703742666983601,7.0581195166108035],[80.70371806661953,7.0580928426946095],[80.703671600363165,7.0580611959453847],[80.703626956788483,7.0580896778414877],[80.703565457225821,7.0581312711418995],[80.703507602128269,7.0580874178688937],[80.703514434714307,7.0580616479399136],[80.703566368117507,7.0579698716418404],[80.70359415660252,7.0579110980713375],[80.703619212412406,7.0578500645196538],[80.703648822680805,7.057777728414953],[80.703681622866782,7.0576981585975451],[80.703744033321158,7.0575855859997825],[80.703809177348901,7.0574897407598369],[80.703855643605294,7.0574241854179141],[80.703886621109575,7.0573916346325714],[80.703918054957981,7.0573717423857794],[80.703954954156586,7.0573554661000397],[80.704006887559785,7.0573360258469364],[80.704042875866705,7.0573306010123407],[80.704070664351718,7.0573306010123407],[80.704099364626714,7.0573355738517085],[80.704124419538331,7.0573468764074612],[80.704150386239917,7.0573703855085839],[80.70419503071291,7.0574151437314301],[80.70425015223708,7.0574680396452649],[80.704321218857487,7.057526812380515],[80.704388640114502,7.0575715705882089],[80.704416429497854,7.0575928197029221],[80.704435106370894,7.0576109030687535],[80.704436473606748,7.0576280833354339],[80.704425540211446,7.0576574701395973],[80.70439137368794,7.0577415608040956],[80.704353107253453,7.057774111564834],[80.704256985721429,7.0579088380978661],[80.704225552771319,7.057896178680223],[80.704181363744169,7.0578731216005108],[80.704167880031761,7.0578417645765104],[80.704153885177945,7.0578406065070736],[80.704103154618906,7.0578232461635571],[80.704025893216283,7.0578055960791559],[80.704003735371472,7.0577974940500718],[80.70397457965062,7.0577922858574569],[80.70394979782688,7.0577893929123459],[80.703910729196849,7.0577943113647494],[80.703887988345429,7.0578024133938966],[80.70387603446396,7.0578168807932684],[80.703858249617952,7.0578443686725256],[80.703848628661234,7.0578735923169171],[80.703846587688929,7.0579022373705902],[80.703853876619149,7.0579265416688548],[80.703837840792986,7.0580292594538871],[80.703884198353236,7.0580535646369817],[80.70391918414029,7.0580503810619311],[80.703938134999518,7.0580550106629492],[80.703961750810024,7.0580558789917553],[80.704002277405735,7.058055589251671],[80.704052133005732,7.0580625340988705],[80.70407166687157,7.0580793158447337],[80.704067001920279,7.0580917577294722],[80.704046885047802,7.0581183772637521],[80.70400694235704,7.0580949404127207],[80.703994405468919,7.0581094078029576],[80.703974870704755,7.0581313977360036],[80.7039570867571,7.0581513621622527],[80.703914228134877,7.0581800071987377],[80.703931138021773,7.058208073644936],[80.703794982170805,7.0582610238501013]]]},"properties":{"OBJECTID":39,"Division":"3","Field_No":"2B","Shape_Length":398.35808192169844,"Shape_Area":4842.550811497742}},{"type":"Feature","id":40,"geometry":{"type":"Polygon","coordinates":[[[80.704409869101312,7.0577448335321424],[80.704469016874569,7.0576148310567239],[80.704561551433684,7.0576190692897383],[80.704669744526498,7.0576254275306862],[80.704728824027768,7.0576317848800478],[80.704800004734238,7.0576452065449606],[80.704836306553219,7.057669224682436],[80.704858371871524,7.0576762881061077],[80.704908197827095,7.0576875906535408],[80.704938805225424,7.05770383839931],[80.704960159976366,7.0577137279048952],[80.704968701158109,7.0577363329976608],[80.704995037965602,7.0577660024031275],[80.70503133978454,7.0577921396500551],[80.705049846876008,7.0578048543441101],[80.705058388057751,7.0578218081604494],[80.705069065433221,7.0578359367860291],[80.705113908433887,7.0578500645196538],[80.705131703161356,7.0578521836350863],[80.705155904673433,7.0578493584450133],[80.705197900912935,7.0578486514788503],[80.705229932141037,7.0578571288320493],[80.705237761857035,7.0578606609882222],[80.705247726868507,7.057867018334365],[80.705259115709666,7.0578783208771414],[80.705274063675986,7.0578966877314473],[80.705296129892645,7.0579129345783675],[80.705326737290974,7.0579185858492588],[80.705335278472717,7.0579178797747204],[80.705345243484146,7.0579185858492588],[80.705366598235088,7.0579249440860847],[80.705385816792287,7.0579327144718871],[80.705416424190631,7.0579327144718871],[80.705442760099828,7.0579418978980479],[80.705460555725594,7.0579496682835323],[80.705486892533116,7.0579623838647585],[80.705515364636042,7.0579828689390691],[80.705527464942918,7.0579602638583383],[80.705539565249779,7.0579510813240178],[80.705554513216114,7.0579433100470501],[80.705571596477895,7.0579454300535334],[80.705606474467089,7.0579094033141239],[80.705583696784757,7.0578754956872212],[80.705562342932154,7.0578606609882222],[80.705537429954347,7.0578316985549998],[80.70552319435204,7.0578069734597584],[80.705524617283444,7.0577815431799094],[80.70550112813541,7.0577469294688493],[80.705489027828534,7.0577285626085633],[80.705474791327902,7.0577059575154166],[80.70547265603247,7.0576890036948026],[80.705475503691943,7.0576784081138255],[80.705506822556018,7.0576769950724998],[80.705526041113188,7.0576769950724998],[80.705542412909253,7.0576727568400202],[80.705555937045844,7.0576593342844127],[80.70556661352299,7.0576303718385827],[80.705585120614487,7.0575957581162125],[80.705583696784757,7.0575583183078834],[80.705581561489325,7.0575343001646198],[80.705563766761856,7.0575081637946599],[80.705557360875588,7.057485558690737],[80.705551666454994,7.0574537701500173],[80.705558783806993,7.0574099729778998],[80.705558072341276,7.0573746522721654],[80.705551666454994,7.0573463958839291],[80.705549530261251,7.0573244977390317],[80.705525329647472,7.057277168394088],[80.705504687260571,7.0572524441607136],[80.705491874589683,7.0572369024746484],[80.705482621043942,7.0572213616795842],[80.705476926623334,7.0571945183247857],[80.705489739294237,7.0571662619255822],[80.705530311704052,7.0571450698478833],[80.705575155603015,7.057128116006723],[80.705609322126563,7.057121051683195],[80.705631387444853,7.0571111621649898],[80.705658436616389,7.057105510884238],[80.705701855787339,7.0571443637721609],[80.705726768765103,7.0571768584098109],[80.705745275856586,7.0572150043245987],[80.705756537136992,7.0572489458772703],[80.705764603109927,7.0572737182523353],[80.705783001505282,7.0573131951827319],[80.705812896539626,7.0573584054063412],[80.705844216301983,7.0574184494476171],[80.705863434859154,7.0574671918200824],[80.705892618427796,7.0575095759449722],[80.705904719632997,7.0575420714484709],[80.705910414053605,7.0575731530165386],[80.705940309087936,7.0576388491957767],[80.705965934429742,7.0576939488935473],[80.705995117998341,7.0577462225025211],[80.706057756624816,7.0578133316981111],[80.706167373547331,7.0579256501605983],[80.706201540070879,7.057969447283952],[80.706247095435543,7.0580061809846137],[80.706270584583621,7.0580294921374787],[80.706284108720212,7.0580768214055167],[80.706281261959091,7.0581107290176623],[80.706305463471153,7.0581509939695515],[80.706322546732892,7.0581926719576904],[80.706346747346657,7.0582400012090112],[80.706395861836498,7.0582979269140402],[80.706423622473736,7.0583403109628513],[80.706429316894301,7.0583798698209268],[80.706436770216214,7.058426989548896],[80.706435011314909,7.0584957202972509],[80.706445687792041,7.0585734249448651],[80.706467754008685,7.0586984587839039],[80.706461303206623,7.0587652584885721],[80.70620438773031,7.0588811534437452],[80.706159899564184,7.0587509096892473],[80.70610206602619,7.0586504671898691],[80.706037558903944,7.0585136012557124],[80.705976389022993,7.0583977062084822],[80.705930788742535,7.0583535560887354],[80.705872955204569,7.0583105096510925],[80.705760624471552,7.0582851230828281],[80.705715426636317,7.0582670442008411],[80.705661189054425,7.0582453502548059],[80.70561715184256,7.0582122753206926],[80.705590459302201,7.0581648132318513],[80.705540410564481,7.0581030023187372],[80.705502551965139,7.0580563354438439],[80.705476926623334,7.0580379685958734],[80.705440624804396,7.0580393816360925],[80.705396493269433,7.0580436198651881],[80.705335278472717,7.0580478589858053],[80.705284741051443,7.0580492711344762],[80.705236338027305,7.0580478589858053],[80.705152850401419,7.0580172481658723],[80.70505198217144,7.057996290593791],[80.704953753191774,7.0579871080601952],[80.704875322182616,7.0580147020188386],[80.704791907320271,7.0580566447971238],[80.704725175969429,7.0581030023187372],[80.704699782392936,7.0581217774747662],[80.704673816589676,7.0581240374471816],[80.7046537715824,7.0581285582834967],[80.704636461046903,7.0581421216837477],[80.704625072205744,7.0581579450558669],[80.704600928185812,7.0581751253022427],[80.704575872375941,7.0581990863557325],[80.704562206305496,7.0582126488624262],[80.704522117189327,7.0581805501269406],[80.704503439417934,7.0581728644385846],[80.704489317901675,7.0581791941436469],[80.704466084773472,7.0581710564608127],[80.70446173872412,7.058138106332505],[80.704487950665822,7.0580403988467388],[80.704499339506995,7.0579802693013391],[80.704524850762724,7.057895274690809],[80.70453077245709,7.0578686007616769],[80.704492962366757,7.0578392139709623],[80.704467020818015,7.0578097487256057],[80.704409869101312,7.0577448335321424]]]},"properties":{"OBJECTID":40,"Division":"3","Field_No":"2A","Shape_Length":834.25931756577609,"Shape_Area":13293.170854205604}},{"type":"Feature","id":41,"geometry":{"type":"Polygon","coordinates":[[[80.70520564888227,7.0581131369804595],[80.705199947275148,7.0580565538632971],[80.70522534444487,7.0580529530625107],[80.705281322961781,7.0580575826635421],[80.705358552025089,7.0580519242623039],[80.705439927711751,7.0580472946612227],[80.705482948030678,7.0580601546640711],[80.705520267640864,7.0580946185783588],[80.705569507894822,7.0581594320908634],[80.705609936574206,7.0582304175018251],[80.70562082056216,7.0582643678950641],[80.70558638364578,7.0582712191308428],[80.705523688425444,7.0582883378590191],[80.705458007205138,7.0583179671112672],[80.70536777862138,7.0583808460215147],[80.705308731459425,7.0584203513856894],[80.705239069804108,7.0584664405272006],[80.705144859886985,7.0585418290444393],[80.705101404783449,7.0585872602417279],[80.705054631303227,7.0585576310067184],[80.705011839156342,7.0585266859053357],[80.704968051676133,7.058484547038069],[80.704929572340959,7.0584542598641917],[80.704888769962437,7.0584012570821804],[80.704880145237397,7.0583871008371473],[80.704935662020262,7.0582981221542092],[80.704979821403001,7.0582524011885672],[80.705039478521016,7.0582007820034125],[80.705082363194336,7.0581664384505496],[80.705125036763633,7.0581405232102323],[80.705162715699885,7.0581277220491589],[80.70520564888227,7.0581131369804595]]]},"properties":{"OBJECTID":41,"Division":"3","Field_No":"2A","Shape_Length":217.81208117843937,"Shape_Area":2649.2327050795734}},{"type":"Feature","id":42,"geometry":{"type":"Polygon","coordinates":[[[80.704976552433664,7.0589485049644347],[80.705001431275477,7.058901181134611],[80.70501646278511,7.0588425414083762],[80.705020609408479,7.0587988183627361],[80.705030975966849,7.0587550953129359],[80.705065574580019,7.0586879817964094],[80.705100630435666,7.0586355273179162],[80.705117750528345,7.0586121992569426],[80.705245559233717,7.0584840121337944],[80.705342484757935,7.058416626668202],[80.705468435747278,7.0583338100905388],[80.705571581206513,7.0582911157965196],[80.705623412201774,7.0582906013966582],[80.705684055669991,7.0582988317941879],[80.705748327433611,7.0583137484978229],[80.70583747803903,7.058339982888139],[80.70588671829303,7.0583713603830684],[80.705943214239554,7.0584264002626069],[80.705992454493554,7.0585045872272172],[80.706024071598293,7.0585766022758003],[80.706067092815559,7.0586650772038118],[80.70611736882708,7.0587463505242081],[80.706151060141778,7.0588260806325138],[80.7061816405907,7.0588991235379002],[80.706225179237563,7.0589690809286925],[80.706282194410335,7.0590534405896852],[80.706301889972934,7.0591002500049784],[80.706317117315322,7.0591767153579852],[80.70633686138693,7.0592405551946902],[80.706356605458581,7.0593033421544531],[80.706381869677642,7.0593804555983741],[80.706416956974309,7.0594443756424212],[80.706468788867895,7.0594927282137006],[80.706512845842681,7.0595241056304516],[80.706536169700712,7.0595235912319643],[80.706563640182125,7.0595194760441276],[80.70658229998719,7.0595045593793593],[80.706588001594312,7.0594788394536216],[80.70659784982476,7.0594464332366771],[80.706604069759791,7.0594201998006287],[80.706623246994468,7.0593877926880655],[80.706653309115467,7.0593584728567027],[80.706676115543871,7.059350756876718],[80.706713952583655,7.0593579584580368],[80.706744533032548,7.0593641312419733],[80.706775114379766,7.0593872782894254],[80.706803621516983,7.0594207141992182],[80.706820726338321,7.0594392316566941],[80.706838866917167,7.0594567212078649],[80.706853380098906,7.0594767818595061],[80.706850270131397,7.0595014729883445],[80.706841976884689,7.0595369655922582],[80.706816579714996,7.0595621711163012],[80.706788590007363,7.0595945773251678],[80.706739350651688,7.059615152369215],[80.706696847762316,7.0596259547350106],[80.706648126734578,7.0596449874741376],[80.706601996448128,7.0596676201092219],[80.706556902817496,7.0596964255226835],[80.706504552595973,7.0596593897360425],[80.706464642244526,7.0598965228470352],[80.70645323903031,7.0599921990941485],[80.706454794014078,7.0600678138048023],[80.70645168404657,7.0600909617085739],[80.706411773695123,7.0600822169450614],[80.706386493306411,7.060062247253061],[80.706367857755822,7.0600506710718731],[80.706338135198024,7.0600222276311575],[80.706314569693163,7.0599792464285622],[80.706285656517451,7.0599162750190692],[80.706251489095607,7.0598580053959301],[80.706209359905415,7.0598069783489397],[80.706168226048547,7.059736198225977],[80.706125433901676,7.0596529084953481],[80.706096242248208,7.0595768613369376],[80.706044286387112,7.0594407748524235],[80.706003339379848,7.0593204082456191],[80.705963947356324,7.0592185590737984],[80.705933884337028,7.0591645480862439],[80.705900193920584,7.0591290554537691],[80.705871168455474,7.0591074515902417],[80.705836959711135,7.0590956204144177],[80.705785646145472,7.0591002500049784],[80.70575661978198,7.0591110523827965],[80.705709971167622,7.0591383146342164],[80.705655548532761,7.0591820376477585],[80.705594905064544,7.0592494230018783],[80.705544628154726,7.0593337826117653],[80.705517676001278,7.059417113409042],[80.705503162819539,7.0594880986270585],[80.70549797954034,7.0595508543505554],[80.705502126163694,7.0596105227837684],[80.705502644491617,7.0596640193209543],[80.705501089507877,7.0596753360839397],[80.705471607698556,7.0596453369440715],[80.705382374448121,7.0595531588912825],[80.705334605634562,7.0595133246583899],[80.70527920832761,7.0594672356211623],[80.705213858585637,7.0594099528378838],[80.705179359685474,7.0593803245470408],[80.705163104670419,7.0593378559005009],[80.705136433689646,7.0592821911839092],[80.705100077971778,7.0592157196279706],[80.705035723563114,7.059076506525626],[80.705006137549233,7.0590125061951934],[80.704976552433664,7.0589485049644347]]]},"properties":{"OBJECTID":42,"Division":"3","Field_No":"2A","Shape_Length":766.35083854023912,"Shape_Area":16537.256938229173}}]}