{"type":"FeatureCollection","features":[{"type":"Feature","id":1,"geometry":{"type":"Polygon","coordinates":[[[80.705623757154839,7.0475893267118082],[80.705656181845015,7.0475647740261795],[80.705678628049014,7.0475543565192051],[80.705743462158026,7.0475675386550813],[80.705786638783863,7.0475501529637024],[80.705909016275015,7.0475476210235444],[80.70591121804577,7.0475498962035532],[80.705953711951963,7.0475617945389768],[80.706098298491895,7.0476200157839459],[80.706121101327071,7.0476353598735217],[80.706140545361393,7.0476751478772046],[80.706140278561747,7.047688128524344],[80.706140472597852,7.0476975510831679],[80.706149933654416,7.0477157837205349],[80.70620956472132,7.0477324802546937],[80.706408023228818,7.0477199043624754],[80.706457670419624,7.0477367747443793],[80.706527954607452,7.0477420267349506],[80.706557692436618,7.0477572344167072],[80.706585288682135,7.0477639128515372],[80.706598678071444,7.0477684623178947],[80.706642797928325,7.0477738141592061],[80.70667955609143,7.0477863044633224],[80.706772266720336,7.0477906756239168],[80.706818845266142,7.0477772946836659],[80.706867479157282,7.0477666962013235],[80.706926681727779,7.0477505310190258],[80.706944744153205,7.0477461598580238],[80.706949149491336,7.0477416086083933],[80.706971356743495,7.0477420579384313],[80.706976107034706,7.0477371491860827],[80.707005148669538,7.0477324561834296],[80.707026458504686,7.0477328876829093],[80.707071906071533,7.0477858515672205],[80.707138321215439,7.0477573253525687],[80.707160503314768,7.0477459815524517],[80.70718059323778,7.0477463880891573],[80.707201216760083,7.0477459708541472],[80.707211319213741,7.0477355319545456],[80.707253435827525,7.0477193961915772],[80.707285643125431,7.0477681636560749],[80.707344277062319,7.0478735921551552],[80.707402374705026,7.0479924728868095],[80.707295124843228,7.0480315458549692],[80.707257932793866,7.04805477192334],[80.707239184055553,7.0480741439184191],[80.707226198908131,7.0480865290142392],[80.707196364060891,7.0481342274991299],[80.707135449301489,7.0482288113817093],[80.707191870687851,7.0483839281227878],[80.707200677770899,7.0484108700561947],[80.707224361853363,7.0484795621725409],[80.707241785576599,7.0485050794412469],[80.707335997290357,7.0485031706832615],[80.707371855341535,7.0485134722704803],[80.707398467931853,7.0485579781558663],[80.707417062159905,7.0485808449127756],[80.707454418600989,7.0485988368033361],[80.70750805431166,7.048611817424586],[80.707600854772082,7.0486230747254348],[80.707753521658006,7.0486292574592655],[80.707802857133402,7.0486338078086597],[80.707852372271873,7.0486381789612658],[80.707928500000634,7.0486459031435187],[80.708059642354002,7.0486212988053385],[80.708142225376392,7.0486028575864443],[80.708247773829029,7.0485847417739302],[80.708349066962128,7.0485606803720184],[80.708429769810607,7.0485332588061436],[80.708519950783696,7.0484993781300274],[80.708618030643009,7.048463645750954],[80.708652162132239,7.0484553857582348],[80.708716218300225,7.0484390886539972],[80.708805924962817,7.0484201597628555],[80.708925216740965,7.0484148899494352],[80.708967634290346,7.0484256809867061],[80.709022793543753,7.048449373303681],[80.709079690138879,7.0484854854740862],[80.70912385850481,7.0485222939237619],[80.709146508626347,7.048538962791536],[80.709245555971279,7.0485477068815214],[80.709288156777006,7.0485538869417654],[80.709344789267448,7.0485965464725133],[80.709370985039442,7.0486293466118548],[80.709393064730804,7.0486455955669856],[80.70942815112916,7.0486515607681541],[80.709514767587208,7.0486381789612658],[80.709546310131756,7.0486338078086597],[80.70960723028108,7.0486150768442499],[80.70963302001455,7.0486254622324571],[80.70962462615654,7.0486498071363162],[80.70960111185569,7.0486722343663315],[80.709582652374891,7.0487031061296062],[80.709577761946491,7.0487230183623302],[80.709572999078858,7.0487368316653525],[80.709561901291849,7.0487474176441323],[80.70955127871359,7.048758392327966],[80.709535805232832,7.0487684638958541],[80.709519350791751,7.0487854661854374],[80.709502192969836,7.0487966334379513],[80.709485025266432,7.0488317631199395],[80.70945411333922,7.0488683183488137],[80.709397700037698,7.0489178639942942],[80.709340487235551,7.0489240351343296],[80.709296891994811,7.0489231516324713],[80.709238480840085,7.0489243346869204],[80.709181091968176,7.0489231721375836],[80.709135149429585,7.0489298371827234],[80.70910403448309,7.0489423666827991],[80.709052262776638,7.0489413173572393],[80.709029591095486,7.0489549657214923],[80.708993556076194,7.048959337762617],[80.708977715184474,7.0489633674578691],[80.708973678155587,7.0489643944952212],[80.708971188025629,7.0489643436782652],[80.708930695565869,7.0489635243663491],[80.708910476285467,7.0489639335765393],[80.708899243751162,7.0489637062375516],[80.708883516945463,7.0489640245121601],[80.708842396563327,7.0489631918273217],[80.708827397393023,7.0489281138637985],[80.708810900731166,7.0489065318124249],[80.70880452179432,7.0488676336570926],[80.708791361475406,7.0488612949094591],[80.708782465459151,7.0488567454538389],[80.708771034397188,7.0488512402826036],[80.708694164659988,7.0488527968864707],[80.708687611450003,7.0488861221162935],[80.70868830225443,7.0489197281742744],[80.708699432380797,7.0489303435692543],[80.708690828317032,7.0489552964774882],[80.708661233320001,7.0489546964807834],[80.708656655505322,7.0489594269151423],[80.708646647374721,7.0489689724786233],[80.708629606333787,7.048977179862181],[80.708608901963117,7.0489927753169601],[80.708580945493139,7.048983276113308],[80.708557804891441,7.0489951111136211],[80.708539240307772,7.0489996035102562],[80.708520115175389,7.0490093844356227],[80.708499392838405,7.049030795309327],[80.708472164003837,7.0490439087557561],[80.708441026599431,7.0490598331811078],[80.708427411732984,7.0490663903497337],[80.70840154654104,7.0490796179103938],[80.708377232739551,7.0490855019771637],[80.708366154715449,7.0491081707894292],[80.708351027984406,7.0491154563334728],[80.708337637696772,7.0491244660870995],[80.708319115333907,7.0491289486757047],[80.70830467132248,7.0491438736984753],[80.708264458238787,7.0491536055869144],[80.708228333387936,7.0491988380037087],[80.708211692995604,7.0492068528137768],[80.708195568236277,7.0492150985287187],[80.708157512007574,7.0492407075839711],[80.70814451967361,7.0492672928576088],[80.708134814275311,7.0492859952668212],[80.708101016959347,7.0493182319137011],[80.708058969515832,7.0493384828994037],[80.708030535142186,7.0493530236682558],[80.70801486672697,7.0493692137573758],[80.707990831403222,7.049388131019926],[80.70796327019201,7.0494166081003389],[80.707922246827934,7.0494467977977333],[80.707885750972892,7.0494845066107743],[80.70784540493851,7.049514197050037],[80.707811932812689,7.0495571382140927],[80.707787758250106,7.0495868678757656],[80.707758014132708,7.0495748911381932],[80.707740196947384,7.0495691506130624],[80.707669786097085,7.0495705770519912],[80.70763669845023,7.0495839008828893],[80.707609604362943,7.0495904580440847],[80.707574839561474,7.0495993028564863],[80.707551327057217,7.0496151247374979],[80.707530760128805,7.0496284173637704],[80.707539330954901,7.0495368212651242],[80.707578667282903,7.049525807372647],[80.707607681968256,7.0495062829875499],[80.707632025414142,7.0494811304075027],[80.707659254248711,7.0494680160819048],[80.70767740291241,7.0494587353115348],[80.70768988230833,7.0494331984817808],[80.707672327431041,7.0494074886948628],[80.707672965234877,7.0493764422397245],[80.707672232209617,7.0493407571790989],[80.707672663400956,7.0493197796007685],[80.70768163038413,7.0492850457928284],[80.707687639215081,7.0492605743258183],[80.707685894686776,7.0491757064943608],[80.707663928183152,7.0490906175490879],[80.707657613925022,7.0490585074829912],[80.70765017767107,7.048990560767777],[80.707644880305864,7.0489442656321835],[80.707622459254665,7.0488633409609216],[80.707566159140882,7.0488266965790647],[80.707539827723267,7.0488068619135564],[80.707499357721403,7.0487840843203795],[80.707432857237521,7.0487626618454371],[80.707389571915584,7.0487452316225774],[80.707319488052065,7.0487205185235231],[80.707312947418473,7.0487137598651426],[80.707277980496059,7.0486969189391564],[80.70725217369457,7.0486762382098318],[80.707128876328554,7.0486338078086597],[80.707066060733979,7.0486114153462927],[80.706992747427037,7.0485887910860159],[80.706947411251264,7.0485705353033206],[80.706865822663914,7.0485252573573058],[80.70684140106458,7.0485088229604935],[80.706832324486939,7.0485044518066795],[80.706785460276905,7.0484729158429547],[80.706731552376723,7.0484378289270735],[80.706684048566174,7.0484286230242637],[80.706640615920463,7.0484189241070823],[80.706602735761606,7.0484060522466683],[80.706594274529948,7.0483973099370552],[80.706577312540745,7.048389140878851],[80.706553835969103,7.0483750075074383],[80.706529024500938,7.0483652916501391],[80.706491066188619,7.0483458795485072],[80.706460793861865,7.0483313004124071],[80.70637401750372,7.0483260305979822],[80.706329175401379,7.0483125596290019],[80.706294239919984,7.0483027777973932],[80.706239403161774,7.0482697645600361],[80.706197335057027,7.0482495037208475],[80.706159881597884,7.0482502633017061],[80.706121826267506,7.0482819766943914],[80.706103886012968,7.0483091406238865],[80.706083128641666,7.0483613858718925],[80.706067688398591,7.0483660860003754],[80.706026838409358,7.048355692582617],[80.7059004283809,7.0482910461965309],[80.705839326771894,7.0482725042219654],[80.705794484669539,7.0482411911241973],[80.705757101278991,7.0482168595718111],[80.70570884378192,7.0482013140164108],[80.705678814898619,7.048185956572703],[80.705673168088737,7.0481333529110684],[80.705684908171193,7.0480878761117882],[80.705713606649567,7.0480539374538287],[80.70574170325672,7.0479932083968864],[80.705740362970317,7.047928015453877],[80.705707089372197,7.0478315111593144],[80.705682153936536,7.0477505310190258],[80.705648866863683,7.0476863838041277],[80.705623134622357,7.0476195985488213],[80.705623757154839,7.0475893267118082]]]},"properties":{"OBJECTID":1,"Division":"2","Field_No":"4","Shape_Length":1306.499329677092,"Shape_Area":27883.355624323231}},{"type":"Feature","id":2,"geometry":{"type":"Polygon","coordinates":[[[80.707498777409739,7.0483045394543176],[80.707508596894115,7.0483014529886363],[80.707510757342362,7.0483082285920329],[80.707539030917602,7.0483684797494144],[80.707560182649289,7.048437584648795],[80.707570111728117,7.0484519079134689],[80.707621874451434,7.0484761592161487],[80.70768244335946,7.0484951959796955],[80.707757485923352,7.0485031243238652],[80.707762392521431,7.0485134455247005],[80.707784999523852,7.0485087507468647],[80.707790934692937,7.0485212356819753],[80.70800799820833,7.0485306403933325],[80.708013996259481,7.048596078421272],[80.70791836341094,7.0486024546166295],[80.707703902314961,7.0485894240696148],[80.707605505350315,7.0485792446232018],[80.707538952764182,7.0485693923666446],[80.707488047033664,7.0485516804142208],[80.707458452934929,7.0485336911964209],[80.707443531019749,7.0485177043461062],[80.707430433582886,7.0485056571503168],[80.707422540984837,7.0484890542543202],[80.707415050832012,7.0484578383475611],[80.707416648934867,7.0484178123734793],[80.707425900683972,7.0483827602229185],[80.707450925951179,7.0483597418967383],[80.707468954240596,7.0483320261151539],[80.70747895608298,7.0483198255719364],[80.707498777409739,7.0483045394543176]]]},"properties":{"OBJECTID":2,"Division":"2","Field_No":"4","Shape_Length":171.91699654509003,"Shape_Area":828.9468650169332}},{"type":"Feature","id":3,"geometry":{"type":"Polygon","coordinates":[[[80.709010110230267,7.0482642219376936],[80.709029994439049,7.0482429171202723],[80.709083550199679,7.0482190179585054],[80.709172852620398,7.048176761363198],[80.709213403470628,7.0481490607266517],[80.709218175321425,7.0481340973362014],[80.709231826120487,7.0481298073077907],[80.709238480840085,7.0481274920119041],[80.709244548061505,7.0481339930275189],[80.709254292087422,7.0481385576461921],[80.709283712811299,7.0481632395728466],[80.709320619196419,7.0482299757158593],[80.709330334476221,7.0482504112951796],[80.709346127757229,7.0482800411896962],[80.709392093652014,7.0483195634630862],[80.709437908629809,7.0483259004350671],[80.70948996150895,7.0483026164310738],[80.709532785096854,7.0483043023081651],[80.709551186187142,7.0483035774969283],[80.709560638260555,7.0482836955580721],[80.709559492908554,7.0482550026585393],[80.709565719131817,7.0482373682569186],[80.709653029089196,7.0482323997775058],[80.709673719086823,7.0483297491559052],[80.709681855128366,7.0484056466020446],[80.709682112944819,7.0484061690366362],[80.709683591571817,7.0484083702157223],[80.709684197036296,7.0484135999105284],[80.709684220392475,7.0484137256157817],[80.709684992045325,7.0484179380787335],[80.709685551695756,7.0484185068726575],[80.709686179618117,7.0484188224730548],[80.70970417736487,7.0484656463363109],[80.709714334615782,7.0485079786850013],[80.70970767720118,7.0485459318526669],[80.709699769331749,7.0485607686331235],[80.709694511492401,7.0485706333712077],[80.709694341710801,7.0485706476356009],[80.709629690858108,7.0485762401797638],[80.709500089115465,7.0485954258240708],[80.70944261580189,7.048593164022086],[80.709391419017209,7.0485702633877896],[80.709330676734311,7.0485266249587077],[80.709301567725873,7.0485079644205699],[80.709215573800364,7.0484997846660331],[80.709161178114954,7.0484856352505032],[80.70911510801561,7.0484668490054956],[80.709054913705032,7.0484182171265042],[80.709023082801281,7.048397811866522],[80.708966379343906,7.0483799893582209],[80.708930610225906,7.0483751367787937],[80.708926288431101,7.0483705061894621],[80.708826777555501,7.0483662152717299],[80.708818451071139,7.0483751367787937],[80.708773091539157,7.0483858627355405],[80.708684000222561,7.0484090379691313],[80.708653547334421,7.0483449791065569],[80.708638901202008,7.0483315081381352],[80.708689957849515,7.0483173792225653],[80.708714936404306,7.0483260707166719],[80.708732068175081,7.048331455538059],[80.70883592869329,7.0483273687795975],[80.708858718952058,7.0483214401268448],[80.708890291141017,7.0483164475771343],[80.708912420239741,7.0483173177072409],[80.708949155046653,7.0483014039546736],[80.708990226021456,7.0482855267541344],[80.708991225846347,7.0482844551389165],[80.709010110230267,7.0482642219376936]]]},"properties":{"OBJECTID":3,"Division":"2","Field_No":"4","Shape_Length":307.72087870814272,"Shape_Area":2738.1941159671801}},{"type":"Feature","id":4,"geometry":{"type":"Polygon","coordinates":[[[80.709134722729829,7.0489812371945701],[80.709136653209399,7.0489796770250086],[80.709139976077623,7.0489769908587752],[80.709161414371863,7.0489594465286949],[80.709162062955485,7.0489594215659963],[80.709163233460316,7.0489588411828947],[80.709164537814132,7.0489588215693297],[80.709165575368274,7.0489581725387769],[80.709166784500638,7.0489579336099117],[80.709168688030715,7.0489562236639971],[80.709170869140252,7.0489551787961249],[80.709171798896563,7.0489542658739834],[80.709174630386315,7.0489525131348127],[80.709175418208844,7.0489516777754071],[80.709176619256368,7.0489512248804385],[80.709178613516315,7.0489495853649942],[80.709180869186,7.0489485012699662],[80.709184118392372,7.0489465452629583],[80.709185249371316,7.0489461030662932],[80.709186175534342,7.0489451839034833],[80.709188691715497,7.0489445678593414],[80.709189723879717,7.0489438849507788],[80.70919231192606,7.0489437619202704],[80.709194652935679,7.0489426002624933],[80.709195958187806,7.0489425859980743],[80.70919713228588,7.048942019879366],[80.709199624212502,7.0489412870453707],[80.709203549850287,7.0489412870453707],[80.709206098370743,7.0489407280588523],[80.709217215022349,7.0489368704278172],[80.709236091321429,7.0489315462372302],[80.709249177978478,7.0489315462372302],[80.709257955417158,7.0489340826274294],[80.709259245397888,7.0489342876783239],[80.709277406637966,7.0489366912311677],[80.709290472633796,7.0489373910787538],[80.709300942498416,7.0489373910787538],[80.709319064212679,7.0489347931732942],[80.709334768560453,7.0489347521631203],[80.70936220041429,7.0489333319629255],[80.709372353173634,7.0489307937896442],[80.709388613578597,7.0489258279922407],[80.709392271518439,7.0489244140327019],[80.709393961249475,7.0489231034901065],[80.709394918853576,7.0489227557951262],[80.709395644692307,7.0489217688763235],[80.709397985701926,7.0489206072184833],[80.709398982831914,7.04891978790649],[80.709400154235027,7.0489192066318029],[80.709400739038273,7.0489180458655101],[80.709403495069566,7.0489153106650084],[80.709404591912559,7.0489148024954202],[80.709405517177302,7.0489138842240688],[80.709407752185712,7.048912965952705],[80.709408854418555,7.0489122919593656],[80.709409414068986,7.0489113157388168],[80.709410437250099,7.0489105320878007],[80.709413955052739,7.04890881590104],[80.709414609924593,7.0489081668704108],[80.70941570946249,7.048907665833001],[80.70942043999078,7.0489037609508705],[80.709423711655049,7.0489002911331493],[80.709424449171891,7.0488997241228679],[80.709425020500419,7.0488997241228679],[80.709447269075056,7.048878293629544],[80.709447661638819,7.0488771239478636],[80.709449231893956,7.0488750458015383],[80.709464184351873,7.0488569799250804],[80.709482391406041,7.0488401737737778],[80.709496555143119,7.0488286409967422],[80.709503925820044,7.048819541193267],[80.709512480476491,7.0488097121215159],[80.709521222880809,7.0488040197293218],[80.709522152637149,7.0488031504916533],[80.709530441392261,7.0487899175739335],[80.709540616609488,7.0487817547633691],[80.709541028037876,7.0487793057418493],[80.709542570445223,7.0487772177883095],[80.70954754890856,7.0487730864574782],[80.709548696057169,7.0487711384734704],[80.709551477241291,7.0487683783093793],[80.709553601756923,7.0487669188815092],[80.709554527021666,7.0487660006098523],[80.709555644525892,7.0487655414740242],[80.709556107158264,7.0487644324158536],[80.709557032423007,7.0487635141441967],[80.709557203102889,7.04876228562153],[80.709560357087867,7.0487602146069115],[80.709560474767159,7.0487594487861616],[80.709586648979609,7.0487217818158108],[80.709586648979609,7.0487204828624828],[80.709586941830366,7.0487192525566442],[80.709590026645074,7.0487150784320729],[80.709592036176375,7.0487117387757543],[80.70959319320643,7.0487094127844765],[80.709593218359288,7.0487081272039944],[80.709595156025316,7.048706559009779],[80.709595810897184,7.0487055284057147],[80.709596748738349,7.0487033165297488],[80.70959828755241,7.0487016502676463],[80.709598427689585,7.0487004912838511],[80.709600746241364,7.0486977534074722],[80.709604346689005,7.0486944770493816],[80.70960638945796,7.0486930996416932],[80.709609277541603,7.0486915314474148],[80.709610206399589,7.0486906096095163],[80.709612393797329,7.0486893106560995],[80.709612982193832,7.0486885047165835],[80.709613008244972,7.0486884931267442],[80.709614085325001,7.0486880117026827],[80.709618895803345,7.0486818780036025],[80.709622304909871,7.0486763371692405],[80.709622980442958,7.0486749972055867],[80.709649830188468,7.0486398692947727],[80.709669827585017,7.048635992939202],[80.709672029355772,7.0486382681138542],[80.709697889157852,7.0486550992352335],[80.709713802813127,7.0486951537176319],[80.709731429555603,7.0487291217489929],[80.709755615796325,7.0487521899823253],[80.70985537281031,7.04882390253736],[80.70986973058352,7.0488479131086388],[80.709877469569676,7.0488552949415082],[80.709905676669607,7.0489415848148793],[80.709915426983699,7.0489654473868448],[80.709941711688899,7.0490039425644744],[80.709955056162457,7.0490241489876544],[80.709960558343568,7.0490322057024466],[80.70994725159926,7.0490427676033205],[80.709930984906094,7.0490487871824064],[80.70991899239705,7.0490502920771334],[80.709901193178013,7.0490486177925904],[80.709886735691839,7.0490489244773213],[80.709872123695419,7.0490482406773642],[80.709857511699028,7.0490465984876973],[80.709844141174329,7.0490435886981544],[80.709821395831327,7.0490346966243003],[80.709799064611687,7.0490293608450063],[80.709776733392033,7.0490236149639358],[80.709763913534616,7.0490210161674627],[80.709748198407027,7.0490195112726086],[80.709735654332391,7.0490188265811033],[80.709696160799268,7.0490213317674408],[80.709642313984489,7.0490294553467026],[80.709590404835808,7.0490384330070697],[80.709539573665452,7.049049975585671],[80.709502311547453,7.0490561752527761],[80.709437264537755,7.0490651529126334],[80.709427149507633,7.0490678034173433],[80.7094063346442,7.0490771064836943],[80.709388414152599,7.049087367048017],[80.709378351224771,7.0490936603247745],[80.709370632001551,7.0490961227174855],[80.709361672204892,7.0490977640154782],[80.709345130627241,7.0490999527099074],[80.709311357565852,7.0491033734922022],[80.709281582007421,7.049102415102606],[80.709254288494137,7.0491035098955823],[80.709223685587347,7.0491062459864864],[80.709212614749788,7.0491094010942374],[80.709206799056645,7.0491102560669399],[80.709199475990474,7.0491091871281837],[80.709194091488641,7.0491040572920696],[80.709184399565046,7.0490702827491676],[80.709179122861073,7.0490527544700869],[80.70914611785922,7.0490520323345738],[80.709133753447631,7.0490337266447254],[80.709113126332085,7.0490332764243986],[80.709080133906653,7.0490383625765745],[80.70904521998483,7.0490450383183525],[80.709014470652633,7.0490450383183525],[80.708989485809639,7.0490450383183525],[80.708967705257251,7.0490437670032176],[80.708935033530381,7.0490447209353428],[80.708912611580899,7.0490660194752133],[80.708888268135013,7.0490869997396111],[80.708871611573002,7.0490946294126999],[80.708859119600675,7.0491003512216919],[80.708844706131941,7.0491028947431911],[80.708835416653585,7.0491035304006822],[80.708829971964647,7.0491032121261625],[80.708824847075945,7.049101622536674],[80.708810432708916,7.0490904963016616],[80.708792815847872,7.0490752378467265],[80.708779362678158,7.0490672907902843],[80.708765909508472,7.0490631585705392],[80.708749252946447,7.0490609333233696],[80.70873451877921,7.0490593437337408],[80.708716582117916,7.0490587080761866],[80.708695441166,7.0490602967742921],[80.708651558464382,7.0490660194752133],[80.708559169432334,7.0491067684202768],[80.708539649939539,7.0491316036376821],[80.708529139650722,7.0491410413230842],[80.708551161849911,7.049173327013901],[80.708563673585175,7.0491971681772991],[80.708615223407762,7.0492488258102073],[80.708623230990213,7.0492662096548413],[80.708563173223567,7.0493441922240185],[80.708528639289128,7.0494112464712257],[80.708523134413028,7.0494261483052592],[80.708533644701873,7.0494460159307026],[80.70855016022837,7.0494663810259546],[80.708551662211519,7.0494857520705185],[80.708551867027396,7.049515078767719],[80.708545120679631,7.0495247803365038],[80.708517390585129,7.0495523008028966],[80.708478105461126,7.0495789047806898],[80.708443904801612,7.0496041322434362],[80.708407855409277,7.0496178920287154],[80.708375041748567,7.0496160572718303],[80.708346849021694,7.0495990862160829],[80.708325126859819,7.0495775282671316],[80.708291387934366,7.0495605572099596],[80.708257187274867,7.0495568876957186],[80.708228532813919,7.0495614745885291],[80.708202188819911,7.0495600989664542],[80.708189710322287,7.049552759937936],[80.708194363595467,7.0495451311639261],[80.708198439251916,7.0495391624081831],[80.7081977493458,7.0495056063204959],[80.708216501677342,7.0494810724584323],[80.708216214216463,7.0494671076184297],[80.708200460461285,7.0494367485327079],[80.708173239711584,7.0493810487478292],[80.708157820129713,7.0493608744350968],[80.708153159670033,7.0493466171713726],[80.708153427367961,7.0493335759470073],[80.708167457256096,7.0493201941598125],[80.708191443172495,7.0493086426726936],[80.708225594424647,7.0492801816330655],[80.708243280455932,7.0492716640042348],[80.708252533103376,7.0492669317900241],[80.708261483916857,7.0492486171933635],[80.708280438369371,7.0492305379586018],[80.708309210509611,7.0492166800940614],[80.708351027984406,7.0491868247035869],[80.708360103663694,7.0491824535561722],[80.708369698569271,7.0491775466021345],[80.708385494545198,7.049161225452127],[80.708420121904481,7.0491339715285317],[80.708498975121799,7.0491439771153805],[80.708523144294503,7.0491357652771764],[80.708538385111623,7.0491045779428152],[80.708567292897456,7.0490975821443005],[80.708585298729005,7.0490883735800409],[80.708613151892706,7.0490794012697737],[80.708643040638847,7.0490641151771802],[80.708657623889181,7.0490570917408029],[80.708797692801539,7.0490382743155582],[80.708811535840084,7.0490239706825779],[80.708823835572943,7.0490122390999721],[80.708847210634943,7.0490009818085504],[80.708878728026676,7.0490090001881427],[80.708967967565329,7.0490071921746216],[80.709002550008833,7.0490189424794094],[80.709063914824185,7.0490120233508238],[80.709096263157576,7.0489876552863437],[80.70913194963056,7.0489818888996902],[80.709132935082408,7.0489817293166181],[80.709136417850786,7.0489793854961942],[80.709134722729829,7.0489812371945701]]]},"properties":{"OBJECTID":4,"Division":"2","Field_No":"4A1","Shape_Length":555.28310365751486,"Shape_Area":4286.7165464031596}},{"type":"Feature","id":5,"geometry":{"type":"Polygon","coordinates":[[[80.708195694000395,7.0505127336549815],[80.708213809426439,7.0505156221879384],[80.708231729918026,7.0505223255456206],[80.708255440051644,7.0505303973902347],[80.708275841690053,7.0505406579223449],[80.708295553422332,7.0505524233441443],[80.708319815121513,7.0505673349482052],[80.708338562063204,7.0505784156801283],[80.708347832676921,7.0505858376039523],[80.708359611386925,7.0505988636371617],[80.708377785203439,7.0506138938122245],[80.708388891075288,7.0506205739889172],[80.708421535852708,7.0506356032717585],[80.708458555425594,7.0506499656954222],[80.708501970104962,7.0506710074031105],[80.708534613984085,7.0506853698257057],[80.70857230729338,7.0506997313563327],[80.708613365691761,7.0507114209946868],[80.70865240467738,7.0507204396324799],[80.708682114658757,7.0507299111633595],[80.70869654609379,7.0507358968426814],[80.7087058077244,7.0507410266607176],[80.708720238261108,7.0507446605046935],[80.708735099989184,7.0507442334656236],[80.70875642329905,7.0507405996216477],[80.708780116364707,7.0507365378470412],[80.708814147242606,7.0507314080289545],[80.708839132085572,7.0507290561936724],[80.708861963666834,7.0507243534145791],[80.708884364056772,7.0507102459685171],[80.708917317854656,7.0506899388768627],[80.70894358639022,7.0506785701859798],[80.708937596423894,7.0506959414956407],[80.708911097919625,7.0507306092251527],[80.708839957637352,7.0507798051948294],[80.708793628823202,7.0507979449926568],[80.708739970654648,7.0508109309014264],[80.70866658368584,7.0508211013836117],[80.708597918262129,7.0508398500892575],[80.708561068470871,7.050855678168559],[80.708528246725322,7.0508777647304566],[80.708521185068861,7.0508922127327196],[80.708505927183765,7.0509543455563257],[80.708508531399787,7.0510810084796196],[80.708533372512321,7.0511869996662506],[80.708577464521426,7.0513427546374059],[80.708589673524443,7.0513924720817815],[80.708588964753702,7.0514269614550233],[80.708561319100824,7.0514438486408801],[80.708481103139206,7.0514259353146258],[80.708272867368137,7.0513717816660906],[80.708134909496707,7.0513232267628201],[80.708124989401014,7.0513129769463037],[80.708077998528509,7.0512945768445272],[80.708044799490551,7.0512722371104894],[80.70804560977092,7.0512328051326403],[80.708063552720418,7.051180767041374],[80.708077850306495,7.051128279617525],[80.708092983325756,7.0510843900203319],[80.708099497908222,7.0510781752245251],[80.708112888195814,7.0510468623163947],[80.708121777923893,7.0510297308391818],[80.708140845564117,7.0509660842219501],[80.708188346679705,7.0508800764465152],[80.70820357761535,7.0508489106261001],[80.708231067859657,7.0507521537476219],[80.708225111131014,7.050711689342843],[80.708183428403515,7.0507125336143019],[80.708119203352283,7.0506796881548048],[80.708111491315563,7.0506482842844518],[80.708103340002666,7.050640509318816],[80.708082326611574,7.0506303887578925],[80.708073245542337,7.0506026098140673],[80.708081704977374,7.050578076010094],[80.708094844635042,7.0505655438796735],[80.708106283781859,7.0505421369581063],[80.708139936469053,7.0505339929003847],[80.708153326756658,7.0505294425696663],[80.708168905340315,7.0505250803501323],[80.708180444200124,7.0505236931411321],[80.708190435262722,7.0505184741684213],[80.708195694000395,7.0505127336549815]]]},"properties":{"OBJECTID":5,"Division":"2","Field_No":"5B1","Shape_Length":381.24670859515436,"Shape_Area":4506.0540558954744}},{"type":"Feature","id":6,"geometry":{"type":"Polygon","coordinates":[[[80.708964485695276,7.0496563399013956],[80.708977893949239,7.0496249199142307],[80.708968061888442,7.0495431181018766],[80.709057392156922,7.0495040702238656],[80.709155407337562,7.0494735533407118],[80.709259828404498,7.049442082524263],[80.709393077307226,7.0493848617989121],[80.709489490791739,7.0493263706436373],[80.709498779371756,7.0493222375346605],[80.709521522019813,7.0493409934331428],[80.709527607207548,7.0493473508962419],[80.709488529594381,7.0493943984383538],[80.709476998819397,7.0494099751570962],[80.709467709341055,7.0494350885139196],[80.709457780262198,7.0494757785859106],[80.709456871167134,7.0494908212787335],[80.709446878307929,7.0495517596476107],[80.709436796515462,7.04960377563373],[80.709432542992616,7.0496202545679507],[80.709414356599666,7.0496440466745618],[80.709409264050336,7.0496506403873926],[80.709397847361373,7.0496673181297913],[80.709388073691102,7.0496836615500813],[80.709354190136906,7.0497159792979636],[80.70932553028608,7.0497560853971004],[80.709305982945509,7.0498083090853347],[80.709285704376271,7.0498827566717166],[80.709279859937013,7.0498883304780238],[80.70928140503932,7.0499634921619192],[80.709290196851015,7.0499718778325766],[80.709297116573623,7.0499860361179234],[80.709307571166903,7.0500497880695914],[80.709312675394358,7.0500745287349336],[80.709302649297484,7.0500990661316996],[80.709282113810076,7.0501124318490014],[80.709253194346147,7.0501190745889497],[80.709201809813564,7.050092796939718],[80.709152240776191,7.050053074224846],[80.709118767752088,7.05001116103334],[80.709110469115458,7.0499941801852879],[80.709096899164805,7.049971966984911],[80.709069437666571,7.0499217287382931],[80.709057146018523,7.0498841233775771],[80.709047024700226,7.0498593541732708],[80.709027871720053,7.0498313032684461],[80.708990932097237,7.0498203089964928],[80.708954734482887,7.0498348845196475],[80.708916366538773,7.0498656313920947],[80.708880567776404,7.0499104563130803],[80.708850357433377,7.0499864925779887],[80.708838245448419,7.0500534112206825],[80.708846663560948,7.0502416750701542],[80.708840157961632,7.0502985328398546],[80.708827307561521,7.0503733244752329],[80.708821225068704,7.0504165731349842],[80.708823023495938,7.0505040154562382],[80.70883216026067,7.0505394080078529],[80.708856000650016,7.0505853508327299],[80.708937125706683,7.0506353581031282],[80.708939587988866,7.0506403978785412],[80.708945318342074,7.0506508206652496],[80.708933041965381,7.0506649290046663],[80.708912579241542,7.0506801053871815],[80.708888887074252,7.0506937857950644],[80.70886777936002,7.0507055431892329],[80.708849256098844,7.0507128108776937],[80.708838055903897,7.0507151618215298],[80.708806393883393,7.0507168717609812],[80.708776454831593,7.0507224295098512],[80.708752331472951,7.050726705249887],[80.708732515536099,7.0507286291545643],[80.708717438212346,7.0507279872586572],[80.70870451504868,7.0507241403407734],[80.708684483516166,7.0507162307565832],[80.708652821495676,7.0507021224187314],[80.708596538449854,7.0506863710051224],[80.708535287720537,7.0506663313691114],[80.708489517658492,7.050649631374597],[80.708433988299205,7.0506275875948621],[80.708414468806367,7.0506202396680422],[80.708390573619823,7.0506028719216189],[80.708371726965183,7.0505871739959582],[80.708355573459741,7.0505701396777063],[80.708338746217819,7.0505541083215464],[80.708309803397697,7.0505354041804589],[80.708276821752037,7.0505153645379206],[80.708258984803763,7.0505063458961201],[80.708225331218259,7.0504993322883562],[80.708203455444448,7.0504986645379617],[80.708200426325334,7.0504879760740886],[80.708193022410754,7.0504732802159067],[80.708183935951652,7.0504605885001377],[80.708167781547886,7.0504505686773546],[80.708148935791542,7.0504468947125396],[80.708110232775866,7.0504452239991107],[80.708079271441278,7.0504509021068102],[80.708055376254705,7.0504632603934034],[80.70802811597909,7.0504776219309138],[80.708014317856339,7.0504829666087643],[80.708000856601799,7.0504772885014582],[80.707994462393629,7.0504706083227049],[80.707991770142684,7.0504635947143939],[80.707990760436317,7.0504435541771917],[80.707992778950768,7.0504248500316509],[80.707998837189066,7.050393788488762],[80.708006348003124,7.0503491294377874],[80.708013516559092,7.0503112343668324],[80.708016996632523,7.0502850788671596],[80.70801893519689,7.0502675506340449],[80.708018504903876,7.0502431817440829],[80.708016350743847,7.0502331351708891],[80.707997181593967,7.0501905970379948],[80.708018019813608,7.050185039282713],[80.708072876334754,7.0501703434149636],[80.70812638717959,7.0501569830484616],[80.708212541903563,7.0501366090683435],[80.708288937330281,7.0501148995854397],[80.708333361716015,7.0501018735385914],[80.708370017471182,7.0500858546475724],[80.708397802362938,7.0500717471820584],[80.708438511316672,7.0500512260968335],[80.70847857348339,7.0500296360740613],[80.708528327573688,7.0499979994720263],[80.708570543900478,7.0499685007413202],[80.708608667502844,7.0499445597669386],[80.708663700093751,7.0499167549278008],[80.708699983048092,7.0498807453941872],[80.708735741386278,7.0498395168773929],[80.70876308520522,7.0498249048018904],[80.708790429922473,7.0498202082542933],[80.708831446100021,7.0498071608025796],[80.708857212477326,7.0497857642291457],[80.708895073771586,7.049753929692109],[80.708931883138689,7.0497038304995963],[80.708964485695276,7.0496563399013956]]]},"properties":{"OBJECTID":6,"Division":"2","Field_No":"5B1","Shape_Length":611.70766846286836,"Shape_Area":8980.9980347980654}},{"type":"Feature","id":7,"geometry":{"type":"Polygon","coordinates":[[[80.709392548199546,7.0491000008522589],[80.709409206558135,7.0490872252954908],[80.709474556300137,7.0490953444159592],[80.709539619479543,7.0490958409955295],[80.709631708474248,7.0490998145234958],[80.709652228690274,7.0491087556299767],[80.709655732119899,7.0491291198485522],[80.709606684105381,7.0492120691267175],[80.709566645294842,7.0492701831813838],[80.709504654353708,7.0493120625619392],[80.70949904437478,7.049309659902538],[80.709484717144292,7.049315164176793],[80.709407533895089,7.0493591974770817],[80.709295226518265,7.0494133219405679],[80.70916859101267,7.0494564369612354],[80.709134852985542,7.0494656107487383],[80.709038720673718,7.0495050571414346],[80.708931958597148,7.049550925180835],[80.708832592350305,7.0495954167021733],[80.708783601828003,7.0496133051365035],[80.708734611305658,7.049591747188213],[80.708641714725488,7.0495188178211743],[80.708602430499795,7.0494747845360886],[80.708569295242228,7.0494914462373854],[80.708551234613438,7.0494802388830262],[80.70855016022837,7.0494663810259546],[80.708546648713934,7.0494620517828057],[80.708533644701873,7.0494460159307026],[80.708523134413028,7.0494261483052592],[80.708528639289128,7.0494112464712257],[80.708563173223567,7.0493441922240185],[80.708623230990213,7.0492662096548413],[80.708615223407762,7.0492488258102073],[80.708563673585175,7.0491971681772991],[80.708551161849911,7.049173327013901],[80.708529139650722,7.0491410413230842],[80.708539649939539,7.0491316036376821],[80.708559169432334,7.0491067684202768],[80.708651558464382,7.0490660194752133],[80.708695441166,7.0490602967742921],[80.708716582117916,7.0490587080761866],[80.70873451877921,7.0490593437337408],[80.708749252946447,7.0490609333233696],[80.708765909508472,7.0490631585705392],[80.708779362678158,7.0490672907902843],[80.708792815847872,7.0490752378467265],[80.708810432708916,7.0490904963016616],[80.708824847075945,7.049101622536674],[80.708829971964647,7.0491032121261625],[80.708835416653585,7.0491035304006822],[80.708844706131941,7.0491028947431911],[80.708859119600675,7.0491003512216919],[80.708871611573002,7.0490946294126999],[80.708888268135013,7.0490869997396111],[80.708912611580899,7.0490660194752133],[80.708935033530381,7.0490447209353428],[80.708967705257251,7.0490437670032176],[80.708989485809639,7.0490450383183525],[80.709014470652633,7.0490450383183525],[80.70904521998483,7.0490450383183525],[80.709080133906653,7.0490383625765745],[80.709113126332085,7.0490332764243986],[80.709133753447631,7.0490337266447254],[80.70914611785922,7.0490520323345738],[80.709165137888718,7.0490524486769166],[80.709167841817717,7.049060734513219],[80.709174088702198,7.0490744497383924],[80.709179579205227,7.0490896680747017],[80.709184121985615,7.0491031942956672],[80.709191315694412,7.0491155945198978],[80.709197752123444,7.0491229219654716],[80.709205324921271,7.0491238607414779],[80.709218575970027,7.0491223576300372],[80.709232016563305,7.049119915742514],[80.709251704939376,7.0491172848516612],[80.709277449757124,7.0491174729634691],[80.709295055838382,7.0491172848516612],[80.709310389181965,7.0491208545185575],[80.709322883849239,7.0491225457418443],[80.70933424214769,7.0491214188539928],[80.70934938594678,7.0491165341874504],[80.709369262969034,7.0491095820738545],[80.709383272195907,7.0491037586311158],[80.709392548199546,7.0491000008522589]]]},"properties":{"OBJECTID":7,"Division":"2","Field_No":"5B2","Shape_Length":334.14063584769281,"Shape_Area":5017.973746451059}},{"type":"Feature","id":8,"geometry":{"type":"Polygon","coordinates":[[[80.70880807822455,7.0496131214825235],[80.708962338721747,7.0495457543394577],[80.708972325292748,7.0496181790995376],[80.708963213680832,7.049640539418367],[80.708928550388961,7.0496921408358109],[80.708890999013462,7.0497437422475429],[80.708856544130754,7.0497712350636821],[80.708841656351524,7.0497886269124237],[80.708830877466454,7.0497951368199665],[80.708819708712511,7.0497985192616159],[80.708803428544613,7.0498037792525414],[80.708777682828597,7.0498112947987659],[80.708759509910394,7.0498176816756981],[80.708741525638388,7.0498242575555778],[80.708719944512026,7.0498362815374662],[80.708691927854957,7.0498580748366626],[80.708673564493878,7.0498821227983388],[80.708651037441498,7.0499065469817603],[80.708622641695385,7.0499210128447967],[80.70859216365443,7.049932661492722],[80.708553545080335,7.049955769784682],[80.708511140107362,7.0499875205046116],[80.70846930376797,7.0500172046709686],[80.70839698938758,7.0500559065946646],[80.708333004186528,7.0500846519825862],[80.708275833605214,7.0501026874993649],[80.708212037050359,7.0501171542478165],[80.708095046755957,7.050145523409121],[80.708055292711379,7.0501599892646896],[80.708033332495972,7.0501686316904451],[80.707999068056083,7.0501729529032913],[80.707991438664365,7.0501834425647614],[80.707970178236522,7.0502040822167142],[80.707955851006091,7.0502210541418471],[80.707949613104731,7.0502332475028],[80.707933096679909,7.0502621685097306],[80.707896601723192,7.0502890256392696],[80.707886550473475,7.0502994109899335],[80.707877128942783,7.0503377741113651],[80.707870255034223,7.0503510221407772],[80.707865851492684,7.0503600318703716],[80.707856685083541,7.0503687750344595],[80.707847878898818,7.0503778739160063],[80.707834308948122,7.0503867062320467],[80.707793489501626,7.0504228967054559],[80.707781154734448,7.0504481357120765],[80.707756169891439,7.0504625346940024],[80.707726562318001,7.0504402323637967],[80.707704006519521,7.050435861228201],[80.707697401207255,7.05042903662219],[80.707687139751741,7.0504192485945802],[80.70768163038413,7.0503909061957231],[80.707694920958744,7.0503782287420576],[80.707695807595954,7.0503555715817292],[80.707677137011075,7.0503867953843047],[80.707667375917211,7.0504010909515129],[80.707644683574799,7.0504227344483397],[80.707610495491721,7.0504220417352093],[80.707584604248595,7.0504025378929196],[80.707578286397194,7.050350586186104],[80.707590127090967,7.0503277685503036],[80.707568940325004,7.0503017129021224],[80.707569530518114,7.0502730076462239],[80.707569195446538,7.0502567266533394],[80.70754637913663,7.0502349645761972],[80.707537159726883,7.0502351517960635],[80.707492945546903,7.0502649045938153],[80.70746171022617,7.0502749663222133],[80.707447983070296,7.0502842033916346],[80.707434414017939,7.0502885745286683],[80.707397634295276,7.0503023931341078],[80.707353969884252,7.0503015078518763],[80.707346753717573,7.0503089645495063],[80.707334282406478,7.0502960784772419],[80.707326667387818,7.0502467701242821],[80.707344819644746,7.050176454806282],[80.707358119202553,7.0501637693230395],[80.707367636852965,7.0501493587419866],[80.707366890352972,7.0501130443255029],[80.707357861386043,7.0500692821199706],[80.70735816591494,7.0500544418217448],[80.70735744007618,7.0500191089650963],[80.707333508956992,7.0499729931285273],[80.707301898140472,7.0499018736146049],[80.707285806618799,7.0498363457271784],[80.707286282725889,7.0498132071174462],[80.707300734822198,7.0497920405574517],[80.707313839445561,7.049779542283706],[80.707345673942598,7.0497801868554903],[80.707393299924021,7.0497963697974964],[80.70741644142403,7.0497845357091888],[80.707438997222525,7.0497801645674096],[80.707456879984875,7.0497756142292616],[80.707474942410286,7.0497712430873944],[80.707572794995869,7.0497418477590399],[80.707605245737199,7.0497355589487229],[80.707619769698695,7.0497306234717501],[80.707669445635617,7.0497186021617066],[80.707687977879914,7.0497377503147414],[80.707701653831833,7.0497721711638235],[80.707812403529914,7.0497573460119716],[80.707915727753885,7.0497423568192463],[80.707946995414005,7.0497263664445464],[80.707955975871883,7.0497079903509068],[80.707955411729898,7.0496805465648373],[80.70797409219621,7.0496683879587723],[80.708005095751631,7.0496690164833096],[80.708027945299207,7.0496685528907346],[80.708064183337754,7.0496412562038309],[80.708063367667492,7.0496015664366052],[80.708099497908222,7.0495928223665052],[80.708114409941942,7.0495877549424408],[80.708151787942597,7.0495885127381044],[80.70817830800641,7.0495685345697465],[80.708186776424569,7.0495724982869232],[80.708213915427621,7.0495704540216479],[80.708244810286899,7.0495674478015902],[80.70827206966419,7.0495666062026237],[80.708292787509578,7.0495688911794785],[80.708313141537275,7.0495823576543355],[80.708331557898944,7.0495981091054754],[80.708348761534921,7.0496122977141278],[80.708364632969378,7.0496221570806501],[80.708372508499451,7.0496256438318978],[80.708391045235359,7.0496267261423284],[80.708409944890633,7.0496242013456971],[80.708428792443598,7.0496196625958749],[80.708458892293805,7.0496072623851305],[80.708478012036323,7.0495978683939216],[80.708499781808925,7.0495877237391005],[80.708517387890168,7.0495839659641621],[80.708528367099561,7.0495958018406419],[80.708534993073116,7.0496093289383595],[80.708544647267459,7.049623419478972],[80.708560928333682,7.0496307469165194],[80.708578154427556,7.0496328134696462],[80.708599925098483,7.0496331896928544],[80.70861828756118,7.0496258622553452],[80.708630970874708,7.0496189110409428],[80.708652741545592,7.04961026860492],[80.708669399904238,7.0496068870534065],[80.708675564143718,7.0496090124472408],[80.708682367085373,7.0496316161526229],[80.708688874481282,7.0496524582051645],[80.708692128179237,7.0496735944597138],[80.708695381877192,7.0496920882358998],[80.708702481262875,7.0497000138850456],[80.708711354821276,7.0496964914733935],[80.708721411460886,7.0496832817608226],[80.708735905777985,7.0496618521952534],[80.708747737488579,7.0496407159401571],[80.708760160290637,7.0496301478122652],[80.708775836790664,7.0496239838137971],[80.70880807822455,7.0496131214825235]]]},"properties":{"OBJECTID":8,"Division":"2","Field_No":"5B2","Shape_Length":545.39609486546533,"Shape_Area":9296.2375830915207}},{"type":"Feature","id":9,"geometry":{"type":"Polygon","coordinates":[[[80.707419991566042,7.0511147579133029],[80.70749653880803,7.0512158100650275],[80.707582362951953,7.0513272965559741],[80.707583178622258,7.0513289654832025],[80.707644140992386,7.0514039361479082],[80.707727262105621,7.0515235755492549],[80.70776208260267,7.0515716383121703],[80.70780876984459,7.051609979040232],[80.707892810832675,7.0516401106458773],[80.70789759795484,7.0516450576922312],[80.708038201364801,7.0516694960470332],[80.708154135240406,7.0516770053223876],[80.708320047785193,7.0516843354020216],[80.708361969464534,7.051686187981093],[80.70843597627092,7.0516969236679339],[80.708491472392538,7.0517192705136278],[80.70854622291246,7.0517807060575519],[80.70858596438066,7.0518521631690847],[80.708621969755555,7.0519331693380787],[80.708637249200223,7.0519799126093865],[80.708643085554627,7.0521219343490005],[80.708653532961364,7.052168037490385],[80.708665641353079,7.0521976742664778],[80.708670044894617,7.0522229087187984],[80.708642604057616,7.0522607866945002],[80.708607140366837,7.0522868841338857],[80.708593407821084,7.0523010726601489],[80.708519048875132,7.0523557932061074],[80.708383902730546,7.0524407710032966],[80.708259433063077,7.0525070135202919],[80.708140841072534,7.0525564072184119],[80.708027832111469,7.0525772758848806],[80.7079911116776,7.0525765323584197],[80.707936800433842,7.0525085282105167],[80.707924543820113,7.0524834462234658],[80.707851018510738,7.0524046279380519],[80.707751179750076,7.0523094021227593],[80.707745182597208,7.052297131254309],[80.707744534911896,7.052295804673907],[80.707693984914229,7.0522366969549282],[80.707676381527918,7.0521747399326529],[80.707536153613731,7.0520310813792335],[80.707482121746054,7.0519867086639403],[80.70744991175323,7.0519534282331326],[80.707337133659195,7.051927803280476],[80.707218609940597,7.0518768957145213],[80.70722432771737,7.051860312552785],[80.707236977793215,7.0518542199055831],[80.707246777514641,7.0518341660557615],[80.707259178757141,7.0517962283133411],[80.707263761961727,7.051787396915679],[80.707272658876306,7.0517650046057367],[80.707280602678338,7.0517496963137747],[80.707290272144078,7.0516907311683239],[80.707295124843228,7.0516267289252834],[80.707299708047813,7.0515822135279533],[80.707304110691027,7.0514929134812734],[80.707313946345081,7.0514165253129377],[80.707331159862562,7.0513770300493528],[80.707335563404072,7.0513635591690838],[80.707344639981713,7.0513413460343664],[80.707349043523209,7.0513144934234786],[80.707405076837389,7.0511439650435808],[80.707419991566042,7.0511147579133029]]]},"properties":{"OBJECTID":9,"Division":"2","Field_No":"5A","Shape_Length":507.59729696487341,"Shape_Area":12705.974975792138}},{"type":"Feature","id":10,"geometry":{"type":"Polygon","coordinates":[[[80.707472284295378,7.0511465254927161],[80.707471428200904,7.0511399282350942],[80.707471662661177,7.0511136390539981],[80.707474691780334,7.0511064997509045],[80.707482074135342,7.0511004873307508],[80.707490214668439,7.0510972939011207],[80.707498543847763,7.0510969176790956],[80.707524909401343,7.05111113922813],[80.707555786294307,7.0511280629778588],[80.707651379616919,7.0511741029201591],[80.707720719675393,7.0511996797723464],[80.707828950497444,7.0512316336738694],[80.708030423751069,7.0513127611982247],[80.708036697585001,7.0513192434471925],[80.708084929929257,7.0513381294268891],[80.70812205370666,7.0513500882884204],[80.708228946937297,7.051388938984763],[80.708301594592612,7.0514092808150712],[80.708480619845602,7.0514548526810295],[80.70858894319413,7.0514881572186976],[80.708617147599099,7.0515025811308671],[80.708683525013768,7.0516401997978937],[80.708707518116682,7.051686436715265],[80.708715066660019,7.0516936366327982],[80.708720322702732,7.0516990668825557],[80.708732950320694,7.0517561732075151],[80.70876449196696,7.0518319122932773],[80.708790515262407,7.0519014392564623],[80.708795854848475,7.0519628417899947],[80.708786778270834,7.0520333333577065],[80.708777522928443,7.0520511699897828],[80.70873806442961,7.0520888054862549],[80.708724053406115,7.0521174740773551],[80.708717178599258,7.0521240312026876],[80.708702460601643,7.0521392387405806],[80.708693919419915,7.0521044552189549],[80.708688108218354,7.0519924910605143],[80.708679247236375,7.0519667921138938],[80.708666544159968,7.051909343471304],[80.708639327003468,7.051861009721339],[80.7085989737826,7.0517748068691901],[80.708581857283164,7.0517418241909082],[80.708546349574917,7.051699834481477],[80.708496140038747,7.051671574180828],[80.708454545346157,7.0516635130543515],[80.708391421629443,7.0516558566779368],[80.708314999253275,7.0516461587198451],[80.708297199135927,7.0516401106458773],[80.708256407537192,7.0516357395216041],[80.708247773829029,7.05164466007417],[80.708166543669449,7.0516490320898502],[80.708157909961244,7.0516401106458773],[80.708062425334731,7.0516329758084728],[80.707942356513897,7.051616598579205],[80.707860222649131,7.0515976279164265],[80.707813688120794,7.0515738305610345],[80.707766101665243,7.0515322732238284],[80.707726652149546,7.0514794434958858],[80.707626004006798,7.0513414646066659],[80.707602124091579,7.0513053062997448],[80.707523988628182,7.0512048256326292],[80.707472284295378,7.0511465254927161]]]},"properties":{"OBJECTID":10,"Division":"2","Field_No":"5A","Shape_Length":419.22961508940097,"Shape_Area":4295.4165927029971}},{"type":"Feature","id":11,"geometry":{"type":"Polygon","coordinates":[[[80.709003858854203,7.04989543770502],[80.709014179598498,7.0499023826746079],[80.709017024562982,7.0499061930468487],[80.70903297594748,7.0499275539538102],[80.70905196723092,7.049971966984911],[80.709061133640063,7.0499896307407877],[80.709077306908441,7.0500227240927549],[80.709117254090813,7.0500699641353313],[80.709151528412164,7.0501110954555832],[80.709181152155281,7.0501393505023131],[80.709208595687201,7.050157212169947],[80.709264469999567,7.0501693885936199],[80.709326802300495,7.0501681253052766],[80.709355375014752,7.0501584166177871],[80.709397092776555,7.0501370815756568],[80.70942899464724,7.0501308997534995],[80.709508806366955,7.0501236249237138],[80.709564192894135,7.0501459272691225],[80.70959550367337,7.0501581874963275],[80.709621317661359,7.0501644343993375],[80.709659507739033,7.0501636605571907],[80.709702435531526,7.0501527393980092],[80.70972999045452,7.050134196606435],[80.709766296765054,7.0500966830898966],[80.709804048464875,7.050068902331005],[80.709855341369277,7.0500606129466403],[80.709904263619663,7.050061603429115],[80.709951427867011,7.0500993986699125],[80.709975276341183,7.0501392809634797],[80.70999563036888,7.0501726007516154],[80.71003597909818,7.05024851929244],[80.710080681063346,7.0503102215968001],[80.71008540440512,7.0503198874880564],[80.710105758432817,7.0503532072632025],[80.710126329852855,7.0503876093446065],[80.710140816085115,7.0504014261640506],[80.710193421428144,7.0504267614562899],[80.710211838688096,7.0504361803933016],[80.710220200206777,7.05046358490765],[80.710208988333704,7.0505179267736002],[80.710192659656798,7.0505714956832897],[80.710173766289742,7.0506079045652239],[80.710165122700076,7.0506518575056436],[80.710148398764417,7.0507761704596357],[80.710159680706084,7.0508528101427119],[80.710194521864381,7.0509442036057388],[80.71020950306837,7.0510052095391007],[80.710206493712164,7.0511515830930138],[80.710168650384176,7.0512010937249769],[80.71010787037207,7.051243125381089],[80.71006680388885,7.0512795351017994],[80.710049549048875,7.0513056620166319],[80.710001004989223,7.05136536004128],[80.709964757967541,7.0514082243629188],[80.709934998578788,7.0514366086010192],[80.709910169144351,7.0514527691971347],[80.709868352567867,7.0514885726673047],[80.709832419956498,7.0515097480649915],[80.709766386596598,7.0515241372071849],[80.709708065273418,7.0515376080827847],[80.709675842704144,7.0515438531841506],[80.709603424119209,7.0515555561740149],[80.709567607390511,7.0515646684050495],[80.709546040637193,7.0515869519591687],[80.70953291984415,7.0516536706701087],[80.709523483940401,7.0516902203271972],[80.709510662286334,7.0517149297017712],[80.709451863059428,7.0517783863223356],[80.709407020058734,7.0518275411708107],[80.709360674176622,7.0518779584062479],[80.709308080511661,7.0519166619575104],[80.709269713465901,7.0519455632459049],[80.709255092486345,7.0519606691564505],[80.709165967932051,7.0520073509100927],[80.709096591940977,7.0520345146211607],[80.709020515416185,7.0520549375514143],[80.708989152534684,7.0520639481393763],[80.708932931472603,7.052079689699462],[80.708867473034474,7.0521060483642151],[80.708786957933896,7.0521576183038492],[80.708750639945265,7.0521800061372373],[80.708739960773187,7.0521797903895642],[80.708733040152211,7.0521433620177252],[80.708743276454896,7.0521037116917311],[80.708782465459151,7.0520594878671714],[80.7087966435693,7.052038018293163],[80.708806225000117,7.0519795925538196],[80.708804724813589,7.0519066172036826],[80.708770703817152,7.0518233545929565],[80.708762454587898,7.0517814059008366],[80.708741936168494,7.0517561732075151],[80.70873720474188,7.0517273191578393],[80.708719290538511,7.0516753622504851],[80.708710484353745,7.051666963237885],[80.708694416188266,7.0516293874390241],[80.708666311496287,7.0515882268333945],[80.70865699506848,7.0515691643428502],[80.708652162132239,7.0515152166523034],[80.708645287325382,7.0514685152355687],[80.708638433179772,7.0514197731231194],[80.708616836781999,7.0513571375441462],[80.708591740547931,7.0512719901591581],[80.70856974080661,7.0511824038743631],[80.708552238929926,7.0511192315674629],[80.708542549701278,7.0510797781800401],[80.708544643674202,7.0509779361105123],[80.70855587261525,7.050934439660157],[80.708567959447393,7.0509111477635278],[80.708594962804852,7.0508853916995147],[80.708625217165292,7.0508708206670221],[80.70870608081222,7.050855149496086],[80.708812823125854,7.0508297946137919],[80.708851436310013,7.0508142464715196],[80.708922152587533,7.0507738150584558],[80.7089832245521,7.0507026430676838],[80.708994077099064,7.0506753277197145],[80.708993857011805,7.0506646249955454],[80.708993327904125,7.0506388698093643],[80.708974080600839,7.0506073616281277],[80.708891312525509,7.0505607778008255],[80.708861044690309,7.050536522149641],[80.70885367042014,7.0505139630645148],[80.708845369986932,7.0504616199917933],[80.708872329326923,7.0503377295352427],[80.708876732868461,7.0503153380467483],[80.708881608923804,7.0502917046656925],[80.708876732868461,7.0502395978214825],[80.708872329326923,7.0500580854778212],[80.708886722134423,7.0499804186281354],[80.708899871673523,7.0499482364102901],[80.708927953009322,7.0499022667765692],[80.708968888338489,7.0498804815031333],[80.708971090109245,7.0498827566717166],[80.708997802412526,7.0498913616586547],[80.709003858854203,7.04989543770502]]]},"properties":{"OBJECTID":11,"Division":"2","Field_No":"6B","Shape_Length":781.8918454833547,"Shape_Area":28971.898221964337}},{"type":"Feature","id":12,"geometry":{"type":"Polygon","coordinates":[[[80.710789891098727,7.0510118130392998],[80.710826673516337,7.0509578759820846],[80.710826783110775,7.0509576522101529],[80.710982700999722,7.0507498883900945],[80.710995323227777,7.0507458221579542],[80.710999257848698,7.0507578585972093],[80.711025188617711,7.050765850200742],[80.711051443678514,7.0507569296312553],[80.711087388866304,7.0507535177763838],[80.711078403018504,7.0507970739756969],[80.711073405690584,7.0509237262437132],[80.711059645297041,7.0509502427736059],[80.71106553465205,7.0509730550296252],[80.711059100019668,7.0510042440212457],[80.711068851232099,7.0510230355124888],[80.711074840300085,7.0510777571009697],[80.711083770452333,7.0511123481310749],[80.711075830243516,7.0511276484204304],[80.711037065244071,7.0511581589539629],[80.710960362593539,7.0511881916301213],[80.710924341048965,7.0512036639805649],[80.710867311503165,7.0512316639855737],[80.710885284995356,7.0512788094036711],[80.71088968763857,7.0512925406105333],[80.710876520133155,7.0513050994668998],[80.710866687174004,7.0513199887587206],[80.710845076403245,7.0513406016144113],[80.710840353061471,7.0513502665926318],[80.710819998135435,7.0513635145930502],[80.710809044977196,7.0513859274273916],[80.710781433460298,7.0513903894891303],[80.71076626001684,7.0514060677741028],[80.710754934057732,7.0514168703314688],[80.710750405650401,7.0514398992040626],[80.710736109860946,7.0514674471938186],[80.710721377490302,7.0514814993425023],[80.710702976400015,7.0514884532035467],[80.710671524585308,7.0514672885031464],[80.710653000425822,7.0514767626932882],[80.71066140865689,7.0515093335079326],[80.710645515662875,7.0515399616970402],[80.710598387348114,7.0515746427361803],[80.710570640185637,7.0515835811203358],[80.71055278796598,7.05159559435831],[80.710526363123606,7.0516041074868205],[80.710516153770385,7.0516093282303496],[80.710513626809487,7.0516092774136867],[80.710493436275158,7.0516042519131625],[80.710473216994757,7.0515870509179548],[80.710447548533836,7.0515555187301464],[80.710428807880348,7.0515350405036337],[80.710394164351413,7.0514974655855962],[80.710358385351995,7.051474169259663],[80.710344944758688,7.0514613937683635],[80.710342105184097,7.0514491817177838],[80.710348163422353,7.0514285153756981],[80.710358385351995,7.0514134861185944],[80.710351760276765,7.051387935132281],[80.710343619743654,7.0513614444815564],[80.710326014560721,7.0513343903880772],[80.710306969378394,7.0513104378945535],[80.71031388640607,7.0512903768890309],[80.710342219270117,7.051269526886502],[80.710362554433217,7.0512485155176918],[80.710394710527126,7.0512275870594152],[80.710408915586726,7.0511985199032621],[80.710430624273883,7.0511629829755336],[80.710453937352128,7.0511584647457592],[80.710471820114464,7.05114499385913],[80.710485434082614,7.0511384367199303],[80.710498779454468,7.0511182312805216],[80.710519133482194,7.051111674140941],[80.710532343208442,7.0510980249486748],[80.710548237999063,7.0510828646272099],[80.710549115653123,7.0510792905178423],[80.710553721315563,7.0510650199341587],[80.710565738079111,7.0510585983050866],[80.710610105870984,7.0510443794290287],[80.7106595590257,7.0510338300550872],[80.710696994518543,7.0510269492920061],[80.710730733443995,7.0510168590512716],[80.710775563868239,7.0510209867960016],[80.710789891098727,7.0510118130392998]]]},"properties":{"OBJECTID":12,"Division":"2","Field_No":"6B","Shape_Length":301.61388549544984,"Shape_Area":3799.9318118791161}},{"type":"Feature","id":13,"geometry":{"type":"Polygon","coordinates":[[[80.711616157903777,7.0501088479253582],[80.711648428982059,7.0501456107784106],[80.711710408245068,7.0502294977568161],[80.711739033959915,7.050252850311292],[80.711785161551433,7.0502939218832479],[80.711792781061675,7.0503020855587071],[80.711825784266907,7.0503205284930006],[80.711841400579814,7.0503372605942216],[80.711851193114711,7.0503538375698556],[80.711837201854152,7.0503740225375982],[80.71183794116763,7.0503925314417106],[80.711880894112952,7.0503908420060997],[80.71191486390542,7.0503958701943699],[80.711923590140088,7.0504052195932605],[80.711923078100384,7.0504180370152625],[80.711927748441553,7.0504357310658836],[80.711932325357935,7.0504784207351481],[80.711930296063684,7.0505292544584064],[80.711922179785105,7.0505444816621656],[80.711885584217057,7.05055313477905],[80.711845963123153,7.0505692909483688],[80.711787021064083,7.0505762929652747],[80.7118067121351,7.0506508973361708],[80.711763175284872,7.0506763066110896],[80.711727976597061,7.050720740966983],[80.711691768202925,7.050737704849448],[80.711648243030794,7.0507436094001728],[80.711632163187176,7.0507608380638906],[80.711626704125223,7.0508061247065976],[80.711613053326161,7.0508237964543676],[80.711607290633609,7.0508359175861841],[80.711593004725643,7.0508426111325289],[80.711549427451217,7.0508408967359628],[80.711500056043192,7.0508610290826752],[80.711470019973348,7.050883893942868],[80.711464653437858,7.0509007223080928],[80.711444969553355,7.0509188282233453],[80.711419673893261,7.0509306792215813],[80.71139945371452,7.0509413008111492],[80.711384070963604,7.05095778237233],[80.711365926791487,7.0509709938315979],[80.711354989802928,7.0509878079292871],[80.711331462925614,7.0510094478326222],[80.711292665586797,7.0510343195004177],[80.71126707617762,7.0510423619158944],[80.711235795042825,7.0510559130424353],[80.711216815437481,7.0510618782125354],[80.711186369735898,7.0510826765161916],[80.711167736880256,7.0510869665172242],[80.71115856328457,7.0510771374935883],[80.711160596172064,7.0510262298341377],[80.711150252969887,7.051011308438091],[80.711145444288164,7.0510011932344296],[80.711146166533652,7.0509831212002148],[80.711154917921149,7.0509667029379495],[80.711159239715982,7.0509576120916924],[80.711181877261126,7.0509310188913483],[80.711186199055973,7.0508862439943298],[80.711200455319542,7.050867786818225],[80.711222701199233,7.0508573649278992],[80.711247029373752,7.0507755134079151],[80.711256888384,7.0507140732730136],[80.711276234501966,7.0507079930920717],[80.71128954214457,7.0507033625260478],[80.711306487065784,7.0506990725214527],[80.711320994857601,7.0507213748392035],[80.711332225595285,7.0507375764702891],[80.711389098834246,7.0507435068751327],[80.711387686682613,7.0507081535660419],[80.711406708508747,7.0506992419106833],[80.711415352098427,7.0506899807784196],[80.711446975491384,7.050672309025547],[80.711478256626208,7.0506453761388341],[80.711495321023335,7.0506344371605945],[80.711502523715296,7.0506192848476648],[80.711500700135247,7.0505736032422268],[80.71147294219297,7.0505558084548134],[80.711459399191767,7.0505412989270226],[80.711426204645392,7.0505528486003479],[80.71142001704969,7.0505786385607161],[80.711412063366183,7.0505829285664046],[80.711402043557499,7.0505472444902502],[80.711397379504533,7.0505384933058339],[80.711390807429922,7.0505246702497812],[80.711357742240935,7.0505259709810897],[80.711343974660892,7.0505112198497653],[80.711316501484546,7.050498348938989],[80.711307686316673,7.0504907816955829],[80.711321504202388,7.0504573879339159],[80.711386235005136,7.0504120843181655],[80.71141237418324,7.0503998374705494],[80.711428832217564,7.0503822049336113],[80.711454034452871,7.0503674965907859],[80.711466449170089,7.0503484117619202],[80.711464639064815,7.0503030733661181],[80.711438047135758,7.0502647102417981],[80.711476306383716,7.0502295191534001],[80.711490467425847,7.050207749051248],[80.711525234922291,7.0501943084487788],[80.711541162052285,7.0501859423956681],[80.711559340360381,7.050181643471042],[80.711554616120281,7.0501592270123696],[80.711563062978911,7.0501433801872979],[80.711603733305083,7.0501116303695515],[80.711611098592115,7.0501093150835628],[80.711616157903777,7.0501088479253582]]]},"properties":{"OBJECTID":13,"Division":"2","Field_No":"6A1","Shape_Length":369.61767842471346,"Shape_Area":3912.8360247265618}},{"type":"Feature","id":14,"geometry":{"type":"Polygon","coordinates":[[[80.710430133793736,7.0500644883987817],[80.710476403319049,7.0501190745889497],[80.710498779454468,7.0501593090325008],[80.710503362659054,7.0501636801707042],[80.710508403106104,7.0501688884491189],[80.710543015193991,7.0502560027366519],[80.710548204761395,7.0502943444651391],[80.710525738794445,7.0503108768661384],[80.710519133482194,7.0503177014739311],[80.710512258675308,7.0503242586247454],[80.710507855133798,7.0503288089574996],[80.71047826373001,7.0503480685256186],[80.710467416572968,7.0503644930504858],[80.710436456136705,7.0504072281939463],[80.710427995803343,7.0504331117722883],[80.710407274364698,7.0504602211928136],[80.710417991266027,7.050475916448196],[80.710422394807537,7.0505072293949249],[80.710427337338231,7.0505215641854075],[80.710444950606018,7.0505383640350514],[80.710454108032039,7.0505478257629024],[80.710485240046509,7.0505471954565166],[80.710511692736674,7.0505631198302412],[80.710516752048363,7.0505785975506825],[80.710521335252949,7.0505829686849291],[80.710530674138639,7.0505971100127027],[80.710530224082703,7.0506190102587887],[80.710520793568833,7.0506280048272769],[80.710521340642828,7.0506546051771766],[80.71055713042206,7.050671841867902],[80.710568511178408,7.050683601045713],[80.710561683982249,7.050703402644559],[80.710554713953968,7.0507459095271292],[80.710567795221124,7.0507583863782619],[80.710579656576144,7.0507882416674557],[80.710595617842102,7.0507926136912529],[80.710624887649004,7.0507534161428653],[80.710669521342211,7.0507578042143679],[80.710659985725457,7.050794740862699],[80.7106612397736,7.0508104557202209],[80.710691583067259,7.0508001443773383],[80.710696479783863,7.0508581913686594],[80.710675761938475,7.0508648661927076],[80.710669260830784,7.0508781685898221],[80.710669651597925,7.0508971678107892],[80.710705556361503,7.0509041261381844],[80.710710317432529,7.0509090455552634],[80.710709862884997,7.0509311347891837],[80.710662878300667,7.0509425052569412],[80.710642651833766,7.0509577413623346],[80.710624589408326,7.0509621124930071],[80.710607396552106,7.0509798769530807],[80.710588643322239,7.0509844156895829],[80.710563162609191,7.0509908979431568],[80.710530577120593,7.0510245671464702],[80.710511260647024,7.0510307899667399],[80.710503362659054,7.0510469514685257],[80.710498240465299,7.0510568223943153],[80.710485299335318,7.0510691655088875],[80.710480397228821,7.0510940942308471],[80.710467326741409,7.0511003892633983],[80.710458520556713,7.0511094881305434],[80.710446687947766,7.0511207730078569],[80.710426888180621,7.0511271518430494],[80.710404512045187,7.0511450830112734],[80.710395435467547,7.0511494541401776],[80.710380585417596,7.0511742892480953],[80.710368741130551,7.0511985252524214],[80.7103564647539,7.0512044378209433],[80.710350593365192,7.0512164510687256],[80.710334775829679,7.0512371450574785],[80.710310064972845,7.051243125381089],[80.71027818106846,7.0512704237566899],[80.710265222870504,7.0512971765197747],[80.710274208718275,7.0513144934234786],[80.710278612259813,7.0513279643051598],[80.71028548706667,7.0513412123062267],[80.710292091480653,7.0513547268716685],[80.710301168058265,7.0513680194480193],[80.710305571599804,7.0513859506069307],[80.710310154804361,7.0513947829037482],[80.710314557447575,7.0514044033048027],[80.710305032610606,7.0514320306420055],[80.710296584853708,7.0514483089190136],[80.71029218131217,7.0514662400748209],[80.710283884472204,7.0514903057834326],[80.710301042294134,7.0515233704995177],[80.710308101255634,7.0515664175682335],[80.710331922780327,7.0515957129305331],[80.710340522352539,7.051648154833889],[80.710332530939795,7.0516713343618651],[80.710328127398256,7.0516937257848014],[80.710323288173825,7.0517124726720857],[80.71032363492354,7.0517293651966302],[80.710323381598627,7.0517417047272133],[80.710303262929529,7.0517680250758623],[80.710220200206777,7.0517873077636883],[80.710206810817468,7.0517918571905307],[80.710176594186237,7.0517977126941895],[80.710161878883582,7.0518052389063284],[80.710131472707829,7.0518111309621556],[80.710107960203601,7.0518051497543501],[80.710080911032065,7.0518007777400946],[80.710072015015811,7.0517962283133411],[80.710062323092231,7.0517918571905307],[80.710035305361728,7.0518010371724307],[80.710011311360489,7.0518005512939901],[80.709992317382131,7.0518009364306513],[80.709962012716005,7.0517766514242446],[80.709939520697915,7.051739038190421],[80.709928232468044,7.0517159389026496],[80.709923649263501,7.051711567779102],[80.709919245721963,7.0516980969085656],[80.709912172387405,7.0516892655090215],[80.709872059915057,7.0517162580668717],[80.709851802905362,7.0517158470760535],[80.709842501748923,7.0517160360783402],[80.709826722840972,7.0517323393079581],[80.709802332682685,7.0517382420629415],[80.709784419377598,7.051756750912527],[80.709719605929848,7.0517485266393454],[80.709701370129594,7.0517673689170497],[80.709674563503185,7.0517929368212933],[80.709667394947218,7.0518148682140422],[80.709657230509791,7.0518344549082412],[80.709627203423111,7.0518539988086495],[80.709618359509122,7.0518720948798945],[80.709597590459765,7.0518787857366991],[80.709586268093915,7.051890484260479],[80.709555161232259,7.0519054662515508],[80.709541816758701,7.0519122908358582],[80.709505780841098,7.051925583396204],[80.709496748280927,7.0519573758825418],[80.709483314874163,7.051970187912473],[80.709466863128057,7.0520086623354947],[80.709446102163497,7.0520341936741229],[80.709438382940277,7.0520415558428304],[80.709433979398739,7.052072868683724],[80.709418271457693,7.052118428003106],[80.709346559846878,7.0521415299454198],[80.709339622157941,7.0521486977611554],[80.709326053105556,7.0521575291519341],[80.709321649564046,7.0521620794666733],[80.70929817389073,7.0521844699743479],[80.709242216035037,7.0522151400202171],[80.709227202491689,7.052219976512081],[80.709211156784093,7.0522307737013445],[80.70917079368175,7.0522378184860637],[80.709150907676303,7.0522244367827591],[80.709141831996988,7.0522200656640077],[80.709127518241246,7.0522127453995536],[80.709103932075152,7.0522207601574856],[80.709110558947017,7.0522335311702209],[80.70911035952102,7.0522432157432409],[80.709029981862656,7.0522819272876447],[80.709017064088854,7.0522952742200431],[80.709002541923994,7.052304726105298],[80.708981709992528,7.0523187443508855],[80.708947906388389,7.0523593093569019],[80.708894705462313,7.0523939359520584],[80.708862830541108,7.0524179463382923],[80.708783831796694,7.0524905694579907],[80.708759859355013,7.0525325457229622],[80.708733040152211,7.0525188297086672],[80.708720032546907,7.0525125658985788],[80.708671236060667,7.0525055380568791],[80.708629093395743,7.0525236385602641],[80.708620709419193,7.0525323005553373],[80.708597581393889,7.0525543602917367],[80.708533857602589,7.0526045144500991],[80.708517276499052,7.0526125006726677],[80.708509134169347,7.0526209130409008],[80.708390893420088,7.0526727058027792],[80.708355610290653,7.0526928790797445],[80.708324068644401,7.0527106309921743],[80.708292705762872,7.0527285629906249],[80.708277264621458,7.052735999144276],[80.708254495922276,7.0526979241819001],[80.708297199135927,7.0526571942746452],[80.708303673294196,7.0526439480942287],[80.708310588525265,7.0526190221302549],[80.708296846996362,7.0526125898244931],[80.708288212389817,7.0526215103582555],[80.708272183750211,7.0526319429071167],[80.70822274317193,7.0526392631649433],[80.708171389182098,7.0525804389926678],[80.708251893502904,7.0525416668499448],[80.708374961798498,7.0524771690400865],[80.708449877699934,7.05242961988594],[80.708569070663401,7.0523540476119635],[80.708650270280245,7.0522980307970533],[80.708661059046818,7.0522868841338857],[80.708690380956014,7.0522638053783497],[80.708722290911552,7.0522255119549442],[80.708762719590908,7.0521957610661223],[80.708893963453917,7.0521132366854706],[80.708940843833645,7.0520934806143938],[80.708990376938388,7.0520814932434135],[80.709039624378903,7.0520647603136579],[80.709094174574545,7.0520501162136595],[80.709122516421729,7.052040486019334],[80.709173104148647,7.0520146150120713],[80.709250096056707,7.0519775340348376],[80.709269157408727,7.0519647077407797],[80.709281121171671,7.0519523459281723],[80.709343389692251,7.051909284630991],[80.709506880378981,7.051738536264593],[80.709524289729202,7.0517152221204045],[80.70954215183032,7.051670263646006],[80.709553075344161,7.0516147192542],[80.709564889088483,7.0515804554496109],[80.709609214659537,7.051573292082657],[80.709650547044092,7.051566293646915],[80.709777692792755,7.051536091606347],[80.709827180083437,7.0515265015197324],[80.709866956585913,7.0515129860677934],[80.709919155890447,7.0514661509227281],[80.709928232468044,7.0514617797968269],[80.709964158791237,7.0514304045081602],[80.710081462597657,7.0512859799073446],[80.710118409406974,7.0512507407543534],[80.710169422935351,7.0512175378330273],[80.710190800144147,7.0512014351775978],[80.710215469678488,7.0511601809241871],[80.710220701466682,7.0509904682297364],[80.710210045650783,7.0509491934526007],[80.710198010022609,7.0509142859200926],[80.710170588050246,7.0508547429621151],[80.710160718260241,7.0508045538449275],[80.710162015427514,7.05074143854391],[80.710180615045445,7.0506227912048942],[80.710206855733233,7.0505585703912992],[80.710221683325287,7.0505212503694921],[80.710240175145429,7.0504376237685182],[80.710270145638262,7.0504090379850677],[80.710288923122619,7.050370614245991],[80.710312079894038,7.0502954125095867],[80.710333339423556,7.050233752104849],[80.710405272019926,7.0500951336223414],[80.710430133793736,7.0500644883987817]]]},"properties":{"OBJECTID":14,"Division":"2","Field_No":"6B","Shape_Length":1013.3707094492455,"Shape_Area":11375.91719653013}},{"type":"Feature","id":15,"geometry":{"type":"Polygon","coordinates":[[[80.711386185597789,7.0491804226620376],[80.711373614573688,7.0492413173870379],[80.711355128143481,7.0493032391406381],[80.711306599355183,7.0493757102979373],[80.711225257804543,7.0494449701723765],[80.711153620753862,7.0494867104593251],[80.711086605535371,7.0495201934433753],[80.711015893749448,7.0495555120736704],[80.71097753299189,7.0495770700236395],[80.710948415898585,7.0495981688376155],[80.710921148436441,7.0496275240564907],[80.710869384814828,7.0496733920837293],[80.710841192087955,7.049688987515113],[80.710800059129397,7.049704582054388],[80.710750144240635,7.0497183427282382],[80.710702078084751,7.0497311860234415],[80.710682667288069,7.0497403589139509],[80.710666953058805,7.0497559543430448],[80.710639685596675,7.0497830165524213],[80.710610568503355,7.0498100787602214],[80.710577753944349,7.0498421860996539],[80.710539855819135,7.0498701647904172],[80.710485781730625,7.0499073181497476],[80.710459900368988,7.0499325455946451],[80.710431707642115,7.0499641937909594],[80.710421539611389,7.0499839169664869],[80.710357760124538,7.0501027151365907],[80.710296291104584,7.0502435285465364],[80.710260704344606,7.0503210455762577],[80.710242217016074,7.0503641614039987],[80.710222343587063,7.0503866366932515],[80.710200159691098,7.0503962687050352],[80.710183521095388,7.0503944339512294],[80.710164572032781,7.0503820498086469],[80.710149783068275,7.050363244027019],[80.710108649211406,7.0502981111495107],[80.710069826719774,7.0502435285465364],[80.710018063996472,7.050132070323496],[80.70997785450605,7.0500614340396934],[80.709937183281568,7.0500449212432637],[80.709879411727329,7.0500265745825281],[80.7098378161364,7.050023363315062],[80.709806851208555,7.0500256572049134],[80.709770339183848,7.0500563880173139],[80.709721811293889,7.0500944587391974],[80.709694542933434,7.0501183096619737],[80.709667274572965,7.0501274834363725],[80.709644628942982,7.0501306938116173],[80.709599335886352,7.0501293181912343],[80.709566059593271,7.0501146401521613],[80.709528161468086,7.0500972108716997],[80.709487027611232,7.0500894136087098],[80.709428794322932,7.0500912474721886],[80.709388123098435,7.0501045498915547],[80.70936085473798,7.050105008134512],[80.709352073706086,7.0500875788536952],[80.709320183513483,7.04994584712703],[80.709313712948486,7.0498990617488682],[80.70933728384324,7.0498334705628443],[80.709378879434169,7.0497495326958308],[80.709394334948627,7.049722617586001],[80.709410603438428,7.0497070595997968],[80.709443435963749,7.0496727136338722],[80.709470056638864,7.0496401293172397],[80.709481592803769,7.049602260042505],[80.709486029582919,7.0495423754620523],[80.709488100199664,7.0495021587954234],[80.709494892361519,7.0494590393214063],[80.709505052307392,7.0494321277607437],[80.709523077003581,7.0494046063957176],[80.709562823861631,7.0493601148560208],[80.709617822316588,7.0493202102072372],[80.709667737205351,7.0492903958335775],[80.709744919556258,7.0492642509745904],[80.709790675245245,7.0492449869037843],[80.709853067733292,7.0492165481483822],[80.70992886398372,7.0491587550360215],[80.709994030469346,7.049089953362798],[80.710017139630054,7.0490550938325569],[80.710019912729322,7.0490468374164861],[80.710049953290763,7.0490583042152304],[80.710075372918368,7.0490734405317514],[80.710082767849769,7.0490913289862336],[80.710094784613304,7.0491000445370124],[80.710105876112138,7.0491027957838828],[80.71012112770903,7.0491014201604347],[80.710142849870905,7.0490922463657313],[80.710165959031599,7.049071147528716],[80.710187218561103,7.0490527999378969],[80.710214024289201,7.0490404157594382],[80.710240368283223,7.0490289489602871],[80.710264863544367,7.0490096839881504],[80.710290283171958,7.0489927129101773],[80.710311080967429,7.0489752835874784],[80.71032910566359,7.0489610646475169],[80.710359608857402,7.0489436344321126],[80.710374398720248,7.0489427170523218],[80.71039843134902,7.0489454691916436],[80.710426161443522,7.0489390475332216],[80.710447421871365,7.0489252877277648],[80.710468681400869,7.0489161139295504],[80.710501033327503,7.0489110687862384],[80.710549561217491,7.048902812367599],[80.710586073242197,7.048900977607877],[80.710602249205536,7.0489014358520681],[80.71063598813096,7.0489060227513285],[80.710660020759775,7.0489165721737166],[80.710678045455936,7.048924828592102],[80.710683591654515,7.0489454691916436],[80.710702078084751,7.0489807878657409],[80.710732119544474,7.0490133535067292],[80.710757076539679,7.0490367462411143],[80.710782496167269,7.0490642667364884],[80.710811151526528,7.049089953362798],[80.710830100589135,7.049104172298815],[80.710861989883426,7.0491216016166671],[80.710898039275747,7.0491280232725835],[80.710944718432856,7.0491399492047382],[80.711002028253048,7.0491592132799585],[80.711068580839168,7.0491835233862723],[80.71111479826223,7.0491995770779914],[80.711181350848364,7.0492206768006511],[80.711220635972396,7.0492266393198353],[80.71125113916618,7.0492252636967692],[80.711289499025426,7.0492064578682214],[80.711322775318507,7.049191321556],[80.711345884479186,7.0491793956251687],[80.711360211709646,7.0491715983467333],[80.711374077206045,7.0491660940707863],[80.711381933871536,7.0491656349353526],[80.711388404436534,7.0491674696939928],[80.711388404436534,7.0491725157260792],[80.711386185597789,7.0491804226620376]]]},"properties":{"OBJECTID":15,"Division":"2","Field_No":"6A3","Shape_Length":651.90182103580071,"Shape_Area":18933.358213049949}},{"type":"Feature","id":16,"geometry":{"type":"Polygon","coordinates":[[[80.710673390386148,7.0489143808038168],[80.710662682467941,7.0489056563343047],[80.710650555211629,7.0488991981227471],[80.71062866686141,7.0488936198468961],[80.710605890975714,7.0488898041171879],[80.710578678310796,7.0488895108052647],[80.710540817016494,7.0488892166018067],[80.710511238189127,7.0488939140503923],[80.710484025524224,7.0489003722620005],[80.710460066557303,7.0489068304735198],[80.710441727450771,7.0489129944815048],[80.710421909717297,7.0489218018627593],[80.710406528763002,7.0489273792467451],[80.710384935958501,7.0489288466978328],[80.710368371922996,7.0489282600740113],[80.710346483572778,7.0489335432544626],[80.710328735557724,7.0489426439472211],[80.710319270907874,7.0489505696091914],[80.710306847207505,7.0489643668579571],[80.710296198578121,7.048974641689167],[80.71028288824057,7.048982274038667],[80.710266324205051,7.0489872639066604],[80.710248576189969,7.0490013544661787],[80.710237336469149,7.0490157392286843],[80.710217223189929,7.0490266006824553],[80.710195925931188,7.049034819654822],[80.710175516207883,7.0490421586915089],[80.710164867578527,7.0490486169010431],[80.710151261695231,7.0490665240785342],[80.710134697659711,7.0490823753980729],[80.710120795332358,7.0490876594683165],[80.710101865134391,7.0490847245671597],[80.710092104040513,7.0490765047041357],[80.710077018631949,7.0490618266317044],[80.710058679525432,7.0490530201446564],[80.71003353747723,7.0490445069692509],[80.710025255010336,7.0490357004818724],[80.710013127753982,7.0490174999913258],[80.710004845287074,7.0489972454255021],[80.709988946903181,7.0489743662077897],[80.709976468405571,7.0489500560904963],[80.70996352727559,7.0489202416930201],[80.709952897510831,7.048896390708566],[80.709936721547493,7.04886611806345],[80.709926091782734,7.0488349280363556],[80.709918234218961,7.0488106179117471],[80.709909914921113,7.0487913529305395],[80.709895587690639,7.0487720888400274],[80.709882647458983,7.0487574107579913],[80.709865084496855,7.0487491543366163],[80.709848446799484,7.0487372292859067],[80.709835505669488,7.0487275963481109],[80.70981840533976,7.0487230103385921],[80.709795297077392,7.0487023697291145],[80.709766143153146,7.0486693449303903],[80.709731535556827,7.0486232565967519],[80.709697634036317,7.0485905946435681],[80.709709910413011,7.0485676610226706],[80.709719297807709,7.0485418602520298],[80.70972724160977,7.0485189266287414],[80.709725797118779,7.0484888251320079],[80.709707743676546,7.0484314901735372],[80.709693618567016,7.0483583600304085],[80.709697316032702,7.0483299221120896],[80.709713954628413,7.0482941451436369],[80.709735676790288,7.0482501117421688],[80.709750465754794,7.0482290119752733],[80.709774036649549,7.0482060783364764],[80.709805926842137,7.0481794751714162],[80.709838278768771,7.0481542476310644],[80.709912592799,7.0481160225155666],[80.709958432031286,7.0481002745801486],[80.710048348001351,7.0480845275357051],[80.710108291681934,7.0480652803548409],[80.71015236752136,7.0480460331732013],[80.710208785314464,7.0480267868822555],[80.710266965602145,7.0479935418281219],[80.710326909282728,7.047949798144499],[80.710382948885112,7.047923359897319],[80.710391614034322,7.0479283765225054],[80.71041691777927,7.0479629775945369],[80.710448807971858,7.0479726105482232],[80.710473764967077,7.0479872877636351],[80.710510276991783,7.0480143500762784],[80.710542167184371,7.0480478340582593],[80.710553258683206,7.0480886561980638],[80.710556031782474,7.0481432390548839],[80.710552945171145,7.0481882076783426],[80.710557677496084,7.0481949601037144],[80.710559452567097,7.048203179090839],[80.710560043658546,7.0482310669448074],[80.710560635648292,7.048255432374491],[80.710558268587548,7.0482756878642654],[80.710552945171145,7.0482977041185393],[80.710549987018936,7.0483141429805061],[80.710553536262609,7.0483299952172915],[80.710563001810755,7.048350837328381],[80.710576904138108,7.0483778443451603],[80.710587824058692,7.0483941548244449],[80.710611487479923,7.0484230875360199],[80.710643101889701,7.0484567168072783],[80.710675283136425,7.0484907223001922],[80.710696864262829,7.0485106372166424],[80.710714741635286,7.0485225667308278],[80.7107239116377,7.0485366581959896],[80.710728348416893,7.048552509533657],[80.71073248965034,7.0485707100424602],[80.710741658754458,7.0485880297226231],[80.710747278614903,7.0486112209935881],[80.710748758140156,7.0486264857044967],[80.71075733615281,7.0486490894578155],[80.710766800802659,7.0486793255645539],[80.710772420663062,7.048710735809018],[80.71077064649036,7.0487383294288941],[80.71076690770218,7.0487490509196213],[80.710749112974696,7.048769529269272],[80.710721663154573,7.0488007157346795],[80.710700461117241,7.0488275818641588],[80.710686642333229,7.048851442658945],[80.710676229960768,7.0488732360044501],[80.710673958121404,7.0488895812357857],[80.710673390386148,7.0489143808038168]]]},"properties":{"OBJECTID":16,"Division":"2","Field_No":"6A2","Shape_Length":399.90607461684561,"Shape_Area":9911.078522439404}},{"type":"Feature","id":17,"geometry":{"type":"Polygon","coordinates":[[[80.711841366443821,7.0483172410359503],[80.711852306127341,7.0483742372284155],[80.712036038552426,7.0483512839832292],[80.712038039998859,7.0482415129654168],[80.712060061299738,7.0481986100151142],[80.71205380543212,7.0480930612338302],[80.712116365905104,7.0480992698290317],[80.712159376342612,7.0481163434653515],[80.712215680947978,7.048117119985462],[80.712333764492072,7.0481295371750887],[80.712361134362183,7.0482397432845376],[80.712390069097452,7.0483406364800283],[80.712413529499415,7.0483972912149744],[80.712393978565586,7.0484166935076615],[80.712393655172065,7.0484366235832203],[80.712413540279215,7.0484767030472728],[80.712423174710608,7.0485033552292347],[80.712436089789477,7.0485318377131678],[80.712444700141461,7.048547299454019],[80.712445725119224,7.0485531995750206],[80.712442650185992,7.0485670342796896],[80.712425635196198,7.0486146417794835],[80.712427274621604,7.0486270518235736],[80.712425224666092,7.0486427177207061],[80.712422355447089,7.0486589934211592],[80.71242133046934,7.0486714043555763],[80.712428710129387,7.048686866091745],[80.712440805046384,7.0487009040603716],[80.712445109773228,7.0487106698361082],[80.712474526005536,7.0487379986727836],[80.712504242275145,7.0487294614203888],[80.712566020315535,7.0488101757149426],[80.712604338852287,7.0489863492015381],[80.712584006384148,7.0490018715509377],[80.712574622582707,7.0490119609440161],[80.712561178396143,7.0491893753567929],[80.712578285912429,7.0491801329163941],[80.712579601045974,7.0491797049843639],[80.712580334969587,7.0491791772015171],[80.712581264725898,7.0491791772015171],[80.712581918699428,7.0491785281712565],[80.712583471886546,7.0491777926630759],[80.712584163589298,7.0491772229785328],[80.712586539633264,7.0491760978738789],[80.712587406507495,7.0491758696434452],[80.712589584922057,7.0491741400847934],[80.712595123934094,7.0491707478318197],[80.712603227636265,7.0491662295825677],[80.712611325050247,7.0491642388070082],[80.712613746908261,7.0491628649668083],[80.712616020544232,7.0491612673538233],[80.712617757885994,7.0491591107545615],[80.712619730586354,7.0491571529653996],[80.712624598556886,7.0491544605595031],[80.712630737643551,7.0491523333805377],[80.71264013941132,7.049148334890293],[80.712644573495552,7.0491449836472775],[80.712648499133323,7.0491425141226172],[80.712651475251874,7.0491402986826106],[80.712656274052108,7.0491374975105732],[80.712657563134542,7.0491361735957048],[80.712657979054541,7.0491353480433752],[80.712659234000981,7.0491339920336316],[80.712660338928771,7.0491325085357426],[80.712661311804226,7.0491309670886944],[80.71266160555335,7.0491300916110067],[80.712662632327707,7.0491286437741207],[80.712662632327707,7.0491277210455401],[80.712663097655025,7.0491272592354886],[80.712663334810259,7.0491265727611045],[80.712664058852383,7.0491260797476745],[80.712665373985942,7.0491247745548238],[80.712666091739848,7.0491242654939299],[80.712666951427579,7.0491239677245234],[80.712669048993774,7.0491221730843181],[80.712671370240457,7.0491206378779259],[80.712673025835556,7.0491197998442336],[80.712673907082831,7.0491186702818283],[80.712678793019691,7.0491160153197745],[80.712681041502819,7.0491144382116859],[80.712683537022684,7.0491131998831653],[80.712687989073245,7.0491118706191012],[80.71269113587168,7.0491099600805391],[80.712692066526301,7.0491099600805391],[80.712692910044382,7.0491096507213049],[80.712694504553994,7.0491087012469444],[80.712702407033547,7.0491060311289244],[80.712707593007664,7.0491040082581833],[80.712708750936088,7.0491029518007773],[80.712709524385559,7.0491025773601939],[80.7127106670426,7.0491015110960298],[80.712711464746548,7.049101192821511],[80.712712392706251,7.0491011883638741],[80.712714101301898,7.0491004706860734],[80.712715897932497,7.0491001408217278],[80.71271674863705,7.0490998082828407],[80.712717659528735,7.0490997280455749],[80.712718498555233,7.0490993473642982],[80.712720337406623,7.0490992965473298],[80.712721078516722,7.0490987776796539],[80.712722803282077,7.0490980992289574],[80.712725473973421,7.049097394924015],[80.712727298451767,7.0490970400969841],[80.712728227309753,7.0490970311817112],[80.712730032025149,7.0490965836360404],[80.712731891537786,7.0490965782868944],[80.712732628156331,7.0490961173683528],[80.712733558810967,7.0490961173683528],[80.712734442753217,7.0490958668497621],[80.712739714965608,7.0490940909314723],[80.712740490211701,7.0490936014840928],[80.712741314865127,7.0490933482909233],[80.712741774802552,7.049092854385945],[80.712745201875379,7.0490916945115947],[80.712746568212893,7.0490904588576022],[80.712749062834476,7.0490892214205658],[80.71274994408175,7.0490890145866905],[80.712751627524582,7.0490882728376763],[80.712752502483696,7.0490881408919321],[80.712753160050454,7.0490874882954557],[80.712760337589572,7.0490859495228477],[80.712767554654576,7.0490841584485908],[80.712776798318856,7.0490798220696895],[80.71278561348673,7.0490746833180102],[80.712795912671467,7.0490653490481918],[80.712801522650395,7.0490579921813667],[80.7128058660048,7.0490531832937915],[80.712819420684141,7.0490434371388337],[80.712825993657063,7.0490382966036771],[80.712833663472978,7.0490315798516487],[80.712834530347209,7.0490313525126735],[80.71283606197477,7.0490305278517003],[80.71283606197477,7.0490301311229091],[80.712856054879737,7.0490167493269489],[80.712864833216713,7.0490099220254434],[80.712883472360517,7.048993228211879],[80.712888728403271,7.0489856163676308],[80.712896665917114,7.0489720482415343],[80.712897213889406,7.0489713162991112],[80.712900711929151,7.0489682761972157],[80.712905314896673,7.0489637080205965],[80.71291355963433,7.0489537104535795],[80.712919020492961,7.0489486991886325],[80.712925362598867,7.0489419521234122],[80.712926429797406,7.0489404454452593],[80.712926728038084,7.0489396457468567],[80.712927193365402,7.0489391839366142],[80.712928123121699,7.0489357925734577],[80.712929338542324,7.0489336894646382],[80.712929719427976,7.0489321043322137],[80.712930447961654,7.0489318431152546],[80.712940473160231,7.0489135588172198],[80.712943188767355,7.0489084682060472],[80.712953975737264,7.0488930795823821],[80.712955007901542,7.0488920855312873],[80.712960741848008,7.0488876591065202],[80.712965665514062,7.0488845940413407],[80.712966627609759,7.0488836820106071],[80.712967371414791,7.0488825560137176],[80.712968806922618,7.0488825381831974],[80.712969550727692,7.0488818347694471],[80.712973820420217,7.0488811135252014],[80.712981633966578,7.0488776321175015],[80.712983057796308,7.04887750819542],[80.712983653379311,7.0488750315371442],[80.712985361975001,7.0488731825129021],[80.712986688786671,7.0488708547393939],[80.712988987575486,7.0488694434542305],[80.712991597181372,7.0488683629251137],[80.712992207137447,7.0488672636739418],[80.712998677702444,7.0488647424393154],[80.713002420982235,7.0488626313064771],[80.713003772946735,7.0488622746962113],[80.713004799721119,7.04886125479082],[80.713007158697025,7.0488596339971128],[80.713008418135075,7.048858934149413],[80.713009830286708,7.0488587620849668],[80.713012085956379,7.0488571145454797],[80.713014780003917,7.04885605095531],[80.713019049696484,7.0488529377475508],[80.713021597318615,7.0488517939200657],[80.713022649245815,7.0488508310722731],[80.713024093736792,7.0488507954112709],[80.713025392700686,7.048850149946654],[80.713026437441371,7.0488491541124132],[80.713030422367964,7.0488479469865846],[80.713032517239199,7.0488460043520655],[80.713033756914299,7.0488454943993197],[80.713035881429931,7.0488436213037868],[80.713039877136325,7.0488366620539162],[80.713042183111668,7.0488349690465295],[80.713047670021396,7.0488302448515912],[80.713048262011185,7.0488292008749358],[80.7130507557344,7.0488264612162626],[80.713052016969101,7.0488257631516076],[80.713054668795792,7.0488224440011891],[80.713055368583397,7.048821197648155],[80.71305773474586,7.0488195349526119],[80.713058762418527,7.0488185150470937],[80.713063778611087,7.0488156149137762],[80.71306598667006,7.0488137837198002],[80.713069773967291,7.0488119124071718],[80.713071983822914,7.048810087453889],[80.713074697633374,7.0488090720059944],[80.713077980077401,7.0488043585091189],[80.713086203255543,7.0487907564997458],[80.713088236143037,7.0487838650050278],[80.713090596017281,7.0487785943042338],[80.713095488242288,7.048771446049888],[80.71309594368816,7.0487701462051531],[80.71314756807088,7.0488277967218735],[80.713149557839273,7.0488459776062724],[80.713151547607595,7.0488641584899971],[80.71315884641929,7.0488924296601922],[80.713167546602804,7.048936675183743],[80.713181312386226,7.0489682583667079],[80.713194701775535,7.0490040317170379],[80.713210831924769,7.0490304369161052],[80.713234161172707,7.0490646037330498],[80.713216631448276,7.0490983845170154],[80.713217404897705,7.0491360193618302],[80.713229728885096,7.0492317334936114],[80.71316324906249,7.0492671145526344],[80.713108211081689,7.0492991309941555],[80.713092663939065,7.0493151953801592],[80.712982961676545,7.0493723385514757],[80.712933448334738,7.0494514970237008],[80.712898149933949,7.0494722989657079],[80.712859681378546,7.0494981852708785],[80.712771763261685,7.0495499962124262],[80.712637026748837,7.0496007756545822],[80.712615591149529,7.0496061141018656],[80.712572867274645,7.0495688038101125],[80.71251452708681,7.0495907228268013],[80.712397046312262,7.049639592619692],[80.712390267625139,7.0496465964337141],[80.712365357342335,7.0496585936744651],[80.712244447698339,7.0497050875485572],[80.712171220629628,7.04972559081863],[80.712158730453922,7.0496816262005488],[80.712141571733667,7.0496435768412944],[80.712110269937611,7.0496172385414546],[80.712084004995347,7.0496054766620304],[80.712063504542215,7.0496013444470558],[80.712041083491059,7.0496003905161144],[80.712020583037969,7.0496013444470558],[80.71200104468052,7.0496013444470558],[80.711987911311056,7.0496013444470558],[80.711977982232241,7.0496010261729181],[80.711964529062541,7.0495956226442855],[80.711959083475278,7.0495905364982292],[80.711947552700295,7.0495819529022903],[80.711939864918108,7.0495743241287263],[80.711936021026986,7.0495612900429885],[80.711934740029392,7.0495453959466685],[80.711936662424108,7.0495171043112324],[80.711945310505342,7.0494713280955139],[80.711954919783949,7.0494036176948498],[80.711956841280355,7.0493765973649811],[80.711955823489106,7.0493660934208355],[80.711949279262285,7.0493216143588366],[80.711944945789355,7.0492986807741218],[80.711925447856089,7.0492420627019126],[80.711899451510092,7.0492012112433864],[80.711868398547352,7.049177560866541],[80.711814238220541,7.0491639437122187],[80.711768020797521,7.0491503265574638],[80.71173841322404,7.0491245258192645],[80.711719637536319,7.0490829584556014],[80.711698695112077,7.0490514243143085],[80.711659699245601,7.0490299233975113],[80.71163847115713,7.0490233475063473],[80.711602502613147,7.0490306749533973],[80.711568617262301,7.0490451417353093],[80.711526780922881,7.0490703166271382],[80.71149440923331,7.0490894799628814],[80.711462038442079,7.0491075155183989],[80.711424177147777,7.0491340062980115],[80.711403163756643,7.0491529815193141],[80.711392752282521,7.0491541084070892],[80.711375904379352,7.0491552361863734],[80.711347129544194,7.0491676355176693],[80.711317786973737,7.0491804110722232],[80.711282387063349,7.0491960047371132],[80.711259480921896,7.0492091556229459],[80.71124073937014,7.0492155433996952],[80.711221241436888,7.0492170465108686],[80.711196253000622,7.0492136649564801],[80.711164638590844,7.0492074296304725],[80.711095719842248,7.049185120107671],[80.71100520828918,7.0491528290685217],[80.710936288642259,7.0491287569978089],[80.710903751662656,7.0491211246506875],[80.710874622891239,7.0491163460756434],[80.710850580380992,7.0491067639626399],[80.710824646018722,7.0490907949626296],[80.710784512885084,7.0490519048464533],[80.710750248445208,7.0490195906183892],[80.71072090587478,7.048991596720338],[80.710701028852469,7.0489617252678967],[80.710691752848888,7.0489384288144743],[80.710689860098569,7.0489260045143105],[80.710691303691235,7.04890665395145],[80.710697803002304,7.0488744030115384],[80.710709358031792,7.0488529020865229],[80.710727411474068,7.0488220847163054],[80.710761351622139,7.0487869666234184],[80.710787348866461,7.0487489822720804],[80.710802514225065,7.0487195984687334],[80.71082923371489,7.0486887810896484],[80.710856675450188,7.0486629803257888],[80.710897114909329,7.0486300125819019],[80.710920946315497,7.0485855780255315],[80.710923112153665,7.0485518943805276],[80.710931055955697,7.0485146259055877],[80.710959219936498,7.0484780751064644],[80.711008325443203,7.0484443905621017],[80.711037933016641,7.0484236072959936],[80.711100759390973,7.0484099901195094],[80.711145532323059,7.0484035399247693],[80.71121052543387,7.0484049734995144],[80.71130540010428,7.0483819801371386],[80.711298348329308,7.0483574845512198],[80.711229301121605,7.048098231199881],[80.711281295610277,7.0480767302388356],[80.711323902704208,7.0480595300042257],[80.711418503388444,7.0480437633447934],[80.711503715779671,7.0480365963570453],[80.711570875626947,7.0480480631807501],[80.711653922180005,7.048063829840042],[80.711711693734244,7.0480810309660473],[80.711821972715157,7.0481282703150843],[80.711825498602622,7.0481615153595616],[80.711836077163426,7.0482507509669317],[80.711841366443821,7.0483172410359503]]]},"properties":{"OBJECTID":17,"Division":"2","Field_No":"6A3","Shape_Length":956.40099639649873,"Shape_Area":26775.892084387378}},{"type":"Feature","id":18,"geometry":{"type":"Polygon","coordinates":[[[80.710747764603468,7.0510158543064776],[80.710738435599239,7.0510111649031186],[80.710737224670225,7.0510050330178329],[80.710741101798988,7.0509952931445978],[80.710754792123922,7.0509808647590164],[80.710761092009008,7.0509653540657142],[80.710767150247293,7.050926035284963],[80.710770299740688,7.0509083599750095],[80.710780185700372,7.0508856769864652],[80.710785731898952,7.0508696233531918],[80.710791739831578,7.0508485245971277],[80.71079774776419,7.0508260493302535],[80.71079774776419,7.050801739310133],[80.71079774776419,7.0507884378022885],[80.710798672130608,7.0507618347855185],[80.710787117999402,7.0507389003805772],[80.710769555935613,7.0507228467421896],[80.71073951447589,7.0507077104795473],[80.710714094848285,7.0506953263453358],[80.710694684051646,7.0506797309478708],[80.710680356821172,7.0506609251783159],[80.710657247660478,7.0506453306712276],[80.710635525498589,7.0506334047777859],[80.710624433101458,7.0506201032651452],[80.7106179634348,7.0506072599945844],[80.710614265969085,7.0505902889751466],[80.710605946671222,7.0505696484488469],[80.710593468173613,7.0505549713152647],[80.710571746011723,7.0505412106662995],[80.710558343147696,7.0505302021467973],[80.71053662098582,7.0505118555053103],[80.710520445022482,7.0504916732181133],[80.710514436191573,7.0504710326874749],[80.710514436191573,7.0504508512900319],[80.710521369388943,7.0504315863770159],[80.710538931452717,7.0504132397315979],[80.710563439290297,7.0503873695249695],[80.71058826333487,7.0503716920970172],[80.710613086481118,7.0503414569922551],[80.710613086481118,7.0503045024773359],[80.710606316777131,7.0502843460353013],[80.710590519902865,7.0502529911719147],[80.710564567574295,7.0502014789692327],[80.710539744428075,7.0501622858284581],[80.710511535531509,7.0501130140136974],[80.710474299464664,7.0500603820420853],[80.710456246022389,7.0500178287374116],[80.710451732886398,7.0499943130223119],[80.710482198350974,7.0499551189724334],[80.710523679855839,7.0499174093061887],[80.710579140943167,7.0498770455706863],[80.710636449865035,7.0498187934059287],[80.71067203752331,7.0497743010144927],[80.710700691984258,7.0497573299645335],[80.710751531239438,7.0497380659142239],[80.71080144522989,7.0497233878627581],[80.710847200918877,7.0497068759458292],[80.710891568710792,7.0496807311103273],[80.710926693736695,7.0496495411380646],[80.710955608709071,7.0496197553143993],[80.711016991490737,7.0495781879951238],[80.711102203881978,7.0495337535296922],[80.711203303877312,7.0494828688802826],[80.711281295610277,7.0494226669016555],[80.711339067164502,7.0493617490208429],[80.711376618540015,7.0492972472021371],[80.71139322838961,7.0492420627019126],[80.711401893538849,7.0492062278547563],[80.711415614406476,7.0491746937218478],[80.71144522287824,7.0491474603041402],[80.711498660959577,7.0491144925947182],[80.711560765088407,7.04907435791125],[80.711612759577051,7.0490514243143085],[80.711651033198052,7.0490499907415867],[80.711673420113243,7.0490679077258092],[80.711700861848541,7.0491058920509904],[80.711716748554352,7.0491381429747824],[80.711752134091711,7.0491646604983824],[80.711794018041815,7.0491832942643287],[80.711842401303016,7.0492019280294995],[80.711876342349413,7.0492205617939439],[80.711911005641284,7.0492628459313167],[80.711922559772461,7.0493022638124643],[80.711932214865115,7.0493515651337519],[80.711933693492114,7.0493897268490775],[80.711928961167175,7.0494446215862432],[80.711918312537804,7.0494915906643767],[80.711911805141867,7.04953151402038],[80.711912988223119,7.0495505953168065],[80.711917425002312,7.0495740789595365],[80.711927481641922,7.04960108590502],[80.711939905342263,7.0496119473450767],[80.711960906156975,7.0496201671985972],[80.71197776573824,7.04962104802454],[80.712013260870052,7.0496172314092771],[80.712039290453745,7.0496189930611637],[80.71206916572514,7.0496239838137971],[80.712092237156583,7.0496369002166066],[80.712114125506815,7.0496559806171604],[80.712128915369618,7.0496788776317052],[80.71214192926314,7.0497164526972442],[80.71214666248639,7.0497575501709617],[80.712145182961123,7.0498197838889247],[80.712139859544735,7.0498591205940473],[80.712134535230078,7.0499010979889807],[80.712133055704783,7.0499181243081379],[80.712116094613918,7.0500268322328257],[80.71210959530282,7.0500798671768097],[80.712110317548323,7.0501157010648505],[80.712131981319686,7.0501630026130693],[80.712167366857059,7.0501916695403075],[80.712230193231392,7.0502038530952795],[80.712328404244801,7.0502131704032003],[80.712427338401952,7.0502196205727508],[80.712513995284155,7.050217470219069],[80.712601375310172,7.0502210541418471],[80.712627191993107,7.0502149168969446],[80.71266217059366,7.0502955444549986],[80.712661042309634,7.0503593739265309],[80.712665555445653,7.0503963275455384],[80.712645245435382,7.0504108852201206],[80.712553849041754,7.0504108852201206],[80.712456811228122,7.0504310416566724],[80.712390237980728,7.0504590372507607],[80.712243552976318,7.05049935101031],[80.712103637675867,7.0505542224364257],[80.712021267554178,7.0505654199580627],[80.711973876931367,7.0505587014451141],[80.711945668034829,7.050540784518561],[80.711929871160564,7.0505295861047665],[80.711931272532397,7.0505047830571188],[80.711932325357935,7.0504784207351481],[80.711927748441553,7.0504357310658836],[80.711923078100384,7.0504180370152625],[80.711923590140088,7.0504052195932605],[80.71191486390542,7.0503958701943699],[80.711880894112952,7.0503908420060997],[80.71183794116763,7.0503925314417106],[80.711837201854152,7.0503740225375982],[80.711851193114711,7.0503538375698556],[80.711841400579814,7.0503372605942216],[80.711825784266907,7.0503205284930006],[80.711792781061675,7.0503020855587071],[80.711785161551433,7.0502939218832479],[80.711739033959915,7.050252850311292],[80.711710408245068,7.0502294977568161],[80.711648428982059,7.0501456107784106],[80.711616157903777,7.0501088479253582],[80.711611098592115,7.0501093150835628],[80.711603733305083,7.0501116303695515],[80.711563062978911,7.0501433801872979],[80.711554616120281,7.0501592270123696],[80.711559340360381,7.050181643471042],[80.711541162052285,7.0501859423956681],[80.711525234922291,7.0501943084487788],[80.711490467425847,7.050207749051248],[80.711476306383716,7.0502295191534001],[80.711438047135758,7.0502647102417981],[80.711464639064815,7.0503030733661181],[80.711466449170089,7.0503484117619202],[80.711454034452871,7.0503674965907859],[80.711428832217564,7.0503822049336113],[80.71141237418324,7.0503998374705494],[80.711386235005136,7.0504120843181655],[80.711321504202388,7.0504573879339159],[80.711307686316673,7.0504907816955829],[80.711316501484546,7.050498348938989],[80.711343974660892,7.0505112198497653],[80.711357742240935,7.0505259709810897],[80.711390807429922,7.0505246702497812],[80.711397379504533,7.0505384933058339],[80.711402043557499,7.0505472444902502],[80.711412063366183,7.0505829285664046],[80.71142001704969,7.0505786385607161],[80.711426204645392,7.0505528486003479],[80.711459399191767,7.0505412989270226],[80.71147294219297,7.0505558084548134],[80.711500700135247,7.0505736032422268],[80.711502523715296,7.0506192848476648],[80.711495321023335,7.0506344371605945],[80.711478256626208,7.0506453761388341],[80.711446975491384,7.050672309025547],[80.711415352098427,7.0506899807784196],[80.711406708508747,7.0506992419106833],[80.711387686682613,7.0507081535660419],[80.711389098834246,7.0507435068751327],[80.711332225595285,7.0507375764702891],[80.711320994857601,7.0507213748392035],[80.711306487065784,7.0506990725214527],[80.71128954214457,7.0507033625260478],[80.711276234501966,7.0507079930920717],[80.711256888384,7.0507140732730136],[80.711247029373752,7.0507755134079151],[80.711222701199233,7.0508573649278992],[80.711200455319542,7.050867786818225],[80.711186199055973,7.0508862439943298],[80.711181877261126,7.0509310188913483],[80.711159239715982,7.0509576120916924],[80.711154917921149,7.0509667029379495],[80.711146166533652,7.0509831212002148],[80.711145444288164,7.0510011932344296],[80.711150252969887,7.051011308438091],[80.711160596172064,7.0510262298341377],[80.711158645929572,7.0510750575740779],[80.71108344526219,7.0511110884113775],[80.711074840300085,7.0510777571009697],[80.711068851232099,7.0510230355124888],[80.711059100019668,7.0510042440212457],[80.71106553465205,7.0509730550296252],[80.711059645297041,7.0509502427736059],[80.711073405690584,7.0509237262437132],[80.711078403018504,7.0507970739756969],[80.711087388866304,7.0507535177763838],[80.711051443678514,7.0507569296312553],[80.711025188617711,7.050765850200742],[80.710999257848698,7.0507578585972093],[80.710995323227777,7.0507458221579542],[80.710982700999722,7.0507498883900945],[80.710826783110775,7.0509576522101529],[80.710826673516337,7.0509578759820846],[80.710822379569279,7.0509666628195014],[80.710799167102337,7.0509982102032112],[80.710788506794856,7.0510127001032519],[80.710775563868239,7.0510209867960016],[80.710775056320117,7.0510209404368984],[80.710755623963877,7.0510191511531666],[80.710747764603468,7.0510158543064776]]]},"properties":{"OBJECTID":18,"Division":"2","Field_No":"6A3","Shape_Length":994.55901745660628,"Shape_Area":24132.47842365719}},{"type":"Feature","id":19,"geometry":{"type":"Polygon","coordinates":[[[80.706836981353405,7.0408811253576493],[80.706850425539926,7.0408809675549122],[80.706905045804135,7.0408820739573326],[80.706967693413745,7.0409035493973011],[80.707003425700805,7.0409121964533465],[80.707124704552371,7.0409430526855781],[80.707220179297408,7.0409596478279548],[80.707292218793285,7.0409812890909516],[80.707320884932329,7.0409910300661211],[80.70735775807978,7.0410132285406446],[80.707415918604553,7.0410733237348708],[80.707473453901855,7.0411553187229208],[80.707494365783361,7.041186981783099],[80.707511286450057,7.0412216065382918],[80.707559167553015,7.0412999898706916],[80.707596258991089,7.0413585248325212],[80.707610136165599,7.0413817316212857],[80.707686033027329,7.0415370387680767],[80.707736818383594,7.0416302590494126],[80.707814603504062,7.0417643385617739],[80.707870344865768,7.0418581124432569],[80.707874748407264,7.0418671232294567],[80.707892810832675,7.0418982584499075],[80.707915186968108,7.0419384927154365],[80.707919770172694,7.0419428639311565],[80.70793866353975,7.0419815255181808],[80.707971876052412,7.0420611069502623],[80.707989452489286,7.0421256338473608],[80.707996290465218,7.0421950419088555],[80.707995735306383,7.0422220680065717],[80.707985758616815,7.042270422375525],[80.707979041913447,7.0422858335075045],[80.707964819785872,7.0423184655926345],[80.707932261246711,7.0423812102691485],[80.707920445705781,7.0423924793112826],[80.707891822685866,7.0424459617892712],[80.707786235605695,7.0423640677731836],[80.707730989215733,7.0423217428873084],[80.7076258045808,7.0422339941163923],[80.707615156849741,7.0422240124519195],[80.70760302869509,7.0422078666902035],[80.707538546725672,7.0421315420739425],[80.707518799959104,7.0421017985610561],[80.707510091690736,7.0420886465820791],[80.70749494699335,7.0421001073121596],[80.707481128209338,7.0421157012152102],[80.70743720867678,7.0421485802684893],[80.707417521199019,7.0421669914317899],[80.707394615057595,7.0421767618028293],[80.70736830160628,7.0421709373814725],[80.707340071150156,7.0421623652381387],[80.707303689381163,7.0421896659315992],[80.707261686853428,7.0422178483549942],[80.707238024330522,7.0422301774403167],[80.707190106396652,7.0422360482209427],[80.707139230310503,7.0422369290609188],[80.707088945315846,7.0422428007329909],[80.70703936370208,7.0422487080665492],[80.707021339005891,7.0422418280645749],[80.707007936141864,7.042239535027762],[80.706975121582843,7.0422441211013878],[80.706909031629053,7.0422583411389592],[80.706882687635044,7.0422670559266463],[80.706891589041192,7.0422391151131594],[80.706893477299914,7.0422333397271899],[80.706903359666356,7.0421830854857026],[80.70689717566394,7.0421531110676376],[80.706894668466006,7.0421409593964404],[80.706874804020117,7.0421084414158095],[80.706777645832247,7.0419889547119894],[80.70674731331836,7.0419180185217396],[80.7067415560157,7.0418887403785435],[80.706742596264803,7.0418381482063905],[80.706855619598912,7.0418560012785116],[80.70688174979388,7.0418402700696943],[80.706921894605642,7.0418176757913109],[80.70695119944682,7.0417663623560838],[80.70697619686625,7.0417466869740384],[80.707018868638869,7.0416669530347678],[80.707040597987259,7.0416396326966488],[80.707087987711773,7.0416885978309152],[80.707125762767788,7.0417423184311039],[80.70717039286771,7.0418336450418737],[80.707184995880993,7.0418783191778891],[80.707202447452005,7.0419289336341144],[80.707234192117511,7.0419704650861989],[80.707291524395586,7.0420058074716616],[80.707317680641708,7.0420142342970555],[80.707333097528632,7.0420194729793586],[80.70737728835239,7.042018576982831],[80.707413343134618,7.042000138175931],[80.707437214066687,7.0419754737519451],[80.707457140496302,7.0419288730094731],[80.707456650016155,7.0419049940276262],[80.707457153971021,7.0418804606548342],[80.707456749729161,7.0418607852776356],[80.707410869174339,7.0417067237198339],[80.707384988710999,7.0416351723241286],[80.707379641938445,7.0416133973606891],[80.707365667745862,7.0415281813203237],[80.707358119202553,7.0414745008146395],[80.707337587308388,7.0413884047987096],[80.707302748845052,7.0412989770809773],[80.707295124843228,7.0412917047872003],[80.707285323325152,7.0412716486973146],[80.707268165503237,7.0412604812635475],[80.707244840746895,7.0412417892290504],[80.707207167200522,7.0411847449081266],[80.707166852607187,7.0411550762239079],[80.707084034226213,7.0410775068436813],[80.707031648072075,7.0410351283479544],[80.706932486641151,7.0409747924327597],[80.706870075288464,7.0409563660659495],[80.706844318792619,7.0409476138088856],[80.706818487736655,7.0409209237479038],[80.706818942284187,7.0408988144230431],[80.706827920945443,7.0408902502800768],[80.706830870114516,7.0408872038844104],[80.706836981353405,7.0408811253576493]]]},"properties":{"OBJECTID":19,"Division":"2","Field_No":"2C2/1","Shape_Length":700.99403305718374,"Shape_Area":9389.5666012628244}},{"type":"Feature","id":20,"geometry":{"type":"Polygon","coordinates":[[[80.707671569252938,7.0425906557144442],[80.707610991361761,7.0426346192220155],[80.707566239989262,7.0426807901724695],[80.707477341810431,7.0427937515361236],[80.707449324255023,7.0428277574444813],[80.707430961792284,7.0428553745944953],[80.707420360773639,7.0428720962667155],[80.707405784709849,7.0429085440895935],[80.70740313378144,7.0429342836576856],[80.707397644176737,7.0429789986983442],[80.707391018203182,7.0430269072199545],[80.707387800437843,7.0430451311256688],[80.707379849449268,7.043075003850892],[80.707372845285008,7.0430962340167502],[80.707358268322864,7.0431223489113632],[80.707345017274122,7.0431407609275611],[80.707327790281923,7.0431602998453382],[80.707322578256665,7.0431671227753379],[80.707316141827619,7.043181898211901],[80.707313350762035,7.043196442740042],[80.707312730026175,7.0432082163720615],[80.707315508515364,7.0432210865937259],[80.707316244235585,7.0432204099174998],[80.707335522979889,7.0432544086622819],[80.707340187032827,7.0432586996273274],[80.707373982552127,7.0432983061332299],[80.707426606759796,7.0433320409775302],[80.707498280641374,7.0433711036400446],[80.707535955984369,7.0433887560575101],[80.707593932354513,7.0434099639205945],[80.707693215956354,7.0434247946246638],[80.707762310774726,7.0434391456818393],[80.707818182392145,7.0434603107488556],[80.707844375469207,7.0434782038776325],[80.707854150936129,7.0434987671561089],[80.707859248875351,7.0435094905510596],[80.707859317147324,7.0435096349799204],[80.707859663897011,7.0435116703565512],[80.707861549460816,7.0435265313696016],[80.707852971448162,7.043525357216736],[80.707839365564865,7.0435247696945611],[80.707817477214647,7.0435224213888423],[80.707776953313854,7.0435203663984307],[80.707758318661604,7.0435212472359643],[80.707721641346879,7.0435215405512839],[80.707698865461168,7.0435186047233644],[80.707675497585669,7.0435153755800872],[80.707642073070602,7.0435180180926995],[80.707617226568146,7.0435206597137512],[80.70759238096403,7.0435277055224299],[80.707561322611369,7.0435417962479088],[80.707541504877923,7.0435482545341204],[80.707527307004824,7.0435541252980682],[80.707503643583621,7.0435641069338901],[80.707479980162404,7.043570565219758],[80.707460162428944,7.0435729135252476],[80.707440640241188,7.0435820134316964],[80.70741608928445,7.0435864167272291],[80.707398637713439,7.0435761426681305],[80.707383552304876,7.0435641069338901],[80.707362255944417,7.043553245352121],[80.707343621292168,7.0435453187063537],[80.707306647533386,7.0435362187991419],[80.707278842878694,7.043522128073497],[80.707245714807669,7.0435203663984307],[80.70721376891953,7.0435130272743303],[80.70719040194237,7.0434863141810053],[80.707153723729306,7.0434507936011119],[80.707121778739491,7.0434240796126897],[80.707091312376633,7.0434132180276379],[80.707041619371765,7.0434070530549659],[80.706997842671313,7.0434064664241598],[80.706960276922786,7.0434076405772927],[80.70690525960319,7.0434117496675483],[80.706855661819745,7.0434156251752853],[80.706832187943021,7.0434111157853287],[80.706786187013947,7.0434069826236181],[80.70677482871551,7.0433876309388106],[80.706755140339439,7.0433605772714358],[80.70673829243627,7.043338783666715],[80.706720118619771,7.0433231898047826],[80.706692669697958,7.0433098497462625],[80.70666086664194,7.0432968868072683],[80.70662376262743,7.0432858014436048],[80.706589687732091,7.0432747169712355],[80.706556394371034,7.0432614847872319],[80.706529126010579,7.0432426787166946],[80.706509252581554,7.0432174509076999],[80.706496311451573,7.0431926822386943],[80.706488916520129,7.0431798387623266],[80.706457951592313,7.0431426857552868],[80.706434842431619,7.0431004866471563],[80.706423288300442,7.0430628744922785],[80.706416356001384,7.0430280145088213],[80.706401566138538,7.0429871919233573],[80.706385852807614,7.0429399467012352],[80.706371524678815,7.0428954545410756],[80.706363206279292,7.0428638049705841],[80.706357660080727,7.0428271101883979],[80.706359970547638,7.0428087632419851],[80.706372911677619,7.0427734440976621],[80.706392785106644,7.0427509684392229],[80.706412195903297,7.0427294101717965],[80.70642975886544,7.04271473278994],[80.706443161729467,7.042693174520795],[80.706457488959941,7.042659231901748],[80.706495387085113,7.0426069414342942],[80.706542990608682,7.0425500648903521],[80.706600300428846,7.0425097005133308],[80.706682567244258,7.0424826378793242],[80.70673248123471,7.0424574100289821],[80.706770379359895,7.0424248439274875],[80.70680088345199,7.0423973221464067],[80.706820755982719,7.042365214291304],[80.706860962778222,7.0423018883296438],[80.706868724222275,7.0422966273620462],[80.706893712658527,7.0422808453504961],[80.706930437583978,7.0422671308158726],[80.706975870777796,7.042261494510254],[80.707033609094339,7.0422584882428065],[80.707068063078751,7.0422564216567922],[80.707148328447701,7.0422483425357933],[80.707213450017591,7.0422440212490951],[80.707237112540497,7.0422402643061774],[80.707252824973125,7.0422342517710153],[80.707285953942488,7.0422111430941312],[80.707335634370963,7.0421714660638184],[80.707355748548508,7.0421796851577207],[80.707376453817474,7.0421884917753745],[80.707393313398725,7.0421890792992423],[80.707410469424033,7.0421884917753745],[80.707433245309744,7.042177630161393],[80.707457204276693,7.0421606044494416],[80.7074796846167,7.0421333028627284],[80.707508375908517,7.0421074696386361],[80.707515475294215,7.0421151021012234],[80.707574041857484,7.0421914276117032],[80.707610423626491,7.0422342874325521],[80.707655975397913,7.0422739180974894],[80.707707562051439,7.0423172361613338],[80.707829851507697,7.0424086776673382],[80.707886987953017,7.0424529888920011],[80.707865228960188,7.0425049833862214],[80.70784535193792,7.0425147528586267],[80.70783039678507,7.0425188869198498],[80.707801433303686,7.0425205772756714],[80.707763951098428,7.0425205772756714],[80.707747102296963,7.0425342926943371],[80.707733851248221,7.0425517650529823],[80.707720788845663,7.042557964806992],[80.70769750451349,7.0425600313916448],[80.707686524405815,7.0425688620735798],[80.707671569252938,7.0425906557144442]]]},"properties":{"OBJECTID":20,"Division":"2","Field_No":"2C2/2","Shape_Length":624.86301305722043,"Shape_Area":15519.053748745999}},{"type":"Feature","id":21,"geometry":{"type":"Polygon","coordinates":[[[80.706409219784774,7.0448833543855596],[80.706389591595823,7.0448829433887115],[80.706386183387636,7.0448776824503883],[80.706373500074122,7.0448483741819441],[80.706354002140884,7.0448145556438151],[80.706340182458533,7.0448064774589056],[80.70632825642484,7.0448074171351989],[80.706314436742531,7.0448107987217368],[80.706271653578796,7.044772847031286],[80.70623682140365,7.0447380905942723],[80.706208993392792,7.0447042720481026],[80.706187791355433,7.0446774065711208],[80.706173971673124,7.0446552368010789],[80.706154473739872,7.0446152185224502],[80.706139139497964,7.0445797105104804],[80.706131757142941,7.044547019743252],[80.706127023919734,7.0445263530933522],[80.706123806154366,7.0445070023468208],[80.706123048874588,7.0444799478531896],[80.706122481139346,7.0444187003466361],[80.706123048874588,7.0443636516703059],[80.706121344770494,7.0443172464138595],[80.70611774791611,7.0442900046869275],[80.706107146897438,7.0442539323087088],[80.706075722032182,7.0441567996087899],[80.706067014662139,7.0441241088117534],[80.706052815890743,7.0440681222057133],[80.706035589796841,7.0439997343406429],[80.706030288838377,7.0439820739226446],[80.706030288838377,7.0439724925950609],[80.706041268946095,7.0439698625665326],[80.706050923140438,7.0439777526521032],[80.706061713703633,7.0440078134311586],[80.70607534384142,7.0440395645585561],[80.706109418736787,7.0440957401734092],[80.706147371659242,7.0441572953021048],[80.706161530904751,7.0441846752247104],[80.706166481520285,7.0441890660330291],[80.70619615377241,7.044243027057898],[80.706306791181134,7.044409489906319],[80.706324981167327,7.0444417999981486],[80.706323731610766,7.0444626119719045],[80.706315524602317,7.0444853193462329],[80.706311284554175,7.0444989517941119],[80.706300562262953,7.0445286175898012],[80.706293311061984,7.0445639998993421],[80.706303814164286,7.044612800682593],[80.706315777028934,7.0446458997676755],[80.706323226757561,7.044669849039539],[80.706333750521125,7.0446949662193639],[80.706344667746777,7.0447231582973444],[80.706358617684799,7.0447429851138423],[80.706382991673422,7.0447845457344629],[80.706388269275706,7.0448038857710351],[80.706399717405716,7.0448480719521145],[80.706409219784774,7.0448833543855596]]]},"properties":{"OBJECTID":21,"Division":"2","Field_No":"2C1","Shape_Length":233.81560035012345,"Shape_Area":1241.7489096803556}},{"type":"Feature","id":22,"geometry":{"type":"MultiPolygon","coordinates":[[[[80.706401415221592,7.0444512770065284],[80.706400657043474,7.0444507590251844],[80.706358631159532,7.0444168049448423],[80.706290905373663,7.0443374334275761],[80.706257325450025,7.0442757124973543],[80.706250807274316,7.0442651451386604],[80.706200290514317,7.044192986110998],[80.706125509360177,7.0440576003105679],[80.706069475147686,7.043937547092594],[80.70605660228965,7.0439042928298132],[80.706051302229469,7.0438783660931774],[80.706052437699995,7.0438545059339424],[80.706067960588115,7.0438178700714937],[80.70609200220008,7.0437883727305248],[80.70614444045647,7.0437338883214009],[80.706152959180315,7.0437278766970985],[80.706162613374644,7.043726561682135],[80.706170564363234,7.0437429070949653],[80.706174918497425,7.0437509852984119],[80.706143493632155,7.0437814214285801],[80.706117937460633,7.0438163669428144],[80.706103550043053,7.0438419183465566],[80.70610132401778,7.0438580676175571],[80.706103989319203,7.0438680483553053],[80.706109319922106,7.0438834389288534],[80.706118891471448,7.0439021968305129],[80.706132461422143,7.0439264849241567],[80.706152769635793,7.0439574737946025],[80.706177616138206,7.0439818394489091],[80.706205124348855,7.0440696128521152],[80.706217251605182,7.0441139399656718],[80.706226126061864,7.0441526896336288],[80.706240027490878,7.0441873293234973],[80.706258958587185,7.0442260789852966],[80.706282917554134,7.044257783737967],[80.706313088371289,7.0442906617478469],[80.706345920896595,7.0443191373583716],[80.706376682805171,7.0443587669536258],[80.706386739444781,7.0443837192164098],[80.706393103110258,7.0444137282601558],[80.706388047391854,7.0444373788800849],[80.706401415221592,7.0444512770065284]]],[[[80.706401415221592,7.0444512770065284],[80.706409962691495,7.0444571156638069],[80.706403212750445,7.0444531456621471],[80.706401415221592,7.0444512770065284]]],[[[80.70677634237677,7.0434398615853482],[80.706813635935802,7.0434436185185332],[80.706849225390712,7.0434501944888304],[80.706878188872125,7.0434501944888304],[80.706914914695844,7.0434470001149689],[80.706946150016606,7.0434462485500378],[80.706973402207382,7.043442754620024],[80.707006356903605,7.0434398687176145],[80.707040886346462,7.043437464244712],[80.707062452201512,7.0434389067501364],[80.707086042859189,7.043450004591663],[80.707124865350821,7.0434701862939297],[80.707147511879114,7.0434908271363765],[80.707172931506719,7.0435151375399707],[80.707194653668594,7.0435311914280065],[80.707214065363573,7.0435376131613747],[80.707267215085665,7.0435495392373673],[80.7073067777891,7.0435585999167252],[80.707337066285547,7.0435670543515085],[80.707364516105685,7.043580205397018],[80.707381553553375,7.0435914779761699],[80.707399916016072,7.0436019989903524],[80.707412599329587,7.0436061321503587],[80.707426607658135,7.0436059449278217],[80.707444781474635,7.043602938669089],[80.707471402149764,7.0435972783082228],[80.707521390700364,7.0435776101361514],[80.70756428076362,7.043564693564492],[80.707595338217942,7.0435517769924765],[80.707628467187305,7.043542383770097],[80.707668102654267,7.0435400345729322],[80.707719570730163,7.0435385671047843],[80.707755064963649,7.043539154626985],[80.707789672559997,7.0435385671047843],[80.707818281206826,7.0435366182072698],[80.707847434232761,7.043538308559377],[80.707863525754433,7.0435418782692363],[80.707857846605208,7.0435599149321719],[80.707844973747171,7.0435788903816219],[80.707827368564253,7.0435892232820505],[80.707809573836784,7.0435995570737724],[80.707793671859633,7.0436040655703493],[80.707770839380046,7.0436108029063806],[80.707742901774708,7.0436195836423225],[80.707705230923267,7.0436349448034239],[80.707660079800448,7.0436673824388292],[80.707623796846107,7.0436906417126872],[80.707506846975932,7.0437334220482679],[80.707462277961397,7.0437474307462367],[80.707401708155075,7.043760482826217],[80.707304332574907,7.0437697458800077],[80.707261233204193,7.0437786977877153],[80.707219634020021,7.043795661032771],[80.707187689030192,7.0438298879684211],[80.707181866150549,7.0439443093867693],[80.707163720181811,7.0439783517636849],[80.707119677580053,7.0439989863427677],[80.707092150504792,7.0440177914910711],[80.707029985290518,7.0440437627966928],[80.706981759234466,7.0440706764532255],[80.706936931505155,7.04410927456391],[80.706902253840269,7.044146428385031],[80.706881048209652,7.0441790300270615],[80.706881923168751,7.0442009448409664],[80.706890866795717,7.0442177253059564],[80.706896868440126,7.04423035032758],[80.706906802010536,7.044292251353836],[80.706895188590565,7.0443203186414944],[80.706890866795717,7.0443350102370843],[80.706915836367344,7.0443579779457162],[80.706927488414891,7.0443704629926289],[80.706926637710311,7.0443917724457084],[80.706927568364975,7.0444150825006844],[80.706942048309017,7.0444837903652155],[80.706970836618936,7.0445533665737186],[80.707016014691192,7.0446496459927088],[80.707020998544394,7.0446889421260659],[80.707006211376509,7.0447102747443715],[80.706956851646581,7.044708332984035],[80.706889308218692,7.0446713985252352],[80.706852817753528,7.0446220093357814],[80.70682488913134,7.0446041055527431],[80.706778537859336,7.0445823886783954],[80.706753819815972,7.0445655039171138],[80.706732013212431,7.0445319795645815],[80.706715277598704,7.0445165854463934],[80.706689532780985,7.0445078323650439],[80.706614071602175,7.0445248695807186],[80.706574362473347,7.0445299655892413],[80.706525671988302,7.0445198529186888],[80.706466806286073,7.044493520568432],[80.706454610757788,7.0444804542445798],[80.70642124193823,7.0444648203019842],[80.706409962691495,7.0444571156638069],[80.706422710683711,7.0444646134660482],[80.706453762748112,7.0444782298669217],[80.706432820323926,7.0444459786188789],[80.706419821701758,7.044409427498926],[80.706419821701758,7.0443535256231034],[80.706469650352247,7.0442216542990455],[80.706492152251798,7.0441843578383798],[80.706508789949183,7.044144451852441],[80.706513874413687,7.0441183067031963],[80.706516184880584,7.0440733564071749],[80.706517109247045,7.0440545503695757],[80.706517372453376,7.0440476436483461],[80.70652075910202,7.0440458953483018],[80.706588721144854,7.04402167947522],[80.706607795073268,7.0440171691996314],[80.706636920251427,7.0440052921700955],[80.706627666705685,7.0439790819309263],[80.706637634412075,7.0439699133840366],[80.706661309511389,7.0440063103030903],[80.706724446702808,7.04396793239302],[80.706792016181851,7.0439324180907654],[80.706809269225204,7.0439206319956531],[80.70680061934732,7.0438961334993611],[80.706781027090955,7.0438869542524234],[80.706758726414051,7.0438567704336608],[80.706723777457896,7.0438521273176899],[80.706695936870631,7.0438711464404173],[80.706632872442739,7.0438686652977127],[80.706604177557622,7.0438803658068077],[80.706593287281436,7.0438686982845171],[80.70658323782834,7.0438475590906648],[80.706414415640396,7.0438432066151293],[80.706401200524226,7.0438362642293351],[80.706396614624708,7.0438018928654227],[80.706414587218589,7.0437584554744701],[80.706418909013436,7.0437449032430166],[80.706433753673508,7.0437028566423043],[80.706426552778169,7.043606710757083],[80.706497290615246,7.0436022191997072],[80.706559783714582,7.0435914164601972],[80.706637579614821,7.0435588878827975],[80.70670157918893,7.0435341468696304],[80.706733433448903,7.0435174136313101],[80.706746564123421,7.0435112620330607],[80.706776640617434,7.0434689096142682],[80.706777280217935,7.0434642664944294],[80.70677634237677,7.0434398615853482]]]]},"properties":{"OBJECTID":22,"Division":"2","Field_No":"2C1","Shape_Length":830.75743352355187,"Shape_Area":9227.7654476369535}},{"type":"Feature","id":23,"geometry":{"type":"Polygon","coordinates":[[[80.706912099375756,7.04489928786922],[80.706926767067728,7.0449254463474569],[80.706941932426346,7.0449562639767374],[80.70698742760392,7.0450730851238852],[80.70700620329167,7.0451712714236221],[80.70700186981874,7.0451748553854321],[80.706984538621967,7.0451734218007127],[80.706959263623133,7.0451691219380397],[80.70694265467182,7.0451633875990876],[80.706926044822239,7.0451547878735505],[80.706910880361932,7.0451383034313855],[80.706902936559871,7.0451254029507879],[80.706894270512322,7.0451146528472055],[80.706872606740916,7.045103185950933],[80.706866828777024,7.0450802521574847],[80.706871884495456,7.0450652012977093],[80.706878527536958,7.045054937969752],[80.706875292703643,7.0450347563364648],[80.706867897772199,7.0450182433609445],[80.706854494908185,7.0450017312763871],[80.706840629411744,7.0449865948268808],[80.706826764813684,7.0449668714386888],[80.706826302181298,7.0449494410730855],[80.7068283548317,7.0449191681701411],[80.706825101133759,7.0449127099030644],[80.706811789897898,7.0448997933685922],[80.706805874491749,7.0448921609518678],[80.706791676618678,7.0448906925964598],[80.706772746420683,7.0448971508638554],[80.706754998405628,7.0449030225022771],[80.70674375868478,7.0449100673983907],[80.70672571512398,7.0449130032175322],[80.706717137111326,7.0449118290681776],[80.706710038623967,7.0449088932490369],[80.706699685540315,7.0449015550384422],[80.706684896575808,7.0448927475808025],[80.70667898027132,7.0448842343289879],[80.70666892363171,7.0448777769529372],[80.7066550213044,7.0448733727781461],[80.706642598502341,7.0448771894324418],[80.706635203570897,7.0448821802361676],[80.706626034466794,7.0448868768338011],[80.70661627337293,7.0448851151639262],[80.706592609951727,7.0448801252517859],[80.706576341461925,7.0448766019119713],[80.706569242076228,7.0448766019119713],[80.706559777426378,7.0448783635818852],[80.706551790505216,7.0448880509831815],[80.706546762634559,7.0449003799975145],[80.706534634479908,7.0449171131859636],[80.70652164394258,7.0449240127619497],[80.706502146907653,7.0449247295547028],[80.706484814812555,7.0449232959692205],[80.706473982926852,7.0449075292031127],[80.706455929484576,7.0448781442646755],[80.706417205807639,7.0448008643640074],[80.706388769637329,7.0447462730897863],[80.706417655863618,7.0447297895246388],[80.706507201727746,7.0446488034932644],[80.706394641924348,7.0445315382552405],[80.706387372757064,7.0445363480812695],[80.706382041255864,7.0445334621856421],[80.706374409169172,7.0445280514656732],[80.706369925677606,7.0445147052011015],[80.706372954796748,7.0445071298361874],[80.706382768891245,7.0445011173303751],[80.706397549770912,7.0445029209038301],[80.706419115625934,7.0445126609135231],[80.706494910978023,7.0445520462118605],[80.706555337952253,7.0445829494532504],[80.706577093351797,7.0445879937521632],[80.706613735632232,7.0445786709819194],[80.706647662305585,7.0445613199482686],[80.706669468010787,7.0445568587122915],[80.706711912509633,7.0445750896901336],[80.706730946013877,7.0445947560368216],[80.70675593984005,7.0446282277843277],[80.706762814646908,7.0446347850156492],[80.706783992429749,7.0446702011953874],[80.706827831113898,7.0447665055530573],[80.706850386912379,7.0448021009209718],[80.706854790453889,7.044811111649973],[80.706912099375756,7.04489928786922]]]},"properties":{"OBJECTID":23,"Division":"2","Field_No":"2C1","Shape_Length":265.20229483360532,"Shape_Area":1907.91906087802}},{"type":"Feature","id":24,"geometry":{"type":"Polygon","coordinates":[[[80.706763091328014,7.0450323046205696],[80.706782400615054,7.045045456516025],[80.706789215234807,7.045060298757722],[80.706816475510394,7.0450715713008956],[80.706822407086221,7.0450811205105772],[80.706851323855233,7.0451249054754337],[80.706860404924413,7.0451434876948813],[80.706896782201852,7.0451781843688144],[80.7069419405112,7.0452075764204851],[80.706978705860806,7.0452147015499591],[80.706989853953488,7.0452262210439294],[80.706989542238091,7.0452413860146272],[80.706949346222416,7.0452889216418875],[80.70692927426569,7.0453626094770989],[80.706917785711511,7.0455024998084506],[80.706910401559881,7.0455598476106767],[80.706888449429272,7.0456998832021966],[80.706877079452738,7.0457209786265658],[80.70686728152792,7.0457009298605175],[80.706836997523069,7.0455469275281555],[80.706827292124743,7.0454998867276739],[80.706814351893087,7.0454623550053599],[80.706779923061504,7.0453496350055413],[80.706774003163758,7.0453195270622819],[80.706767128356901,7.0453129707322031],[80.706759595983243,7.0452899281821555],[80.706737967246156,7.0452482472499041],[80.706715591110722,7.0451857106884681],[80.706698503357416,7.0451408862020353],[80.706683523051737,7.0451042228037064],[80.706684301891087,7.0450663504837303],[80.706733294210025,7.0450344630220982],[80.70674271484242,7.0450336312217594],[80.706763091328014,7.0450323046205696]]]},"properties":{"OBJECTID":24,"Division":"2","Field_No":"2C1","Shape_Length":179.77001231461722,"Shape_Area":1062.1963388099521}},{"type":"Feature","id":25,"geometry":{"type":"Polygon","coordinates":[[[80.707786176316887,7.0426304120557308],[80.707805546689357,7.0426403179307275],[80.707836845790496,7.0426613796158879],[80.707921007152834,7.042734878862718],[80.707937742766561,7.042745771667458],[80.707965567184189,7.0427644957366669],[80.708001933681828,7.0428100318996005],[80.708033942452033,7.0428755304680637],[80.708061440781179,7.0429285225449512],[80.708090987269216,7.0429889830211625],[80.708113914071902,7.0430520022003344],[80.708131625256044,7.0430953487207155],[80.708166895809043,7.0431561461760346],[80.708175013884258,7.0431727581784545],[80.708242304885559,7.0432631938626278],[80.708260291852469,7.0432873669815868],[80.708347144567412,7.0433931914501953],[80.70837548821126,7.0434116391170525],[80.708398520116845,7.0434354377830743],[80.708404945766048,7.0434692617710333],[80.708400768599986,7.0434854440418277],[80.708395690423686,7.0435051166754796],[80.708369927639666,7.0435547636377587],[80.70836390892724,7.04357317652833],[80.7083646419525,7.0436088673821828],[80.708384050054235,7.0436789171273526],[80.70840264877387,7.0437328612724208],[80.708430709448393,7.0438224721771512],[80.708458349711393,7.043942360490921],[80.70846335781907,7.04400674893831],[80.708446058063345,7.0441001024534629],[80.708439160798591,7.0441631232646795],[80.708449968429775,7.0442891345492509],[80.708455068165662,7.044366739053717],[80.708453404485738,7.0444476948222157],[80.708459223772167,7.0444872316868707],[80.708473948057986,7.0445299379516841],[80.70850204466511,7.0445644902430278],[80.708534016604418,7.0445880196066124],[80.708589347435989,7.0446146675544927],[80.708631254742329,7.0446361000280433],[80.708670134726134,7.0446504412408286],[80.708711500348343,7.0446688246672498],[80.708747144600508,7.0446956749886338],[80.708780006770226,7.0447396846563715],[80.708809289153535,7.0448133859518816],[80.708849863359973,7.0449002337860671],[80.708875145545321,7.044960812579129],[80.708946878715707,7.0451254029507879],[80.708976511442003,7.0451663055859655],[80.709052914055235,7.0452391794713192],[80.709101482369377,7.0452749219058308],[80.709124516969879,7.0452933801962372],[80.709139648192547,7.0453243422293284],[80.708979787597841,7.0453181113086814],[80.708946511304759,7.0453068040017266],[80.708894705462313,7.0453017739751465],[80.708877357197579,7.0452901002479242],[80.708813827442341,7.0452839317340858],[80.708799650230546,7.0452791147835496],[80.708784486668549,7.0452634469896749],[80.708777517538564,7.0452280067838737],[80.708759396722655,7.0451983428160236],[80.708750922914589,7.0451902601801182],[80.708722615203357,7.045161011664157],[80.708712865787561,7.0451410600509634],[80.708679031640713,7.045127811872625],[80.708660192172587,7.0451181770767617],[80.708652162132239,7.0451098804715588],[80.708646274573894,7.045104264705758],[80.708610842324106,7.0450876670370803],[80.708574200043671,7.0450969897970817],[80.708548121052658,7.045110326238027],[80.708535568893197,7.0451232962586028],[80.708517276499052,7.0451277227193492],[80.708499462008689,7.0451337762275106],[80.708454783399731,7.0451695801859211],[80.708427411732984,7.0451857106884681],[80.708403567750395,7.0452036715071724],[80.708373493951342,7.0452213951774594],[80.708359576352649,7.0452307607283391],[80.708335930897746,7.0452302810837342],[80.708328497338769,7.0452075416507123],[80.708268073059472,7.0451784393471915],[80.70824319062443,7.0451724179347703],[80.708208839946295,7.0451548502808423],[80.708180241180898,7.0451479293115051],[80.708165151280753,7.0451402122032123],[80.708140412576142,7.0451146510641482],[80.708116674594748,7.0450992007987514],[80.708083038077262,7.0450570821066458],[80.70805429647973,7.0450432392733688],[80.708040546865988,7.0450290335857613],[80.708032100007387,7.0450117476508387],[80.708027516802801,7.0450029161239192],[80.708023113261291,7.0449939053986208],[80.708018530955016,7.0449850738713327],[80.708009469648744,7.0449531810549191],[80.708000235865939,7.0449353878347685],[80.707991661446542,7.0449091544682849],[80.707981956048229,7.044890451882476],[80.70797359812282,7.044882480682876],[80.707961902057832,7.0448585465780473],[80.707940576951316,7.0448217877633192],[80.707922744494596,7.0448101817805382],[80.707903998451215,7.0447908123236305],[80.707897304205758,7.0447977297321973],[80.707872978726144,7.0448120646992516],[80.707820829727282,7.0448288647558988],[80.707799359093698,7.0448361601740386],[80.707819917038975,7.0448864747522641],[80.707776476308453,7.0449477846043562],[80.707751140224204,7.0449559465909157],[80.707730797874561,7.0449628586477919],[80.707710913665778,7.0449624556748214],[80.707660272039931,7.0449521584663231],[80.707639078985736,7.0449740563045511],[80.707624012441798,7.0449884278190416],[80.707588304409271,7.0449762940528027],[80.707564807176354,7.0449939945519606],[80.70753903630748,7.045009181818588],[80.7074879257611,7.0450162650490373],[80.70747092604266,7.0450338300336144],[80.707455314221335,7.0450439908357181],[80.707437425170767,7.0450526066109065],[80.707411948050989,7.0450608140638131],[80.707379484733252,7.0450747576397594],[80.707352743683884,7.0450833725228401],[80.707338427233211,7.0450830818830923],[80.707319268863159,7.0450540722911876],[80.707265840663283,7.0450430609667665],[80.707259201215038,7.0450701002714808],[80.707231781039297,7.0450786563134606],[80.707209669008563,7.045055808997513],[80.707158215305725,7.0450568520911192],[80.707143384120371,7.0450265051980034],[80.707124500634791,7.0449988489497999],[80.707107459593857,7.0449419664585387],[80.70708218010347,7.0448932504055701],[80.707042537449965,7.044882480682876],[80.707003156206241,7.0448958625982216],[80.706952255865602,7.0449046941272266],[80.706915583940756,7.0448555831210697],[80.706895229913059,7.0448289539092261],[80.706885306224081,7.0448139288957581],[80.706861934755338,7.0447661043629664],[80.706841311233063,7.0447263606862158],[80.706820956307041,7.0446847091239322],[80.706814880102442,7.0446505303942315],[80.706827831113898,7.0446639123162313],[80.70688775592987,7.0447095115915479],[80.706921177750019,7.0447256091233585],[80.706946786023835,7.0447410255229599],[80.706989676985401,7.0447530344806193],[80.707013319745357,7.0447672678142705],[80.707067118949396,7.0447845992264817],[80.707085988061934,7.0447842176501458],[80.707133834130602,7.0447662416591275],[80.707147118417026,7.0447665109022539],[80.707156554320761,7.0447858188443462],[80.707172828200441,7.0448356038571891],[80.707198832631278,7.0448675858350329],[80.707244959324512,7.0448739781292771],[80.707277152249361,7.0448869410241883],[80.707316970972641,7.0448924596155065],[80.70735288651602,7.0448851570659778],[80.707367016117104,7.0448779311881857],[80.707376752058138,7.0448732417227165],[80.707396626385503,7.0448527070343232],[80.707404848665306,7.0448275515271224],[80.707411948050989,7.0447842586606884],[80.707427628144288,7.0447585896264338],[80.707511341247283,7.0447527803935737],[80.707510491441013,7.0447114061005971],[80.707557867690809,7.044680569732825],[80.707574156841844,7.0446587547933754],[80.707582779770249,7.0446505303942315],[80.707590134277481,7.0446429318516621],[80.707609649278723,7.0446102963639499],[80.707641626607867,7.0445734884951703],[80.707641018448442,7.0445439154218992],[80.70760693906152,7.0444901345219293],[80.707575798962182,7.0444851018119152],[80.707568019551843,7.0444534229292781],[80.707536993538554,7.044384619666058],[80.707511599962103,7.0443408480043166],[80.707542340311107,7.0443115272204277],[80.70754674385266,7.0443069768286053],[80.707554772096344,7.0442993194391201],[80.707564717344852,7.0442881743666366],[80.707554955352649,7.0442408597373429],[80.707530063036117,7.0441837462455892],[80.707524367717212,7.044137474701353],[80.707517223415763,7.0441167545410757],[80.707505743844763,7.0441058047103127],[80.707484221108871,7.0440954388346313],[80.707465956562515,7.0440527236144828],[80.707453929019181,7.0440412522342513],[80.70744781598367,7.044016357011242],[80.707448168123264,7.0439992261656617],[80.707419967311552,7.0439948255486646],[80.707385053389686,7.0440126812123784],[80.707362612575594,7.044008118336115],[80.707335563404072,7.0440037471398593],[80.707331159862562,7.0439858156953594],[80.707303544752392,7.0439678414564586],[80.707288666854652,7.043952467824834],[80.707246881719243,7.043896509727225],[80.707241295994777,7.0438341557482156],[80.707232217620529,7.0438297836587713],[80.707232317333535,7.0438249666931343],[80.707246347221627,7.043811584746912],[80.707290705132039,7.0438008497689539],[80.707403140967955,7.0437852675125221],[80.707459513845308,7.0437757218423274],[80.707506820924777,7.0437636861132518],[80.707577488693246,7.0437424568694995],[80.707633652263112,7.0437174974399328],[80.70774258646604,7.0436483561754635],[80.707789977987176,7.0436297997506454],[80.707837464729735,7.0436183069630554],[80.707888325544459,7.0435957038559858],[80.707905069243068,7.0435703512511729],[80.707907711188298,7.0435429543530823],[80.707910693595053,7.0435120332116838],[80.707906090627532,7.0435031633201248],[80.707892001450631,7.043476012482035],[80.707865382572123,7.0434506224261648],[80.70776752729158,7.0434164908568899],[80.707690526400384,7.0434015683243292],[80.707668150264979,7.0433970179235619],[80.707602331602402,7.0433842627149659],[80.707537641223865,7.0433678040643759],[80.707430353632859,7.0433053920644024],[80.707384416484189,7.043267109490734],[80.707364539461864,7.0432370121106693],[80.707358119202553,7.043207068964505],[80.70737768630606,7.0431591791837915],[80.707398557763355,7.0431250110400212],[80.7074124008019,7.0430880283121438],[80.707425208981206,7.0430228953038378],[80.707438982849467,7.0429191658629593],[80.707449921634691,7.0428874405134367],[80.70748661691573,7.0428336986489875],[80.707515266885082,7.0427984633110716],[80.707635140771529,7.0426615463334272],[80.70766908181794,7.0426291719268255],[80.707693560909405,7.0426173822324198],[80.707737103149555,7.0426145614071238],[80.707786176316887,7.0426304120557308]]]},"properties":{"OBJECTID":25,"Division":"2","Field_No":"2C1","Shape_Length":1206.9641437537905,"Shape_Area":28405.43857529353}},{"type":"Feature","id":26,"geometry":{"type":"Polygon","coordinates":[[[80.706849116694556,7.0459511774122445],[80.706871285319167,7.0458975134661186],[80.706893465621832,7.0458382533705679],[80.706902463147728,7.045810725551382],[80.706913112675409,7.0457565739212011],[80.706922278186269,7.0457121462215975],[80.706926681727779,7.0456808329508718],[80.706954311210964,7.0454850034895813],[80.706967321511229,7.0454531615249065],[80.706998054673733,7.0454432610591802],[80.707066060733979,7.0454311308709645],[80.707088436869412,7.0454221201540239],[80.707106500193163,7.0454177489711016],[80.707218284750482,7.0453852624238795],[80.707285419444915,7.0453426525233596],[80.707360231141763,7.0452748773291738],[80.707390428010058,7.0452552226012566],[80.707452386611834,7.0451990917035134],[80.707473055049874,7.0451838821547712],[80.70751686319133,7.045162783139836],[80.707593988050064,7.0451379379028944],[80.707611940881023,7.0451344582501738],[80.707621410920723,7.0451442437147387],[80.707650958307056,7.0451685085635027],[80.707674188740299,7.0451796972999379],[80.707733347293356,7.0451878958352561],[80.70778042620077,7.0451974682223906],[80.707815221544976,7.0452208834376995],[80.70787063861485,7.045250737300579],[80.707915276799625,7.0452615400014267],[80.707951042324353,7.0452706398747598],[80.707989616880994,7.0452799751125106],[80.708056482080835,7.0453026958198253],[80.708100508512914,7.0453292001898848],[80.708135953339067,7.0453462712536199],[80.70815738175186,7.0453684124615945],[80.70816231350274,7.0454534334422307],[80.708170105489543,7.0454836189401098],[80.708175792723594,7.0455471058345545],[80.708180786458257,7.045576172453651],[80.708179917787405,7.0456184301775728],[80.708180604100249,7.0456518064572453],[80.70819844374347,7.0457209090871089],[80.708197891279596,7.0457477860935001],[80.708199032140001,7.0458033035510974],[80.708138769557493,7.0458745690136135],[80.708121564124852,7.0459097755887425],[80.708072448736672,7.0459663093725764],[80.70804238481908,7.0460023878582616],[80.708036593380442,7.0460565706633238],[80.708042425243264,7.0460734847908189],[80.708042435124725,7.0460759908846189],[80.708043168149985,7.0460783382858896],[80.708043784394306,7.0460793876179251],[80.708044455435797,7.0460817305615091],[80.708046329321476,7.0460849222426107],[80.708046398491746,7.0460850078295811],[80.708050507385877,7.0460969258162907],[80.708049954023664,7.0461238331129481],[80.708039500328709,7.0461313505019225],[80.707961042370115,7.0461213947757519],[80.707955715360455,7.0462045505358573],[80.707978181327405,7.046233943414002],[80.70799157161504,7.0462563350996907],[80.708048134036872,7.0462624358442802],[80.708073382984594,7.0462885238146447],[80.708112475869115,7.0464119597817509],[80.708127607990093,7.0464558471468939],[80.708177072822892,7.0465205624367835],[80.70811209678007,7.0465086961697603],[80.708040996921966,7.0464972052365988],[80.708000692210106,7.0464903805725738],[80.707942793993411,7.0464833570971512],[80.707907650102854,7.0464840694298392],[80.707876024014979,7.0464787140075158],[80.707796381178511,7.0464676768625498],[80.707691916992445,7.046461332732922],[80.707614749014581,7.0464391621566467],[80.70754674385266,7.0464347571051551],[80.707540922769596,7.046428741949776],[80.707417256195995,7.0464047758296742],[80.707290631470173,7.0463901520560031],[80.707254776113928,7.0463856025761222],[80.707196274229389,7.0463812305107352],[80.707119979413974,7.0463722207037778],[80.707057109022188,7.0463661163945117],[80.706916122031615,7.0463456629015058],[80.706853252538124,7.0463410857837365],[80.706861711973147,7.046365618920519],[80.706852498851632,7.0463744058449675],[80.70683974906278,7.0463875799906672],[80.706814441724589,7.046381141357676],[80.706791044204692,7.0463766070337099],[80.706781270534407,7.0463768049535087],[80.706767595480855,7.0463975116397854],[80.706740729565638,7.0464034447747794],[80.70668573111071,7.0463563550270756],[80.706643735769461,7.0463092313964131],[80.70660832148603,7.0462596738821839],[80.70659198741923,7.046234940145375],[80.706574286116521,7.0461935454794826],[80.706567315189943,7.0461460322332767],[80.706642557179833,7.0461387261373662],[80.706661490072761,7.0461582890001528],[80.706747602575902,7.0461176628271209],[80.70675593984005,7.046109047071754],[80.706761364766024,7.0461038735174144],[80.706824077054335,7.0460736693377459],[80.706848005478548,7.0460983941678563],[80.706896124635065,7.046068343331215],[80.70689023438176,7.0460397947225575],[80.706890828168156,7.0460109198117253],[80.706886133572482,7.0459973052389318],[80.706859193995427,7.0459843298936118],[80.706846229509253,7.0459578014896653],[80.706849116694556,7.0459511774122445]]]},"properties":{"OBJECTID":26,"Division":"2","Field_No":"2B","Shape_Length":626.02808985536797,"Shape_Area":18082.273165646529}},{"type":"Feature","id":27,"geometry":{"type":"Polygon","coordinates":[[[80.708180823289183,7.0453246319773761],[80.708180851136945,7.0453232697157055],[80.708240586408408,7.0453244795253367],[80.708265656591365,7.0453329981182442],[80.708281081563101,7.0453379675202594],[80.708311546129337,7.0453373505798114],[80.708349339151653,7.0453277345104688],[80.708373493951342,7.0453195270622819],[80.708415165899069,7.0453151558783924],[80.708473646224036,7.0453250581299232],[80.70848133041298,7.0453329981182442],[80.708508379584515,7.0453373693019685],[80.708523464993064,7.0453450846239338],[80.708535249092961,7.0453329089649817],[80.708556993712733,7.0453276462487526],[80.708575687653806,7.0453150667251165],[80.70860420826574,7.0453095392235259],[80.708616127112933,7.0452972244845782],[80.708644031480603,7.0452752615797198],[80.708703789209949,7.0452727358679024],[80.708710394522214,7.0452795605498535],[80.708728059892294,7.0452964105153573],[80.708744614046353,7.0453240952748288],[80.708786630947117,7.0453536852374441],[80.708850894625911,7.0453846365681461],[80.708952002706084,7.0454242259533384],[80.70898968074404,7.0454333445456481],[80.709046943851845,7.0454260785574485],[80.709085340542032,7.0454106167125037],[80.709129833199725,7.0453717601657981],[80.709137338623947,7.0453748912275884],[80.709122870357973,7.0454590973465523],[80.709100359475272,7.0454805690084683],[80.709016450539522,7.0455396615417234],[80.708950949880588,7.0455749474886638],[80.708845775127116,7.0456192700006577],[80.708766031679346,7.0456626733390655],[80.70869712999874,7.0457041527478479],[80.708607230198368,7.0457612125604392],[80.708598153620741,7.0457655837401303],[80.70858664350699,7.0457774776636919],[80.708455090623517,7.0458631003530368],[80.708397302001316,7.0459125794549013],[80.70829776237963,7.0460154291763644],[80.708245808315169,7.0460850051550015],[80.708238619996266,7.0461142794670799],[80.70823923624053,7.0461442687851275],[80.708220724657494,7.0461670349181169],[80.708195885341567,7.0461981368632234],[80.708152865022612,7.0463022747830575],[80.708144940085191,7.0463345464071718],[80.708135368535821,7.0463540138679353],[80.708132718505752,7.0463553288754568],[80.70813006847564,7.0463519473001774],[80.708124957061685,7.0463414263484232],[80.708120413382957,7.0463147481877408],[80.70811795289741,7.0462905119279782],[80.708116248793331,7.0462600759625253],[80.70811795289741,7.0462367793733058],[80.708126092532183,7.0462117915489806],[80.708127039356498,7.0461975136831878],[80.708131390795742,7.046195839388302],[80.708135443994294,7.046193886935793],[80.708148833383603,7.046182404910156],[80.708135354162764,7.0461626637422174],[80.708126457248198,7.0461135082927955],[80.708079422358253,7.046107802494487],[80.708072538568217,7.0460867445320385],[80.708063462888916,7.0460645311443528],[80.708059059347363,7.0460458143406504],[80.70806822575652,7.0460103082213132],[80.708083664203016,7.0459955828006517],[80.708135443994294,7.0459574778638121],[80.708154627517189,7.0459430270331067],[80.708182728615924,7.0459139907490593],[80.708212401766374,7.0458965042526076],[80.708228575933077,7.0458720129929544],[80.708234203878334,7.0458547957374158],[80.70824337567737,7.0458281951119908],[80.708242266257983,7.0457742431869299],[80.708209775990795,7.0456844195833295],[80.708200329307289,7.0455215366941433],[80.708193765317489,7.0455024998084506],[80.708185819718807,7.0454781930751533],[80.70817960876694,7.0453836879776741],[80.708180812509411,7.0453251294525261],[80.708180823289183,7.0453246319773761]]]},"properties":{"OBJECTID":27,"Division":"2","Field_No":"2B","Shape_Length":415.70249664214174,"Shape_Area":5018.7671334858542}},{"type":"Feature","id":28,"geometry":{"type":"Polygon","coordinates":[[[80.708507578287254,7.0443428914011097],[80.708523946490075,7.0443376179752031],[80.708616246588875,7.0443175040673118],[80.708722389726219,7.0442892263772974],[80.708793091630639,7.0442755243835746],[80.708831800036236,7.0442623715747272],[80.708845896399694,7.0442578300977452],[80.708861050978527,7.0442581376771916],[80.708875750111531,7.0442578399046294],[80.70893233499126,7.0442237743683389],[80.708990600618904,7.0442022812514065],[80.709135099123955,7.0441647217864372],[80.709210701338236,7.0441363183807377],[80.709218215745594,7.0441285540042493],[80.70922360563732,7.0441234134145914],[80.709299183597111,7.0441152612202469],[80.709328943884145,7.0441102222654424],[80.709420423821101,7.0441120757663409],[80.709494379423504,7.0440932599234225],[80.709523844164849,7.0440884982356984],[80.709568089785819,7.0440810057765608],[80.709629793266075,7.0440743504685868],[80.709655632406893,7.0440655706328057],[80.709672029355772,7.0440571848552942],[80.709755198978044,7.0440148538831986],[80.709757400748799,7.0440171281890258],[80.709767408879401,7.044026673854284],[80.709784449920321,7.0440348813253575],[80.709802332682685,7.0440483524186348],[80.709823707196549,7.0440640826610217],[80.7098526392369,7.0440750271435668],[80.709890763737548,7.0440653272437723],[80.709902126527609,7.0440711382683148],[80.709919110974653,7.0441309183545187],[80.709940648981942,7.0441624617459073],[80.709968325177513,7.0442087457691391],[80.710002243766013,7.0442337060638165],[80.710051552291958,7.0442732206583933],[80.710058445065116,7.0443296298269491],[80.71004917804467,7.0443384684989967],[80.709985289861663,7.0443508501284953],[80.709921197761091,7.0443749295796225],[80.709836084184531,7.0444289512071752],[80.709815901735041,7.0444498050836071],[80.709796166646569,7.0444686280443145],[80.709773515626694,7.0444795377474945],[80.709766476428101,7.0444951957609856],[80.709781754076147,7.0445543731155764],[80.709788942395051,7.0445612299033309],[80.709802332682685,7.0446103855173527],[80.709843812390915,7.044740213335829],[80.709856341194211,7.0447708767421249],[80.709861902664102,7.0447878925513674],[80.709893378733369,7.0448485498140183],[80.70992072614554,7.0448843279399771],[80.709956274277971,7.0449182338432994],[80.709976356116158,7.0449178273041131],[80.709993671143252,7.0449707986423338],[80.709924992244822,7.0449950162489063],[80.709845610818107,7.0450172430608236],[80.709755816120648,7.0450413492233555],[80.709734400284276,7.0450523017065994],[80.709695392739675,7.0450648678643617],[80.709643903104222,7.045088237618196],[80.709622783711893,7.0451100587781736],[80.709613618201061,7.0451188020412907],[80.709575909620384,7.0451577647016439],[80.709562710673893,7.0451641213305853],[80.709513233264687,7.0451800601537737],[80.709449882274214,7.0451868928609249],[80.709413100754901,7.0452116444842821],[80.709382744884849,7.045264796770061],[80.709370985039442,7.045270460676698],[80.709349493744583,7.0452866500169122],[80.709288612222835,7.0452940354726614],[80.70926288267647,7.0452746535544941],[80.709232212396032,7.045275274952731],[80.709222798950179,7.045270460676698],[80.709212275186616,7.045265392313862],[80.709168996152854,7.0452662695819219],[80.709132935082408,7.0452347761914735],[80.709054323511921,7.0451809516865707],[80.709001913103293,7.0451267981997594],[80.708991444136956,7.0451053755557771],[80.708968529012395,7.0450612161451973],[80.708910519404583,7.0449425138599375],[80.708881315174722,7.0448690096138096],[80.708845280155387,7.0447932693900324],[80.708811693045234,7.0447206735930674],[80.708785610460978,7.0446704089227579],[80.708744472112542,7.0446311707375173],[80.708642568125001,7.0445952365735973],[80.708570310338516,7.0445661404723738],[80.708533968993692,7.0445285908437532],[80.708501235283066,7.0444847541136006],[80.708494578766803,7.0444104438479727],[80.708497935771021,7.0443876401842607],[80.708507578287254,7.0443428914011097]]]},"properties":{"OBJECTID":28,"Division":"2","Field_No":"2A1","Shape_Length":539.53111957646399,"Shape_Area":14650.64556125829}},{"type":"Feature","id":29,"geometry":{"type":"Polygon","coordinates":[[[80.708343764207001,7.0411929274663354],[80.708348826213637,7.0411912968388624],[80.708355520459108,7.0412024928036168],[80.70838030048624,7.0412261284310853],[80.70839686721672,7.0412483144127842],[80.708411697503735,7.041262459591497],[80.708454460904534,7.0412782345053975],[80.708466497431004,7.0412843896994293],[80.70850599815067,7.0413252044108576],[80.708517122887159,7.041335814630477],[80.708532216380547,7.0413610568064691],[80.708556216670019,7.0414101681826908],[80.708576204185093,7.0414394401153073],[80.708611723571423,7.0414655800663555],[80.708630028541947,7.0414793686224613],[80.708639573141852,7.0414988986948481],[80.708631616763384,7.0415606913177884],[80.708641065243555,7.0416064852538778],[80.708595323029286,7.04165011452739],[80.70855565342633,7.0416911048399387],[80.708584216259112,7.0417813696375013],[80.70859717176215,7.0417956645785473],[80.708656565673763,7.0417778222025804],[80.708689921018603,7.0417684824366233],[80.708718818922961,7.0417690681779801],[80.708739634684733,7.0418038783298682],[80.708751449327323,7.0418280541994847],[80.70875037763723,7.0418801503992183],[80.708774668980809,7.0418959609536893],[80.708784730111987,7.0419165483738473],[80.708771511402574,7.0419420223183486],[80.708716737526444,7.0419841002825985],[80.708692600693084,7.0420143234509425],[80.708682743479457,7.0420237256196749],[80.708661148878363,7.0420723109178773],[80.708650593673767,7.0420926513739825],[80.708604415776577,7.0421107326702019],[80.708566701806006,7.0421168281200712],[80.708551999079774,7.0421218234111649],[80.708530125102584,7.0421444248070451],[80.708468571641006,7.0421740711394953],[80.708447688505615,7.0421956490466053],[80.708398560541013,7.0422302478718555],[80.708394559444741,7.0422359492601974],[80.708389830713088,7.0422716428915662],[80.708382436679969,7.0423326481832955],[80.708380587947119,7.0424124586804133],[80.708381974047612,7.0424404387111448],[80.708374363520534,7.0424703052345787],[80.708370208812354,7.0424864010610397],[80.708364597036748,7.0425308888027471],[80.708424467055508,7.0425367016296212],[80.708446142505011,7.0425962839922667],[80.70845886444603,7.0426335636414112],[80.708427411732984,7.0426520996007591],[80.708373360102328,7.0426846398316982],[80.708318215222022,7.042758490340578],[80.708305590299005,7.0427971126319635],[80.70830620833992,7.0428271788367782],[80.708320358602293,7.0428682198629149],[80.708419536202911,7.0430477977124717],[80.708444717776942,7.0430807435649179],[80.708454371072989,7.0430963615065112],[80.708412890466448,7.0431883484792595],[80.708345246427214,7.0431869781875278],[80.708321398851353,7.0432230872017421],[80.708273515951774,7.0432432662392639],[80.708217733267588,7.043163769706009],[80.7082118277429,7.0431516858180938],[80.708178581992556,7.0431000622756423],[80.708136775297575,7.0430060024619383],[80.708057489092241,7.0428532108336048],[80.708050072601281,7.0428305229931878],[80.708027644363582,7.0427790607832534],[80.708009634040437,7.0427365852654304],[80.70808297250025,7.0427129595218023],[80.708118647295109,7.0426914823825273],[80.708142110392032,7.0426672388010383],[80.70818477946969,7.0425450455323313],[80.708198348522075,7.0425094490996303],[80.70820495383434,7.0424892432840132],[80.708212955128587,7.0424660365506675],[80.708211737013059,7.0424068107865709],[80.70821198854135,7.0423945628358879],[80.708239176951736,7.0423311780367142],[80.708238787082891,7.0423303257261614],[80.708252746902417,7.0422898391892508],[80.70828189543677,7.0422517027440428],[80.708288122558315,7.0422179366173072],[80.708274643337475,7.042152601999085],[80.708270239795937,7.0420186946659626],[80.7082359546948,7.0418733372572486],[80.708225333014894,7.041808562477132],[80.708249347677381,7.0417622844551371],[80.708215783923421,7.0417131294307769],[80.70819200731448,7.0416575250041555],[80.70814834200516,7.0414745560901357],[80.708127277410057,7.0414262221435999],[80.70814097581983,7.0414061589271846],[80.708324203391712,7.0412315311657503],[80.70832708069554,7.0412242882917484],[80.708343764207001,7.0411929274663354]]]},"properties":{"OBJECTID":29,"Division":"2","Field_No":"2A1","Shape_Length":588.2423946493617,"Shape_Area":7552.0275204024592}},{"type":"Feature","id":30,"geometry":{"type":"Polygon","coordinates":[[[80.711769726698236,7.042371185814015],[80.711751410947912,7.0423901113859939],[80.711724669898516,7.042448855721716],[80.711716527568797,7.0424737644019446],[80.711702957618115,7.042509359945833],[80.711689568228806,7.0425451346861419],[80.711670833863536,7.0425942780323192],[80.711654253658338,7.042593941922572],[80.7116384172582,7.0425540839428571],[80.71159936030628,7.0425286626326944],[80.71152547297585,7.0425411744750175],[80.711492115834389,7.0425404986893083],[80.711471108731459,7.0425458434586945],[80.711437581808454,7.0425710980503764],[80.711385344774683,7.0425812214618668],[80.711361109126614,7.0425975303620314],[80.711325528654854,7.0426074932961535],[80.711266282965241,7.0426252910632892],[80.711240332433306,7.0425984780666049],[80.711230722256417,7.0425986724218408],[80.711201713859239,7.0426286459196188],[80.71118310795309,7.0426407556757358],[80.71114022777131,7.0426614081450811],[80.711116729640096,7.0426856873883743],[80.711106301097956,7.0426956351644439],[80.711037335636973,7.0427012170810119],[80.711011094050889,7.042714636503888],[80.710993031625492,7.0427190086038154],[80.710984135609223,7.0427235581197136],[80.71093219322286,7.0427319528366956],[80.710894270843156,7.0427547824363934],[80.710871715044675,7.0427591536444298],[80.71084933890927,7.0427637031598955],[80.71082228973772,7.0427680752593895],[80.710761716338126,7.0427791374554731],[80.710741502447604,7.0427860067510126],[80.710689196243578,7.0427903779587435],[80.710651672715812,7.0426583038110824],[80.710647145206806,7.042598136607686],[80.71068405877844,7.0425629279979942],[80.710697853307963,7.0425282079483829],[80.710714543107599,7.042522831083434],[80.710736919243033,7.0425138212014913],[80.710762099020457,7.0425049887354438],[80.710808752126411,7.0425237752220458],[80.710836340287102,7.0425181656656681],[80.710872137252878,7.0424911993182722],[80.710884855600639,7.042465176216516],[80.71088968763857,7.0424112274663235],[80.710895672215003,7.04239387011076],[80.710926109831746,7.0423889506033532],[80.710944652855872,7.0423794673120419],[80.710957086437688,7.0423666211385507],[80.710964211874526,7.0423598249429071],[80.710970565658542,7.04229507608538],[80.710947148375709,7.0422837972339325],[80.710915302200561,7.0423052271405844],[80.710883646468275,7.0423606576396027],[80.710839295744393,7.0423666211385507],[80.71080480672569,7.0423309845729234],[80.710768371057739,7.0423265652177776],[80.710754981668444,7.0423220156980246],[80.71073198749211,7.0423176435943198],[80.710706445693646,7.0423307064129972],[80.710687340324213,7.0423626573597726],[80.710677761588315,7.0423717929515233],[80.710629326224819,7.0423708122595094],[80.710606705747637,7.0423086337084326],[80.710589102361354,7.0422624555886264],[80.710584239780687,7.0422328030210428],[80.710579656576144,7.0422061290816691],[80.710574097801157,7.0421665982632611],[80.710580514467239,7.0421355005054442],[80.710602212374596,7.0421213776418341],[80.710607426196518,7.0421107085986447],[80.710669611173742,7.0420633892895212],[80.710693156017342,7.0420445216542209],[80.710736162861551,7.0419869255694243],[80.710741412616088,7.0419354900120803],[80.710718946649138,7.0418805052317834],[80.710704388551648,7.0418438629726161],[80.710679223147267,7.0417552885458496],[80.71067387906966,7.0416577318413394],[80.710646192992584,7.041597615325883],[80.710600500185649,7.0415540332990405],[80.710505271579024,7.0415370467919418],[80.710417901434482,7.0415325783945644],[80.710389210142623,7.0415086672968892],[80.710378164457921,7.0414972546953694],[80.710353687163035,7.0414792411322678],[80.710229797807258,7.0414552310708824],[80.710218251760907,7.04140821125233],[80.710258724457731,7.0411985236656429],[80.71027870209133,7.0411132808028203],[80.71028026156668,7.0411064337710361],[80.710309999395832,7.0408424529804403],[80.710309828715921,7.0408341696719026],[80.710323817281505,7.04084132339782],[80.710386539451292,7.0408500159236223],[80.71039116218175,7.0408547919092745],[80.710504562808268,7.0408685483880493],[80.710573992698272,7.0408558679993423],[80.710579656576144,7.0408500159236223],[80.71060675066343,7.040843458638804],[80.710633575256125,7.0408366338915629],[80.710651637681522,7.0408322626654236],[80.710658332825361,7.0408299874524261],[80.710660534596116,7.0408322626654236],[80.710674579755562,7.0408414045280825],[80.710683000563051,7.0408501050777499],[80.710697380794116,7.0408594644760756],[80.710723979011362,7.0408589259852805],[80.710736919243033,7.040845554651959],[80.710755243976493,7.0408411834258828],[80.710763878583037,7.0408501050777499],[80.710804735758785,7.0408590088986136],[80.710838991215496,7.040882059692672],[80.710880791622316,7.0408901611259989],[80.710903167757706,7.0408947106597974],[80.710961668743948,7.040899082776912],[80.711002018371573,7.0409080926902154],[80.711029453818668,7.0409125263235071],[80.711046950305473,7.0409214747202133],[80.711092939556437,7.0409258459455257],[80.711140893422936,7.0409160951620215],[80.711211506394179,7.0409175260853027],[80.711256672788338,7.0409045497062897],[80.711302990822674,7.0409310320392144],[80.711440680996176,7.0409477350584746],[80.711518736509547,7.04096608029539],[80.711569571273159,7.0409749127907881],[80.711622084988008,7.040957068600175],[80.711629431410401,7.0409572174874997],[80.711669855598188,7.0409734952408103],[80.711747197849235,7.0409984111325787],[80.711810884809609,7.0410061372251871],[80.711820018879408,7.0410076840484797],[80.711821549608658,7.0410281823539735],[80.711823895109845,7.0410832858101795],[80.711822331142955,7.0411484788240895],[80.711819203209146,7.041209791844981],[80.711821549608658,7.0412571344212234],[80.711822331142955,7.0412943883233705],[80.711826241509399,7.0413192230677382],[80.711810600941959,7.0413650143530262],[80.711800434707925,7.0414030429947712],[80.711813728875796,7.0414488333802812],[80.711829369443194,7.0414876394379204],[80.711835625310854,7.0415217880883896],[80.711837971710366,7.0415714593345475],[80.711834842878247,7.0416164731723896],[80.711829369443194,7.0416653678774841],[80.711825459076763,7.0416948608957739],[80.711799653173614,7.0417577251229142],[80.71178479503881,7.0417965311547155],[80.711783231071891,7.0418469780105557],[80.711784012606174,7.0418694849166341],[80.711802781107423,7.041891991821644],[80.711823113575576,7.0419152752560761],[80.711844352443805,7.0419517213710341],[80.711835844499774,7.0419874845643138],[80.711828337278931,7.0420227511676927],[80.711826334934159,7.0420758984697711],[80.711835344138152,7.0421280534832524],[80.711830839087,7.0421707706637546],[80.711824833849349,7.0422234213619515],[80.711816826266883,7.0422611717733394],[80.711808817786135,7.0422840201185402],[80.711793803344463,7.042313325874435],[80.711771281681976,7.042331704044277],[80.711767778252366,7.0423485924530436],[80.711772127894974,7.0423711367794164],[80.711769726698236,7.042371185814015]]]},"properties":{"OBJECTID":30,"Division":"2","Field_No":"10","Shape_Length":832.92570453461326,"Shape_Area":27382.347666920334}},{"type":"Feature","id":31,"geometry":{"type":"Polygon","coordinates":[[[80.711787556459996,7.0424427228316162],[80.711822385041856,7.0424417555128294],[80.711875991108116,7.0424402657527594],[80.711878192878899,7.0424425409578557],[80.711922074682221,7.0424510453391038],[80.711955065311017,7.0424605232796917],[80.711963563373601,7.0424693040374144],[80.71198460461251,7.0424794381495879],[80.712040037852063,7.0424915175973206],[80.712062811941152,7.0424973117023821],[80.712133716864855,7.0425277675286688],[80.712158240872071,7.0425462410845796],[80.71216575797439,7.0425864271508889],[80.71212411836602,7.0426883388210806],[80.712111764734246,7.0427511574451866],[80.712112694490528,7.0427963735475156],[80.712130145163258,7.0428536236153549],[80.712152918354036,7.0428869760225341],[80.712198186257837,7.0429060531347885],[80.712308347559429,7.0429114068153513],[80.712362782770711,7.042925255952996],[80.712430857102916,7.0429555093722565],[80.712452873013916,7.0429626015494664],[80.712486558040439,7.0429691293835814],[80.712512938865373,7.0429685953529297],[80.712591476774051,7.0429390881510319],[80.712646620756061,7.0429242850690876],[80.712701511413215,7.0428998908300038],[80.712719018679778,7.0428881091663076],[80.712737203276092,7.0428508981859874],[80.71275868109619,7.0427634356986939],[80.712774060253878,7.0427337983192633],[80.712805150047544,7.0427277733089602],[80.712817964515068,7.042728032746373],[80.71289169733528,7.0427557337068398],[80.712944955753514,7.0427546549465436],[80.7130876055257,7.0427061829450803],[80.713196275623915,7.0426726468681453],[80.713291156582542,7.0426510885970668],[80.713405972055625,7.0426298860484984],[80.713438682410072,7.0426232342858635],[80.713482782504016,7.0426054766377995],[80.713564592076949,7.0425470666486145],[80.713626139250309,7.0425139103553018],[80.713660989391741,7.04249398448282],[80.713712125090993,7.0424782256579466],[80.713740742720987,7.0424879496624788],[80.71378553092444,7.0425342276120722],[80.71378847560193,7.0425372704307714],[80.713806124802332,7.0425816921938065],[80.713805533710882,7.0426104193229264],[80.713780537189777,7.0426924256292471],[80.713773695620574,7.0427272143149615],[80.713765428424978,7.0427860067510126],[80.713760306231251,7.0428208043450535],[80.713750781394282,7.042866969036214],[80.713729117622904,7.0429063535828078],[80.713729577560329,7.042883980457602],[80.713719405038063,7.0428445736206511],[80.713626049418778,7.0428395337604819],[80.713595336917535,7.0428332885418294],[80.713569868780937,7.0428202640734279],[80.713545261230337,7.0427948383201571],[80.713536345451146,7.0427863339452195],[80.713528122273019,7.0427695070684688],[80.713536275382538,7.0427458608211788],[80.71354067892409,7.0427312128605859],[80.713540493871108,7.0427308874493981],[80.713531252901802,7.042714636503888],[80.713504559463118,7.0427282886176208],[80.71345675022539,7.042727319516362],[80.713428438022575,7.0427369400973339],[80.713405590271634,7.0427424694127065],[80.71338345488472,7.0427368375705131],[80.713369501353441,7.0427415787667753],[80.713355599924398,7.0427559432181184],[80.713316018356338,7.0427636140061738],[80.713274072422479,7.0427756649173352],[80.713215682827311,7.0427671944204322],[80.713167113614873,7.0427681786777203],[80.713149859673194,7.0427860067510126],[80.713140783095554,7.0427903779587435],[80.713135993278456,7.0427953268826302],[80.713104208188753,7.0428160150065917],[80.713086865313898,7.0428216022709327],[80.713076921862026,7.0428266867081906],[80.713060471912542,7.0428436838664839],[80.713039375876406,7.0428574153232359],[80.713015018955772,7.0428569214116177],[80.712983695600144,7.0428575561861226],[80.712979117785466,7.0428528256895007],[80.712919673568166,7.0428464146451235],[80.712898239765494,7.0428573760955979],[80.71288916408615,7.0428617473026671],[80.712875773798558,7.0428707580693635],[80.712862204746159,7.0428795896369305],[80.712839389334576,7.0428978732813992],[80.712830841864672,7.0429153634571167],[80.712816823654663,7.0429337050501095],[80.712790313472283,7.0429509589671513],[80.712770671808613,7.0429755537993541],[80.712746355312191,7.0429987471341553],[80.712704580058229,7.0430045367751806],[80.712685206092502,7.0430144444252702],[80.712644187219965,7.0430420472995685],[80.712615078211513,7.0430490922240017],[80.712582810726516,7.0430629520559949],[80.712570236109173,7.0430759453137668],[80.712560509151274,7.0430852226458294],[80.712534201089838,7.0430936984861283],[80.712506108974281,7.0431032432788463],[80.712489358987497,7.0431205506817882],[80.712470937235949,7.0431341073891591],[80.712435955940478,7.0431333986174591],[80.712408217761137,7.0431475838578148],[80.712381606069158,7.0431470444781317],[80.712374826483725,7.0431540501733494],[80.712355107564917,7.0431728589220661],[80.712332006489078,7.0431784488567244],[80.712305219625605,7.0431964757268846],[80.712292330597919,7.0431962145066569],[80.712238219678454,7.0432017045889452],[80.71222750367545,7.0431854795144879],[80.712204357683831,7.0431634023929091],[80.712160736391951,7.0431528457073167],[80.71212082604049,7.0431473146137726],[80.712097133873215,7.0431424967494891],[80.712070792574139,7.0431290256298897],[80.712060302946554,7.0431181863263665],[80.712033231317164,7.0430923656386213],[80.712015898323727,7.04306915358623],[80.711990522713592,7.0430491813776719],[80.711965773229196,7.0430293482480284],[80.711932111558895,7.0430045751112589],[80.711913635908417,7.0429906582191864],[80.711891832898161,7.0429576446034954],[80.711868943824726,7.0428964905072631],[80.711856493174892,7.0428724974584869],[80.711827662644168,7.0428537314913724],[80.711729916958092,7.0428484544823551],[80.711676099787752,7.0428429938166222],[80.711651183216702,7.0428242251736819],[80.71164463629492,7.0427892421401488],[80.711654994768438,7.0427289510299884],[80.711692061952022,7.0426073488670253],[80.711725513416567,7.0425317527029492],[80.711735745227671,7.0425060015225238],[80.71175337197019,7.0424720330351729],[80.711783998233159,7.0424428217923492],[80.711787556459996,7.0424427228316162]]]},"properties":{"OBJECTID":31,"Division":"2","Field_No":"1C","Shape_Length":666.67368026877637,"Shape_Area":6548.8826416951861}},{"type":"Feature","id":32,"geometry":{"type":"MultiPolygon","coordinates":[[[[80.711671540837685,7.0435350856569841],[80.711672940412896,7.0435335308182996],[80.711680410802785,7.0435173735121746],[80.711690098234826,7.0435087799968743],[80.711724792967729,7.0434887275690281],[80.711749436450901,7.0434716377146271],[80.711769768919027,7.0434276591302982],[80.711796229694073,7.0434041885492036],[80.711831213684462,7.0434062586962307],[80.71185510168452,7.0434328006192271],[80.711891427757976,7.0434376238296537],[80.71191315620807,7.0434363382345921],[80.711942379302585,7.0434184040934911],[80.71195898915218,7.0433924764381324],[80.711990694291799,7.0433570432216248],[80.711997693964506,7.0433198153397099],[80.712004561584848,7.0433072687484914],[80.712051980055435,7.0432963153324675],[80.712101345175242,7.0432992368972274],[80.712138717786019,7.0433133517011468],[80.712082630572951,7.0433602527522154],[80.712074164849696,7.0433963751259805],[80.712053164034984,7.0434544792113121],[80.712024655101146,7.0434949968503071],[80.711989865146819,7.0435258555853295],[80.711961109176258,7.0435440108231733],[80.711921428793502,7.0435715271869688],[80.711884604155088,7.0435947775502612],[80.711841323324705,7.0436300315499416],[80.711771400259593,7.0437077208605903],[80.711739075282409,7.0437495748891736],[80.71172084936363,7.0437716261283274],[80.711716609315459,7.0437807982452627],[80.711696916447835,7.0438087862172534],[80.711653524226321,7.0438594245342934],[80.711628865471766,7.0438765758903168],[80.711626744549392,7.0438697592115451],[80.711620930652884,7.0438591383514559],[80.711581433526462,7.0438411418192457],[80.71156251231163,7.0438309346309529],[80.71153395486877,7.043784736157404],[80.711524501897017,7.0437642887912535],[80.711488973527551,7.0437386919149176],[80.71146424919597,7.0437112210293646],[80.711434349670043,7.0436645500299662],[80.711398585941964,7.0436157928321839],[80.711393098133897,7.0435960141104568],[80.711403281435949,7.0435678406861371],[80.711487455374709,7.0435622302508696],[80.711523387986077,7.0435516664420446],[80.711563650477117,7.0435299459522707],[80.711588769169097,7.0435314321427027],[80.711630007230525,7.0435553475937942],[80.711664297721555,7.0435431326602709],[80.711665911994103,7.0435413388900239],[80.711671540837685,7.0435350856569841]]],[[[80.711628865471766,7.0438765758903168],[80.711626922415817,7.0438785836277749],[80.711625605485608,7.0438780674288513],[80.711624824849636,7.0438773978858453],[80.711628865471766,7.0438765758903168]]]]},"properties":{"OBJECTID":32,"Division":"2","Field_No":"1C","Shape_Length":234.63455240642554,"Shape_Area":1852.3752529692358}},{"type":"Feature","id":33,"geometry":{"type":"Polygon","coordinates":[[[80.712037951065653,7.0435319786542196],[80.712069931988069,7.0435071591844407],[80.712138798634385,7.0433747152534192],[80.712162719872111,7.0433434187639987],[80.712192807145925,7.0433212774593352],[80.712200400605028,7.0433155573620798],[80.712221968256657,7.0433056202977244],[80.71221717933787,7.0433661217354722],[80.712269101961297,7.0433613332941691],[80.712392572702157,7.0433567169193472],[80.712460218537984,7.0433452624610666],[80.712596035724118,7.0433332721891908],[80.712756411951787,7.0433365209475722],[80.712790313472283,7.0433480404881701],[80.712833086754543,7.043361820072974],[80.712821766185357,7.0433836359649868],[80.712804632617917,7.0434186947342825],[80.712799300218407,7.0434237818395804],[80.712790403303828,7.0434461736610405],[80.712780030457239,7.043471561042522],[80.712753591241807,7.0435559939572991],[80.712738821141897,7.0436311049589539],[80.712741216948757,7.0437476607624117],[80.712740330311576,7.0437475965718725],[80.712733871424689,7.0437426654888364],[80.712727414334424,7.0437402815227896],[80.712725115545609,7.0437402815227896],[80.712710172070871,7.0437408521055334],[80.712708920717674,7.0437407513620363],[80.712707967605141,7.0437402815227896],[80.712698771551601,7.0437402815227896],[80.712697859761576,7.0437408521055334],[80.712696710816331,7.0437408521055334],[80.712693491254356,7.0437419959456271],[80.7126912607375,7.0437425495892079],[80.712690113588877,7.0437425629622314],[80.712688051056972,7.0437435579158914],[80.712686936247707,7.0437437041277455],[80.712686897620159,7.043743726416106],[80.712632607037662,7.0437397938528692],[80.712553709802876,7.0437512393860171],[80.712545688745692,7.0437111880425212],[80.712537086478548,7.0436886812258166],[80.712530048178294,7.0436397858425144],[80.712519881944203,7.0436157268585111],[80.712501114341322,7.04359710000106],[80.712476871506752,7.0435885635455211],[80.712437771435688,7.043591667873299],[80.712419785367061,7.0436017564926248],[80.712399452898921,7.043618055549965],[80.712364262295964,7.0436304728601353],[80.71233141809256,7.043634353715249],[80.712299356321751,7.0436281441687063],[80.712255563451649,7.0436265920049825],[80.712221155281327,7.0436219355136718],[80.712196913345096,7.0436149503308565],[80.712146864607334,7.043592443509457],[80.712095251902696,7.0435707123231728],[80.712037951065653,7.0435319786542196]]]},"properties":{"OBJECTID":33,"Division":"2","Field_No":"1B","Shape_Length":250.40828209891671,"Shape_Area":2610.6561931206279}},{"type":"Feature","id":34,"geometry":{"type":"Polygon","coordinates":[[[80.711100744119619,7.0438653452202526],[80.711101142073304,7.0438653799901525],[80.711100857307358,7.0438515406874442],[80.711078570105173,7.0438085909710164],[80.711100768374138,7.0437795483125392],[80.711123424783906,7.0437628757074862],[80.711155245806225,7.0437356294903113],[80.711163773513235,7.0437181803561915],[80.711172817751503,7.0437007508351659],[80.711177756688926,7.0436506162184997],[80.711193818566215,7.0436352960685138],[80.711258575420075,7.0436290579928915],[80.711290212287764,7.0436503469747125],[80.711347079238521,7.0436572456780295],[80.711378601121837,7.0436733664262867],[80.711410900047866,7.0437138091572011],[80.71142896247332,7.0437360226575043],[80.711453068763959,7.0437782341892632],[80.71151018814129,7.0438295866294771],[80.711569054741858,7.0438658747922247],[80.711612562846014,7.0438798906185038],[80.711614988297285,7.0438909135604986],[80.711613453076467,7.0438924996016841],[80.711552436807423,7.0439506981275954],[80.711506618236342,7.0440029616975171],[80.711479482826576,7.0440168384401503],[80.711406856730775,7.0440291362739282],[80.711344471429243,7.044034890240682],[80.711309835086823,7.0439898757460293],[80.711289037291394,7.0439632714474829],[80.711257147098792,7.0439426315176137],[80.711236349303334,7.0439375854286217],[80.711219248973578,7.0439334576208017],[80.711202611276207,7.0439316228414119],[80.711185048314093,7.0439265767523045],[80.711155469486727,7.0439123576574243],[80.711141142256267,7.04390043248228],[80.711130974225568,7.0438949281437013],[80.711115259996291,7.0438848368561704],[80.711106941596768,7.0438779568784575],[80.711100744119619,7.0438653452202526]]]},"properties":{"OBJECTID":34,"Division":"2","Field_No":"1C","Shape_Length":160.84752835661394,"Shape_Area":1520.5076102505438}},{"type":"Feature","id":35,"geometry":{"type":"Polygon","coordinates":[[[80.711081817514909,7.0438635354036103],[80.711104888946366,7.0438923043554853],[80.711129428224979,7.0439127472583003],[80.711147980232198,7.0439243960572249],[80.711165963605893,7.0439349170638632],[80.711184137422393,7.0439429961554856],[80.711198713486212,7.04394524995634],[80.711222566451923,7.0439480680989401],[80.711235817500679,7.0439484443267659],[80.711270081940569,7.0439610319112509],[80.71127822247368,7.0439668563101661],[80.711285416182463,7.0439747472873231],[80.711319111988786,7.0440145766158375],[80.711336974089903,7.0440355811802968],[80.711312372827521,7.0440378501368119],[80.711124344658771,7.0440451616150357],[80.71106312087889,7.044064884150929],[80.711011094050889,7.0440884982356984],[80.710966604986439,7.0441059179352603],[80.710961578912432,7.0441107117180382],[80.710957176269233,7.0441152612202469],[80.710877964624103,7.044153411776775],[80.710871111376818,7.044179959006196],[80.710880451160818,7.0442085318008214],[80.710947644245735,7.0442703035574397],[80.710988538252437,7.0442936849412652],[80.710997614830077,7.0442980561347843],[80.711226678040987,7.0444096592978394],[80.711280543720363,7.0444338243331766],[80.711280739553104,7.0444433878205466],[80.711246164296114,7.0444573109097766],[80.711185228875465,7.0444474630233147],[80.711168266886276,7.0444364231554122],[80.711160068861005,7.0444279526888645],[80.711122989999311,7.0444067528961449],[80.71099067534449,7.0443531850570054],[80.710975059031583,7.044338290192127],[80.710956834909439,7.0443138844375142],[80.710924487474358,7.0442948216477301],[80.710876991748648,7.0442609112411496],[80.710735194477678,7.0442152307920853],[80.710638158460668,7.0441776205106814],[80.710596321222965,7.0441659057445714],[80.71051407596714,7.0441215991412669],[80.710505654261354,7.0441128968699021],[80.710464301215566,7.0440885276563385],[80.710440457232963,7.0440705659029206],[80.710391544864052,7.04404476844811],[80.710363496765936,7.044025849184405],[80.710323735534843,7.0440039290130345],[80.710322982746646,7.0440032113272952],[80.710294252827211,7.0439893747033526],[80.710283195464356,7.0439761960318501],[80.710297394235752,7.043948834819151],[80.71033700724486,7.0439110515583447],[80.710341589551135,7.0438691752559039],[80.710355317605263,7.0438427198368201],[80.710383005478974,7.0438246992325428],[80.710426978012123,7.0438074810094413],[80.710449931764259,7.0437982384616928],[80.710458339995327,7.0437895495573084],[80.710463297797375,7.0437848217448193],[80.71050024281007,7.0437729197463135],[80.710618226641174,7.0437808954226453],[80.710678507190011,7.0437627865539563],[80.71077729851504,7.0437571386765123],[80.710841746348464,7.0437584447760635],[80.710880701790757,7.0437807180070822],[80.710889777470115,7.0437850892054357],[80.710894181011611,7.0437896387108765],[80.710911551734242,7.0437980048794033],[80.710938529938872,7.0438161592150763],[80.711044805128566,7.0438604239453859],[80.711046619725437,7.0438605835301873],[80.711067028550389,7.0438629487733779],[80.711081817514909,7.0438635354036103]]]},"properties":{"OBJECTID":35,"Division":"2","Field_No":"1B","Shape_Length":378.28143252213533,"Shape_Area":3802.0563797437599}},{"type":"Feature","id":36,"geometry":{"type":"Polygon","coordinates":[[[80.711089303176152,7.0449321818812205],[80.711071122173138,7.0448915850213263],[80.711048216031713,7.0448421735670097],[80.711026634905309,7.0447882536224133],[80.711006190147771,7.0447432828860608],[80.710997466608049,7.0447182726929327],[80.710992620197075,7.0447014396455501],[80.710990681632708,7.0446886933881538],[80.710989549755439,7.0446710205148992],[80.710990011489514,7.0446457927835997],[80.710984003556888,7.0445930442917177],[80.710971525059279,7.0445315810488651],[80.710963205761431,7.04450222550724],[80.710948878530942,7.0444669064918948],[80.710938710500272,7.0444292944478528],[80.710925769370277,7.0444003971483449],[80.710942407965959,7.0444045258435519],[80.710971525059279,7.04441415797967],[80.710989755469626,7.0444168156432232],[80.710997771136931,7.044423239147398],[80.711031359145409,7.0444340588066954],[80.711037963559363,7.0444408835009868],[80.711096465443916,7.0444497159302042],[80.711105111728543,7.0444674084256231],[80.71110994466477,7.0444720185486442],[80.711122337822417,7.0444848236532742],[80.711164902695515,7.0444899865272603],[80.711227117317165,7.0445218044866982],[80.71126298345321,7.0445210778864746],[80.711273811745613,7.0445098891340985],[80.711292804825689,7.0444917731616146],[80.711296048642168,7.0444874296074458],[80.711309573677113,7.0444693172002104],[80.71131247433712,7.0444654318944062],[80.711349481333585,7.0444843573809042],[80.711415482354127,7.0444943211660416],[80.711441644888467,7.0444996409499572],[80.711493439052816,7.0445218873993696],[80.71153878421174,7.0445491861708467],[80.711577206953052,7.0445781298208328],[80.711606308774989,7.0446081994762944],[80.711613183581875,7.0446147567078956],[80.711618846561407,7.044620607844589],[80.711631066344225,7.0446646977574918],[80.711620890228701,7.0447041187043125],[80.711568161816473,7.0447351922184529],[80.711546128837497,7.0447517898997134],[80.71154118271356,7.0448170144931472],[80.711532216628697,7.0448779311881857],[80.711527174384983,7.0449137842006984],[80.711528455382577,7.04497610772236],[80.711527706187624,7.0450125678613],[80.711514243136492,7.0450385114736669],[80.71150801242166,7.0450512603960496],[80.711496610105769,7.0451092448085966],[80.711491075585286,7.0451252986414437],[80.711425148226596,7.0451178650402388],[80.711372872565278,7.0451001021385213],[80.711379623404625,7.0450739499109014],[80.711379327858893,7.045059565026059],[80.711332472632023,7.0450482256176263],[80.711296849939416,7.0450379917099015],[80.711264008430931,7.045021196118511],[80.711231261245572,7.0449939053986208],[80.711211114728698,7.044979079202415],[80.711163638765939,7.0449562140508828],[80.711123334952404,7.04494492902346],[80.711111202306157,7.0449357899162672],[80.711105658802538,7.0449320615242099],[80.711095239243576,7.0449310995598227],[80.711089303176152,7.0449321818812205]]]},"properties":{"OBJECTID":36,"Division":"2","Field_No":"1B","Shape_Length":268.64319685757147,"Shape_Area":3676.87318059891}},{"type":"Feature","id":37,"geometry":{"type":"Polygon","coordinates":[[[80.711083870165339,7.0449359191885765],[80.711067141738098,7.0449412995916507],[80.711036653815668,7.0449449985630315],[80.710993121456994,7.0449538497048252],[80.710952951492445,7.044959416438151],[80.710932632499038,7.0449730898825793],[80.710898674384651,7.0449894450583388],[80.710866053861764,7.0450090837499504],[80.710840154533813,7.0450298386401293],[80.71080431714384,7.0450385114736669],[80.710795074377899,7.0450432383818598],[80.710781896092683,7.0450429709219433],[80.710766170185323,7.0450432900907831],[80.710741847400683,7.0450427970730019],[80.710697350251394,7.0450607142121182],[80.710678507190011,7.0450652752949425],[80.710659955182763,7.0450699950705635],[80.710630093386072,7.0450693897196883],[80.710580754317434,7.045049521906642],[80.710494286081413,7.0450430609667665],[80.710447494634906,7.0450377848742196],[80.710431471385178,7.0450295899023692],[80.710399928840616,7.0450162980357662],[80.710377333516263,7.0450010929386941],[80.710346099992151,7.0449760631457163],[80.71033702431285,7.0449716919585823],[80.710318432779715,7.0449576877552715],[80.710239724191169,7.0449592818166202],[80.710179835307798,7.044953758768429],[80.710173066502136,7.0449538960645395],[80.710149280910031,7.0449534146366233],[80.710063463054311,7.044958852097615],[80.710051633140338,7.0449466291772982],[80.710012414491658,7.0448779570426607],[80.709967322657661,7.044785687788929],[80.709948691598655,7.0447286884805882],[80.709940816966892,7.0446806704761435],[80.709942030590852,7.0446216589629893],[80.709950967929586,7.0445870380278084],[80.709959916048149,7.0445697939785132],[80.709988209386324,7.0445513793444388],[80.710005542379719,7.0445430310201473],[80.710047844046471,7.0445327935351374],[80.710112653900936,7.044534106764754],[80.710119776642856,7.0445342511932463],[80.710135578907,7.0445345712539646],[80.710148778751787,7.0445390565615753],[80.710161512370945,7.0445573026961865],[80.710161632745184,7.0445570700058386],[80.71017516227171,7.0445668421095942],[80.710203175335522,7.0445736213337211],[80.710299261833256,7.04454475524693],[80.710366169253902,7.044553245325071],[80.71038265333938,7.0445616756703204],[80.710390942094492,7.0445702406370003],[80.710396112797284,7.0445751726027668],[80.710404396162517,7.0445873411493123],[80.710426888180621,7.0445835325164143],[80.710453937352128,7.0445791613255793],[80.710467646541687,7.0445745030608045],[80.710478632937594,7.0445520239235258],[80.710471450906894,7.0445242036047802],[80.710368012596888,7.0444639911752454],[80.710381155847813,7.0444386626893163],[80.710390942094492,7.0444140313817876],[80.710397910326179,7.0444073849939342],[80.710390942094492,7.0444007386059653],[80.710386539451292,7.0443872675229171],[80.710379332267777,7.0443695144001213],[80.710346099992151,7.0443828963302373],[80.710332004527032,7.0443874369144508],[80.710310699183424,7.0443870054118412],[80.710280858048023,7.0443630917867184],[80.710273463116593,7.0443254886496174],[80.710274255430676,7.0442869493982396],[80.710274039835014,7.0442764462302634],[80.710280779894575,7.044217534517534],[80.710298876455965,7.0442179009382846],[80.710308220731577,7.0442177119329452],[80.710291732154531,7.0441859376378408],[80.710283105632854,7.044177709664174],[80.710254599393934,7.0441482551397554],[80.710238173698968,7.0441375638548065],[80.710223267953467,7.0441275340884522],[80.710211304190523,7.0441151720667934],[80.710170774899851,7.0440929585846446],[80.710157565173589,7.0440793091856815],[80.710131273281846,7.0440542312000352],[80.710111570532703,7.0440243977654511],[80.710112557781216,7.0439763894949534],[80.710130426170551,7.043950220264775],[80.710137077296892,7.0439366109806594],[80.710148353848652,7.0439368392136759],[80.710178821109835,7.04393622137981],[80.710197020079178,7.0439455290068471],[80.71021416352805,7.0439510520670483],[80.710242666173727,7.0439725229072732],[80.710265222870504,7.0439858156953594],[80.710290249036007,7.0440058707763233],[80.710332530939795,7.0440123183576393],[80.710323735534843,7.0440039290130345],[80.710336795242455,7.0440111290499141],[80.710333801157589,7.0440120027542141],[80.710337778897667,7.044015583158866],[80.710338774231019,7.0440122202887858],[80.710345195388669,7.0440157605743154],[80.710342787903684,7.0440164631039099],[80.710346764745466,7.0440200435084863],[80.710347635212997,7.0440171050091172],[80.710353703332729,7.0440204500484613],[80.710352060314065,7.0440222491660984],[80.71035728850903,7.0440237745824898],[80.710364072586046,7.0440393425663475],[80.710368646807467,7.0440533360989868],[80.710368422228655,7.0440642859309959],[80.710353035884467,7.0440868194755302],[80.71032803756674,7.044092869431152],[80.71031914065216,7.0440974189335268],[80.710295112514927,7.0441089919473647],[80.710287074389768,7.0441254389816788],[80.710287699617211,7.0441558527989194],[80.710302671838065,7.0441701334022033],[80.710360949143805,7.0441946925083796],[80.710400170487404,7.0442073273375234],[80.710449443979073,7.0442133050772648],[80.710482012399694,7.044222661733138],[80.710507264042349,7.0442355756118475],[80.710525828626004,7.0442400680546253],[80.710573636067082,7.0442522312607654],[80.71059313669528,7.0442669210754483],[80.710624903818669,7.0442822206992668],[80.710663084913207,7.0443017470874905],[80.710698876489062,7.0443304295333284],[80.710712312590786,7.0443507734565305],[80.710734688726177,7.0443615503238446],[80.710815808392979,7.044359907226065],[80.710864063195089,7.0443737705850129],[80.710899269069373,7.0443760511297775],[80.710905668667451,7.0443766154710268],[80.710918245979755,7.0444033882458319],[80.710925344467142,7.044420413875419],[80.710942204946718,7.0444659159974616],[80.710956781010509,7.0445008017273185],[80.710962460159735,7.044521093042543],[80.710969275677797,7.0445494625463798],[80.710974575737978,7.0445800858462748],[80.710979876696456,7.0446118369344877],[80.710983094461824,7.0446475339491261],[80.710983533737974,7.044670416946559],[80.710984260475044,7.0446848464201191],[80.710985836120059,7.0446979519657322],[80.710987895058679,7.0447069707205578],[80.710990318713314,7.0447149062617891],[80.71099504385171,7.0447290950199273],[80.711005099593024,7.0447536237843504],[80.711023030864382,7.0447948670180933],[80.711034298433006,7.0448230029234074],[80.71104811003049,7.0448536645412005],[80.711058627505835,7.0448754277625278],[80.71107557332536,7.0449100620492064],[80.711081079099728,7.0449252992444746],[80.711083870165339,7.0449359191885765]]]},"properties":{"OBJECTID":37,"Division":"2","Field_No":"2B","Shape_Length":528.2345717870835,"Shape_Area":8163.2626155214884}},{"type":"Feature","id":38,"geometry":{"type":"Polygon","coordinates":[[[80.711282776033855,7.0451323034152296],[80.711288652812428,7.0451283494669488],[80.71128958346705,7.0451277227193492],[80.711330727205393,7.0451233515336531],[80.711356981367885,7.0451322722115837],[80.711383780807765,7.0451374662820019],[80.711462627736879,7.0451358686551497],[80.711481812158084,7.0451423875433576],[80.711463120013647,7.0451602164168774],[80.711379447334835,7.0451946313652032],[80.711245262387592,7.0452570573754176],[80.711165391379041,7.045307751700804],[80.711084254644263,7.0453571185288597],[80.711058259196591,7.0453696392101985],[80.710945515238507,7.0454112274121572],[80.710939202776999,7.0454177489711016],[80.710888183858785,7.0454360414307962],[80.710768551619125,7.0454892070638486],[80.710701110599175,7.0455176282173113],[80.710521245421404,7.045569319247023],[80.710444950606018,7.045591710964823],[80.710413408061427,7.0456005433720819],[80.71034917582368,7.0456238890275396],[80.710267147061813,7.0456591223677112],[80.710145180999078,7.0457214966064985],[80.710125932797496,7.0457344496708627],[80.710111887638021,7.0457435914369091],[80.71010346683056,7.0457522918945692],[80.710021221574706,7.0457905733715442],[80.709915881531231,7.0458349654023591],[80.709845757243514,7.0458624227891171],[80.709793345936589,7.045877098288301],[80.709680620843159,7.0459122531544436],[80.709586658861085,7.0459395464948695],[80.709532622501769,7.0459613052075944],[80.709460938738729,7.0459931622934278],[80.709395002396889,7.0460202817804989],[80.709283952661465,7.0460560562498875],[80.709235405008556,7.0460654645773824],[80.709126680113087,7.0460733626510947],[80.709021060693559,7.0460614535790596],[80.708969096747651,7.0460539147922292],[80.708793092528978,7.0460181278412239],[80.708695398945196,7.0459880912638617],[80.708659092634676,7.0459793043320849],[80.708596445923391,7.0459706226008176],[80.708568051075574,7.045971197638476],[80.708479433171107,7.0459862038922569],[80.708456591708369,7.0459939646715117],[80.708415406647546,7.0460150270958195],[80.708344935610157,7.0460681115331276],[80.708328194606509,7.0460733626510947],[80.708328660832137,7.0460506936903737],[80.708351036069232,7.0460179245721273],[80.708396065919473,7.0459646734127253],[80.708453475452643,7.0459142519677478],[80.708523962659726,7.0458587737508296],[80.708586329994972,7.0458181814297776],[80.708610795611719,7.0458063971656344],[80.708660718585321,7.0457752203055906],[80.708670044894617,7.0457655837401303],[80.708675836333242,7.0457600607015314],[80.708809972771462,7.0456778320547953],[80.708907675338423,7.0456307761115786],[80.708990297886643,7.0455984242005956],[80.709041268295891,7.045572357588151],[80.709090782536052,7.0455390383608112],[80.709172008204021,7.0454694926123409],[80.709214366464593,7.0454396619433757],[80.709226589840668,7.0454270316054934],[80.709247810742625,7.0454114155254786],[80.709302751705408,7.0453882624303166],[80.709367568746416,7.0453819691032304],[80.70947113102396,7.0453467785355652],[80.709526897538467,7.04531195260207],[80.709567250759349,7.0452961519709296],[80.709636173999527,7.0452794713966158],[80.709712494866068,7.0452556701506417],[80.70979783930963,7.0452169339478434],[80.709845003557007,7.0451995365783446],[80.709943273859182,7.0451599658961621],[80.710025581997101,7.0451304552675991],[80.710081679989955,7.0450724913629372],[80.710123568431683,7.044994221001347],[80.710141614687402,7.0449917202509296],[80.710143816458157,7.0449939945519606],[80.710225891034085,7.044998979113644],[80.710276410489058,7.0449979556336277],[80.710301351314598,7.0449984611328977],[80.710301077328424,7.0450117922274824],[80.710301202194259,7.0450178742662759],[80.710347259717182,7.0450253167843826],[80.710381956246721,7.0450430609667665],[80.710425527232942,7.0450483468661211],[80.710448592376196,7.0450561834413783],[80.710451177727563,7.0450570624929281],[80.710458745135512,7.0450596336740956],[80.710516841879894,7.0450652752949425],[80.710543721269815,7.0450698265708454],[80.710561342622455,7.0450694690661431],[80.710588643322239,7.0450787454667747],[80.710615692493761,7.0450831175444124],[80.71062908188307,7.0450925633360431],[80.710617565481115,7.0451147562650149],[80.710676317097324,7.0451135660686042],[80.710692511925288,7.0451190695011823],[80.710722429417501,7.0451499816200984],[80.710759475041499,7.0451589468741513],[80.710824738545227,7.0451755516725267],[80.710835769856914,7.0451819493117176],[80.710810922456133,7.045205648926756],[80.710797824120974,7.0452191823933052],[80.710826872942334,7.0452526184344295],[80.710835448260028,7.0452788517814735],[80.710844778162567,7.0452968313187458],[80.710911445733061,7.0453040224202006],[80.710934620470738,7.0453196162155454],[80.710943958458145,7.0453239882909182],[80.710953132053831,7.0453145095173051],[80.710961578912432,7.0452972244845782],[80.710983041461205,7.0452903106496185],[80.711030934242245,7.0452836731896458],[80.711051443678514,7.0452526184344295],[80.711065382836779,7.0452343812424951],[80.711079955307326,7.0452045621483705],[80.711105451291715,7.0451857998417573],[80.711109854833254,7.0451812494585093],[80.711123424783906,7.0451724179347703],[80.71114413813774,7.0451510149066294],[80.711152567928366,7.0451252264272801],[80.711209150113149,7.0451144299639967],[80.711238485497091,7.0451341711765778],[80.71126306879313,7.0451455649664272],[80.711282776033855,7.0451323034152296]]]},"properties":{"OBJECTID":38,"Division":"2","Field_No":"2B","Shape_Length":808.05089987676365,"Shape_Area":16371.273778710905}},{"type":"Feature","id":39,"geometry":{"type":"Polygon","coordinates":[[[80.711208462901965,7.0453272156385438],[80.711258404740207,7.04542496681667],[80.711316674859418,7.0455318214085203],[80.711470557165882,7.0458195071371801],[80.711538379071541,7.0459546151568571],[80.711456054763943,7.0459925997372075],[80.711357120606777,7.0460520844788848],[80.711300793543515,7.0460836188242286],[80.711219913726893,7.0461373710103414],[80.711164569420561,7.0461841175409035],[80.711158723184681,7.0461896940663049],[80.711114928517958,7.0462002934762626],[80.711080534720679,7.0461932994169896],[80.711026775940823,7.0461943888676384],[80.710961582505703,7.0461930685104877],[80.710898403093438,7.0462202049249667],[80.710849824897835,7.0462254444513128],[80.710804406975384,7.0462384928953723],[80.710743720388024,7.0462469035962823],[80.710674483635842,7.0462595481763577],[80.710648598680919,7.0462507523344096],[80.710586441551484,7.0462520120673],[80.710545353508707,7.0462511793776148],[80.710377552705197,7.0462830988506511],[80.710241316904145,7.0463082569534512],[80.710154236915443,7.0463167113380969],[80.710049549048875,7.0463366254564059],[80.710015152556636,7.0463413924702483],[80.709950653519243,7.0463400854864782],[80.709897995175623,7.0463411517569776],[80.709838367701977,7.0463544676569843],[80.709755481049044,7.0463697743441278],[80.709649644237203,7.0463776822194566],[80.709493714670188,7.0463745235269926],[80.709304733388933,7.0463597802872853],[80.709164301557195,7.0463506840014398],[80.708923957302929,7.0463455461110165],[80.708818410646941,7.0463544676569843],[80.708708009495155,7.0463616186231848],[80.7085845989414,7.0463537981175532],[80.708521272205445,7.0463430756798981],[80.708405035597593,7.0463500073297807],[80.708310588525265,7.0463543785039118],[80.708265746422882,7.0463589279841115],[80.708203660260352,7.0463639535415545],[80.708156043262079,7.0463629880140308],[80.708164701224803,7.0463210254546169],[80.708190116360825,7.0462543576845853],[80.708204363641215,7.0462269012125551],[80.708225779477587,7.046195538050898],[80.708256777643086,7.0461727255596829],[80.70832011336222,7.0461639484382124],[80.708344062447665,7.0461478322342179],[80.708375566364666,7.0461152806563829],[80.708391466545237,7.0460912048617743],[80.708406918466409,7.04606857512929],[80.70843825709342,7.0460501070629142],[80.708498299588712,7.0460307644037323],[80.708552909971459,7.046023196195855],[80.708613034213428,7.0460244140274053],[80.708684111613636,7.0460364496977812],[80.708746429541549,7.0460556095928126],[80.708784503736524,7.046066270521453],[80.708899288666913,7.0460867445320385],[80.708903691310113,7.0460912940148592],[80.708985443390873,7.0461063912009143],[80.709118444358566,7.0461156203296484],[80.709240555948398,7.0461131463311943],[80.709368916219361,7.0460890642957779],[80.709375478412497,7.0460822842022521],[80.709400326711574,7.0460703162894349],[80.709439645971557,7.046046645247622],[80.709488846699642,7.0460284963485096],[80.70950663963049,7.0460193973815963],[80.709577761946491,7.0459931622934278],[80.70961889490502,7.045976598534768],[80.709663697481531,7.0459600722198363],[80.709696676432245,7.0459494487330669],[80.70983540236324,7.0459158754463393],[80.70988761334587,7.0458948513533768],[80.709949703101685,7.0458705392915046],[80.710069529377407,7.0458147936098605],[80.710177091852898,7.0457597852182463],[80.710190315053907,7.0457461224953661],[80.710250913606345,7.0457120160579567],[80.710294949919884,7.0456908074086524],[80.710412002198012,7.045649978816928],[80.710480896692104,7.0456318566482272],[80.710565463194641,7.0456058560110595],[80.710707937795348,7.0455561602341481],[80.710769723920578,7.0455312802485528],[80.710811592599327,7.0455051342859507],[80.710860254338272,7.0454816967967089],[80.710928485875669,7.045452943099499],[80.710993121456994,7.0454355912070099],[80.711049043380072,7.0454203219333289],[80.711055936153258,7.0454131994816782],[80.711078492850049,7.0454043670708195],[80.711136526712338,7.0453785768224968],[80.711208462901965,7.0453272156385438]]]},"properties":{"OBJECTID":39,"Division":"2","Field_No":"2B","Shape_Length":846.0941565252939,"Shape_Area":18811.021519597201}},{"type":"Feature","id":40,"geometry":{"type":"Polygon","coordinates":[[[80.711223524056038,7.0453160429532478],[80.711253853874979,7.0452988426161731],[80.71127624079017,7.0452888093087678],[80.711309202672865,7.0452777953153518],[80.711360726444326,7.0452576208240378],[80.711500853747154,7.0452214843307353],[80.711539464236395,7.0452103909892871],[80.71155949846387,7.0451853059325806],[80.711566764037897,7.0451557186338336],[80.71156883734956,7.0451472758179463],[80.711567112584191,7.045063382570401],[80.711582128822513,7.0450266309041343],[80.711581508984949,7.0449964587495222],[80.71157216201442,7.0449420591779672],[80.711572996549336,7.0449014712342866],[80.711593263440434,7.0448083336316349],[80.711597412758735,7.0448043761144534],[80.711599614529518,7.0448467961677919],[80.711601475838776,7.0448540059984905],[80.711638563683607,7.0448453786296836],[80.711648444253413,7.04488400966257],[80.71161506734903,7.0448932842838463],[80.711617676954916,7.0448957734448818],[80.711625906421233,7.044912611834401],[80.711640660351463,7.0449367652536399],[80.711696510409297,7.0449778658257651],[80.711716707231844,7.044998733942049],[80.711725423585051,7.0450430609667665],[80.711745682391324,7.0450962034650111],[80.711774938723494,7.045132183058282],[80.7117880397536,7.0451520205556548],[80.711782352519535,7.0451740521143629],[80.711778385559256,7.0451894167901434],[80.711729567513473,7.0452494543851092],[80.711694755101249,7.0452981704006108],[80.711651511101778,7.0453866585635598],[80.711640053090321,7.045408739145417],[80.711631246007286,7.045426759688131],[80.711622080496454,7.0454355020537589],[80.711604701688941,7.0454645642222173],[80.711563452847727,7.0455387343483311],[80.711473894407163,7.0457121462215975],[80.711460325354807,7.0457343605177005],[80.711455427739864,7.0457443804424651],[80.711446137363211,7.0457590416808316],[80.711398609298158,7.0456689122788827],[80.711330281641025,7.0455391605006881],[80.711260178912866,7.0454064728702104],[80.711218177283442,7.0453266254440408],[80.711214923585487,7.0453195796627019],[80.711223524056038,7.0453160429532478]]]},"properties":{"OBJECTID":40,"Division":"2","Field_No":"1B","Shape_Length":273.72252375454269,"Shape_Area":2426.5258478143724}},{"type":"Feature","id":41,"geometry":{"type":"Polygon","coordinates":[[[80.711463553001622,7.0457971493085605],[80.711486256123791,7.0457590719929293],[80.711487634139445,7.045756766492044],[80.711508211847644,7.0457146585580759],[80.71162121541883,7.0454987749870872],[80.711626663701026,7.0454935791376192],[80.711665592193867,7.0454208381305472],[80.711675470068712,7.0454006262011024],[80.711725513416567,7.0453240774441817],[80.711747890450297,7.0452838425808482],[80.711757674900369,7.0452695129775451],[80.711827069756097,7.0452148941210311],[80.711857048333727,7.0452081024247919],[80.71194377708116,7.0452301678590912],[80.712031736520515,7.0452416784373435],[80.712218641795147,7.0452326579098683],[80.712273785777199,7.0452406576324416],[80.712289999469746,7.0452445366910252],[80.712306914746563,7.0452504003012439],[80.712319644772464,7.0452543453331451],[80.712321491708664,7.0452547313667617],[80.71233101115574,7.0452548267607815],[80.712334769706885,7.0452554481590193],[80.712336603168367,7.0452559001660671],[80.71233988112084,7.0452574862025834],[80.712343637875378,7.0452577483132011],[80.712353441190061,7.0452597150341498],[80.712364691690667,7.0452624065711058],[80.712368179848951,7.0452632410456424],[80.712417377882119,7.0452750110590685],[80.712482122159585,7.0452839834429843],[80.712567569909396,7.0453013576294703],[80.712620268677213,7.0453098744397531],[80.71278303083028,7.0453485366375705],[80.712844366001264,7.0453669619383481],[80.712884124537439,7.0453804722203586],[80.712853218000063,7.0453953572449057],[80.712848815356864,7.0453999067345068],[80.712835245406168,7.0454042779175943],[80.712788381196134,7.045420202468005],[80.712680826805482,7.0454548509785191],[80.712622452481696,7.045478357117096],[80.712500615776335,7.0455255396733341],[80.71242407212759,7.0455469721047486],[80.71239050837363,7.0455604868391797],[80.712264985880665,7.045604749619911],[80.712247871177865,7.0456162664295823],[80.712219676654371,7.0456273062693935],[80.712188313772842,7.0456407773164127],[80.712162374919018,7.0456509345390943],[80.712110520567563,7.0456774531537771],[80.712024053229882,7.0457277524846393],[80.71201253503132,7.0457396535414221],[80.71191906622434,7.0457935368225817],[80.711812588913716,7.0458426593192813],[80.711788508674189,7.0458549740437002],[80.711711852736059,7.0458796676818691],[80.711676089007952,7.0458950296596479],[80.711644546463361,7.0459083223926218],[80.711635649548825,7.0459128718771851],[80.711599978347209,7.0459300525778206],[80.711589619873649,7.0459344175151895],[80.711573125008414,7.0459410389182722],[80.711545912343496,7.0459521946494306],[80.711463553001622,7.0457971493085605]]]},"properties":{"OBJECTID":41,"Division":"2","Field_No":"1B","Shape_Length":380.30030838646366,"Shape_Area":6032.9566480348467}},{"type":"Feature","id":42,"geometry":{"type":"Polygon","coordinates":[[[80.711560845038477,7.0459753789200077],[80.711559264901894,7.0459747896178797],[80.71160025323168,7.0459550493326084],[80.711739474134419,7.0459021859821576],[80.711771048119999,7.0458901966679344],[80.711779740218716,7.0458868962186436],[80.711802585274697,7.0458782216178877],[80.711873474028721,7.0458477731439109],[80.712078157861129,7.0457414883136495],[80.712089373327458,7.0457298992930211],[80.712221007957638,7.0456624442153535],[80.712246725825906,7.0456541592098372],[80.712289480243527,7.0456369428377297],[80.712408480967525,7.0455961721908382],[80.712560624135634,7.0455403079024679],[80.712758950590796,7.0454712756767641],[80.712825207631212,7.0454476572047495],[80.712848815356864,7.0454400515430047],[80.712925501837702,7.0454139938369655],[80.71294088099539,7.045411013444399],[80.712943082766131,7.0454132886348777],[80.713017354575527,7.0454466087627994],[80.713081355047933,7.045482126515231],[80.713047033115899,7.0455148635761828],[80.712977781092334,7.0455547854917011],[80.712920162251663,7.0455965662479638],[80.712876587672184,7.0456175529101488],[80.712826258660087,7.0456273062693935],[80.712790974632355,7.0456344813181815],[80.712480844755248,7.0457248585726653],[80.71247466434609,7.0457312437228232],[80.712287344049756,7.0457836943136609],[80.712224125111661,7.0457989938874173],[80.712083000678859,7.0458381089424709],[80.711935854838657,7.0458847636755078],[80.711863034706781,7.0459043122844855],[80.711818153078568,7.0459195628200426],[80.711760133589308,7.0459492347655512],[80.711667655624083,7.0459702472661556],[80.711626573869509,7.0459752309258334],[80.711577242885667,7.04598149036668],[80.711560845038477,7.0459753789200077]]]},"properties":{"OBJECTID":42,"Division":"2","Field_No":"1B","Shape_Length":364.81359401713689,"Shape_Area":2193.9777628565398}},{"type":"Feature","id":43,"geometry":{"type":"Polygon","coordinates":[[[80.711649321009105,7.044800190364688],[80.71164868500189,7.0447946289786385],[80.711657704087358,7.0447670360155339],[80.711662608888801,7.044757584868079],[80.711669214201095,7.0447440692187291],[80.711689455939393,7.0447050610553887],[80.711689975165626,7.0446798190614386],[80.71168103153866,7.0446343383572136],[80.711672030419493,7.0446068033342613],[80.711645295658315,7.044562093799728],[80.711629174492245,7.044545436378872],[80.71159306491279,7.0445182356759179],[80.711536286895239,7.0444827775824859],[80.711492048460741,7.0444637754239849],[80.711401913301785,7.0444364231554122],[80.711397509760246,7.0444318736563201],[80.711334156973166,7.0444131683766322],[80.711277687077768,7.044389370652322],[80.711236811935706,7.0443728763760589],[80.711127103385024,7.0443167881651769],[80.71097493147083,7.044235865360621],[80.710967541030968,7.0442312962458011],[80.710957849107402,7.0442211960502235],[80.71095457744309,7.0442135012148839],[80.710954456170555,7.0442084506711558],[80.710955667997879,7.0442031603045852],[80.710959508295687,7.0441990351737109],[80.712036036755791,7.0443273564142093],[80.712591530672967,7.0443989849580602],[80.712769892070938,7.0444189464100706],[80.712749778791718,7.0444659159974616],[80.712786752550528,7.0444858774465846],[80.712848572811751,7.0445510476938038],[80.712876081022358,7.044580989861668],[80.712901809670427,7.0446081976932247],[80.712902262421338,7.0446095822453172],[80.712918131160819,7.0446336117571295],[80.712934096020049,7.0446549916292929],[80.712994048683797,7.0447334278733873],[80.71300206974098,7.0447498418988106],[80.713054041771713,7.0448239078298771],[80.713068891821706,7.0448289539092261],[80.713093603576866,7.0448349343155696],[80.713154652185239,7.0449148050062878],[80.71321267436943,7.0450118368041652],[80.713249672382716,7.0450535890802906],[80.713257986290685,7.0450706013130002],[80.713284462337043,7.0451093758639631],[80.713284733628271,7.0451225803577016],[80.713279004173373,7.0451459099896274],[80.713229463882115,7.0452869700771092],[80.713145276468637,7.0453819753439619],[80.713133873254407,7.0453992416513636],[80.713071852668875,7.045454889314394],[80.71293003743159,7.0454003560668097],[80.712922426006187,7.0453924918598734],[80.712861236362286,7.0453662094849987],[80.712728709705061,7.0453248789318748],[80.712529947566992,7.045270607779579],[80.712417467713621,7.0452436977588144],[80.712291293942073,7.0452271856822843],[80.712265620091245,7.0452189149334901],[80.71217874941,7.0451816025054725],[80.712089945554311,7.0451798033923518],[80.711983147545112,7.0451881347660557],[80.711924536964403,7.0451786622304002],[80.711878013215852,7.0451636746726196],[80.711846874913121,7.0451477510049152],[80.711827199113472,7.045138274010796],[80.711783835638073,7.0450832066977265],[80.711779432096549,7.0450741959739798],[80.711770356417233,7.0450609032171014],[80.711761630182565,7.0449988498413472],[80.711749351110939,7.0449802578092404],[80.711691701727602,7.0449252698238736],[80.711687542527812,7.0449213033923472],[80.711665062187862,7.0448918926003143],[80.711655635267249,7.044855378959916],[80.711649321009105,7.044800190364688]]]},"properties":{"OBJECTID":43,"Division":"2","Field_No":"1B","Shape_Length":657.63285813973948,"Shape_Area":16839.050343997733}},{"type":"Feature","id":44,"geometry":{"type":"Polygon","coordinates":[[[80.710958364740364,7.0441880122390312],[80.710970887255399,7.0441638819607197],[80.711012845765694,7.0441365715766171],[80.711073999477009,7.0441108008715307],[80.711080057715265,7.0441045414054431],[80.71112926922315,7.0440926313913286],[80.711233499847282,7.0440825115789671],[80.711286212089817,7.0440748639926758],[80.711459050645431,7.0440643679521964],[80.711498855893979,7.0440542410069193],[80.711546841201496,7.0440296997240495],[80.711595121156478,7.0439635121619499],[80.711599704361021,7.0439591409652751],[80.711618962444106,7.0439350267226963],[80.711664113566911,7.043895372128258],[80.711660620018776,7.0439307839067959],[80.711647179425498,7.0439822620365513],[80.711628248329205,7.0440329885965669],[80.711609803221464,7.0440798877918196],[80.711600337673318,7.0440963268033494],[80.711570758845951,7.0441309664974172],[80.711546799879002,7.0441594421177509],[80.71152579906429,7.0441864493787456],[80.711514262899428,7.0442025950716101],[80.711505684886774,7.0442205015447605],[80.711496515782684,7.0442422246767737],[80.711492137393961,7.0442548710945996],[80.71141357612909,7.044245665108714],[80.711335013965936,7.0442357075589772],[80.711100463845256,7.0442065873637549],[80.710980444431712,7.0441926838807358],[80.710963217439513,7.0441904300810902],[80.710958674659139,7.0441902419672848],[80.710958364740364,7.0441880122390312]]]},"properties":{"OBJECTID":44,"Division":"2","Field_No":"1B","Shape_Length":195.66330422944048,"Shape_Area":1141.5978433407313}},{"type":"Feature","id":45,"geometry":{"type":"Polygon","coordinates":[[[80.711500020110591,7.0442563064652131],[80.711496749344647,7.0442558259280936],[80.711497961171972,7.0442518577078115],[80.711501840097341,7.0442366472364411],[80.711511601191233,7.0442146307892486],[80.711522840912053,7.0441955492731854],[80.711541771110049,7.0441700094788748],[80.711561423553519,7.0441475936209574],[80.711580543296051,7.0441242969255837],[80.711596255728679,7.0441064483984626],[80.711605342187752,7.0440948004956656],[80.711615944104764,7.0440762004034987],[80.711621244164931,7.0440613581303007],[80.7116370473274,7.0440191912010501],[80.711650253460405,7.0439833595162051],[80.711658613182422,7.0439523367691752],[80.71166848027751,7.0439284115316827],[80.71167349287677,7.0439039174935099],[80.711687123014599,7.0439101172294416],[80.711700563607877,7.043915565401103],[80.711728363770987,7.0439212712263828],[80.711729582784812,7.0439216643933849],[80.711783325395004,7.0439138679180653],[80.711848168487151,7.0438850508246409],[80.711874476548573,7.0438786843712844],[80.711894428131018,7.0438790882367437],[80.711910945454136,7.0438824466501169],[80.711911623682184,7.0438827150022174],[80.71191212224717,7.0438826855815515],[80.711977339936823,7.0438959471684859],[80.712075983938149,7.0439055249314952],[80.712098360073554,7.0439100744357521],[80.712130376928613,7.0439152489060914],[80.712210026053285,7.0439249104730273],[80.712300397469193,7.0438998618997388],[80.712371971637751,7.0438680537045144],[80.712426363729875,7.0438118522075541],[80.712449370482645,7.0437982937368959],[80.712521480047101,7.0437883005161703],[80.712633199925733,7.043776250522841],[80.712752166513781,7.0437739824566012],[80.712754367386196,7.0437762567635982],[80.712785909930773,7.0437806288535514],[80.712817688732272,7.0437887132970554],[80.712855008342444,7.0438037410183583],[80.712943577737875,7.0438704599582476],[80.713028453260861,7.043950220264775],[80.71306146814419,7.043968801639747],[80.713112664928872,7.0439852950388637],[80.713169198604632,7.0439913922471726],[80.713172243893439,7.0439933545158402],[80.713177825126294,7.0439969500767141],[80.713266744864697,7.0440542401154103],[80.71326642416615,7.0440698428680868],[80.713140783095554,7.0440884090821809],[80.713136379554044,7.0440929585846446],[80.713052019664019,7.0441039984607396],[80.712995853399192,7.044116541464267],[80.712909674420729,7.0441780707356898],[80.712848355419453,7.0442468784872458],[80.712817362643818,7.0443026056351616],[80.712810487836975,7.0443091628710759],[80.712780968298418,7.0443781979444191],[80.712775511931383,7.0443916458478517],[80.712770484060712,7.0444101398347936],[80.712530302401504,7.0443807842854707],[80.712167580656086,7.0443369733958114],[80.71201299317211,7.0443166678080127],[80.711746992135019,7.044285036165201],[80.711600337673318,7.0442685713058628],[80.711500020110591,7.0442563064652131]]]},"properties":{"OBJECTID":45,"Division":"2","Field_No":"1B","Shape_Length":455.59688092788605,"Shape_Area":8397.4032323041902}},{"type":"Feature","id":46,"geometry":{"type":"Polygon","coordinates":[[[80.713972870983682,7.0447723896745709],[80.713939507554016,7.0447742244506406],[80.713894013274796,7.044773507657645],[80.713818187379943,7.0447720740717052],[80.713749583940029,7.0447727908646876],[80.713704811007958,7.0447727908646876],[80.713612377060144,7.0447527233354155],[80.713550908040233,7.0447398228441056],[80.713478014246476,7.0447260076389089],[80.71344725143959,7.0447227785040276],[80.713423884462415,7.0447213101480859],[80.713390755493023,7.0447095686497061],[80.713330863914749,7.0446898060222471],[80.713267257802727,7.0446809753806674],[80.71321841640075,7.044680224709281],[80.71318774881523,7.0446785334697735],[80.713171871092598,7.0446737539573814],[80.713120699460745,7.0446552599809484],[80.713029595917902,7.0446200336967735],[80.712874652701075,7.0445609981044921],[80.712869927562679,7.0445591945312795],[80.712865444969395,7.0445540236342561],[80.712854904137842,7.0445474102351406],[80.71284218309512,7.0445418791582242],[80.712780437394059,7.0444759600210345],[80.712761723690065,7.0444671926743503],[80.712776964507171,7.0444275425831062],[80.712781286302018,7.0444139903712069],[80.712792275392886,7.0443874315652417],[80.712810203969312,7.0443271103507232],[80.712817403068016,7.044320488033053],[80.712823886209407,7.0443068520137926],[80.712832808276815,7.0442901134541245],[80.712863987901997,7.0442451301879512],[80.712909771438774,7.0441927257828771],[80.712977872720458,7.0441395608927007],[80.713015115075521,7.0441221126653062],[80.7130715247838,7.0441114213797853],[80.713100148702011,7.0441080201743898],[80.713117327185174,7.0441061256628723],[80.713129685308544,7.0441037203018695],[80.713142164704493,7.044100835295092],[80.713161466804976,7.0440976560818029],[80.713180386223186,7.0440935006378131],[80.713197445230435,7.0440912682345225],[80.713213031000606,7.0440888058152087],[80.713230365790636,7.044086526160541],[80.713243208105936,7.044086526160541],[80.713254718219673,7.0440856845516135],[80.713266227435099,7.0440855641943987],[80.713272528218496,7.0440856845516135],[80.713280402850287,7.0440854438372096],[80.713289368935108,7.0440852040143289],[80.713297122294335,7.0440844818710673],[80.71330390726969,7.0440829190104388],[80.713312872456214,7.0440808747209402],[80.713322132290187,7.0440839977676308],[80.71334372509466,7.0440916301977001],[80.713377149609755,7.0441051333845675],[80.713396079807723,7.0441110050330149],[80.713415898439521,7.0441174633112622],[80.713429504322818,7.0441248015342985],[80.713464111919137,7.0441300856610543],[80.713494873827742,7.0441353697877078],[80.713524749099136,7.0441388931331836],[80.713545158822399,7.0441430022169254],[80.713564089020366,7.0441444705746994],[80.713591893675073,7.0441418280656496],[80.713612302499982,7.0441430022169254],[80.713643951944093,7.0441544513062899],[80.713674714750994,7.044160909583927],[80.713697786182408,7.0441650195590251],[80.713772916781224,7.0441926134495025],[80.713775523692163,7.0441967421465668],[80.713794934488817,7.0442715071290625],[80.713827749047823,7.0443719589872478],[80.713861299327093,7.0444868991446636],[80.713876443126125,7.0445355590736654],[80.713891824978759,7.0445815773825329],[80.713909572095488,7.0446367660037774],[80.71392524859553,7.0446734606427999],[80.713942109075077,7.0447104485934275],[80.713972870983682,7.0447723896745709]]]},"properties":{"OBJECTID":46,"Division":"2","Field_No":"1B","Shape_Length":347.90455896114037,"Shape_Area":7189.9658529038252}},{"type":"Feature","id":47,"geometry":{"type":"Polygon","coordinates":[[[80.713978668710524,7.0447720963600524],[80.713930584588326,7.0446774065711208],[80.713909193006444,7.0446251760639935],[80.713878525420967,7.0445310505861469],[80.713856945192887,7.0444564630608166],[80.713828874636889,7.0443611571571854],[80.713823422761436,7.0443442028481913],[80.713853105793362,7.0443383115889402],[80.713881214078611,7.0443278503242635],[80.71389774038488,7.0443144398634399],[80.713911642712219,7.0443024041483842],[80.713922586887321,7.0442944784069255],[80.713940629549796,7.0442947717217876],[80.713959560646089,7.0443003491614329],[80.71397257543795,7.0443088624239598],[80.713983519613052,7.0443191373583716],[80.713989139473455,7.0443285305650392],[80.713993871798394,7.0443388054990193],[80.713997125496348,7.0443452637740984],[80.714008366115507,7.0443367505122332],[80.714021676453058,7.0443241272765551],[80.714024930151012,7.0443162015355165],[80.714035578780411,7.0443094499451799],[80.714051255280424,7.0443050466565174],[80.71406929884121,7.0442997625317467],[80.714079651026537,7.0442982941745074],[80.714092665818384,7.0442944784069255],[80.71410863876244,7.0442871392950757],[80.714128160950196,7.0442792135534011],[80.714148274229416,7.0442709936051635],[80.714165134708992,7.0442639478077691],[80.714193234909402,7.044257783737967],[80.714219855584517,7.0442548479146794],[80.714239082226527,7.0442563153805748],[80.714273394277129,7.0442630678631959],[80.714294099546137,7.044270112769043],[80.714305339266943,7.0442800934979362],[80.714321312211041,7.0442933042560441],[80.71433787624656,7.0443082757942994],[80.714352074119603,7.0443255956337572],[80.714372187398823,7.0443109174108853],[80.714386386170204,7.0442941842005533],[80.714400584043275,7.0442777451960463],[80.714417443624527,7.0442624803419243],[80.714435487185327,7.0442433988278204],[80.714451459231086,7.0442246115193248],[80.714468910802097,7.0442072916761269],[80.714490503606598,7.0441864493787456],[80.714505293469415,7.0441764677562952],[80.714512983946562,7.0441758811264563],[80.714526886273916,7.044179110265179],[80.714589002080842,7.0441917326132417],[80.714610594885343,7.0441999525628907],[80.714633961862503,7.0442084658272748],[80.714657920829453,7.0442116949657185],[80.714692528425772,7.0442119882806056],[80.714767363478842,7.0442257856704344],[80.714775645945736,7.0442263731917443],[80.714816725005377,7.0442289443775303],[80.714833762453054,7.0442298840550066],[80.714847203046332,7.0442296959412021],[80.714856858139001,7.0442274412501868],[80.714867080068643,7.0442379622499551],[80.714876545616789,7.0442635136304785],[80.714994234800457,7.0445269753841169],[80.714951473196322,7.0445301064516066],[80.714869741776809,7.0445357783910278],[80.714768339049215,7.0445510869213024],[80.714744857087695,7.0445567695588887],[80.714629434353469,7.0445875194560932],[80.714558330902108,7.0445944226031418],[80.714529183266094,7.0446058360200032],[80.714449200866454,7.0446380426802326],[80.714364773602767,7.0446667313459894],[80.714256917378208,7.0446951035155507],[80.714142767556723,7.0447307318756778],[80.714136228719767,7.0447374888090648],[80.714053395067452,7.0447633209951261],[80.713989494308009,7.0447705174540856],[80.713978668710524,7.0447720963600524]]]},"properties":{"OBJECTID":47,"Division":"2","Field_No":"12","Shape_Length":337.71948953916416,"Shape_Area":5186.001209332695}},{"type":"Feature","id":48,"geometry":{"type":"Polygon","coordinates":[[[80.714864240494023,7.044223308095753],[80.714891608567456,7.044206315445706],[80.714915353735364,7.0441911807533026],[80.714939963082585,7.0441729568926386],[80.71496987338827,7.0441551092589476],[80.715001865988796,7.0441417692243578],[80.715034237678367,7.0441342544777115],[80.715070992248243,7.0441288571260978],[80.715086706477507,7.0441251875688566],[80.715097797976298,7.0441242701795614],[80.715110276473922,7.0441215180115897],[80.715123217603903,7.0441155545352236],[80.715140317933646,7.044104546754653],[80.715150947698405,7.0440985832780711],[80.7151638888284,7.0440912450546271],[80.715176829958381,7.0440797772414765],[80.71518930845599,7.0440710624878591],[80.7152017869536,7.04406005381471],[80.715228796599277,7.0440373214565657],[80.71524299447232,7.0440258732558609],[80.715254234193139,7.0440182408247223],[80.715266656995212,7.044015304999907],[80.715273756380896,7.0440158916299493],[80.715284700555998,7.0440167724665406],[80.715297419802113,7.0440173599881302],[80.715311025685409,7.0440138375332859],[80.715327886164957,7.0440073792535882],[80.715341196502564,7.0440038559071452],[80.715361901771516,7.0440009209738141],[80.715390889507432,7.0440059108953816],[80.715425200659695,7.0440129566966814],[80.715470752431159,7.0440205891279222],[80.715499740167047,7.0440249103980817],[80.715520564013644,7.0440271650900383],[80.71554365880128,7.0440297951182735],[80.715563535823563,7.0440307339046351],[80.715592310658749,7.0440301704545139],[80.715622825530644,7.0440310138466131],[80.715698511288281,7.0440358067386448],[80.715702108142679,7.0440393764446876],[80.715708544571683,7.0440523402544413],[80.715714601911642,7.0440694372197097],[80.715718766501297,7.0440840913787843],[80.715722174709484,7.0441038183706981],[80.715723579674602,7.0441215180115897],[80.715727738874364,7.0441426170739287],[80.715734671173408,7.0441632578864146],[80.715734671173408,7.0441875682547801],[80.715735595539812,7.0442132542597875],[80.715740217371987,7.0442233455402068],[80.715751309769104,7.044243986349092],[80.715792459795651,7.0443693806699592],[80.715772288125933,7.0443738855929166],[80.715724375581928,7.0443695144001213],[80.715663839013274,7.0443607318953081],[80.715576412274856,7.0443589613081112],[80.715481742420309,7.0443917278690007],[80.715475332940784,7.0443983510771888],[80.715359327199906,7.0444419337282849],[80.715254542315279,7.0444653338256416],[80.715221226496354,7.0444721077020729],[80.715176114899421,7.0444808500857157],[80.715140349374678,7.0444899499743663],[80.715070426309609,7.0445012501689517],[80.715050394777094,7.0445077030925694],[80.715007617003252,7.0445222395552944],[80.714999594149447,7.044524849966975],[80.71494980682148,7.0444132512893294],[80.714897558109598,7.0442956409679036],[80.714864240494023,7.044223308095753]]]},"properties":{"OBJECTID":48,"Division":"2","Field_No":"11","Shape_Length":267.79748018790173,"Shape_Area":3880.7895072218294}},{"type":"Feature","id":49,"geometry":{"type":"Polygon","coordinates":[[[80.715795022689122,7.0443686121673661],[80.715780480761325,7.0443270158480731],[80.715751327735418,7.0442385256998215],[80.715737886243815,7.0442129752094456],[80.715737129862319,7.0441703268652178],[80.715736940317797,7.0441635636828162],[80.715735046669195,7.0441562361588339],[80.715731071624063,7.044143272351981],[80.715728042504921,7.0441295578724565],[80.71572614975463,7.0441173456286776],[80.715726339299152,7.0441120846816778],[80.715726339299152,7.0441053214984493],[80.715724635195073,7.0440946123818096],[80.715721038340646,7.0440801463369347],[80.715717251941712,7.0440694372197097],[80.715711951881545,7.0440530918184052],[80.715707219556634,7.0440395645585561],[80.715705704997063,7.0440331767104478],[80.715716306015736,7.0440307339046351],[80.715738075788337,7.0440326132603648],[80.715759467370191,7.0440373098666118],[80.715781238041103,7.0440384376583509],[80.715811148346802,7.0440386248806979],[80.715826671234908,7.0440401280086649],[80.715845033697647,7.0440427580367855],[80.715856391996084,7.044041819250487],[80.715870022133913,7.0440380614306015],[80.715883841816222,7.0440328013742457],[80.715902392925145,7.0440250976204029],[80.715916969887274,7.0440151409574812],[80.715929085465504,7.044003304046953],[80.715939496939654,7.0439909045775071],[80.715948584297067,7.0439790685578769],[80.71595975305101,7.0439662928599684],[80.715969159310347,7.0439604096197739],[80.715988385054061,7.0439536580242601],[80.71600938676707,7.0439451447552068],[80.716031275117274,7.0439307607268882],[80.716046656071583,7.0439157891764319],[80.716072093665488,7.0438958268112204],[80.716103744007881,7.0438738103478959],[80.716129773591547,7.0438529671439678],[80.716150478860555,7.0438397572648634],[80.716163197208317,7.0438338865045287],[80.716169113512805,7.0438312439937105],[80.716174659711356,7.0438444725953158],[80.716186213842562,7.0438871298848538],[80.716201927173486,7.0439540984426001],[80.716204700272797,7.043982077488784],[80.716205162905155,7.0440109748143342],[80.716210709103706,7.0440380373591456],[80.716221338868465,7.0440655581513036],[80.716234741732492,7.0440866581077097],[80.716256001262025,7.0440944554716758],[80.716270329390795,7.0441054641440113],[80.716281420889629,7.0441155545352236],[80.716282807888419,7.0441242701795614],[80.716280959155554,7.0441297736238697],[80.716251380328202,7.0441297736238697],[80.716221338868465,7.0441343605703546],[80.716185289476101,7.044151331826197],[80.71614692871853,7.0441779361139671],[80.716091930263602,7.0442205933728195],[80.716048024205762,7.0442554532666621],[80.715990455670763,7.0443009366826539],[80.715944312807892,7.0443238339617187],[80.71590645151359,7.0443376313482142],[80.715864153440137,7.0443531895146414],[80.715823925983415,7.0443640510776708],[80.715795022689122,7.0443686121673661]]]},"properties":{"OBJECTID":49,"Division":"2","Field_No":"1A","Shape_Length":198.31509312693782,"Shape_Area":1919.541625205328}},{"type":"Feature","id":50,"geometry":{"type":"Polygon","coordinates":[[[80.713436516571946,7.0436551862305672],[80.713381516320339,7.0435896066424482],[80.713365533494823,7.0435709806754891],[80.713333990950247,7.0435353852130484],[80.713322994672836,7.0435187357791511],[80.713314925106644,7.0434858728706722],[80.713316227663796,7.0434225345805208],[80.713325499175838,7.043386619936733],[80.713342536623529,7.043353786439595],[80.713376143496646,7.0433140435333526],[80.713408263657925,7.0432834067767978],[80.713421853371557,7.0432693650779665],[80.713551398520352,7.0431285789700038],[80.713572130738797,7.0431026192031032],[80.713629867258732,7.0430403088026798],[80.713697813131901,7.0429798572485094],[80.713757251060983,7.0429184419348223],[80.713771611529111,7.0428890559787858],[80.71379486172529,7.0427372824476979],[80.713807684277654,7.0426751315834268],[80.713828333851112,7.0426209644309052],[80.713833653674214,7.0425831293526802],[80.71381232227948,7.0425212593021387],[80.713838038351113,7.0425045206780572],[80.713864279038859,7.0424960680069679],[80.713887223807845,7.0424822545179975],[80.713913614514283,7.0424469121688311],[80.713934234443286,7.0424402693188988],[80.713947268099744,7.0424537368923703],[80.713957814321205,7.0424637952241769],[80.714032272980162,7.042471826198371],[80.714048410315911,7.0424826860224012],[80.714060299518707,7.0424884123706679],[80.714080455018745,7.0424732294791346],[80.714104508308793,7.0424368083682216],[80.714151844134364,7.0424291589717116],[80.71418182181371,7.0424196542843509],[80.714196337690367,7.0424196542843509],[80.714198909567031,7.0424182518949063],[80.71420041963502,7.0424180878519209],[80.714201670988217,7.0424173041899261],[80.714204762091128,7.0424171446046406],[80.714205390013504,7.042415835826719],[80.714207225271636,7.0424139154536789],[80.714207793905203,7.0424126040011279],[80.714209373143461,7.0424110375686855],[80.714210940703623,7.0424110117141092],[80.714212299854665,7.0424099909029723],[80.714213941076693,7.0424094702447082],[80.714214570795704,7.0424094702447082],[80.714215217582705,7.0424090654864031],[80.714216604581495,7.04240862595816],[80.714217351081516,7.042408567116639],[80.7142177490352,7.0424082631021108],[80.714218586265019,7.0424076229777857],[80.714222921534585,7.0424057596631204],[80.714226038688608,7.0424055118155344],[80.714229050739775,7.0424045792666732],[80.714229850240358,7.0424044259221192],[80.714232557762642,7.0424035673709238],[80.714254118227785,7.0423967310566162],[80.714358486294117,7.042398845785045],[80.714413769515005,7.0423977260131636],[80.714460320213021,7.0423819083435113],[80.714576861349798,7.0423282493335551],[80.714629619406438,7.0423221048518609],[80.71470293540834,7.0423370122630091],[80.714744857087695,7.042362249926799],[80.714767412886175,7.0423755427610422],[80.714785295648525,7.0423890130110136],[80.714803358972262,7.0424023058444929],[80.714831403477106,7.0424256775155785],[80.714892302066843,7.0424244436268957],[80.714904882972434,7.0423732087141317],[80.714925110337674,7.0423483321238924],[80.714978057938836,7.0423494055359077],[80.71501754787873,7.042365307011254],[80.715041319097764,7.04235314999642],[80.71506702438964,7.0423407692051381],[80.715137468477593,7.0423345507259052],[80.715173463971027,7.042310328522718],[80.715188066984268,7.0422804459412864],[80.71520046732843,7.0422299483149384],[80.715203145206317,7.0422190421250122],[80.715184652487878,7.042191957185584],[80.715149245390933,7.0421749047280437],[80.715122375882487,7.0421525128452238],[80.715104040369241,7.0421390194084106],[80.715104450000979,7.0421191024351977],[80.71510396580905,7.0420955337186228],[80.715113454713418,7.0420680119180004],[80.715108372943831,7.0420483285249009],[80.715090159601445,7.0420037506915012],[80.715043444511721,7.0419232277843449],[80.715051611095959,7.0418995413746392],[80.715083992667047,7.0418868619056854],[80.715124487821726,7.0419006228115499],[80.715201584832656,7.0419155641147393],[80.715239109258718,7.041925110714776],[80.715307116217318,7.0419394609268142],[80.715342453245626,7.0419697170850153],[80.71536988599776,7.041992245382092],[80.715417835372705,7.0420038496522848],[80.715435552845051,7.042027577067457],[80.715450290605588,7.0420767712861991],[80.715468353031,7.0421079064925669],[80.715474274725366,7.0421200242861612],[80.715515073510616,7.0421797760946641],[80.715519160845176,7.0421857618843893],[80.715528561714621,7.04223356796102],[80.715540594647848,7.0423069469179493],[80.715577622305545,7.0423783020716755],[80.715604532238189,7.0424177134059311],[80.715612791348903,7.042459713763197],[80.715612015204513,7.04249746682998],[80.715594073153355,7.0425495058961367],[80.715589669611816,7.0425808193783315],[80.715578481993262,7.0426301909543962],[80.715553092010069,7.0426791212140962],[80.715513195133369,7.0427234689659546],[80.715499805744045,7.0427414004592945],[80.715491699346941,7.0427491318720943],[80.715450290605588,7.0427591536444298],[80.715445759503297,7.0427638351074453],[80.715365025213771,7.0427794815888811],[80.715310657376136,7.0428028336271407],[80.715265278081262,7.0428082202957549],[80.71522037938503,7.0427967970277487],[80.715179554548641,7.0427904671124644],[80.715112886978162,7.0428017557585063],[80.715019032793904,7.0428306121468962],[80.714991964757758,7.0428371631628659],[80.714898668427281,7.042845400075711],[80.714871830359854,7.0428591244001337],[80.71484711770637,7.0428900687650264],[80.7148332953291,7.0429032528166022],[80.714796170653358,7.0429305730802838],[80.714741511761602,7.0429568983869721],[80.714667747500343,7.0429841080969142],[80.714643134559864,7.0430006710709057],[80.714543895873817,7.043092424480041],[80.714538259843735,7.0430982479983113],[80.714416594716567,7.0432233207843113],[80.714358850111822,7.0432221510883695],[80.714301602275398,7.043246740556973],[80.714259680596001,7.0432766712190915],[80.714206198497251,7.0433136574981212],[80.714157746065766,7.0433551424662841],[80.714130715758884,7.0433830716225669],[80.714106139649346,7.0434159844643807],[80.714097925454382,7.0434327917038519],[80.714077571426657,7.0434661128656444],[80.714070966114406,7.0434863186386671],[80.714061562549972,7.0435093354237921],[80.71401962829421,7.043560906320061],[80.714005661288169,7.0435676329582835],[80.71395230136028,7.0436227682080901],[80.713913345019691,7.0436599247427845],[80.713848453418493,7.0437269744630839],[80.713810270527361,7.0437538649581306],[80.713801464342623,7.0437629648610551],[80.713783131524323,7.0437804496549177],[80.713765518256537,7.0437986494595455],[80.713757164822724,7.0438066171116063],[80.713719378986909,7.0438421055689666],[80.713662883040385,7.0438896618449984],[80.713632121131781,7.043859132110712],[80.713608162164832,7.0438177407988283],[80.713585089835078,7.0437863302228108],[80.713552730721929,7.0437278766970985],[80.713486561716394,7.0436361608582017],[80.713459890735621,7.0436469002976265],[80.713436516571946,7.0436551862305672]]]},"properties":{"OBJECTID":50,"Division":"2","Field_No":"1C","Shape_Length":810.47477461121275,"Shape_Area":20920.570956647141}},{"type":"Feature","id":51,"geometry":{"type":"Polygon","coordinates":[[[80.715330653874361,7.0428124854103462],[80.715426965849232,7.0427821597671905],[80.715472756572538,7.0427769959826367],[80.71551777833794,7.0427726247747788],[80.715544647846428,7.0427680752593895],[80.715571697017921,7.0427637031598955],[80.715576099661135,7.0427591536444298],[80.715602175058876,7.0427507535787219],[80.715627665653386,7.0427357311725203],[80.715663534484378,7.0426986690667253],[80.715672299346593,7.0427240903675754],[80.715679533479587,7.0427591536444298],[80.71568412027743,7.0428986498102883],[80.715706402988047,7.0429376661493972],[80.715725312524768,7.0429702607440818],[80.715748858266693,7.043018442968414],[80.715768628389455,7.0430483781029647],[80.715791863314266,7.0430758552685484],[80.715800760228859,7.0430893263896994],[80.715833026815545,7.0431158255370727],[80.715872741334252,7.0431739884989746],[80.715895117469685,7.0432097622964527],[80.715917673268137,7.043245357783892],[80.715940049403542,7.0432811324673832],[80.715968126247759,7.0433134488785933],[80.715985101711667,7.043373198750265],[80.716003290799563,7.0434157375088251],[80.71604281038384,7.0434804309346912],[80.716059276503003,7.0435207328197036],[80.716075410245509,7.0435775191994878],[80.71608392178284,7.043602204935123],[80.716103293053607,7.0436926797631463],[80.716110791291285,7.0437004272077353],[80.71614346481482,7.0437196817020808],[80.71616484831182,7.0437687464687109],[80.716178720096437,7.0438224810925005],[80.716050205315284,7.0439110916774164],[80.716021218477678,7.0439357506492435],[80.716001696289908,7.0439413280932026],[80.715980991020956,7.043942796451625],[80.715959693762201,7.0439474930587753],[80.715942834180936,7.0439574737946025],[80.715930706026285,7.0439700970402557],[80.715917100142988,7.0439897651956986],[80.715905860422126,7.0440032692770904],[80.715891958094829,7.0440132500117221],[80.715873618988269,7.044021469964501],[80.71583989892747,7.0440267540924273],[80.715812390716849,7.044029102395589],[80.7157831074352,7.0440261665708501],[80.715755302780536,7.0440211757579512],[80.715733709976035,7.0440179466181725],[80.715715667313574,7.044015304999907],[80.71569910237973,7.0439882977289887],[80.715678286617944,7.0439394202079866],[80.715668118587274,7.0439164863569825],[80.715670891686557,7.0439022672617977],[80.715668118587274,7.0438894238050853],[80.715658413188933,7.0438674073414038],[80.715650093891085,7.0438164926493148],[80.715645934691324,7.0437825501124527],[80.715646396425399,7.0437554884442788],[80.715636691027058,7.0436903546382004],[80.715629758728014,7.0436665033846459],[80.715621901164212,7.0436261391047967],[80.715608036566096,7.04356559312422],[80.715594633702068,7.0435321088184839],[80.715562743509494,7.0434472524197078],[80.715530391582845,7.04334450732983],[80.715493879558124,7.0432679065243278],[80.715445351668151,7.0431390161902341],[80.715425939973173,7.0430908544837489],[80.715386194013433,7.0429665510585195],[80.715365857952037,7.0428959136827185],[80.715349681988698,7.0428486684512963],[80.715333043393031,7.0428220649787914],[80.715325186727554,7.042813350201536],[80.715330653874361,7.0428124854103462]]]},"properties":{"OBJECTID":51,"Division":"2","Field_No":"1A","Shape_Length":385.47943149167054,"Shape_Area":6418.9788742096944}},{"type":"Feature","id":52,"geometry":{"type":"Polygon","coordinates":[[[80.71408610362522,7.0435035270668314],[80.714107120609626,7.0434591285720352],[80.714111315742002,7.0434505448625373],[80.714120391421332,7.0434372529506302],[80.714136930304036,7.043412210591752],[80.714181774202999,7.0433583947906149],[80.714237124797563,7.0433122667013919],[80.714265320219354,7.0432956511378313],[80.714314916206206,7.0432602410938658],[80.71437600254383,7.0432330929161697],[80.714420883273746,7.0432483435395863],[80.714587911526095,7.0430746828976458],[80.714614644490652,7.0430536417366305],[80.714665080402256,7.043008924920052],[80.714714893781405,7.042983449251067],[80.714779499718333,7.0429562234934338],[80.714831555292392,7.0429241343993167],[80.71488553146456,7.0428791518921638],[80.714917935493489,7.0428625799984461],[80.715005673048964,7.0428560236335978],[80.715117604930001,7.0428130488619436],[80.715152857516699,7.0428123347405371],[80.715299108634852,7.0428216022709327],[80.715313491560877,7.0428177855997296],[80.715344319944791,7.0428555627088469],[80.715355678243228,7.0428846838804615],[80.715372527044721,7.0429410468580134],[80.71542455387268,7.0431101188103602],[80.715499888389076,7.0432968038944059],[80.715605494333843,7.0435701791847301],[80.715640535816462,7.0437193990853073],[80.715644677049909,7.0437778169506782],[80.715654715723218,7.0438609856126151],[80.715664883753917,7.0438898820541871],[80.715669042953692,7.043902725510887],[80.715668118587274,7.0439146515775288],[80.715667656853199,7.0439206141649553],[80.71567551351869,7.0439417141279126],[80.715715260376754,7.0440215243481186],[80.715664421121559,7.0440196895691223],[80.71560664956732,7.044015103513015],[80.715563205243569,7.044015103513015],[80.715509593787374,7.0440068470071635],[80.715472157396249,7.04399950789076],[80.715434721903392,7.0439871235772937],[80.715400058611536,7.0439751975125215],[80.715374408116915,7.0439729615425186],[80.715355632429151,7.0439758287193994],[80.715326747101201,7.0439844284667927],[80.715291361563843,7.0439865788493803],[80.715262476235878,7.0439858620551759],[80.715229979680473,7.0439930291055433],[80.715199648963221,7.0439994793616174],[80.715165708815178,7.0440123798735241],[80.715146210881898,7.0440245635909333],[80.715128879685139,7.0440345969256928],[80.715103603788009,7.0440474974365941],[80.71508699483671,7.0440575316623786],[80.715065908682035,7.0440650999023671],[80.715026161823971,7.044077942462672],[80.714965617170463,7.0440802363819488],[80.71490276115172,7.0440884928864893],[80.714853771527714,7.0440857407183008],[80.714840830397719,7.0440788598520934],[80.714832973732243,7.0440701450984253],[80.714819108235844,7.0440664755407507],[80.714804319271295,7.0440650999023671],[80.714786756309167,7.0440696868495003],[80.714772890812782,7.0440747320455079],[80.71475763921589,7.0440788598520934],[80.714744236351819,7.0440797772414765],[80.714721589823526,7.0440797772414765],[80.714704952126155,7.0440784016031435],[80.714689700529277,7.0440756494349293],[80.714655037237407,7.0440696868495003],[80.714640247374561,7.0440646407618948],[80.714618987845057,7.0440595955657352],[80.714603273615765,7.0440582190358292],[80.71458663591838,7.0440568433974198],[80.714578778354607,7.0440545503695757],[80.714573233054367,7.0440421651660365],[80.714575081787217,7.0440316156327105],[80.7145778548865,7.0440201487096452],[80.714570958520071,7.0440161858365116],[80.714557648182478,7.0440091400352873],[80.714544928936377,7.0439921134990513],[80.714536351822062,7.0439791969389436],[80.714522745040455,7.0439554188061244],[80.714515054563293,7.0439331090305206],[80.714511208875564,7.0439113858840292],[80.714509730248608,7.0438852585523408],[80.714514759017561,7.0438676453813427],[80.714523040586172,7.043845334709979],[80.714524815657171,7.0438415189387085],[80.714508251621652,7.0438291890046729],[80.714284338452231,7.043646596283951],[80.71408610362522,7.0435035270668314]]]},"properties":{"OBJECTID":52,"Division":"2","Field_No":"11","Shape_Length":529.95828290282816,"Shape_Area":16519.369448757687}},{"type":"Feature","id":53,"geometry":{"type":"Polygon","coordinates":[[[80.713536954508911,7.0440822619492272],[80.713542377638291,7.0440636859279682],[80.713557111805557,7.0440309434153416],[80.713577291560114,7.0439908885298657],[80.713600674706953,7.0439597356192074],[80.713631104238871,7.0439358932948695],[80.713675089348456,7.0439063469269731],[80.713683883855097,7.0438987626367862],[80.713822017796332,7.0437731194502629],[80.713872006346961,7.0437293798260452],[80.713935601679168,7.0436636228328711],[80.713991505635946,7.0436049107462946],[80.71403202953671,7.0435585285938425],[80.714071369457955,7.0435121464367461],[80.714079651026537,7.0435097981309767],[80.714087341503699,7.0435112664907482],[80.714299163349381,7.0436649378479874],[80.714418425483117,7.0437615063089565],[80.714518189683645,7.0438411667822614],[80.714518757418915,7.0438462396183574],[80.714516675124059,7.0438531909193349],[80.714512510534433,7.0438640872639438],[80.714506074105387,7.0438793057713536],[80.714504181355096,7.0438948996145836],[80.714507020929688,7.0439163169652836],[80.714510807328622,7.0439315354709509],[80.714517243757641,7.0439493840048026],[80.71452670840749,7.0439668563101661],[80.714536552146384,7.0439830136006174],[80.714549629820254,7.0440022368795114],[80.714560654843766,7.0440155840503884],[80.714567318546528,7.0440271267540497],[80.714570710585051,7.0440409544615497],[80.714574466441249,7.0440512953755006],[80.714578949034518,7.0440569468154575],[80.714589179947268,7.0440606065663491],[80.71458747584316,7.0440675578641203],[80.714583121709012,7.04408878798451],[80.714579524854585,7.0441026914706466],[80.714575928000215,7.0441068246261613],[80.714566651996591,7.0441090793177619],[80.714540338545277,7.0441154671648016],[80.714465752325566,7.0441336910277172],[80.714440384800241,7.0441321879000691],[80.714415964997571,7.0441288063086196],[80.714373962469821,7.0441239215894198],[80.714366863982448,7.0441162891598976],[80.714339354873502,7.0440969143248244],[80.714303268650241,7.0440804744217855],[80.714270140579188,7.0440681453856469],[80.714227842505721,7.0440625679431763],[80.714203587094715,7.0440696128521152],[80.714189685665716,7.0440787136403538],[80.714178445046556,7.0440895752098074],[80.714153598544101,7.0440972076397754],[80.714091880690816,7.0441041161433366],[80.713912788962517,7.0441077001133783],[80.713790746542983,7.0441077001133783],[80.713745973610884,7.0441084169073918],[80.713696867205883,7.0441026834468321],[80.713603133395893,7.0440851719190585],[80.713536954508911,7.0440822619492272]]]},"properties":{"OBJECTID":53,"Division":"2","Field_No":"12","Shape_Length":303.22901025795392,"Shape_Area":4618.3842674482939}},{"type":"Feature","id":54,"geometry":{"type":"Polygon","coordinates":[[[80.706681412010795,7.0418287389016001],[80.706684698048107,7.0418539872915309],[80.70668579219614,7.041864192740289],[80.706686076962086,7.0418668459607732],[80.706688716212398,7.0418914675966544],[80.706698996532481,7.0419402490472853],[80.70670664568712,7.0419472841815267],[80.706717247604104,7.0419695869203061],[80.706739639909216,7.0420079106118676],[80.706779503548248,7.0420565387056042],[80.706808170585589,7.0420829077473241],[80.706825867396702,7.0421018681010601],[80.706853561558603,7.0421601248017076],[80.706856335556196,7.0421809154809116],[80.706859243402775,7.0422027064654031],[80.706835377860614,7.0422603854364851],[80.706809637534448,7.0423044408038065],[80.706723576235291,7.0423942525806158],[80.706706474108913,7.0424022657252685],[80.706684587555344,7.042418927680794],[80.706633273989667,7.0424476031107996],[80.706548263719412,7.0424917627702515],[80.706535267792162,7.042498698043854],[80.706513186304178,7.0425115130098828],[80.706489163556839,7.0425358519940424],[80.70644361897196,7.0425885026507897],[80.706404080523043,7.0426396635421105],[80.706371409694484,7.0426899551786768],[80.706353780257004,7.0427157937195757],[80.706332665356271,7.0427465152096822],[80.706322470376108,7.0427674422678397],[80.70631856090796,7.0427814117673551],[80.706313612987387,7.0428207241066936],[80.70631297248859,7.0428340757692647],[80.70631297248859,7.0428550563156884],[80.706318097377306,7.0428808056936552],[80.706323862764805,7.0429052837382304],[80.706334433240755,7.0429307157262144],[80.706345644215489,7.0429615513188217],[80.706354612995284,7.042981896193595],[80.706362300777471,7.0430082812303754],[80.706368066164984,7.0430333949340325],[80.706369667861139,7.0430600982465279],[80.706370948858734,7.043086165000239],[80.706372550554889,7.0431131856967877],[80.706375553622848,7.0431358761979936],[80.706388065358155,7.043163691250796],[80.706406583229423,7.0431910106075861],[80.706438114095874,7.0432292566345058],[80.706464639549608,7.0432555828158092],[80.706491665364908,7.0432824046898794],[80.706517190095411,7.0432982990009503],[80.706554727097853,7.0433191609520476],[80.706586257066022,7.0433305850987136],[80.706617787932501,7.0433444930652334],[80.706656325658173,7.0433608848514417],[80.706682350750299,7.0433693285913819],[80.706702369706377,7.0433792629797711],[80.706713880718453,7.0433896939536087],[80.706722389560795,7.0433981376930523],[80.706729896781638,7.043412542243213],[80.706732899849627,7.0434229732162876],[80.706730397143261,7.0434343973604348],[80.706727894436867,7.0434408547565868],[80.706719386492793,7.0434542661341988],[80.706702369706377,7.043470657024967],[80.706679347682297,7.0434880419778212],[80.706647316454195,7.0435084073348317],[80.706590762117159,7.04353075903306],[80.706552224391473,7.0435476465066422],[80.706520193163399,7.04355907153922],[80.706482156697646,7.0435650314565965],[80.706404581782962,7.0435680118610327],[80.706365543695668,7.0435670186900738],[80.706325004523507,7.04356453487111],[80.706282463006602,7.0435630451146407],[80.706254936829666,7.0435660246275802],[80.706233415890424,7.043571488850942],[80.706216399103994,7.0435799325870398],[80.706190374011882,7.0436062587484196],[80.7061558400774,7.0436494723781777],[80.706118303973284,7.0437041101413715],[80.706087274366709,7.0437423561260024],[80.706052740432256,7.0437274550007496],[80.706026715340144,7.0437135470457175],[80.70600919819212,7.0436926851123562],[80.705981672015184,7.0436827516222182],[80.705964655228783,7.0436792746331491],[80.705935627068669,7.0436544391236158],[80.705919611005484,7.0436340737730037],[80.705887080314099,7.0436147024839064],[80.705867060459639,7.0436226496338188],[80.705840535005962,7.0436494723781777],[80.705817011721919,7.0436653666766667],[80.70579148699143,7.0436981493342286],[80.705784480132237,7.0437125538750518],[80.705792488613,7.0437517939210954],[80.705795490782663,7.0437830859252584],[80.705803999625047,7.0438064316722278],[80.705816511360311,7.0438188489773594],[80.705843538073935,7.0438277901856683],[80.705852046017995,7.0438387177346486],[80.705849042949993,7.0438541154414684],[80.705831525801969,7.0438690165626241],[80.705816010998689,7.0438715003799466],[80.705797993489043,7.0438824279278833],[80.705791987353052,7.043888885317763],[80.705765962260969,7.0439211713744463],[80.70572842615681,7.0439643849748288],[80.70569839727348,7.0439961735496697],[80.705709407923933,7.0440120687278238],[80.705727925795202,7.0440264732589135],[80.705754451248907,7.0440408777895334],[80.705773469481784,7.0440552823197589],[80.705763960814508,7.0440721697741937],[80.705761458108128,7.0440935282754085],[80.705769966052173,7.0441178671765305],[80.705790486268199,7.0441297878884033],[80.705816010998689,7.0441312785346017],[80.705847541865182,7.044132271704326],[80.705888581398909,7.0441297878884033],[80.705937128153508,7.0441282981337778],[80.70599268266561,7.0441327682892005],[80.706025213356995,7.0441352521051241],[80.706039227075422,7.044180452024893],[80.706057244585111,7.044240057356232],[80.706075762456379,7.0443165501254672],[80.706083770937127,7.0443865854991863],[80.706082769315557,7.0444402300064235],[80.70608326967718,7.0444998353043919],[80.706089275813184,7.0445490087556015],[80.706095822734952,7.0446053670731814],[80.706074821920254,7.0446337891723507],[80.706019455156039,7.0446792636359072],[80.706000362363,7.0447285280045442],[80.706002272181294,7.0447986355302401],[80.706017545337744,7.044857373320113],[80.706051911287233,7.0449066376698068],[80.706095822734952,7.0449350597505278],[80.706132097604439,7.0449559020142711],[80.706179827790464,7.0449729552610858],[80.706223739238169,7.0449862185999077],[80.706300106817096,7.0449937984146596],[80.706351655741372,7.0450051663534943],[80.706410840345541,7.045024114997827],[80.706441387556779,7.0450714839306894],[80.706420386742067,7.0451226436565157],[80.706217095298314,7.0451744845077826],[80.706177994328954,7.0451841861674422],[80.706124231955826,7.0451987377650021],[80.706082687568895,7.0452205660520688],[80.706070468684374,7.0452339051640562],[80.706015483704178,7.0452678591845652],[80.705983714784153,7.0452957507812712],[80.705994711959846,7.0453248548604961],[80.706037478055563,7.045391551293215],[80.705982493075368,7.0454291436454888],[80.705907957161273,7.0454788626158438],[80.705888407125769,7.0454400577837104],[80.705865191963881,7.0453830621219398],[80.705726423812052,7.0454604649570136],[80.70569439348229,7.0454718890509076],[80.705652852688573,7.0454877841784773],[80.705616317307658,7.0454952347128801],[80.70560380557238,7.0455180828986963],[80.705591292938806,7.0455513620086068],[80.705595297628335,7.0455757008332043],[80.70560280484915,7.0456089799389927],[80.705609310448466,7.0456223912539224],[80.705618319652416,7.0456497095742971],[80.705625326511637,7.0456805057586998],[80.705657858101375,7.045712791690578],[80.705699015314423,7.0457310957285735],[80.705755222003404,7.0458450860680131],[80.70571001159179,7.0458984433333649],[80.705795543783253,7.0460245593469866],[80.705870078799023,7.0460148585964193],[80.705909179768383,7.0460463875951236],[80.705925063779233,7.0460742782534771],[80.705965386457407,7.0461082331039711],[80.705999598795003,7.0461239980461459],[80.706033812030924,7.046136124650106],[80.706075356417841,7.0461494637357713],[80.706118122513573,7.0461543145554355],[80.706159666002208,7.0461494637357713],[80.706215873589528,7.0462961954357644],[80.706199988680353,7.0463034712171719],[80.706175550911382,7.0462986203990594],[80.706135228233236,7.0462974079174057],[80.706086352695252,7.0462840688360151],[80.706049696041759,7.0462828563543356],[80.706013040286606,7.0462780055360197],[80.705972717608418,7.0462695163809643],[80.705933617537397,7.0462476890348462],[80.705907957161273,7.0462379873974506],[80.70588107597473,7.0462307116150251],[80.705854194788145,7.046236774915644],[80.705857859914502,7.0462622405990354],[80.705879854265945,7.0463071095535668],[80.705888407125769,7.0463762308078559],[80.705852973079359,7.0463750183264056],[80.70579920980795,7.0463568284297526],[80.705718565349954,7.0463313627515642],[80.705639142600702,7.0462840688360151],[80.705584255536849,7.0462474946811486],[80.705563923068709,7.0462389573828776],[80.705532642832225,7.0462265401426043],[80.705506836030736,7.0462141229019997],[80.705471646326103,7.046206361234912],[80.70541455928813,7.046199376982587],[80.705391881318761,7.0462055856031434],[80.705372331283229,7.0462172272121828],[80.705320718578591,7.0462459425261654],[80.705284746441365,7.0462738822066884],[80.7052769266068,7.0462855238140225],[80.705243299970775,7.0463041505634747],[80.705215147668085,7.0463196721111698],[80.705189341764921,7.0463297615626814],[80.705173701197495,7.0463351945498918],[80.705147895294331,7.0463204486343338],[80.70512521642668,7.0463336423951883],[80.705107621125194,7.0463713799905445],[80.705119840009687,7.0464004840022403],[80.705141834361115,7.0464186738971888],[80.705169938154796,7.0464623294638118],[80.705190709899099,7.0465011342103754],[80.705199262758896,7.046539939845192],[80.705221257110324,7.0465690429547925],[80.705268910939537,7.0465884462155257],[80.705322673312637,7.0465957219923405],[80.705355664839786,7.0466114860264284],[80.705398430935503,7.046628463432306],[80.705427755539645,7.0466696940178357],[80.705411871528781,7.0467133495608465],[80.705386212051025,7.0467230511882928],[80.705364217699582,7.046755792619277],[80.705356886548572,7.0467909599002052],[80.70534466766405,7.0468127872207518],[80.70530556759303,7.0468140005925539],[80.70527257606588,7.0468297646192504],[80.705212704250499,7.0468709951868673],[80.705206594808274,7.0469061624590683],[80.705201707074806,7.0469255648141704],[80.705212704250499,7.0469692203330592],[80.705210259934631,7.0470007492668421],[80.705172381572353,7.0470213649892939],[80.705083183356237,7.0470807845172843],[80.705097846556598,7.0471232275420901],[80.705113934485041,7.0471654699689559],[80.705102927427831,7.0471658470857088],[80.70507363426475,7.0471632054853943],[80.705037241715942,7.0471482286901779],[80.705022153612461,7.0471376569393041],[80.7049946337237,7.0471270851881878],[80.704973333769999,7.0471165152199129],[80.704954688337978,7.0470997749786344],[80.704940489566596,7.0470847981813698],[80.704920069961872,7.0470583714747184],[80.704904982756688,7.0470425129537295],[80.704899656645352,7.0470222511693317],[80.704895215374577,7.0470046318767956],[80.704897877981111,7.0469861326441903],[80.704911194606879,7.0469685124587711],[80.704918294890859,7.0469535392233471],[80.704912083938993,7.0469508967303014],[80.704892374901647,7.0469514245156928],[80.704867343346265,7.0469519514095618],[80.704847637003866,7.0469503662703561],[80.704830061465358,7.0469440239303625],[80.704802366405147,7.046931867927098],[80.70474722601638,7.0468948061567378],[80.70472122068719,7.0468715791386911],[80.704703016327983,7.0468444802065919],[80.704691385839993,7.0467918799588372],[80.70469131756802,7.0467915714895613],[80.704700416603558,7.0466960743871141],[80.704709518334013,7.0466612333989467],[80.704690014112572,7.0466251014726913],[80.704658807537896,7.0465915478485979],[80.704617202065521,7.0465334780345694],[80.704600295771854,7.0464702462528743],[80.704613297987279,7.0464173366015741],[80.704622398819438,7.0463708789504],[80.704609396604027,7.0463308768673851],[80.704556086083471,7.0463166810260747],[80.704502773766293,7.046308937191327],[80.704471566293336,7.0462960340687069],[80.704461168293918,7.0462947413493042],[80.70438184705435,7.0462586120691171],[80.704309031414027,7.0462276376169788],[80.704245318402528,7.0461979603401224],[80.704202409474632,7.0461747288295307],[80.704142595151467,7.0461450488746733],[80.70412439618211,7.0461282738286224],[80.704087983870394,7.0461037549437791],[80.704042474319763,7.0460637501631327],[80.704030771966572,7.0460482642681193],[80.703951458811815,7.0460018083630178],[80.703892943452516,7.0459372846799075],[80.703839633830299,7.0458727636624454],[80.703803223315205,7.0458353398455893],[80.70381362400957,7.0458004970096599],[80.703827930578782,7.045769525201516],[80.703830532998182,7.0457346841437198],[80.703821430369374,7.0457101652380496],[80.70378892033925,7.0456830644549946],[80.703773316602778,7.0456585455466012],[80.703765516531178,7.0456417713744663],[80.703773320196035,7.0456224126506841],[80.703783718195467,7.0455862797519551],[80.703809727117871,7.0455140139460619],[80.703848735560754,7.0454520711809412],[80.703886441446485,7.0453694823004982],[80.703920252237182,7.0452933445349171],[80.703941053625897,7.0452662455105557],[80.703946253074776,7.0452288225363047],[80.703937152242602,7.0451849457533635],[80.70393325085935,7.0451681715640655],[80.703893780682378,7.0450862218621779],[80.703874733703429,7.0450011580206162],[80.70386838351267,7.0448877362719395],[80.703858860472351,7.0448026715024188],[80.703874733703429,7.044698703528641],[80.703906481962179,7.0446104880437543],[80.703969969496569,7.044515972070978],[80.704023938482223,7.0444088542423904],[80.704077902976266,7.0443426916974143],[80.704154093587078,7.0442481756700479],[80.704227105060127,7.0441977665198987],[80.704328689247419,7.0441631107831775],[80.704449322210266,7.0441473564727195],[80.704522337276586,7.044169411259082],[80.704611219285724,7.0441977683029693],[80.704646044274341,7.0442035285083806],[80.704740969250423,7.0441998241818879],[80.704766493980884,7.0442077713217879],[80.704827553369071,7.0442251562469966],[80.704886610412473,7.0442380701256422],[80.704931653737461,7.0442470113259237],[80.704986707887954,7.0442683698190729],[80.705030249229793,7.0442847606810375],[80.705065283525869,7.0442867479114488],[80.705087304826748,7.0442827743421992],[80.705114331540386,7.0442783032966663],[80.705117834969997,7.0442673757580545],[80.70511128714989,7.0442480107361511],[80.705083183356237,7.0442164807236383],[80.705002538898199,7.0441801007602232],[80.704960995409593,7.0441364449786583],[80.704929225591258,7.0440964275467959],[80.704899900987101,7.0440176042687117],[80.704892568937751,7.0439484817712454],[80.704896234962447,7.0438829985104494],[80.704910897264497,7.0438187268369985],[80.704928003882458,7.0437653693322657],[80.704967104851818,7.0437144376897658],[80.705006204922881,7.0436695693758749],[80.705052636144956,7.0436368268353862],[80.705132058894208,7.0435774068659605],[80.705165050421314,7.0435398143635775],[80.705158940979075,7.0434900942937553],[80.705139390943543,7.0434488643169715],[80.70505141443617,7.0434221850983354],[80.705011092656363,7.0434088459342243],[80.705017202098588,7.0433700409288402],[80.705112508858676,7.0432596883412604],[80.705178491014607,7.0431857157716742],[80.70525546944792,7.043095978145681],[80.705333670488358,7.0430304938729469],[80.705442418740006,7.0429043770449375],[80.705580783548299,7.0427996044788754],[80.70560030214277,7.0427603643522501],[80.705628329579639,7.0427186403988369],[80.705666366045406,7.0426818840890757],[80.705712911353544,7.0426312197888885],[80.705741439152007,7.0425984370558705],[80.705755451972124,7.0425731049019351],[80.705785231123812,7.0425027893114001],[80.705813383426474,7.0424663120359252],[80.705818075327215,7.0424492381915202],[80.705831369495101,7.0424290591194438],[80.705842318161785,7.0424065522404895],[80.705842318161785,7.0423824923009972],[80.705848574029446,7.0423592097815595],[80.705852483497537,7.0423413594034443],[80.705850919530633,7.0423103142580956],[80.705850919530633,7.0422947925761807],[80.705874379932595,7.0422614196210152],[80.705910352069836,7.0422148536772839],[80.705926775069869,7.0421791520176749],[80.705940850772052,7.0421450034156008],[80.705944761138483,7.0421069739431328],[80.705936940405621,7.0420743775047061],[80.705920518303913,7.042040228894872],[80.705905660169094,7.0420014237750124],[80.705925210204626,7.0419672751598474],[80.705946325105401,7.0419509760444425],[80.705961183240191,7.0419401108587616],[80.705978386876197,7.0419354543505177],[80.70600732161148,7.0419362299894619],[80.706036255448495,7.0419408873892149],[80.706055805484027,7.0419525282138151],[80.706082598635689,7.0419571392534088],[80.70609431985352,7.0419303877342641],[80.70611772186497,7.0419149034842841],[80.706137225188115,7.0419110306386328],[80.706167132798839,7.0419058695190033],[80.70619053750525,7.0419058704105248],[80.706226945325426,7.0419058704105248],[80.706245152379594,7.0418994165591773],[80.706264656601036,7.041887804262486],[80.706286757851998,7.0418658652677157],[80.706308867187758,7.0418477982266019],[80.706335504032552,7.041830172496649],[80.706339495247349,7.0418275308659419],[80.706340073762391,7.0418271483956154],[80.706349405461566,7.0418252957771426],[80.706372576606,7.0418206972177657],[80.706411585947222,7.041811663250666],[80.706431740548936,7.0418041627308954],[80.706460359975566,7.041795311528988],[80.706498347034,7.0417907147524392],[80.706526801170625,7.0417882532124221],[80.706559816053939,7.0417858549717405],[80.706598824496837,7.0417935962074028],[80.706626572557653,7.0417959908819316],[80.706657757572756,7.0418102198486174],[80.706659624271893,7.0418114555220237],[80.706681412010795,7.0418287389016001]]]},"properties":{"OBJECTID":54,"Division":"2","Field_No":"3","Shape_Length":2120.6557729534775,"Shape_Area":87084.347003451941}},{"type":"Feature","id":55,"geometry":{"type":"Polygon","coordinates":[[[80.70841277727871,7.0434030741289746],[80.709492974458428,7.0429213536950517],[80.709756902183813,7.0428000868005789],[80.709776452219344,7.0428170643460186],[80.709806999430569,7.0428595077611549],[80.709860762702021,7.0429092270070486],[80.709903528797739,7.0429371187456198],[80.709967066637816,7.0429346928731942],[80.709987838382133,7.0429274170389258],[80.710036713920104,7.0429334803827492],[80.710061151689075,7.0429553087764409],[80.710095364924996,7.0429844130025696],[80.710140574438284,7.0429892629638022],[80.71020166886079,7.0429662229728924],[80.710252987816332,7.0429650095909766],[80.710305529378971,7.0429710729343036],[80.710340964323677,7.0429892629638022],[80.710376399268384,7.0430147297171075],[80.710403280454926,7.0430486839001043],[80.710433827666165,7.0430717247784402],[80.710474149446014,7.0430838514622325],[80.710523024983999,7.043081426482118],[80.710590228848716,7.0430571731141267],[80.710617110933583,7.0430353447252436],[80.710667208180354,7.0430001771594526],[80.710714862009539,7.0429698604439608],[80.710753962080602,7.0429504579233173],[80.710808066711863,7.0429808718176163],[80.710841693347874,7.0430026030315336],[80.710864371317228,7.0430305429074824],[80.710883139818449,7.0430709001068941],[80.710895651553727,7.0431042730038049],[80.710923803856431,7.0431399737006481],[80.710944136324571,7.043167913568352],[80.710974635026787,7.043204390788639],[80.71099027469586,7.0432268976288794],[80.711034849100258,7.0432455245012031],[80.711083333871102,7.043256389656313],[80.711144330377223,7.0432618226795523],[80.711194379114943,7.0432688069761387],[80.711238953519356,7.0432773443291019],[80.711274144122285,7.0432905381765698],[80.711285873424956,7.04330994068299],[80.71128196395685,7.0433440900908382],[80.71125146525462,7.0433580595729879],[80.711231133684777,7.0433797907692339],[80.711218745917037,7.0434368811800852],[80.711207234904975,7.043490028320095],[80.711176705660051,7.0435560911347332],[80.711154684359158,7.0436037749296849],[80.711120651684624,7.0436355644207929],[80.71108862045655,7.0436544391236158],[80.711065097172522,7.0436618896874696],[80.711038571718802,7.0436728172403171],[80.711016550417924,7.0436738104110717],[80.710988022619475,7.0436738104110717],[80.710960996804133,7.0436782805709095],[80.710945481102556,7.0436822550368472],[80.710925462146434,7.0436961621013108],[80.710905943551936,7.0436996390902538],[80.710890427850373,7.0436961621013108],[80.710878416476675,7.0436842413782941],[80.710848387593373,7.0436743069964303],[80.710825865930886,7.0436743069964303],[80.710796337409192,7.0436757976440534],[80.710767809610701,7.0436832482075769],[80.710731274229786,7.0436882149526454],[80.710666711411989,7.0436981493342286],[80.710631677115927,7.0437046067267044],[80.710616662674269,7.0437051033120373],[80.710586633790925,7.0437051033120373],[80.710553101477998,7.0436981493342286],[80.710528077109174,7.0436931825892621],[80.710486035953835,7.0436976527488708],[80.710457007793764,7.0437075871302506],[80.71042397584246,7.0437349055634337],[80.710410463383951,7.0437473237619956],[80.710367421505424,7.0437721583750195],[80.710330385762887,7.0437815961695396],[80.710314870061296,7.043783583402063],[80.710298854896408,7.0437840799873195],[80.71028384045475,7.0437786157664641],[80.710267324029957,7.0437711652044808],[80.710248305797066,7.0437617283013045],[80.710217776552142,7.043759741068679],[80.710173233588762,7.0437696754486723],[80.710147708858273,7.0437801064137568],[80.710124685935867,7.0437950075372919],[80.710111673838966,7.043809908660343],[80.710100663188541,7.0438327569292358],[80.710090653261332,7.0438565992588797],[80.71008614910852,7.0438779577700181],[80.710078140627743,7.0439017992057851],[80.710061625101247,7.0439241508850454],[80.710033597664378,7.043938058833767],[80.710006241269028,7.0439557584810064],[80.70999784381776,7.0439663053414705],[80.70998852918656,7.0439773728581629],[80.709977770962723,7.0439825812061043],[80.709972654158861,7.0439842742312004],[80.709965306838171,7.043983753574742],[80.709956385669088,7.0439815398931378],[80.709950087580609,7.0439883111020123],[80.709931195111892,7.0440185189836306],[80.709904561860327,7.0440518525848388],[80.709881339511938,7.0440643527961155],[80.709861134604566,7.0440693008148925],[80.709845259576852,7.0440687801584856],[80.709829909165279,7.0440634407558651],[80.709809179641795,7.0440498992317488],[80.709784908061124,7.044029586499077],[80.709759512688038,7.0440093263660994],[80.709746700017135,7.0440125055799729],[80.709654130423743,7.0440566927280175],[80.709627224084343,7.044065593812701],[80.709585006859257,7.04406974836541],[80.709451104881325,7.0440909232105327],[80.709415845108097,7.0440962126868794],[80.709375254731981,7.0440996718421083],[80.709310475420224,7.0441071990708162],[80.709224171575954,7.0441200166669846],[80.709077801880184,7.0441741346100031],[80.708972433090608,7.044206280675831],[80.708876288202362,7.0442431046214109],[80.708774403977785,7.0442754539523538],[80.708644434824166,7.0443075991196498],[80.708544805370948,7.0443305891179779],[80.70849437574752,7.0443407615254667],[80.708492604269807,7.0443369154460926],[80.708486599032113,7.0443095961568183],[80.708470582968943,7.0441993275970765],[80.708471084228847,7.0441402188453832],[80.708482595240895,7.0440741570055216],[80.708489602100116,7.0440274664288927],[80.708486098670491,7.0439658747300014],[80.708485598308897,7.0439330920913692],[80.708461574663247,7.0438546120266485],[80.708437551017596,7.0437602376539488],[80.708410525202282,7.0436569229420831],[80.708397512207057,7.0435963243648896],[80.708401515998304,7.0435640382856244],[80.708418032423126,7.0435223144045116],[80.708435049209555,7.0434860547440126],[80.708436550294394,7.0434572456478],[80.708426040005548,7.0434274433785422],[80.70841277727871,7.0434030741289746]]]},"properties":{"OBJECTID":55,"Division":"2","Field_No":"2A2","Shape_Length":843.91928702767541,"Shape_Area":31131.854497960812}},{"type":"Feature","id":56,"geometry":{"type":"Polygon","coordinates":[[[80.712037951065653,7.0435319786542196],[80.712043243939306,7.0435355563879698],[80.712095251902696,7.0435707123231728],[80.712146864607334,7.043592443509457],[80.712196913345096,7.0436149503308565],[80.712221155281327,7.0436219355136718],[80.712255563451649,7.0436265920049825],[80.712299356321751,7.0436281441687063],[80.71233141809256,7.043634353715249],[80.712364262295964,7.0436304728601353],[80.712399452898921,7.043618055549965],[80.712419785367061,7.0436017564926248],[80.712437771435688,7.043591667873299],[80.712476871506752,7.0435885635455211],[80.712501114341322,7.04359710000106],[80.712519881944203,7.0436157268585111],[80.712530048178294,7.0436397858425144],[80.712537086478548,7.0436886812258166],[80.712545688745692,7.0437111880425212],[80.712553709802876,7.0437512393860171],[80.712551708356429,7.0437515300265927],[80.712542784492399,7.0437528245361642],[80.712496266133712,7.0437646596700221],[80.712486777229373,7.0437744638857644],[80.712448829696825,7.0437850892054357],[80.712429477290655,7.0437916651709367],[80.71240424541098,7.0438106718146436],[80.71239431992538,7.0438222394864347],[80.712388784506601,7.0438260909192811],[80.712388311094458,7.0438269842377048],[80.712375092385045,7.0438429560937017],[80.712375014231625,7.0438436800204016],[80.712373950626329,7.0438459783984984],[80.712373125972888,7.043847758794576],[80.712372145012594,7.0438481617685262],[80.712371685075183,7.043848618234648],[80.712370101345329,7.0438504637127624],[80.71236777830201,7.043851373078815],[80.712326184507731,7.0438676596459135],[80.712256096152629,7.043875218973632],[80.712183775484036,7.0438737532896347],[80.712148415997817,7.0438744700839795],[80.712106349689705,7.0438691324622154],[80.712066936106623,7.0438699303862879],[80.711929660056484,7.0438638813192878],[80.711849444993163,7.0438655065881619],[80.711815396148964,7.0438860056588855],[80.711777503413643,7.0439008425884966],[80.711735701210202,7.0439059136408613],[80.71171540287807,7.0439055017515875],[80.711669896920696,7.0438900389643972],[80.711683531550079,7.043870069465787],[80.711753505819146,7.0437911043951527],[80.711833260945028,7.0436869561043443],[80.711884087623801,7.0436321025874733],[80.711945680611251,7.0435933733813476],[80.712021029500661,7.043545110086928],[80.712025406092707,7.0435417133350979],[80.712029783583105,7.043538316583204],[80.712037951065653,7.0435319786542196]]]},"properties":{"OBJECTID":56,"Division":"2","Field_No":"1C","Shape_Length":236.19863952668814,"Shape_Area":2386.9408492280654}},{"type":"Feature","id":57,"geometry":{"type":"Polygon","coordinates":[[[80.71366394125576,7.043894690103814],[80.713655126986225,7.0439028324951414],[80.713641354016275,7.0439107796400915],[80.713618611368247,7.0439269922076928],[80.713592346425969,7.043950834532489],[80.713578572557708,7.0439686367057481],[80.713562237592598,7.043995657350874],[80.713555511007726,7.0440179100652411],[80.713548784422883,7.0440388905581042],[80.713536932949353,7.0440665477550795],[80.713530206364482,7.044084349032377],[80.713459097523241,7.0440776732191255],[80.713310557497721,7.0440641379361866],[80.713284525219137,7.0439904053178619],[80.713274316764227,7.0439583956419156],[80.713275883426093,7.0439191484810859],[80.713343107952056,7.0439145757970092],[80.713360386148224,7.0439085632835514],[80.713395700718678,7.0438816799297914],[80.713404533852881,7.0438631003343524],[80.713393232148292,7.043787861880709],[80.71340172571928,7.043739440804786],[80.713414999225918,7.0437272312253576],[80.713421181431727,7.0437206071160423],[80.713424894168796,7.0437148995052121],[80.713435130471453,7.0436963823106273],[80.713436967526206,7.0436910437952678],[80.713439197144737,7.0436767203834867],[80.713449956266913,7.0436651322027659],[80.713482409703161,7.0436464135191263],[80.71351803419239,7.0436955665554999],[80.71357601056252,7.0437807616923314],[80.71360996328697,7.0438290811288971],[80.713649378666716,7.0438810184106124],[80.71366394125576,7.043894690103814]]]},"properties":{"OBJECTID":57,"Division":"2","Field_No":"1B","Shape_Length":147.97657316595769,"Shape_Area":1122.2123616040244}},{"type":"Feature","id":58,"geometry":{"type":"Polygon","coordinates":[[[80.71178767863087,7.042375653311792],[80.711768407971405,7.0423455576569491],[80.711771281681976,7.042331704044277],[80.711793803344463,7.042313325874435],[80.711808817786135,7.0422840201185402],[80.711816826266883,7.0422611717733394],[80.711824833849349,7.0422234213619515],[80.711830839087,7.0421707706637546],[80.711835344138152,7.0421280534832524],[80.711826334934159,7.0420758984697711],[80.711828337278931,7.0420227511676927],[80.711835844499774,7.0419874845643138],[80.711844352443805,7.0419517213710341],[80.711823113575576,7.0419152752560761],[80.711802781107423,7.041891991821644],[80.711784012606174,7.0418694849166341],[80.711783231071891,7.0418469780105557],[80.71178479503881,7.0417965311547155],[80.711799653173614,7.0417577251229142],[80.711825459076763,7.0416948608957739],[80.711829369443194,7.0416653678774841],[80.711834842878247,7.0416164731723896],[80.711837971710366,7.0415714593345475],[80.711835625310854,7.0415217880883896],[80.711829369443194,7.0414876394379204],[80.711813728875796,7.0414488333802812],[80.711800434707925,7.0414030429947712],[80.711810600941959,7.0413650143530262],[80.711826241509399,7.0413192230677382],[80.711822331142955,7.0412943883233705],[80.711821549608658,7.0412571344212234],[80.711819203209146,7.041209791844981],[80.711822331142955,7.0411484788240895],[80.711823895109845,7.0410832858101795],[80.711822488348119,7.0410502301563476],[80.711820574936581,7.0410151337633033],[80.711820018879408,7.0410076840484797],[80.711829451189899,7.0410092807980327],[80.711841420342751,7.0410138231983561],[80.711859333647809,7.0410275876962878],[80.71188187327661,7.0410505297140151],[80.71190441110879,7.0410700294920892],[80.711921748593781,7.0410746182519226],[80.711921899510713,7.0410745763494891],[80.711950643803178,7.0410665881450782],[80.711970693302021,7.0410623996869059],[80.711983584126344,7.0410597063424776],[80.712015369216047,7.04106314679803],[80.712040218413421,7.041086089705523],[80.712050620904407,7.0411050162214908],[80.712070847371351,7.04112050139004],[80.712091651455026,7.041130826321373],[80.712115346317276,7.0411480321622699],[80.712136620219837,7.0411600973800486],[80.712138798634385,7.0411623476282745],[80.712155391416019,7.0411731468581955],[80.71216273334683,7.0411784301270286],[80.712180071730131,7.0411944894451866],[80.712224568879392,7.0412369312256962],[80.712246531789802,7.041262166274727],[80.712308943142475,7.0413034624198847],[80.71234650619607,7.0413350077866532],[80.712372512423542,7.0413590954182173],[80.712394472638991,7.0413751556216519],[80.712423944566822,7.0413975225788583],[80.712441285645056,7.0414141578242635],[80.712463243165558,7.0414502901565612],[80.712474225069897,7.0414680701372969],[80.712485780997724,7.0414783923862645],[80.712505063335286,7.0414857208441077],[80.712507740314848,7.0414884872923382],[80.712573262533368,7.0415095944982964],[80.712597105617633,7.0415191963821737],[80.712646620756061,7.0415280279754651],[80.712668674396312,7.0415355222589184],[80.712758860759237,7.0415816442841086],[80.71276792386216,7.0415860092624172],[80.712788602181675,7.0416011315582905],[80.712814608409161,7.0416235002876766],[80.712834833079469,7.041636691507561],[80.71283613653496,7.0416356715862802],[80.712838635648055,7.0416375108324543],[80.712859764921845,7.0416695046208684],[80.712886412546439,7.0417240338495288],[80.712920705732415,7.0417689005685755],[80.712925109273939,7.0417823717276775],[80.712929692478539,7.0417956645785473],[80.712934096020049,7.0418135961077519],[80.712944582054362,7.041849567040309],[80.712957666914775,7.0419426214325762],[80.712955938556163,7.0420267167324662],[80.712961279938867,7.0420733994866858],[80.71299194123614,7.0421026446312585],[80.713145366300139,7.0421123668605832],[80.713173078428341,7.0421170599201304],[80.713196813714774,7.042141584364991],[80.713208832274972,7.0421530477684033],[80.713228466752128,7.0421625043181582],[80.713280251933313,7.0421791867876635],[80.713307031610256,7.0421882867214904],[80.713320601560937,7.0421926579348701],[80.7133380980477,7.04220160630687],[80.713376686079059,7.0422078417270981],[80.713383416257173,7.042228431808045],[80.713387999461759,7.0422328030210428],[80.713392670701239,7.0422376298101277],[80.71339212991542,7.0422639391084996],[80.713411981784887,7.042276860174054],[80.713423854818018,7.0423131832283259],[80.713440486227171,7.0423513419569073],[80.713474514410123,7.0423763843730613],[80.713510987807311,7.0423844634918717],[80.713591485839913,7.0423753867418837],[80.713604540157633,7.0423756506371618],[80.713672527353268,7.0423929482603302],[80.71372498986419,7.0424023058444929],[80.713729393405686,7.0424041415214615],[80.713688953946559,7.0424290698179268],[80.713660658811747,7.0424481103959389],[80.713649149596307,7.0424600026215165],[80.713562046251397,7.0425208679170233],[80.713509316042547,7.0425585157773796],[80.713475392962479,7.0425824063155558],[80.713440346089996,7.0425992857998265],[80.713394584112791,7.0426140282675869],[80.713217987904329,7.0426385018685451],[80.713126490001059,7.0426625270247927],[80.713015063871566,7.0427057157794071],[80.71298543204361,7.0427152614716748],[80.712940964538717,7.0427238790732014],[80.712918791422567,7.0427234297383032],[80.712843924030125,7.042704382039271],[80.712784165402482,7.0426787146729639],[80.712767308516192,7.0426790561318562],[80.712753214847694,7.0426936176149875],[80.712729338525762,7.0427574089056648],[80.712718379079277,7.0428179665817767],[80.712707499582905,7.0428495216524425],[80.712668587259728,7.04289343342632],[80.712645559845726,7.0429045241486063],[80.712603294111631,7.0429147527541813],[80.712534677196928,7.0429358500883215],[80.712484119114464,7.042945648080825],[80.712441418595731,7.0429369654012444],[80.712372534881425,7.0429063535828078],[80.712321788152707,7.0428927300034978],[80.712221361893867,7.0428818978267325],[80.712182350756009,7.042868642451575],[80.712160298912394,7.0428520304382891],[80.712137218497801,7.0428048021416032],[80.712139209164476,7.0427079847424361],[80.71216584780592,7.0426566491172684],[80.712174744720485,7.0426342572577303],[80.712179327925085,7.0426298860484984],[80.712184943293892,7.0426183950192458],[80.712197210687421,7.0425667375390164],[80.712186974384764,7.042537048437838],[80.712144954789039,7.0425074556208669],[80.712073948355723,7.0424775329329465],[80.712039948020532,7.0424693040374144],[80.712035545377319,7.0424647545190604],[80.712012988680527,7.0424603833082511],[80.711986827044527,7.0424550635009391],[80.711936694763438,7.0424335301828007],[80.711906961425882,7.0424218884787653],[80.711883289919811,7.0424152598930991],[80.711839622813855,7.0424030324480364],[80.711830166248859,7.0423954543740406],[80.71178767863087,7.042375653311792]]]},"properties":{"OBJECTID":58,"Division":"2","Field_No":"1C","Shape_Length":743.6987363594003,"Shape_Area":22840.191502050711}},{"type":"Feature","id":59,"geometry":{"type":"Polygon","coordinates":[[[80.709961948037318,7.0490533036497212],[80.709957464545738,7.0490761917787879],[80.709937284791181,7.0490981259747123],[80.709893081391002,7.0491404056656437],[80.709870724120208,7.0491577859482222],[80.709835586517869,7.0491797299470873],[80.709753320600782,7.0492193511029937],[80.709655007179478,7.049253642719485],[80.709584356478985,7.04929776339503],[80.709541273277964,7.0493302175731491],[80.709540700152814,7.0493313899282253],[80.709515307474689,7.0493048652819521],[80.709529855690718,7.0492950371120404],[80.709566645294842,7.0492701831813838],[80.709606684105381,7.0492120691267175],[80.709655732119899,7.0491291198485522],[80.709652228690274,7.0491087556299767],[80.709631708474248,7.0490998145234958],[80.709539619479543,7.0490958409955295],[80.709474556300137,7.0490953444159592],[80.709415254914973,7.049087976851288],[80.709534744322482,7.0490606025674625],[80.709653438720977,7.0490416817254395],[80.709701407858816,7.0490357816106597],[80.709739332933509,7.0490349676480033],[80.709785785715155,7.0490387940748453],[80.709816002346344,7.0490449366844654],[80.709848596818134,7.04905470245295],[80.709882421981845,7.0490612123707974],[80.709910301196686,7.0490616197978548],[80.709939847684694,7.0490568626187962],[80.709961948037318,7.0490533036497212]]]},"properties":{"OBJECTID":59,"Division":"2","Field_No":"4A1","Shape_Length":178.2874038172875,"Shape_Area":731.37193020376628}},{"type":"Feature","id":60,"geometry":{"type":"Polygon","coordinates":[[[80.715693313636038,7.0462619472854584],[80.715632030567335,7.046082152255682],[80.715666801657051,7.0460762636931342],[80.715685341986216,7.0460731246122883],[80.715711989610782,7.0460640702227959],[80.715757517127713,7.0460366618821633],[80.715775100751074,7.0460184933690027],[80.715861058743997,7.0459508386303362],[80.715895207301187,7.0459307140940481],[80.715936902605094,7.0459056130287712],[80.716017340450591,7.0458608510191691],[80.716044889085424,7.0458475823561626],[80.716119867868926,7.0458147392264472],[80.716178189192121,7.0457878871868127],[80.716230955333586,7.0457684232684237],[80.716280521675998,7.0457545439036009],[80.716327030153238,7.0457470282915518],[80.71640771234047,7.0457372410566519],[80.716465754287597,7.0457254389598125],[80.716489540778014,7.0457208288492463],[80.716583219790778,7.0456939152884734],[80.716591564241469,7.045685294176022],[80.716616412540546,7.0456733262529498],[80.716651543854667,7.0456521764429905],[80.716713440472702,7.0456105249638723],[80.716760908350622,7.0455614782227807],[80.716793757943918,7.0455024106552253],[80.716796049546218,7.0455002246183662],[80.716798251316959,7.0455069601437836],[80.716822488761665,7.045545208654322],[80.716861265439192,7.04558219475234],[80.716886183806878,7.0456331823562026],[80.716892608557799,7.045685383329209],[80.716897820583043,7.0457258642204312],[80.716906657310531,7.0457772948997075],[80.716926265736532,7.0458341639155435],[80.71695253876365,7.0458512643812297],[80.716970341575959,7.0458696593499344],[80.716991459171652,7.0459128718771851],[80.716996228327488,7.0459220626739505],[80.71700711051885,7.0459218424657033],[80.717017992710183,7.0459216213659328],[80.717009357205356,7.0459432632888817],[80.716981330666826,7.0459755492025034],[80.716867219472917,7.0460798565632583],[80.716856208822463,7.0460738966781715],[80.716832186075152,7.0460704197070658],[80.716782637699012,7.0460793599804576],[80.716740097080447,7.0460937644473134],[80.716768530555797,7.0461497062321632],[80.716770094522701,7.046166779940287],[80.71664575511096,7.0462086899133647],[80.71655582386957,7.0462467190494182],[80.716461983160059,7.0462800908262144],[80.716395512320588,7.046305702718267],[80.716340771682127,7.0463297615626814],[80.71629854367724,7.0463592533927297],[80.716258661173569,7.0463786557707309],[80.716203139000797,7.0463965059934317],[80.716161692530221,7.0464135805840202],[80.716125719494684,7.0464197892016758],[80.716086619423621,7.0464197892016758],[80.716027969317025,7.0464360872684519],[80.715922397508209,7.0464880866652173],[80.715840286999679,7.046547070303367],[80.715700949315959,7.0462787570963581],[80.715693313636038,7.0462619472854584]]]},"properties":{"OBJECTID":60,"Division":"2","Field_No":"8A","Shape_Length":424.35787069778468,"Shape_Area":8505.4868463271268}},{"type":"Feature","id":61,"geometry":{"type":"Polygon","coordinates":[[[80.71506415427227,7.0478854967229392],[80.715056792578523,7.0478801885677669],[80.715049822550256,7.0478669645389731],[80.715035268046009,7.0478228160898313],[80.715012332260187,7.0476890708693904],[80.715010585036964,7.0476824503827906],[80.715007614308291,7.0476673443327966],[80.715005552674711,7.0476568599634897],[80.714948033547103,7.04742204658214],[80.714929078196278,7.0473536315744587],[80.714915688806983,7.0473044762513171],[80.714886842106552,7.0472055227970838],[80.714850722645636,7.0470932525518304],[80.714821376481908,7.0469899626540542],[80.714804128828476,7.046930797200285],[80.71478978902158,7.0469120367465994],[80.714785385480084,7.0468004341859798],[80.714771816427671,7.0467380752483448],[80.714757329297129,7.0466704125909496],[80.714741519846442,7.0466091725060167],[80.714707700970905,7.0465023021149529],[80.714679914282556,7.0464294114890924],[80.714702486250687,7.04638591461178],[80.714718475364435,7.0463531963344579],[80.714748824048002,7.0463035149021414],[80.714772629403029,7.0462499561974905],[80.714785934350701,7.0462243175564128],[80.71482207267627,7.0462069122009492],[80.714899277485031,7.0461919496393266],[80.714931749785919,7.0461809160536433],[80.714979873434032,7.0461397121705627],[80.715009004002042,7.0461303279159226],[80.7150998649998,7.04613216892733],[80.715142020241117,7.0461313148406788],[80.715211493250237,7.0461171885326417],[80.715351511856966,7.0460764963827183],[80.715407542476157,7.0460629370867824],[80.715496541266319,7.0460647397626337],[80.715528876124978,7.0460757269914529],[80.715553745085288,7.046083738289374],[80.715625894175645,7.0460822761785149],[80.715629508996358,7.046082203072956],[80.715692082944116,7.046264592457014],[80.715708646081296,7.0462971190614772],[80.71582298814225,7.0465216260323089],[80.715856709101388,7.0465827707351041],[80.71592762660147,7.0465276536679182],[80.715969241955349,7.0465032391132443],[80.716000606633472,7.0464879805731213],[80.716058825548728,7.0464706875603698],[80.716144105313603,7.0464513600747747],[80.716202529943033,7.0464340661691152],[80.716224260189762,7.0464289799883915],[80.716244350112774,7.0464234872697276],[80.716266284277069,7.0464153493803225],[80.716286579015957,7.0464055835562549],[80.716337419169491,7.0463793386830718],[80.71639338331336,7.0463516691426813],[80.716423108566133,7.0463388516082022],[80.716497112677544,7.046311386225887],[80.716593667197529,7.0462767992950335],[80.716660906994875,7.046249129748511],[80.716733886128537,7.0462143404355029],[80.716783496488446,7.0461960292843626],[80.716828801223159,7.0461787362607211],[80.71684398724301,7.0461707820223705],[80.716858115945826,7.0461571701288763],[80.716865290789983,7.0461421148464263],[80.71686816090731,7.0461233980458147],[80.716870608816478,7.0461040544981772],[80.716903510512068,7.0460716090094735],[80.716971890271495,7.0460041753783118],[80.717045484751168,7.0459164888199357],[80.71706358310918,7.045904302477652],[80.717068306450955,7.0460670862724077],[80.717049871224688,7.0460912048617743],[80.717024376138596,7.0461268830403405],[80.717018508343159,7.0461626637422174],[80.71701365564401,7.0461814607790245],[80.717001310995357,7.0462052503875272],[80.716977979950812,7.046233943414002],[80.716957041119869,7.0462767885966526],[80.716946458067497,7.0463198851869988],[80.716947260263041,7.0463588834075948],[80.716946317031983,7.0464047544329507],[80.716930666583124,7.0464501467019804],[80.716914174412807,7.0465005984006988],[80.716888115184744,7.0465417220139965],[80.716863908282789,7.0465804224448805],[80.716850462299604,7.0466079359538609],[80.71682979386155,7.0466711668252699],[80.716801963155746,7.0467315965013961],[80.71678827103419,7.0468209785949494],[80.716764752241716,7.0468663012839006],[80.716757396836172,7.0468962548921175],[80.716758009487194,7.0469260596129724],[80.716769066850034,7.0469473680570784],[80.716798341148504,7.0469877775157652],[80.716803519037825,7.0470036182080404],[80.716802699774263,7.0470435052257105],[80.716783266519712,7.0471136453879053],[80.716759219517883,7.0471688203347744],[80.716737009570778,7.0472013468757924],[80.716706142559318,7.0472307878332874],[80.716603278272771,7.0472803300877125],[80.716482847430825,7.0473036694178486],[80.716421239171993,7.0473174274884016],[80.716416418812202,7.0473224075674494],[80.71636228633318,7.0473369394842971],[80.716286686813817,7.0473644172872634],[80.716070442562,7.0474696060570086],[80.716048544330306,7.0474791980106355],[80.716014619453588,7.0474940580049674],[80.715967008743533,7.0475141218494528],[80.715900733736845,7.0475446361870429],[80.715874030416686,7.0475582926162286],[80.715820464774623,7.0475965364998103],[80.715789842104911,7.0476281786150059],[80.715769217684283,7.0476478492898176],[80.715758209728776,7.047659223404259],[80.715745348548865,7.0476714899379314],[80.715689779663705,7.0476982536071775],[80.715640382204555,7.0477141664889214],[80.715589189911469,7.0477347803965609],[80.71554496495169,7.0477573975663121],[80.715482933586387,7.0478115694678607],[80.715412260428039,7.0478635785171129],[80.715373052559158,7.0478824619630904],[80.715332764016978,7.047888807856336],[80.715295153352656,7.0478695740402646],[80.715266158430254,7.0478174392862796],[80.715252140220201,7.0477990987780474],[80.715224911385647,7.0477813760978414],[80.715197346581164,7.0477724964811648],[80.715168630136475,7.0477730786487989],[80.715136873792844,7.0477957519829229],[80.715112250072607,7.047823796770281],[80.715097850078593,7.0478422701151437],[80.71506415427227,7.0478854967229392]]]},"properties":{"OBJECTID":61,"Division":"2","Field_No":"13","Shape_Length":889.69226797830765,"Shape_Area":33036.596149611367}},{"type":"Feature","id":62,"geometry":{"type":"Polygon","coordinates":[[[80.712052614266028,7.0480695543363234],[80.712055266991058,7.047751056128897],[80.712062219951363,7.0473609510241308],[80.712100225874394,7.0473771563388592],[80.712164131125419,7.0474092861350686],[80.712223532223575,7.0474372257454654],[80.712275613848803,7.0474713124422923],[80.712304611466166,7.0474883557897954],[80.712322910148501,7.0474981340724652],[80.712344317001708,7.0475075441537429],[80.712497284823257,7.047528465647801],[80.712569535423242,7.0475290023478285],[80.712654989461257,7.0475271934369967],[80.712722346039598,7.0475278754561099],[80.712789015406713,7.0475183262968208],[80.712879052649328,7.0474944520605147],[80.712962217780003,7.0474814919130937],[80.713081809595465,7.0474651207777432],[80.713156039184014,7.047454889597967],[80.713220967616138,7.047443651882376],[80.713251371995256,7.0474450489074076],[80.71328318403441,7.0474484019457835],[80.713308803087983,7.0474511959958086],[80.713331043577796,7.0474548280824898],[80.713362292373262,7.0474648863058018],[80.71339607531614,7.0474738265522987],[80.713417470491279,7.0474746654804639],[80.713431828264447,7.0474735475039036],[80.713469552116507,7.0474646072574068],[80.713507839212213,7.0474525930208278],[80.713537962418656,7.0474355496720005],[80.713563862644932,7.0474218593611431],[80.713592578191282,7.0474151541755576],[80.713627205550566,7.0474081690498904],[80.713656764614996,7.0474045369628016],[80.713681820424867,7.0473978308854148],[80.713711380387622,7.0473919637362439],[80.713742066837739,7.0473911256994732],[80.713766840576625,7.04739084665104],[80.713794710808301,7.0473939197498421],[80.713824270771056,7.0474003458873247],[80.713846511260869,7.0474014638640634],[80.713871003827109,7.0473967138001727],[80.713901408206183,7.047390287662652],[80.713920833375894,7.0473877726606906],[80.713939977372902,7.0473802294377244],[80.713961654619027,7.0473696122242178],[80.713986428357941,7.0473598330473033],[80.714009794436791,7.0473514517870326],[80.71402978285019,7.0473441876119391],[80.714044204403763,7.0473413258051076],[80.714066943458533,7.0473330114091537],[80.714087776288281,7.047328541284557],[80.714106920285317,7.0473257472337814],[80.714133382856971,7.0473263062222458],[80.714150555950241,7.0473313353353202],[80.714189687462337,7.0473327323606823],[80.714218403008729,7.0473321733722436],[80.714249370631492,7.0473324524207142],[80.714287094483538,7.0473307763468682],[80.714316935618939,7.0473293793214804],[80.714352126221911,7.0473358054598911],[80.714383375017377,7.0473413935612657],[80.714412653807429,7.0473472607110716],[80.714435456642605,7.0473556428629545],[80.714455727127003,7.0473693331757721],[80.71448838358252,7.0473838615250033],[80.714518787961609,7.0473967138001727],[80.714559327133756,7.0474115220885203],[80.714604370458744,7.0474229773378303],[80.714648288194653,7.0474319175851665],[80.714678129330096,7.0474408578322993],[80.714700651890894,7.047453152009127],[80.714710223440221,7.0474685183924066],[80.714717261740475,7.0474925468644836],[80.714727396533533,7.0475137803941221],[80.714744006383143,7.0475383678520558],[80.714776662838659,7.0475707775769489],[80.714807067217748,7.0475989962259318],[80.71484225782072,7.0476247007640191],[80.714884767896592,7.0476501253608648],[80.714933189785327,7.0476660516172105],[80.714968661560945,7.0476735948354827],[80.714987523486982,7.0476833740057812],[80.714999910356426,7.0477048874664314],[80.715005258925629,7.0477196948533969],[80.715017083449737,7.0477643987341887],[80.715028343831818,7.0478194398744618],[80.715051710808993,7.0478831413071026],[80.715063534434748,7.0479141548758149],[80.715040168355884,7.0479591368944092],[80.715020461115188,7.0479915474814234],[80.714982456090453,7.0480192071171333],[80.714941916918349,7.0480373684196591],[80.714897717111384,7.0480460296070992],[80.714861964163063,7.0480477056783126],[80.714827617976511,7.0480410005017733],[80.714801999821262,7.048028148244466],[80.714784263484262,7.0480127809882003],[80.714767091289318,7.0479845623644453],[80.714752170272419,7.0479599758216969],[80.714731056269983,7.0479228160655332],[80.714705156043735,7.0478898473774674],[80.71464378404184,7.0478180428505492],[80.714617039399187,7.0477940143953548],[80.714562423626546,7.0477582516499355],[80.714488946826194,7.047712430684105],[80.7144272927533,7.047666889653498],[80.71440054811066,7.0476445381547288],[80.714375774371774,7.0476302888619191],[80.714347058825382,7.0476216276667305],[80.714323692746518,7.0476205096905389],[80.71429666603288,7.0476247007640191],[80.714262883988326,7.0476319649346841],[80.714206016139229,7.0476476112518256],[80.714049489192561,7.0477026524059649],[80.714013173000566,7.0477160627687763],[80.713969536437318,7.0477261209863764],[80.713928152848851,7.047732547119292],[80.713895777565995,7.0477322680710497],[80.713861995521398,7.0477361792037723],[80.713830745827636,7.0477467964089078],[80.713802593524932,7.0477694278424927],[80.71377134472948,7.047806587610971],[80.713743473599465,7.0478501726161875],[80.71370856506752,7.0478915234492909],[80.713675345368316,7.0479339913625854],[80.713617069859225,7.0480010467054051],[80.713577376001737,7.048043235560649],[80.713554572268265,7.0480647490046211],[80.713529798529365,7.0480731302519919],[80.71349686000282,7.0480728512039654],[80.713461388227202,7.0480686601345317],[80.713439992153766,7.0480644690650598],[80.713405928038199,7.0480569258531487],[80.713356098489385,7.0480446325838741],[80.713320502746257,7.0480391559318463],[80.713291855471851,7.0480359375183994],[80.713276720655927,7.0480341491146383],[80.713260324605372,7.0480341491146383],[80.713232397779791,7.0480361167153536],[80.713139427537797,7.048050778772776],[80.713088978151433,7.0480575739934652],[80.713029701020801,7.048065799223675],[80.712993305777061,7.0480675876272958],[80.71295186559469,7.048068124326675],[80.712919794840715,7.0480622233079808],[80.712886642515159,7.0480498845709469],[80.712861057597578,7.0480325399078829],[80.71284123896578,7.0480114401311154],[80.712819257190759,7.047975140702996],[80.712787906885652,7.0479347295473431],[80.71275133108054,7.0479064770407831],[80.712717458306116,7.0478930657919445],[80.712682865082854,7.0478868072684602],[80.712634577941373,7.0478798337397945],[80.712604488870937,7.0478733960190754],[80.712525031985734,7.0478578397538438],[80.712472061028393,7.0478533696343106],[80.712405576714204,7.0478594489611712],[80.712354046654582,7.0478694625993281],[80.712301796146079,7.0478871647710122],[80.712275851004037,7.0479037944344292],[80.712256572259719,7.0479263251177748],[80.712241437443822,7.0479492133024886],[80.712233870035845,7.0479801475208399],[80.712228464872808,7.0480134068403846],[80.71221981679156,7.0480411235325233],[80.712203240179605,7.0480618658055558],[80.712185943118826,7.0480720577447684],[80.712158016293273,7.0480749186555487],[80.712126305763732,7.0480740244537703],[80.712089190071154,7.0480711635429509],[80.712052614266028,7.0480695543363234]]]},"properties":{"OBJECTID":62,"Division":"2","Field_No":"7A1","Shape_Length":856.85231459267254,"Shape_Area":16583.75802303914}},{"type":"Feature","id":63,"geometry":{"type":"Polygon","coordinates":[[[80.71205189381719,7.0480697335333033],[80.712028831368869,7.048068124326675],[80.712015318012064,7.0480690176369434],[80.711992615788233,7.0480711635429509],[80.711951896953025,7.0480811771764893],[80.711905231270634,7.0480879723967327],[80.71185820626215,7.0480906541104824],[80.71183586426271,7.0480879723967327],[80.711800730253614,7.0480808196741158],[80.711762353326392,7.0480650842188632],[80.71173154290878,7.0480479178618047],[80.711696408899698,7.0480337916122009],[80.711652446247982,7.0480230629727574],[80.711584700699163,7.0480114401311154],[80.711545603323032,7.0480048241067701],[80.711493713038962,7.0479985655847992],[80.711440921744668,7.0479974930773723],[80.711390472358318,7.0480041091018188],[80.711393085557475,7.047971934770465],[80.711403394623687,7.0478955379978512],[80.711419222040689,7.0477683098666573],[80.711383750265028,7.0477467964089078],[80.711332230985192,7.0477219308053476],[80.711303809187939,7.0477017359152665],[80.71129227751463,7.0476936889841273],[80.711281106964037,7.0476834970366209],[80.711266692596993,7.0476713374866176],[80.711254080250413,7.0476672248680456],[80.711228135108371,7.0476629330522655],[80.71120182974191,7.0476606088387772],[80.711178947855004,7.0476534561095319],[80.711140842218953,7.0476404255358771],[80.711059739620168,7.0476145052488581],[80.7109738256447,7.0475940411125846],[80.710916778132599,7.0475851739737321],[80.710887911669232,7.0476922661055372],[80.710869354272091,7.0476929490159312],[80.710804746538557,7.0476820349307738],[80.71069890074358,7.0476772599069841],[80.71065147598479,7.0476922661055372],[80.710634293010045,7.047707273195142],[80.710619172567164,7.047738650518995],[80.710601989592419,7.0478034521079564],[80.710578875940172,7.0479152719597717],[80.710493856686696,7.0478973905921007],[80.710406865631242,7.0478755980922152],[80.710340708303804,7.0478574376748888],[80.710267511777843,7.0478440264246265],[80.710150961657931,7.0478247480303198],[80.710076639542905,7.0478132927909458],[80.710037508030808,7.0478093816588467],[80.709991619391147,7.0478051905870336],[80.709957274102891,7.0478049106473328],[80.709924335576375,7.0478085427312793],[80.709876195758596,7.0478183218986894],[80.709808066629151,7.0478373212451357],[80.709768653944366,7.0478462614844437],[80.709735152174147,7.0478532466034958],[80.709710941678935,7.0478560406511042],[80.709668994846737,7.0478593927949422],[80.709627329187242,7.0478624667821625],[80.709585663527733,7.0478602308309117],[80.709544561111898,7.0478596727346048],[80.709512467900069,7.0478619077943589],[80.709474461977024,7.0478708480331846],[80.709437020195978,7.0478769951159368],[80.709402674009425,7.0478747600562972],[80.70936665785473,7.0478668379420322],[80.709344979710309,7.0478613443488936],[80.709302198343195,7.0478516168909664],[80.709274159228229,7.0478436421762174],[80.709213015398419,7.0478322921375574],[80.709149673391096,7.0478309824833802],[80.709076212760422,7.047840586019416],[80.709081931435534,7.0478283622835551],[80.709136916415744,7.0477764129627145],[80.709172107018702,7.0477550216446767],[80.709179584595105,7.04768735556961],[80.709196317513914,7.0475459110724268],[80.70923094487317,7.0475467491089301],[80.709259941592236,7.0475428379746301],[80.709289783625977,7.0475336177895773],[80.709329759554421,7.0475104282477652],[80.709420128275397,7.0475017661588151],[80.709426603331934,7.0474699154173743],[80.709424914499223,7.0473858175386015],[80.709400703105686,7.0472843963502338],[80.709380152346924,7.0472645598356269],[80.709307519064609,7.047240531351731],[80.709261631323287,7.0472413693888196],[80.709226159547669,7.0472477955284525],[80.709212365018161,7.04725366267943],[80.709183930644471,7.0472612067959286],[80.709143110299621,7.0472835583132341],[80.709142547055947,7.0472698679978851],[80.709134383166671,7.0472327081863799],[80.709120869809823,7.0472139887552334],[80.70910510437659,7.0472053275522466],[80.709071040261037,7.0471888431829912],[80.70902064746852,7.0471690057727789],[80.708965750523191,7.047150566279158],[80.708940999242174,7.0471458046228328],[80.708924423528558,7.0471445529161354],[80.708899198835368,7.0471375793763],[80.70887361391776,7.0471277449196785],[80.708854875959275,7.0471281024228292],[80.708842443275714,7.0471363276695653],[80.708825147113231,7.0471309633394741],[80.708803165338267,7.0471195196727772],[80.708785328389965,7.0471098635216265],[80.708754157747904,7.0470857235885758],[80.708710916443394,7.0470530009030057],[80.708681187597392,7.047031901081608],[80.708697403086589,7.0469458916844081],[80.708681547821826,7.0469303344965359],[80.708665084397609,7.0469200640776206],[80.708606808888518,7.0468968745051228],[80.708555290506965,7.0468812281626008],[80.708507713034564,7.0468569206101073],[80.70848068721925,7.0468415533150131],[80.708401578880355,7.0468136145602358],[80.708312617819473,7.0467856749122317],[80.708280242536645,7.0467761747718303],[80.708183117586444,7.0467283985840288],[80.708100912754773,7.0466887237233626],[80.708058402678887,7.0466655341392492],[80.70800885430279,7.0466454176578051],[80.707968315130657,7.0466322863128674],[80.707964937465164,7.046638153471644],[80.70795935982558,7.0466679965448735],[80.707895137469279,7.0467129617453566],[80.707859946866336,7.0467273679756133],[80.707825196437881,7.0467286776328688],[80.707777689034074,7.0467326066046745],[80.707762732982928,7.0467670945417176],[80.707703789127223,7.0467745165265825],[80.707707748901001,7.0468068211044113],[80.707709068526157,7.0468343247931235],[80.707706442750577,7.0468716834476535],[80.707679236373892,7.0468371732301511],[80.707661039201184,7.0468169667116314],[80.707633652263112,7.0468030196219607],[80.707585545683017,7.0467856749122317],[80.707479602869995,7.0467592098527589],[80.707430415616628,7.0467490178847054],[80.707350237384262,7.0467347123980089],[80.707323571793339,7.0467304214651376],[80.707271501846208,7.0467143275690445],[80.707223034143396,7.046692155221824],[80.70717817137978,7.046667300260018],[80.707150243655917,7.0466522797638032],[80.707101416626955,7.0466229537769474],[80.70706321936278,7.046600602227798],[80.707003582007658,7.0465744955528704],[80.706947554083399,7.0465517633180168],[80.706832773644592,7.0464828685386101],[80.706751337770811,7.0464196429907124],[80.706783589086186,7.046380482516664],[80.706792777953197,7.0463810192180274],[80.706807911870783,7.0463829859342049],[80.706838181502619,7.0463897811793466],[80.706844487675923,7.0463887077766696],[80.706854757216234,7.046379945815338],[80.706863585858841,7.0463733297676985],[80.70686682967532,7.0463663562162351],[80.706869352144665,7.0463565217432782],[80.706882684940098,7.0463572367507235],[80.706915296479849,7.0463600976721397],[80.706933674213943,7.0463624227836892],[80.706956556100877,7.0463649262013197],[80.706971510355388,7.046373866469037],[80.706979858399308,7.0463798691437169],[80.707017660404802,7.0463846432893167],[80.707071270064318,7.0463901003472325],[80.707120069245519,7.0463976034674243],[80.70727402701047,7.0464071535412875],[80.707390869981168,7.0464214777602301],[80.707499465519248,7.0464364848910037],[80.707559949087326,7.0464508091090305],[80.707610122690866,7.0464610412025159],[80.707632804253478,7.0464705903835467],[80.707754815232022,7.0464850786421032],[80.707849829141296,7.0464911909735681],[80.707913172046929,7.0464964296053001],[80.708041747913541,7.0465061891867409],[80.708084089106137,7.0465099434205127],[80.708149672410102,7.0465206729865413],[80.708178500245879,7.0465247856153157],[80.708205165836759,7.0465453487586309],[80.708231472101559,7.0465618001641595],[80.708269488804348,7.0465816482987318],[80.708299757537858,7.0465941653808537],[80.708316513812846,7.04660078142535],[80.708406601361133,7.0466322524347573],[80.708471464216217,7.0466597900119741],[80.708525156520736,7.0466817840547806],[80.708575785570147,7.0467010954832183],[80.708635783149688,7.0467266663416375],[80.708701367351949,7.046762070771682],[80.708740645289438,7.0467822772926061],[80.708789652879759,7.046814642493894],[80.708830371714953,7.0468378882368965],[80.70884893001039,7.0468516570195954],[80.708880280315498,7.046878657883032],[80.708917035783671,7.0469001152147293],[80.70894081868083,7.0469104863768868],[80.708973971006372,7.0469217517428211],[80.709022798035335,7.0469342688157699],[80.709090003696687,7.0469507193159844],[80.70917216361255,7.0469693157266855],[80.709216846713119,7.0469798660847029],[80.709293060680125,7.0469941715638429],[80.709373778799986,7.0470086553483382],[80.709463685786886,7.047024390839467],[80.709536295712979,7.0470440597568444],[80.709574492977197,7.0470565768265105],[80.709631781237789,7.0470814157199122],[80.709712718546569,7.0471154667817402],[80.709802453955263,7.0471595591319529],[80.709870195012513,7.0471909908761523],[80.709918142590794,7.0472101997575534],[80.709934418267096,7.0472184936505577],[80.709949373419988,7.0472250428214753],[80.709964329471134,7.0472350832191388],[80.70997884534782,7.047249052584041],[80.709991602323171,7.04725996667944],[80.710001719149886,7.0472726272793844],[80.710007877999473,7.0472857238364828],[80.710014035950749,7.0473010028555239],[80.71001359577626,7.0473136634543483],[80.710010515453149,7.0473256910674884],[80.71000709197358,7.0473346322082167],[80.710002047034962,7.0473466125697639],[80.709998804116793,7.0473607388403208],[80.709998263330974,7.0473725400039724],[80.710000065351466,7.0473845212561255],[80.710001279873694,7.0473982730835676],[80.710004028718487,7.0474112332332917],[80.710008152883958,7.047422147324836],[80.710016400316576,7.0474351074739108],[80.710027397492269,7.0474501145718493],[80.710035644924886,7.0474603457517393],[80.710050766266079,7.0474692137845185],[80.710059700909895,7.047476034868053],[80.710075509462257,7.0474849020090042],[80.710088568271559,7.0474889950156143],[80.710100252658449,7.0474889950156143],[80.710135992132024,7.0474862669388809],[80.710179292725357,7.0474828559514604],[80.710336271524639,7.0474485356750414],[80.710395188430837,7.0474279725717635],[80.710429601991081,7.0474179589241039],[80.710452123653582,7.047409911988054],[80.71047518610186,7.0474054418642336],[80.710495004733659,7.0474036543495906],[80.710522751896136,7.0474052635585336],[80.710538427497852,7.0474074085760723],[80.710560408374533,7.0474102703825352],[80.710588515761486,7.0474186739299585],[80.710616082362577,7.0474269000630514],[80.710640766269947,7.0474281517689974],[80.710669594105752,7.0474272575659729],[80.710690674870534,7.0474245749568327],[80.710713916981859,7.0474195681329963],[80.710743826389248,7.0474090186765386],[80.710760942888683,7.0473925673010731],[80.710784365561409,7.0473775468283684],[80.71083391303921,7.0473607388403208],[80.710875714344311,7.0473528711005393],[80.71092652305677,7.0473516193944015],[80.710963999872121,7.0473505459939894],[80.710998052309591,7.0473544803096608],[80.711044357767534,7.0473657456648064],[80.711071924368667,7.0473732559014381],[80.711101832877745,7.0473786202287041],[80.711122913642527,7.0473850570647842],[80.711154443610681,7.0473872029739466],[80.711181289762933,7.0473825536526498],[80.711218586016898,7.0473732559014381],[80.711256962944162,7.0473625272466771],[80.711308313340737,7.0473555528185763],[80.71133191567651,7.0473544803096608],[80.711355338349236,7.0473573412249069],[80.711376419114018,7.0473643147614604],[80.711389211123659,7.0473728983984918],[80.711398940776519,7.0473821961497034],[80.71140867042935,7.0473975741252142],[80.711427768612268,7.0474208198389681],[80.711458398468537,7.0474506815839115],[80.711476596539569,7.0474628411396782],[80.711506685609976,7.0474757157008918],[80.711544881975868,7.0474932395819909],[80.711577674077006,7.0475071866508863],[80.711609925392338,7.0475127301737963],[80.71163587053438,7.0475127301737963],[80.711657311523567,7.047512372670977],[80.711683616890028,7.0475068291480287],[80.711716047868407,7.0474891269618158],[80.711736227622964,7.0474719605834348],[80.711753704346805,7.0474530066900032],[80.711782893305354,7.0474269000630514],[80.711804513957603,7.0474022234463458],[80.711834242803604,7.0473720041953518],[80.711862710414962,7.0473528711005393],[80.711891357689368,7.0473417840508006],[80.711919104851873,7.0473374931235524],[80.711943969320643,7.0473358839144051],[80.711976760523456,7.0473394598357091],[80.71198973309447,7.0473414265478542],[80.712004688247319,7.0473453608636012],[80.712022885420026,7.0473500101853057],[80.712039641695014,7.0473525135975921],[80.712061082684244,7.0473582354280726],[80.712062177730573,7.0473633171409693],[80.712055266991058,7.047751056128897],[80.712054507016347,7.0478423458950141],[80.712052073480237,7.0480683026321067],[80.71205189381719,7.0480697335333033]]]},"properties":{"OBJECTID":63,"Division":"2","Field_No":"7A2","Shape_Length":1581.3813640895773,"Shape_Area":25075.767125308968}},{"type":"Feature","id":64,"geometry":{"type":"Polygon","coordinates":[[[80.708155246456428,7.0463785942551524],[80.708259128534195,7.0463730061421384],[80.708421567293783,7.0463660210007708],[80.708478997488186,7.0463579187715926],[80.708503490054412,7.0463556837045997],[80.70852263405142,7.0463573597819318],[80.708556416096002,7.0463623889055151],[80.708602867979337,7.0463671389800036],[80.708643970395173,7.046372727093094],[80.708669025306747,7.0463749621600105],[80.708707312402467,7.0463746822194064],[80.708745037152852,7.0463735651317476],[80.708782761004898,7.0463713300648312],[80.708830338477256,7.046366579990381],[80.708891710479151,7.0463629478951377],[80.708925211351058,7.0463640649828729],[80.708979545052699,7.0463632269441936],[80.709083427130466,7.046361829915905],[80.70914930328523,7.0463649039130489],[80.709193502193813,7.046366579990381],[80.709225877476669,7.0463688150573232],[80.7093387687584,7.0463741232298096],[80.709457007711052,7.0463833434379275],[80.709566520429021,7.0463892105998589],[80.709665212041102,7.0463907823680128],[80.70969952229504,7.0465444509877866],[80.709717997047179,7.0466841492835695],[80.709702161545337,7.0469011172938361],[80.709667102994757,7.0470596169409374],[80.709611003205254,7.0470370291576288],[80.709572489734086,7.04702535636563],[80.709521867871189,7.0470137976890701],[80.709462482044415,7.0470002936953726],[80.709414282039518,7.0469906803351243],[80.709352359370357,7.0469790075419807],[80.709319726271033,7.0469709971510008],[80.709245926975484,7.0469547463541122],[80.70920902687854,7.0469479939106874],[80.709112423849547,7.0469225790821266],[80.709038101734478,7.0469021826715537],[80.708964906106829,7.0468787131578789],[80.708913668897978,7.0468538475077303],[80.708849481575967,7.0468169667116314],[80.708810012297334,7.0467888933344067],[80.708766230207033,7.0467583156484359],[80.70871109610647,7.0467248779328644],[80.708679566138329,7.04670789072369],[80.708637404608751,7.0466885784039848],[80.708616324742295,7.0466816048572536],[80.708568037600855,7.0466683727705242],[80.708521192255418,7.0466492396467046],[80.708484076562797,7.0466333249453141],[80.708450564012821,7.0466195570476362],[80.708419213707714,7.0466075757757372],[80.708374350045801,7.0465939861833009],[80.708340837495825,7.0465823633058333],[80.708295973833884,7.0465643035807206],[80.708260839824803,7.0465451704526014],[80.708227147611765,7.0465228180081887],[80.708197778990197,7.0465031490686876],[80.708183364623139,7.0464906319841107],[80.708167689919748,7.0464663137127284],[80.708153816338509,7.0464400278326282],[80.708147330502129,7.0464264382352804],[80.708145528481694,7.0464137419510013],[80.708143185675425,7.0464015823677171],[80.708146609154966,7.0463819134230761],[80.708148230614057,7.0463792308078936],[80.708155246456428,7.0463785942551524]]]},"properties":{"OBJECTID":64,"Division":"2","Field_No":"7A2","Shape_Length":437.77854574870025,"Shape_Area":8531.966169014031}}]}