{"type":"FeatureCollection","features":[{"type":"Feature","id":1,"geometry":{"type":"Polygon","coordinates":[[[80.692104198367105,7.0717440184863944],[80.692126370584958,7.0717138864074967],[80.692144130278109,7.0716897504325562],[80.692148532921323,7.0716807402269479],[80.692171624115716,7.0716469245411915],[80.692236621718109,7.0715444870326172],[80.69224509193289,7.0715357353539048],[80.692260323766874,7.0715212077630571],[80.692273543374597,7.0714957354464536],[80.69230097702507,7.0714266910460957],[80.69239721084648,7.0712454009716934],[80.692431695373628,7.0711723528851076],[80.692464056283399,7.0710848164076801],[80.692480940119182,7.0710160634608341],[80.692495437131228,7.0709740211205894],[80.692489010583699,7.0708865799942702],[80.692476596764777,7.0708384987341519],[80.692470077690771,7.0707657215942108],[80.692445881568588,7.0705876031598409],[80.692438182108276,7.0704626554441798],[80.692428415624533,7.0703773011856352],[80.69248022056864,7.0703523521072222],[80.6925220434333,7.0703198967292966],[80.692555212826861,7.0703205689085111],[80.692569061255284,7.0703202880909393],[80.692592986984579,7.0703041896664107],[80.692584194274559,7.0702615758198402],[80.692568924711352,7.0702321514829309],[80.692507989290675,7.0702223041449228],[80.692482400779824,7.070212000366582],[80.692472133934444,7.0701909925326021],[80.692461097232865,7.0701748299166809],[80.692419259995148,7.0701647053256762],[80.692404555472251,7.0701597094457211],[80.692404656981893,7.0701547893418972],[80.692404757593195,7.0701498701294927],[80.692422708627532,7.0700706527947421],[80.692445844737648,7.0699608967359939],[80.692470750528912,7.0699283147397027],[80.692512572495275,7.069878858709683],[80.692515056337058,7.0698755325784051],[80.692523531043435,7.0698641839716307],[80.692535245973048,7.0698761637499148],[80.692545763448393,7.0698850349190892],[80.692564036079588,7.0698978205993974],[80.692614912165695,7.0699360456984328],[80.692643965478624,7.0699575723882564],[80.692669731855915,7.0699780551481668],[80.692707593150217,7.0700113226928423],[80.692740064552794,7.0700486349020117],[80.69276333361357,7.0700773371478975],[80.692793701161762,7.0701098219618315],[80.692828275520398,7.0701368277085512],[80.692850492654017,7.0701570501469684],[80.692869554904362,7.0701750536793133],[80.692891246523502,7.0701973630814567],[80.692915697767233,7.0702138011653588],[80.692947905963436,7.0702307607670889],[80.692993908689118,7.0702494400417857],[80.693030254525524,7.0702686782764621],[80.693060175611009,7.0702916874893607],[80.69308436454665,7.0703136046327923],[80.693098168059322,7.0703333046536532],[80.693108692721182,7.0703544363974382],[80.693091118080972,7.0703634234503516],[80.69305175749848,7.0704230191693034],[80.693027918007473,7.0704512087885751],[80.693017526296259,7.0705040541794775],[80.69304838432457,7.0705466457165693],[80.693080317636301,7.0705701452317422],[80.693173919393971,7.0706106292950714],[80.693223418362763,7.0706404271395291],[80.693279440897143,7.0706674070022082],[80.693313062143275,7.0706866291727932],[80.693325662811773,7.0706996483996409],[80.693343994731762,7.0707171330673377],[80.693357747938762,7.0707313424238807],[80.69336619120412,7.0707952359369495],[80.693329757332833,7.0709009016724584],[80.693290595278,7.0709838586363061],[80.693316856627021,7.0710161526091104],[80.693331153314787,7.0710352989891128],[80.693349684660788,7.0710529726385367],[80.693439744361257,7.0710900119697779],[80.693472471783707,7.0711120342702865],[80.693486579825233,7.0711694823108093],[80.693495139871573,7.0712303545288187],[80.693510838829468,7.0712818536920148],[80.693509798580394,7.0713324711734185],[80.693487507784923,7.0713818994118789],[80.693474118395628,7.0714176710290095],[80.693452249808345,7.071466164985079],[80.693447069224078,7.0714711055790289],[80.693409941853417,7.0715273197637947],[80.693352895239613,7.0716346506198411],[80.693346295317198,7.0716882652240507],[80.693362162260058,7.0717033990171965],[80.693393201748066,7.0717133969840473],[80.693438082477996,7.0716941213673197],[80.693481283358338,7.0716857494626622],[80.693552469454701,7.0717099362522555],[80.693560819295243,7.0717608550074909],[80.693553973234472,7.0718540050151191],[80.693555930663479,7.0719492036277636],[80.693548567173096,7.0720135543021856],[80.693534380079811,7.0720482748142999],[80.693484030406466,7.0720779450842661],[80.693451278729526,7.072073193490783],[80.693396602769752,7.0720075831618914],[80.693357205356349,7.0719930511284961],[80.693352801814811,7.0719885019003232],[80.693325638557241,7.0719754203061314],[80.693261553643211,7.071952444161905],[80.69319618054503,7.0719397762139762],[80.693178699329593,7.0719338362745932],[80.693136071574415,7.071901726902583],[80.693114994402919,7.0718486810882766],[80.693110168653206,7.0717654862541783],[80.69310409963515,7.0717301666451506],[80.693070988632073,7.0717086168594108],[80.69304268092084,7.0717031306812146],[80.69300421685702,7.0716583078719388],[80.692978759500178,7.071658823148387],[80.692961195639754,7.0716678057184996],[80.692950705113859,7.071678644353419],[80.692921484714304,7.0717065129626784],[80.692916960798513,7.0717437091422877],[80.692925947544623,7.0717610261719539],[80.692930351086147,7.0718001818234928],[80.692907974950714,7.071783327474205],[80.692867263302062,7.0717610154741708],[80.69285854964383,7.0717431849511136],[80.69285396643923,7.0717388131253252],[80.692849562897692,7.0717342638946716],[80.692839946432585,7.0717296326476529],[80.692818301525804,7.0717300712566269],[80.692793352615439,7.0717142376512641],[80.692789308400009,7.071709403146242],[80.692777365298298,7.0717026136218246],[80.692746382404181,7.0716894990347212],[80.692734941460714,7.071687475371272],[80.692734941460714,7.0716830152882713],[80.692725954714604,7.0716830152882713],[80.692723752943863,7.0716807402269479],[80.692714677264519,7.0716763692920708],[80.692710273723009,7.0716718200607689],[80.692683705150159,7.0716590246232567],[80.692673069995521,7.0716480362189555],[80.692654153272287,7.0716093307528718],[80.69263703407789,7.0715763423571349],[80.692616021585081,7.0715563009516664],[80.692581608024881,7.0714925795999113],[80.692575477921352,7.0714641725225151],[80.692591807496598,7.0714402594050982],[80.692616275808291,7.0714343381804037],[80.692695934814452,7.0714359517631573],[80.692709390679056,7.0714290704120932],[80.692678731178432,7.0713998297948999],[80.692670132504546,7.0713909452826247],[80.692612660987606,7.0713667272744365],[80.692606929736101,7.0713363357495505],[80.692619472912412,7.0712755455619272],[80.692594524002018,7.0712031892706273],[80.692573581577804,7.0712036136163654],[80.692541419195678,7.071227840547917],[80.692524621598182,7.0712572514491585],[80.692507824000685,7.071286662348542],[80.692442168831519,7.0713970760061935],[80.69238500813168,7.0714761647400382],[80.6923771523645,7.0715240640714478],[80.692337551931857,7.0716189462760752],[80.692309278356603,7.0716691527474254],[80.692299190275975,7.0716897950066437],[80.692284398616493,7.0717182983501807],[80.692313445641204,7.0717608362863897],[80.692324284713422,7.0718028206086982],[80.692322860883692,7.0718720584042618],[80.692359400756175,7.0718727983337821],[80.692403815260434,7.0718352411145773],[80.692416554269514,7.0717915424763103],[80.692406696157576,7.0717629508806503],[80.692454071509033,7.0717387239771892],[80.692596704213202,7.071733772688293],[80.692632779656705,7.0717196471618839],[80.692671841998532,7.0716996717323024],[80.69267656983186,7.0716977684189049],[80.692681513260879,7.071695777740314],[80.692688300931138,7.0717022151295428],[80.692698160839726,7.0717213766362894],[80.692704939526848,7.0717395191787578],[80.69272548040415,7.0717582723853845],[80.692775085374137,7.0717946787082449],[80.692800161845284,7.07185028575479],[80.6927751779006,7.0718868739325691],[80.692759699029949,7.0719167011135724],[80.692764102571459,7.0719261463574608],[80.692773648069689,7.0719401256746099],[80.692786525419265,7.0719664742927169],[80.692849916833921,7.0719651896683597],[80.692873933293058,7.071980820898883],[80.692902435040381,7.0720102683029431],[80.692927911261847,7.0720232964072665],[80.692939426765463,7.0720064322598217],[80.692944265091597,7.0719573276958645],[80.692977466824487,7.071940349436403],[80.693023130885308,7.0719550588762532],[80.693039835058045,7.0719795220108965],[80.693047174293895,7.0720019721798995],[80.693110078821675,7.0720690204683896],[80.693105675280165,7.0720956383063402],[80.693097303880009,7.0721362131670249],[80.693092196059325,7.072229447789609],[80.693086134227769,7.0722824222417202],[80.693088545305983,7.0723996768814361],[80.69308320931323,7.0724970666397891],[80.693059986964798,7.0725600318779112],[80.693068203854708,7.0726018182190113],[80.693101092973876,7.0725906435178043],[80.693156296244737,7.072578614778557],[80.693198111024572,7.0725609937848315],[80.693221038725582,7.0725391266709527],[80.693249093111902,7.0724980419190722],[80.693257268679289,7.0724663756519401],[80.69322077731583,7.0723960574712885],[80.693230173693692,7.0723387611349793],[80.693235978607049,7.0723275748381944],[80.693248792176277,7.0723013555053997],[80.693316824287692,7.0722458777778288],[80.693385670272747,7.0722342207770295],[80.693447498618795,7.0722279474276561],[80.693465041817987,7.0722339078673295],[80.693490216205504,7.0722420176667118],[80.693469625022573,7.0722695902704364],[80.693456156581519,7.0722824365054269],[80.693455252876348,7.0723263838202852],[80.693460548444932,7.0724123207467651],[80.693469535191028,7.07246461943594],[80.693465131649518,7.0724792254473705],[80.693439862040577,7.0725141046079187],[80.693412631409359,7.0725765804212308],[80.693433559460544,7.0726115772497966],[80.69345583857789,7.0726187536630931],[80.693462333397406,7.0726846696827161],[80.693476056959994,7.0727266521380647],[80.693483105141723,7.0727333730034534],[80.69350443923139,7.0727813693757753],[80.693533405407734,7.0728192634972711],[80.693515186675455,7.0728749961190358],[80.693488588458209,7.0729024777540621],[80.693478521937138,7.0729073256187878],[80.693440372283661,7.0729291356605648],[80.693375267781761,7.0729430971177933],[80.693316965323163,7.0729511765944535],[80.693267395387494,7.0730023920753773],[80.693244438042086,7.0730178396261074],[80.693226602890434,7.07299172106962],[80.693200945209298,7.0729271476616926],[80.693167158673134,7.0728537896062882],[80.693157212526316,7.0728249431132655],[80.693146324046751,7.072791632980187],[80.693096026475672,7.0727602243708203],[80.693073278437751,7.072764766459513],[80.693024422662702,7.0727813667013235],[80.692985226471919,7.0727913379004734],[80.692958484524226,7.0727918799200307],[80.692939747464024,7.0727828563637249],[80.692905317734144,7.072737814355226],[80.692898053956753,7.072702607147014],[80.692903848988621,7.0726688815755319],[80.692894764326184,7.0726226904383642],[80.692885688646868,7.0726041191287283],[80.692865160345988,7.0726037036990519],[80.69284048632008,7.0726084847059614],[80.692788561900016,7.0726307859672328],[80.692746129079254,7.0726174948934784],[80.692700650071373,7.0725766909647296],[80.69266660392212,7.0725602939730337],[80.692603374204182,7.0725165704419268],[80.692547424433371,7.0724120167519953],[80.692539442003749,7.0723810984309976],[80.692532430652946,7.0723525478799116],[80.692521469409854,7.0723364949916769],[80.692500334746143,7.072288948770816],[80.692463869433837,7.0722186813775796],[80.692458332218436,7.0721400394027665],[80.69244673227314,7.072116304616519],[80.692423129039085,7.0721049373437168],[80.692386088804952,7.0720637669710111],[80.692373283320606,7.0720375654528338],[80.692355599984197,7.0720116697111735],[80.692347260923441,7.0719946058715344],[80.692329198498001,7.0719672579046753],[80.692278529922717,7.0719149065617994],[80.692265446858926,7.0719082159948448],[80.692230264340836,7.0718912725013521],[80.692210968528514,7.0718630152173825],[80.692176970888269,7.0717934511381921],[80.692157609498963,7.07177886739212],[80.692137029095804,7.0717672843724859],[80.692116447794334,7.0717557013525587],[80.692104198367105,7.0717440184863944]]]},"properties":{"OBJECTID":1,"Division":"1","Field_No":"6","Shape_Length":1506.0584003512056,"Shape_Area":27248.322078449506}},{"type":"Feature","id":2,"geometry":{"type":"Polygon","coordinates":[[[80.692527913025373,7.0698583162158517],[80.692532377652356,7.0698523370243649],[80.692534490489891,7.0698495083416741],[80.692668061887801,7.0697383240706726],[80.692685426322228,7.0697203829252908],[80.692694219032248,7.0697119967211268],[80.69274851051307,7.0696692678182957],[80.692784448514345,7.0696404701580979],[80.692818110184646,7.0696156993370147],[80.692845233018048,7.0695939649150628],[80.692919719524767,7.0695391528022578],[80.692976961971283,7.0695077796311665],[80.693023709400364,7.0694894765335592],[80.693091262709729,7.0694677153610943],[80.693280624876678,7.0694254179149327],[80.693401177889498,7.0693937657009549],[80.693406963039905,7.0693877891778776],[80.69347218522114,7.0693667795234871],[80.69351777921338,7.0693465178250792],[80.693577981608769,7.0692982768286123],[80.69365824967268,7.0692231004559742],[80.693697923767189,7.0691888236917704],[80.693759707197486,7.069143358768172],[80.693899134712709,7.0690691585483112],[80.69391207135115,7.0690557924871653],[80.693916002378813,7.0690536377636297],[80.693938867197744,7.0690460289238235],[80.693963168422812,7.0690311223727731],[80.69397341640358,7.0690221709534207],[80.693992344804911,7.0690117967208312],[80.694045459492727,7.0689636813890724],[80.694197434675885,7.0688172091667072],[80.694214554768564,7.0688089638010805],[80.694273477064684,7.0688426513204572],[80.694279005296906,7.0688595628322135],[80.694272346984022,7.0688853562295275],[80.694237873236688,7.0689242571595248],[80.694218239657857,7.0689539846853151],[80.694226688313094,7.0689620428360387],[80.694285505506315,7.0689691774061751],[80.69431875125666,7.0689877970022286],[80.694258555149489,7.0690413504010783],[80.694233620612138,7.0690533587282625],[80.694228976322123,7.0690581567101107],[80.694223834365445,7.069063060778876],[80.694187998772136,7.069062335108609],[80.694179551015196,7.0690536074530588],[80.694174705502562,7.0690492364933224],[80.694166071794342,7.0690581567101107],[80.694108910196178,7.0690786502077128],[80.694071988539704,7.0691260148957564],[80.693986759978785,7.0691887309771637],[80.693952535963106,7.0692161557763642],[80.693939048657413,7.0692300906012564],[80.693896479292761,7.0692811736633105],[80.693855924849231,7.0693269372212608],[80.693802499344358,7.0693778918986219],[80.693767052721554,7.0694191989080712],[80.693730230778073,7.0694685078921422],[80.693671729791831,7.06953086376675],[80.693637429419312,7.0695767948993105],[80.69359983851794,7.0696245303943188],[80.693565497721266,7.0696705167896399],[80.693518107098456,7.0697250632241593],[80.693483015310164,7.0697538804917768],[80.693451652428678,7.0697807311408472],[80.693413070685537,7.0698124145303423],[80.693366179526024,7.0698297102367693],[80.693371438263696,7.0698654329424402],[80.693362544942389,7.0699258426515152],[80.693390854450257,7.069995124411224],[80.693406810326337,7.0700258708353525],[80.693415616511047,7.0700438913110082],[80.693431199586286,7.0700587523636633],[80.69346866292689,7.0701024101575651],[80.69348803329936,7.0701477064961926],[80.693499703313222,7.0701952288673722],[80.693491887970239,7.0702407141916197],[80.693459417465988,7.0702938662772015],[80.693417300852204,7.070327013448785],[80.69335028922697,7.0703432304399403],[80.69330782496516,7.0703423701575812],[80.693277973049959,7.0703429745839337],[80.693213512640142,7.0703605742666698],[80.69317650923692,7.0703649452140027],[80.693130534359014,7.0703555980014636],[80.693124396170674,7.0703543499234609],[80.693123108884862,7.0703522059037773],[80.693117387514832,7.0703413520825107],[80.69310661851118,7.070324151784086],[80.693091136945597,7.0703087050347282],[80.693078937824026,7.070296597785398],[80.693050162988868,7.070273135698649],[80.693026521127223,7.070259024391329],[80.692993707466513,7.0702430766255411],[80.692972505429182,7.0702327229245139],[80.69295290239306,7.0702232883438301],[80.692934476149929,7.0702144376853147],[80.692923033409826,7.0702073405767942],[80.692910077008491,7.0701984061184371],[80.692895857575877,7.0701861321585895],[80.692873982700391,7.070165592352887],[80.692856987473533,7.070150061798687],[80.692835616552927,7.070131108834194],[80.692818368899452,7.0701172480297396],[80.692808861130501,7.070109816612927],[80.692789426079329,7.0700897778182989],[80.692766877467392,7.0700630591269444],[80.692742057016076,7.0700350878977618],[80.69272952102628,7.0700208098754604],[80.692704953899906,7.0699984336034145],[80.692679291727188,7.0699780604970712],[80.692656154718719,7.0699586056194468],[80.692623846809539,7.0699328889497455],[80.692592300671706,7.0699086485779832],[80.692554965790166,7.0698811212990842],[80.692527913025373,7.0698583162158517]]]},"properties":{"OBJECTID":2,"Division":"1","Field_No":"6","Shape_Length":591.52307743192375,"Shape_Area":9904.9380267846009}},{"type":"Feature","id":3,"geometry":{"type":"Polygon","coordinates":[[[80.693787920585592,7.0684962397710001],[80.69377419253145,7.0685088668049092],[80.693700914258756,7.0685516314745414],[80.693655420877846,7.0685692178531703],[80.693582596254387,7.0685886157341091],[80.693560678259772,7.0685425124461903],[80.693541556720632,7.0684781826839798],[80.693501606843299,7.0684220492536118],[80.69348171904123,7.0683713512194064],[80.693483240787316,7.0683332409928843],[80.693530923362616,7.0682893833384348],[80.693557298797657,7.0682611258341286],[80.693581673684605,7.0682433780843708],[80.693617770687624,7.0682508746098609],[80.69364490070754,7.06825516534321],[80.693646231112481,7.0682558642700632],[80.693654572868226,7.0682602459351394],[80.693674086971143,7.0682902445160947],[80.693693640599918,7.0683400751412089],[80.693695572876081,7.0683450175515352],[80.693695572876081,7.0683464804836271],[80.693695705826741,7.0683469297936536],[80.693696310392923,7.0683475547268229],[80.693696612226859,7.0683476679458161],[80.693730024165575,7.0684328416072884],[80.693757808158963,7.0684654789812598],[80.69377286482144,7.0684808598221203],[80.693787920585592,7.0684962397710001]]]},"properties":{"OBJECTID":3,"Division":"1","Field_No":"6","Shape_Length":110.81570326096262,"Shape_Area":771.87578902057282}},{"type":"Feature","id":4,"geometry":{"type":"Polygon","coordinates":[[[80.693660703870009,7.0687327282618],[80.693676117163676,7.0687235887328281],[80.693697303929653,7.0687123943251198],[80.693730100522359,7.0687011999171316],[80.6937673195212,7.0686913801825604],[80.693787244154223,7.0686897496519414],[80.693794431574787,7.0686905947820744],[80.693793176628347,7.0686990327110646],[80.693799981366624,7.0687378222208253],[80.693802163374443,7.0687502638187532],[80.693807334975531,7.068782493760617],[80.693804752319068,7.0688471809668574],[80.6937962138323,7.0688958588390864],[80.693779569846754,7.0689589146082756],[80.693679103163674,7.0690497294855312],[80.693662873301435,7.0690671179351385],[80.693591376387985,7.0691252776362985],[80.693583805386751,7.069127240689876],[80.693580324415024,7.0691277880626879],[80.693575913686985,7.069126967003502],[80.693572639327755,7.0691256333394836],[80.693567952816935,7.0691228973669338],[80.693565678282653,7.0691202977918355],[80.693563542088896,7.0691175618192981],[80.693562372482404,7.0691150041440514],[80.693565364770592,7.0691036055953287],[80.693579127859053,7.0690511843919639],[80.69359853775741,7.0689853694833706],[80.693652222875414,7.0688503671420504],[80.693652681914529,7.0688437202135912],[80.693660703870009,7.0687327282618]]]},"properties":{"OBJECTID":4,"Division":"1","Field_No":"6","Shape_Length":122.94566328147128,"Shape_Area":703.12188445929269}},{"type":"Feature","id":5,"geometry":{"type":"Polygon","coordinates":[[[80.693516870118287,7.0686628026588068],[80.693496494531018,7.0686878588069799],[80.693478611768668,7.0687102502978023],[80.693438428329372,7.0687565006643664],[80.693390725991179,7.0687940438700725],[80.693376502965265,7.0688008931668707],[80.693316039160123,7.0688536950636491],[80.693270657170288,7.0689171983651118],[80.693251776379626,7.0689558318463126],[80.693210670370547,7.0690302567390422],[80.693190956841647,7.0690625276697707],[80.693182607899388,7.0690796103389424],[80.693103732224174,7.0692017021059588],[80.693069640260831,7.0692409417741651],[80.693042770752385,7.0692722534508352],[80.692981303529052,7.0693377696706889],[80.692903391746171,7.0693970535017767],[80.692888420423643,7.0694125216772843],[80.692834313097435,7.0694582763073415],[80.692821032404282,7.0694646718279017],[80.692785079131681,7.0694762540138241],[80.692769631702021,7.0694602946316447],[80.692763487225477,7.0694551266872567],[80.692737233063013,7.0694640477877044],[80.692718894854792,7.0694684187435231],[80.692719361080421,7.0694457598436466],[80.692746083265178,7.0694202740402829],[80.692750622452309,7.0693925933966657],[80.692755205656894,7.0693659201307932],[80.692759609198404,7.0693205301094748],[80.692743837476968,7.0692901393414331],[80.692737233063013,7.0692632431980647],[80.692730671768174,7.0692442153122856],[80.69269390372358,7.0692504405619143],[80.692633844160326,7.0692492236829532],[80.692597118336565,7.0692499680741179],[80.692570984548311,7.0692633323466847],[80.692559177092221,7.0692690182467945],[80.692488897395961,7.0692903452747666],[80.692468769743698,7.0692899369740232],[80.692441440297813,7.0692693516627001],[80.69245425117208,7.0692321989666809],[80.692463093289405,7.0692051485927587],[80.692473883852614,7.0692272262552862],[80.69250394148203,7.0692320206694035],[80.692530853211309,7.0692139119049093],[80.692539442003749,7.0691963380316487],[80.692546515338293,7.0691919670732606],[80.692566401343754,7.0692053482857284],[80.692580937881644,7.0692141793508698],[80.692615826650652,7.0691963380316487],[80.692636830160311,7.0691862232255565],[80.692643136333615,7.0691733198493187],[80.692642463495488,7.069140628144666],[80.69264287941543,7.0691204217084849],[80.692658299895612,7.0691207337288251],[80.692688096115276,7.0691386704400561],[80.6926970541153,7.0691570011876115],[80.692696258207931,7.0691957389526987],[80.692702430532265,7.0692052591370969],[80.692755406879513,7.0691962889998869],[80.692768137803711,7.0691702397632454],[80.6927971830318,7.0691921177344819],[80.692809274355525,7.0691918725756864],[80.692819889747241,7.0691593983950334],[80.69282700709924,7.0691278388774563],[80.69280321701558,7.0691201747666952],[80.692758074875897,7.0691210894320102],[80.692740996105726,7.0690925288730675],[80.692723663112318,7.0690759980346618],[80.692711438837918,7.0690633674502994],[80.692705780349968,7.0690398740989018],[80.692731031992608,7.0690028934413878],[80.692764814935487,7.0689866238054497],[80.692783769387972,7.0689870080363022],[80.692823039240622,7.0690003509207839],[80.692838104886249,7.0690159171731226],[80.69285265759386,7.0690297967318569],[80.692859413823086,7.0690159715538137],[80.69285396643923,7.0690001726234177],[80.69284941018411,7.0689585437496962],[80.69285011985319,7.0689240369622182],[80.692885669782228,7.0688679383540007],[80.69293652071552,7.068808378093971],[80.693007612488785,7.0688490227793706],[80.693026070172948,7.068824306296575],[80.693048195678401,7.0688032039018669],[80.693065896981068,7.068794678609045],[80.693108143850552,7.0687510287149156],[80.693119325180902,7.0687228880237196],[80.693119011668884,7.0687076551778087],[80.69308876359662,7.0686704569707874],[80.69307422346543,7.0686350818528876],[80.693110127330726,7.0685926247542294],[80.693140178671882,7.0685730655141583],[80.693165014394566,7.0685543585355708],[80.693229193631737,7.068551863261356],[80.693231395402478,7.0685541383380857],[80.693270215199149,7.0685666432366352],[80.693331262010929,7.0685947491693435],[80.693380697199345,7.0686067120422544],[80.693403529678903,7.0686124755098714],[80.69349055487038,7.0686264041125426],[80.693550893809686,7.0686311815946343],[80.693516870118287,7.0686628026588068]]]},"properties":{"OBJECTID":5,"Division":"1","Field_No":"12B","Shape_Length":440.03030145268099,"Shape_Area":4051.7570310949777}},{"type":"Feature","id":6,"geometry":{"type":"Polygon","coordinates":[[[80.692477064787042,7.0698195455213746],[80.692472304614355,7.069818398179784],[80.692415308306209,7.0698071565498717],[80.692366544159299,7.0697974910657901],[80.692342711854849,7.0697936469809282],[80.692331517948077,7.0697900364652018],[80.692330892720634,7.0697894115339786],[80.69232959465505,7.069789382114954],[80.692327384799469,7.0697883167899453],[80.692326631112934,7.0697874190641503],[80.692325322267564,7.0697874190641503],[80.692322974071416,7.0697854569048806],[80.692321665226046,7.0697854569048806],[80.692320557603281,7.0697849701538482],[80.692319317928195,7.0697848025545822],[80.692318008184529,7.0697848025545822],[80.692317115259115,7.0697843853394442],[80.6923164612856,7.0697837309891591],[80.692313425878268,7.0697828395038034],[80.692312771904724,7.0697821851535059],[80.692310153315674,7.0697821842620474],[80.692308076410754,7.0697808755615021],[80.692306767565384,7.0697808755615021],[80.692305613230246,7.0697805020291202],[80.692304687965503,7.0697795766672948],[80.692298145535275,7.0697795659694611],[80.692297478087028,7.0697789258829333],[80.692296180919755,7.0697789125106594],[80.692295059822285,7.0697784587446257],[80.692294104913131,7.069777603810115],[80.692292805949236,7.0697775592358498],[80.692290603280142,7.0697762951095573],[80.692289389656196,7.0697760633233786],[80.692287154647801,7.0697751379615141],[80.692285908684482,7.0697749864089996],[80.692283716795203,7.0697736777084552],[80.692281097307827,7.0697736768169586],[80.692279984295183,7.0697732052211668],[80.692278750009976,7.0697730224666859],[80.69226303847563,7.0697730197922208],[80.692260842094768,7.0697717235724529],[80.692260163866735,7.069771085268906],[80.692259065227148,7.0697706145646118],[80.692255496220554,7.0697697489322797],[80.692250259042439,7.0697697480408079],[80.692248974451545,7.0697698068788437],[80.692247911744587,7.0697704014995715],[80.692246739443149,7.0697707322406815],[80.692243412981654,7.0697727461061906],[80.692242487716911,7.0697736696850866],[80.692240144910642,7.0697748402054019],[80.692238904337231,7.0697751326126106],[80.692236674718686,7.0697762853032078],[80.69223536587333,7.0697762853032078],[80.692234119011715,7.0697766739908436],[80.692232989829407,7.0697772695031063],[80.692232063666353,7.0697781939734607],[80.692230906636269,7.0697787984005256],[80.692229621147092,7.069778900029883],[80.692229392974994,7.0697799796186631],[80.692228738103168,7.0697806330774506],[80.692226347686187,7.06978086129772],[80.692224154898582,7.0697821691067677],[80.692223500026728,7.0697828225655561],[80.692219572592322,7.0697828216740977],[80.692218646429254,7.0697837470359106],[80.69221645723492,7.0697847838334056],[80.692215802363066,7.0697854372921931],[80.692201399674104,7.0697854346177289],[80.692200362119962,7.0697860889679758],[80.692197743530912,7.0697860880765173],[80.692195778915391,7.0697867415352924],[80.692194535647047,7.0697869002196798],[80.692192457843788,7.0697879388001175],[80.692191621512265,7.0697887028030912],[80.692169363954449,7.0697886992371677],[80.692168325501996,7.0697893526959428],[80.692160522735449,7.069789481069809],[80.692159490571186,7.0697902584450567],[80.692157121713763,7.0697913130722698],[80.692154503124698,7.0697913130722698],[80.692153451197527,7.0697915689285438],[80.692152635527236,7.0697923730483367],[80.692151384174039,7.0697926199897836],[80.692138291228787,7.0697926173153434],[80.692136991366581,7.0697939705901156],[80.692135820861765,7.0697945554045187],[80.692135171379803,7.0697952329333891],[80.692134556932146,7.0697963562049244],[80.692133810432153,7.0697969882680445],[80.692132823183641,7.0697976871925698],[80.692131552067522,7.0697978476599248],[80.69212917063372,7.0697978476599248],[80.692115934856318,7.0697978449854597],[80.692109289119827,7.0697947310271152],[80.692104535235345,7.0697925040967187],[80.692074176670303,7.0697599791436252],[80.692048249494576,7.069672751744041],[80.692050876168494,7.0696069583196106],[80.692059314043931,7.0695830611528025],[80.692073943108369,7.0695696059579225],[80.692107487099378,7.0695538908461213],[80.692133728685462,7.069532691312796],[80.692141270042256,7.0694545668340627],[80.692148664075361,7.0694194850751071],[80.692152985870209,7.0693970124934227],[80.692162400214372,7.0693559185471813],[80.692204743203604,7.0693360811957326],[80.692254685940128,7.0693073245231268],[80.692319668271168,7.0692768811565223],[80.692353019124397,7.069274438483899],[80.69235567723932,7.0692819679776449],[80.692355139148489,7.0692954454680601],[80.692294487595419,7.0693238598106953],[80.692267423152543,7.0693457252938279],[80.692245559056843,7.0693826426283426],[80.692227964653711,7.0694378095711423],[80.692229696605565,7.0694811812567471],[80.692243654628442,7.0695285102440693],[80.692242529937715,7.0695566713903926],[80.692252007163944,7.0695888076700095],[80.692256329857116,7.0696112793508847],[80.692266164612846,7.0696446280471843],[80.692301432470884,7.0696557127795838],[80.692327559072638,7.0697029534919338],[80.69235689984643,7.0697142958622639],[80.692377889881357,7.0697367835837834],[80.692406851566133,7.0697503519924156],[80.692437491303835,7.069749145812624],[80.692455973242488,7.0697394384274954],[80.692480618522325,7.069713033518787],[80.692513951409254,7.0696870128388447],[80.692566360919542,7.0696856363851071],[80.692539401579552,7.0697226169879785],[80.692535079784719,7.0697317083569793],[80.692507777288299,7.0697670504059653],[80.692486306654672,7.0698000567606272],[80.692485265507273,7.0698022524890316],[80.692479018622791,7.0698154259677439],[80.692477064787042,7.0698195455213746]]]},"properties":{"OBJECTID":6,"Division":"1","Field_No":"12B","Shape_Length":230.54992944804462,"Shape_Area":1169.7633978317835}},{"type":"Feature","id":7,"geometry":{"type":"Polygon","coordinates":[[[80.692468096905543,7.0698384565988661],[80.692431101587204,7.0699164740344793],[80.692391492171396,7.0700277153176359],[80.692386567607002,7.0700634843652095],[80.692375421310956,7.0701057122171198],[80.692341700351818,7.0701775712318629],[80.692335450772404,7.0702229638434506],[80.69233793641078,7.070285204614752],[80.692377817117816,7.070369365192918],[80.69238293841326,7.0703854226069174],[80.692394272457207,7.0704560495471789],[80.69241825567866,7.0705834613259535],[80.692428297046916,7.0706395392217498],[80.692443273759324,7.0707838160341234],[80.692459526079432,7.0708705850015194],[80.69245838072743,7.0708992533199702],[80.692438495620323,7.0710316367770956],[80.692422327741838,7.0710928861105087],[80.692376855022147,7.0711963248542613],[80.692321709243501,7.0713102010512907],[80.692296768417947,7.0713506360182299],[80.692292446623128,7.0713597273551949],[80.69226870864172,7.0713939718649366],[80.692251581362541,7.0714228915488953],[80.692239351698248,7.0714341402713687],[80.692216061976197,7.071489076075296],[80.692181077985765,7.0715629014840511],[80.692136391291953,7.0716319913296122],[80.692092666693839,7.071688594180781],[80.692048172239467,7.0716324263727266],[80.692023382330888,7.0715943190896802],[80.692017662757479,7.0714996552931195],[80.692006784159389,7.0714688447803562],[80.691957628347055,7.0714373353435134],[80.69190585933552,7.0714221712312852],[80.691887544483535,7.071415798916358],[80.691869371565332,7.0713851149884999],[80.691860392005736,7.0713476923434744],[80.691866101697684,7.0713315217446668],[80.691892943358383,7.0712967744341908],[80.691906563614722,7.0712973102151402],[80.691905572772953,7.0713221353264606],[80.691911071360806,7.0713587431587062],[80.691926817929442,7.0713814581281476],[80.691977922187618,7.0713863193810749],[80.691988001285111,7.0713916138943258],[80.69206962760174,7.0713884018836657],[80.692099152530176,7.0713728927661377],[80.692122195215518,7.0713849964213402],[80.692135118379198,7.0713178053963759],[80.692149564187289,7.0712768908090045],[80.692175623415366,7.0712392987735271],[80.692193424431039,7.0712064378333794],[80.692182639257723,7.0711655793995405],[80.692148640719182,7.0711017973730055],[80.69214401798871,7.0710777612122042],[80.692105221548232,7.0710420769340336],[80.692099238768435,7.0710294936520119],[80.69207575770524,7.0709854436931865],[80.692060809738905,7.0709473372482297],[80.692054306834549,7.0709135250747339],[80.692044146888705,7.0708691791323952],[80.692001333182247,7.0708188861001888],[80.691995894781513,7.0707158029738482],[80.692007249486721,7.0706727871061572],[80.691998600507162,7.0706234782506314],[80.691953235585316,7.0705943980495354],[80.691946469474587,7.0705522388865507],[80.691939404224868,7.0705187137419587],[80.691942446818729,7.0704425114697029],[80.691934957564214,7.0704141390956448],[80.69187983244683,7.0704093705468534],[80.691847618860706,7.0704141390956448],[80.691761321304639,7.070419276718825],[80.691715689583148,7.0704174812697413],[80.691667891125192,7.0704050477400662],[80.691628105639566,7.070400757918188],[80.691622959191307,7.0704275193812478],[80.691618294240044,7.0704318100943686],[80.691613972445211,7.0704636877827021],[80.691622959191307,7.0704719527314372],[80.691638115566789,7.0705105896485527],[80.69166649693986,7.0705473294847074],[80.69170596532021,7.0705335970664356],[80.691747036294998,7.0705352133267958],[80.691763894977925,7.0705706756646141],[80.691784904775815,7.0706100881643907],[80.691784112461704,7.0706299379419102],[80.691755704139155,7.0706709185563756],[80.691702218447148,7.0706857189680026],[80.691672932470567,7.0706703355260849],[80.691696858199862,7.0706254502127015],[80.691672872283462,7.0706033886637032],[80.691662505725063,7.0705815856439935],[80.691652926090882,7.070574710520571],[80.691627452564362,7.0705880916929766],[80.691605986422346,7.0705931669103794],[80.691594057693678,7.0705869006705884],[80.691574707084143,7.0705661692136808],[80.691563692840433,7.0705610093050533],[80.691553848203242,7.0705613971005317],[80.691533094425239,7.070583630707894],[80.691516699272967,7.070594140410714],[80.69146234131685,7.0705860947692134],[80.691440258930527,7.0705624356792258],[80.691434244709683,7.0705426536516178],[80.691454444227162,7.0705135128245056],[80.691461032471466,7.0704969196330687],[80.691440726952777,7.0704588274115645],[80.691432873880558,7.0704423082113435],[80.691424502480444,7.0704160602440149],[80.691439294139911,7.0703630829033743],[80.691433816213319,7.0703370943534845],[80.691411315212051,7.0703163976532588],[80.691378094614549,7.07029220989922],[80.691360363667471,7.0702732132578232],[80.691337040707737,7.0702517614673779],[80.691318291969452,7.0702316754302155],[80.691283777797892,7.0701535136273304],[80.691258837870691,7.0701242176573276],[80.69124103685499,7.0700928249132931],[80.691227386055942,7.0700751539016053],[80.691223063362813,7.0700660634308319],[80.691209412563737,7.0700483915266421],[80.69119388698067,7.0700273792278114],[80.691187118175009,7.069986800615955],[80.691202847675655,7.0699181411116436],[80.691190835403674,7.069895604367268],[80.691195068265301,7.0698944427620969],[80.691255402713054,7.0698852444180913],[80.691293111293703,7.0698819031316109],[80.691328724104835,7.069882328370042],[80.691358890430408,7.0698852640307654],[80.691388218627807,7.0698877806934215],[80.691420060311358,7.0698919724567002],[80.691448130867357,7.0698965814350148],[80.691474526963674,7.0698957487878848],[80.691506957043714,7.0698925920389168],[80.69152451731091,7.0698981112235355],[80.691650213178718,7.0698916221030421],[80.691664381407392,7.0699360448069362],[80.691746341897272,7.0699416201546166],[80.691784028918406,7.069981997294847],[80.691813557440099,7.0700091563844287],[80.691831430320974,7.0700029382769261],[80.691863747213333,7.0699683138914287],[80.691884383312058,7.0699636451843455],[80.691904307046741,7.0699849909014478],[80.691937483626816,7.0699902372905914],[80.691947323772425,7.0699954061204711],[80.69199222067202,7.0700036184799302],[80.692017675333915,7.0699763461714058],[80.692036333342344,7.0699591850847039],[80.692051908332758,7.0699381059204622],[80.692069449735286,7.0699219718231756],[80.692130593565125,7.0698933275141851],[80.692135013276314,7.0698460386810353],[80.692130881025989,7.0698303815252004],[80.692128897545857,7.0698248061761708],[80.692129322448992,7.0698244781095765],[80.692130402223967,7.0698236436793263],[80.692135551367173,7.0698218116770306],[80.692141370653573,7.0698189954749635],[80.692143698188474,7.069818996366422],[80.692207359097722,7.0698014367799207],[80.692214682163922,7.0698005238989481],[80.692225360437675,7.0697977834729979],[80.692232378975007,7.0697929079395712],[80.692243362675981,7.069789556846092],[80.692256786201284,7.0697892546325471],[80.692271430537033,7.0697916955194797],[80.692285159489529,7.0697947461823949],[80.692310785729646,7.0698029790495616],[80.692327564462531,7.0698078590403197],[80.692341903371087,7.0698106048151095],[80.692370523696056,7.0698164770289322],[80.692446793358613,7.0698312542892898],[80.692468096905543,7.0698384565988661]]]},"properties":{"OBJECTID":7,"Division":"1","Field_No":"12B","Shape_Length":818.48660868215893,"Shape_Area":12552.523166476321}},{"type":"Feature","id":8,"geometry":{"type":"Polygon","coordinates":[[[80.691247394232292,7.0698585078851988],[80.691197639243626,7.0698670010649529],[80.69116686925021,7.0698715734926001],[80.691164247966213,7.0698725042031771],[80.691155606173169,7.0698755718037534],[80.691128535442104,7.0698610575329548],[80.691075869911941,7.0698274913298818],[80.691057473313208,7.0697964275237615],[80.69104555716099,7.0697713643038407],[80.691038842254244,7.0697351860418012],[80.69105056976025,7.0697131850713015],[80.691091386511843,7.0696756428317844],[80.691178731503555,7.0696514737653873],[80.691254516075844,7.0696469619565931],[80.691280093806938,7.0696380622553239],[80.691310539508521,7.0696332482327433],[80.69136502951703,7.0696190745018601],[80.691395347657874,7.0696202673097224],[80.691422582780675,7.0696494474185423],[80.691451498651347,7.0696760431088146],[80.69148159401,7.0697223076424853],[80.691493015190531,7.069797653316126],[80.69150647375011,7.0698615095159827],[80.69150625186623,7.0698670572285103],[80.691490924810864,7.0698670545540452],[80.691444443283103,7.0698683543395084],[80.691376361764355,7.0698598406556084],[80.691320716522412,7.0698545978309513],[80.691278164225707,7.0698545898075817],[80.691247394232292,7.0698585078851988]]]},"properties":{"OBJECTID":8,"Division":"1","Field_No":"12B","Shape_Length":136.16362950631327,"Shape_Area":1121.9905617752163}},{"type":"Feature","id":9,"geometry":{"type":"Polygon","coordinates":[[[80.691322098131309,7.0677957223411436],[80.691326235771513,7.0677912889652736],[80.691336728094015,7.0677845635705205],[80.691344423961041,7.0677796300690803],[80.691392603304706,7.0677602366116181],[80.691508406924612,7.0677647930133158],[80.691563681162336,7.0677762727205566],[80.691591708599205,7.0678062998605649],[80.691613972445211,7.0678225115912472],[80.69163177435918,7.0678360622263545],[80.691652250557794,7.0678491885122003],[80.691687046800325,7.0678912222218822],[80.69173369990628,7.0679130788579325],[80.691771405792025,7.0679249294208777],[80.691810292064048,7.06793845954871],[80.691862676421522,7.0679467432638372],[80.691910586270552,7.0679575588073442],[80.691952964294089,7.0679940456636814],[80.691987570093772,7.068035849356094],[80.691987569195476,7.06804064824001],[80.691988763056486,7.0680431640212458],[80.691992563828435,7.068045933876741],[80.691994303865158,7.0680479923242245],[80.691999239209309,7.0680506231074469],[80.692002094953608,7.0680540134390473],[80.692002606993327,7.0680540134390473],[80.692012399528252,7.0680658434941446],[80.692028453320674,7.0680875708560666],[80.692028710238844,7.0680891068910068],[80.692030437699131,7.0680915263912025],[80.692031251572772,7.0680943443867976],[80.692034224996362,7.0680991343552124],[80.692034262725599,7.0681021288655232],[80.692035769200345,7.0681045153805684],[80.692037420303848,7.0681068430573371],[80.692045803382086,7.0681147113357907],[80.692046895733455,7.0681152899118791],[80.692049393049942,7.0681191286617677],[80.692087423227505,7.068154107998275],[80.69211997817338,7.0681693595836697],[80.692139304528411,7.0681754332947273],[80.692142321969456,7.0681773963523513],[80.692145793958034,7.0681805245854195],[80.692161377931583,7.0681892718702084],[80.692166033001385,7.0681895018742464],[80.692168385689115,7.0681918545122757],[80.692173093759536,7.0681918554037724],[80.6921805919972,7.0681964813373179],[80.692189975798655,7.068196562462747],[80.69219714794788,7.0682001819057945],[80.692199795283031,7.0682036185937251],[80.69220921142383,7.0682036203766936],[80.692216727627809,7.0682074671492252],[80.692219449523108,7.0682106773990281],[80.69222886656226,7.068210679182009],[80.692232458026751,7.0682117944339922],[80.692238929490074,7.0682171469303965],[80.692240212284304,7.068217316313202],[80.692256329857116,7.068255335617474],[80.692269980656178,7.068277466814691],[80.692310247638773,7.0683534626187718],[80.692339600988987,7.0683870592395115],[80.692350687097942,7.0684181944594284],[80.692322666847573,7.0684707601556722],[80.692282014487731,7.0684898050115548],[80.692231602830617,7.0685092920445998],[80.692177862017061,7.0685375210061121],[80.692144170702306,7.0685809409165712],[80.692108053936309,7.0686209134403244],[80.692081266174526,7.0686701476245943],[80.692065339942857,7.0686959677771535],[80.692049813461495,7.0687638144266218],[80.692041371992772,7.0687957947511251],[80.692014657892855,7.0688863769822818],[80.691974693642507,7.0689440303415916],[80.691933548107528,7.068936918058264],[80.691890636484757,7.0689219874335185],[80.691812316866674,7.0689250693042016],[80.69180718029989,7.068947828967663],[80.691820121429885,7.0689844815623859],[80.691848701330642,7.0690052906496481],[80.691886996511215,7.0690173266138565],[80.691900412849947,7.0690243738174123],[80.691892380114709,7.0690624875528743],[80.691888058319876,7.0690864275379761],[80.69189743942637,7.069121968437849],[80.691872885774742,7.0691377085259735],[80.691838461434727,7.0691472340604706],[80.691804964156091,7.0691569690941227],[80.691787923115157,7.069165920510855],[80.691749491390667,7.0692249984306192],[80.691709674464022,7.0692325448634268],[80.691687972963379,7.0692268999712393],[80.691664513459742,7.0692278226597196],[80.691605026123312,7.0692777245026184],[80.691573362306158,7.0692899646101051],[80.691538052227287,7.0693052616238079],[80.691515121831344,7.0693358788283476],[80.691529961999848,7.0693779079453858],[80.691521930162878,7.0694390558686449],[80.691488393358412,7.0694964515195551],[80.691478381634553,7.069548507163196],[80.691459844898631,7.0695725032867411],[80.691417168634473,7.0695708246190128],[80.691357860062766,7.0695620452668662],[80.691295349895412,7.0695574674872237],[80.691260295836372,7.0695647482518229],[80.691178340736386,7.0695615228561799],[80.691154125749591,7.0695206348578132],[80.691121753161681,7.0694998837403711],[80.691014304772253,7.0694952284008412],[80.690998403693413,7.0694683786266781],[80.690993732453933,7.0694640816641874],[80.690994089085081,7.0694551614552354],[80.690989246267392,7.0694507066995875],[80.690983451235482,7.0694385191940361],[80.690984951422038,7.069400962668408],[80.690993910320358,7.0693927226621556],[80.691001903529767,7.0693841581548114],[80.691021709585129,7.0693714625003832],[80.691003409106159,7.0693450620280789],[80.690957450397931,7.069330618168018],[80.690924344784762,7.0693132279453534],[80.690914245924318,7.0692919873925915],[80.690918997113869,7.0691730131779593],[80.690939991640377,7.0691474043344042],[80.690955380679483,7.0691214192820819],[80.690944390690333,7.0690902912414275],[80.690939991640377,7.0690401861192802],[80.690923681828068,7.0689870971850111],[80.690889179334619,7.068898979043901],[80.69087839146637,7.0688651551311308],[80.690870682124611,7.0688250711926104],[80.690872670994651,7.0687752655814649],[80.690881993710676,7.0687399475267867],[80.69092182141712,7.0687167037753973],[80.690975937726463,7.0686969091879179],[80.691008003988856,7.0686830180298532],[80.691026359265038,7.068654800666577],[80.691024899502693,7.0686182229306613],[80.690971992325743,7.0685364235846748],[80.690962286927402,7.0685318769969223],[80.690911704590377,7.068497324711724],[80.690863607891743,7.0685318769969223],[80.690818504379649,7.0685629292987482],[80.690734423865678,7.0686221659804156],[80.69070035975011,7.0685935902353423],[80.690655763786154,7.0685250357195377],[80.690645363990114,7.0684924277688763],[80.69063325470006,7.0684419624207697],[80.690622971685031,7.0683778804782325],[80.690610573137448,7.068330910642783],[80.690612274546638,7.0682882930482593],[80.690621488566492,7.0682533886069452],[80.690631978194062,7.0682337098931161],[80.690663016783773,7.0682094801300819],[80.690692502186337,7.0681956665168792],[80.690746783785684,7.0681839692968591],[80.690790085277342,7.0681713859370028],[80.690821436480732,7.068160477683711],[80.690846300051163,7.0681474173768439],[80.690855100846022,7.0681289065085098],[80.690854100122806,7.0681038574619555],[80.69083104935261,7.0680664862574911],[80.690791164153993,7.0680298006048714],[80.690733799536559,7.0679990433500635],[80.690684870997984,7.0679693041734817],[80.690656919917942,7.0679340199337872],[80.690637388747021,7.067910195782515],[80.690628933803566,7.0678662364581371],[80.690630239055679,7.0678335624908017],[80.690652426544858,7.0678048396012585],[80.690656748339705,7.0677957490858434],[80.690680836664072,7.0677663673833795],[80.690710021130997,7.0677476594806246],[80.690744720355482,7.0677410829639591],[80.690791956468061,7.0677429417191977],[80.690861274966949,7.0677400800385062],[80.690863436313535,7.0677423952362286],[80.690879031965181,7.0677497018826294],[80.690957740553756,7.0677559449821796],[80.691042068104423,7.0677705208318766],[80.691116310269408,7.0677872817211753],[80.691128535442104,7.067800379480766],[80.691143556171966,7.0678100084555782],[80.691180290080538,7.0678215532404165],[80.691233859315901,7.0678269717115239],[80.691283188503107,7.0678167267180516],[80.691314354653571,7.0678040185397197],[80.691322098131309,7.0677957223411436]]]},"properties":{"OBJECTID":9,"Division":"1","Field_No":"12B","Shape_Length":773.68397758656533,"Shape_Area":24334.250649269117}},{"type":"Feature","id":10,"geometry":{"type":"Polygon","coordinates":[[[80.69131738736597,7.0675635838403519],[80.691348304683075,7.0675418930048748],[80.691351055324475,7.0675405682511672],[80.691392762306492,7.0675271326096247],[80.691398976851644,7.0675335531186203],[80.691411647588708,7.0675594803134345],[80.691423062481022,7.0675814760375202],[80.691454667009367,7.0675861527921064],[80.691475149496156,7.0675723703623969],[80.691490662502801,7.0675406270894818],[80.691497018981721,7.0674568029792564],[80.691506094661079,7.0674256694775393],[80.691511012937255,7.0673956788639121],[80.691505860200763,7.0673255720860917],[80.691506106339162,7.0673136136374337],[80.691515620396331,7.0672952801422602],[80.691533143832572,7.0672785664840712],[80.691541950915621,7.0672694679348789],[80.691546534120207,7.0672650969582733],[80.691562601387389,7.0672435799493707],[80.691575665586541,7.0672372878109337],[80.691649832293038,7.0672387908635725],[80.691706913941132,7.0672376337091807],[80.691764318982763,7.0672181287926916],[80.691777888933416,7.0672137578155638],[80.69178291141418,7.0672291235427585],[80.691839327410662,7.0673542245776817],[80.691838414722312,7.0673986074085002],[80.691848667194648,7.0674337749039129],[80.691832181312549,7.0675136764633901],[80.691825112469601,7.0675639404362043],[80.691816035891961,7.0675861527921064],[80.691811633248747,7.0676047813587868],[80.691825112469601,7.0676307566900496],[80.691833644668151,7.0676482147292266],[80.691820239109177,7.0676941977552836],[80.691780090704199,7.0677288847154598],[80.691735248601816,7.067769116736268],[80.691715706651124,7.0677785281883398],[80.691681240090332,7.0677868689616767],[80.69167683654878,7.0677914182312094],[80.691649525069195,7.0677957892028411],[80.691640891361033,7.0677868689616767],[80.691619817782751,7.067781769643239],[80.691577985934927,7.0677556463332607],[80.691552757648509,7.0677434962255479],[80.691483538862585,7.0677378941066689],[80.691449726275309,7.0677281804388761],[80.691412458767417,7.0677191621325726],[80.691373497036906,7.0676929443211769],[80.691348832892473,7.0676485980697139],[80.691326277094021,7.0676174645809224],[80.691316772019988,7.0675935423494867],[80.69131738736597,7.0675635838403519]]]},"properties":{"OBJECTID":10,"Division":"1","Field_No":"8B","Shape_Length":216.52591739696211,"Shape_Area":2419.6608047193295}},{"type":"Feature","id":11,"geometry":{"type":"Polygon","coordinates":[[[80.690000179579997,7.0661480351614037],[80.690032287164897,7.0661700211462497],[80.69008203496702,7.0662155692711606],[80.690126647998966,7.0662617539169945],[80.690146855601284,7.0662904626385528],[80.690167119797465,7.0663640142983919],[80.690178704471364,7.0664168521333268],[80.69019130963143,7.0664534104306593],[80.690218940911265,7.066487390530992],[80.690264502564148,7.0665052292803114],[80.690270373952842,7.0665112958813285],[80.69029943535061,7.0665252914091807],[80.690319396814544,7.0665555156501219],[80.690324382464368,7.0665602699748105],[80.690332618218903,7.0665687792620382],[80.690337771853677,7.0666328605639226],[80.690326880679166,7.0666962482766884],[80.690319799259768,7.0667030022150241],[80.690315395718272,7.0667209327796172],[80.690310471153879,7.0667400071268114],[80.690310917616571,7.0667617006744248],[80.690341946324793,7.0667912946156211],[80.690391780365189,7.0667966694157665],[80.690429401809283,7.0668030400114263],[80.690437590851417,7.0668363844529196],[80.690411105821894,7.0668519917867396],[80.690373667634134,7.0668969175837626],[80.690373814957823,7.0669040753645049],[80.690437452510864,7.0669245751980903],[80.690487410518784,7.0669306346616887],[80.690504060792549,7.0669302976781028],[80.690533000917725,7.0669497714045848],[80.69057285647196,7.0669909502564074],[80.690580405015297,7.0670063953336966],[80.690590334094125,7.0670209373303834],[80.690633231343881,7.0670292504811369],[80.690655906618275,7.0670445074526231],[80.690662198418551,7.0671147444306861],[80.69069282468152,7.0671267358696213],[80.690730719213448,7.0671430118114795],[80.690759464404238,7.067201828783233],[80.690780450845907,7.0672276374284317],[80.690896525757026,7.0672378842179375],[80.69094476349116,7.067257308007993],[80.69098928669159,7.0672918586029434],[80.691011842490056,7.0673051507214337],[80.691021743721123,7.0673201420197369],[80.691050929086387,7.0673583236489987],[80.691042875689845,7.0674051946279359],[80.69104348744257,7.0674349311663365],[80.691024392852896,7.067453142521849],[80.690982591547765,7.0674522956064836],[80.690947275180704,7.0674530114728435],[80.690929917932749,7.0674618871459636],[80.690914549554876,7.0674777663630381],[80.690902934338283,7.0675186456272963],[80.690879959924885,7.0675335976931013],[80.690831288304466,7.0675326117054764],[80.69079665196206,7.0675148995873451],[80.690777314827272,7.0675104162853293],[80.690740672546823,7.0675197385937301],[80.690711517724253,7.0675346478679968],[80.690693123820495,7.0674970109535566],[80.69062337952019,7.0674818128353722],[80.690616440932899,7.0674746443656504],[80.690578655995424,7.067460706813395],[80.690510782885823,7.0674442820038816],[80.690481734064491,7.0674344114276852],[80.690339996082315,7.0674045046146761],[80.690325950922869,7.0673973227714475],[80.690319787581686,7.0673534944473486],[80.690305197144866,7.0673253777412359],[80.690269847540108,7.0673139907377749],[80.690226906272898,7.0673148608321323],[80.690173977536347,7.0673328448624471],[80.690110266321469,7.0673773319996203],[80.690098284592182,7.0674018488660586],[80.690081210313593,7.0674540812607054],[80.690072240635459,7.0674996880973717],[80.690019596664868,7.067488983979394],[80.690014351401942,7.067483564612858],[80.689982707347724,7.0674759067152593],[80.689923430217092,7.0674702724994942],[80.689862075283159,7.067482748008179],[80.689857088735039,7.0674523419639463],[80.689847031197104,7.0673980734059905],[80.689816560342692,7.0673096999956986],[80.689809266022564,7.0672578339872487],[80.689801180286679,7.0672265141506241],[80.689771108284248,7.0671871726814626],[80.689762731494227,7.0671445772687509],[80.689758148289627,7.0671223648916666],[80.689753745646428,7.0670849980652743],[80.689775483079686,7.0670708510009632],[80.689780614256563,7.0670252664092246],[80.689740175695775,7.0669796336724753],[80.689731279679521,7.0669612671788942],[80.689746684888291,7.0669315805335113],[80.689803703654334,7.0669261094539175],[80.689848013055737,7.0669439508607947],[80.689873751585239,7.0669483218404414],[80.689900689365658,7.0669280315083007],[80.689932705322377,7.0668949518461908],[80.689952589531202,7.066890426638115],[80.690007685004218,7.0668997551994233],[80.690038507099928,7.0668991311557656],[80.690061528225712,7.0668642747500376],[80.690070092763634,7.0667599925772402],[80.690062846054218,7.066710762646899],[80.690041839849627,7.0666387069648717],[80.69002809203252,7.0665827257561435],[80.690001394102268,7.0665669936043942],[80.689960342890416,7.0665603591239901],[80.689929159671976,7.0665478033561708],[80.689921292226686,7.0665237339732423],[80.689915500788075,7.06645322143439],[80.689886950531715,7.0664015291707374],[80.689908334927068,7.0663118655808432],[80.689943292866332,7.0662328704611559],[80.689961926620271,7.0662055827747254],[80.690000179579997,7.0661480351614037]]]},"properties":{"OBJECTID":11,"Division":"1","Field_No":"8B","Shape_Length":585.33593850779869,"Shape_Area":9207.4084425933743}},{"type":"Feature","id":12,"geometry":{"type":"Polygon","coordinates":[[[80.690041777865858,7.0661012879724288],[80.690075938999513,7.0660548634990574],[80.690109230563905,7.0659926604921237],[80.690119673479103,7.065960712958911],[80.69011728216384,7.0658443642249562],[80.690091450209493,7.0657694467149668],[80.690086242675832,7.0657498133614958],[80.690120746067535,7.0657273566482219],[80.690146031846169,7.065708309895558],[80.690183625442501,7.0656861571794716],[80.690208769287281,7.0656672165127832],[80.690227712061684,7.0656476455595314],[80.690235485183834,7.065641523674584],[80.690275630893893,7.0656551644144363],[80.69029949643604,7.065654680333556],[80.690319799259768,7.065619132035077],[80.690343029693025,7.0656008492878168],[80.690370563954815,7.0656014073626983],[80.690389012655814,7.0656261133199569],[80.690411215416376,7.0656472898536746],[80.690452540614373,7.0656741853160101],[80.690484163109005,7.0656894155874141],[80.690535562912928,7.0656949588925828],[80.69055544442682,7.0657017146284922],[80.690584898388352,7.0657664138553589],[80.690625426780699,7.0658510718180692],[80.690649999296966,7.0659099477927247],[80.690667178678453,7.0659625004018771],[80.690749767989075,7.0659670416659148],[80.690823038176902,7.0659536603596838],[80.690877664729328,7.0659439172351206],[80.690935457843125,7.0659359080638451],[80.69101321960737,7.0658994477897954],[80.691081912878843,7.0658532247735595],[80.69109659045229,7.065838058695074],[80.691160298972207,7.0657940037838705],[80.691262906340597,7.0657272229242434],[80.691366050003211,7.0656671844190146],[80.691381218955087,7.0656874979853495],[80.691483406810249,7.0658051162449178],[80.691489500082824,7.0658422701079342],[80.691502286702587,7.0658609959176442],[80.691517246347004,7.0658752642620524],[80.691537836631611,7.0659234129005668],[80.691559290197233,7.0659438753349511],[80.691600451901863,7.0659670416659148],[80.691616733866383,7.0659779972200862],[80.691622951106467,7.0660033120467025],[80.691631904614908,7.0660205659955251],[80.691636308156433,7.0660295754200533],[80.691659430791859,7.066056919280931],[80.69168582329489,7.0660696301817802],[80.691694719311172,7.0660741794682078],[80.691709080677597,7.0660785504560861],[80.691746139776328,7.0660691220310348],[80.691826047615805,7.0660707409814956],[80.691903203915572,7.0660485758019096],[80.691955048385566,7.0660041892754899],[80.692009867177433,7.0659983535644102],[80.69205504255477,7.066016543580754],[80.692069898892925,7.0660318933008783],[80.69206684911255,7.0661802117951993],[80.692072239004276,7.0662168218177657],[80.692076641647475,7.0662793564296233],[80.692081224852032,7.0663283314391938],[80.692085628393571,7.0663864050103475],[80.692090211598128,7.06640861831427],[80.692094615139666,7.0664443903164775],[80.692099199242563,7.0664755345822092],[80.692099092343042,7.0664807275216859],[80.692095189163155,7.0664920485752774],[80.692090121766626,7.0665067457077049],[80.692081224852032,7.0665380575696357],[80.692071597607139,7.0665659799784741],[80.692050158414574,7.0665973765280929],[80.691964333372312,7.0666953995769557],[80.69193850770624,7.0667299831990773],[80.691920105717628,7.0667975377281227],[80.691914952082854,7.0668863864010545],[80.691905526060566,7.0669137239707949],[80.691878941318038,7.0669572429892842],[80.691873823615879,7.0669677135489923],[80.691865551030432,7.067002545876675],[80.69187514503767,7.0670303701934785],[80.691874440758482,7.0670646480092509],[80.691861422373378,7.0670770646905101],[80.691846670239769,7.0670968183388307],[80.691822892732532,7.0671194969666695],[80.691798063298052,7.0671356570150303],[80.691793419906361,7.0671404550168262],[80.691769556160835,7.0671519472204292],[80.691676443985017,7.0671579781533191],[80.6916321741095,7.06718061755259],[80.691572611314584,7.0672093030383394],[80.691517206821132,7.0672248158615831],[80.691447593674837,7.0672293241280908],[80.691380435624154,7.0672415892515819],[80.691344339519418,7.0672293241280908],[80.691293856895399,7.0672204930250127],[80.691267954872487,7.0672472546722904],[80.6912324318929,7.0672650069177241],[80.691188086558924,7.0672262823631726],[80.691102865184547,7.0671988298096373],[80.691072332346337,7.0671832153556231],[80.691036850689244,7.0671564893642849],[80.691016847902816,7.0671358219407718],[80.691000147323365,7.0671304417956406],[80.690975319685563,7.0671404389699868],[80.690966910556156,7.0671491274360907],[80.690947175467699,7.0671679503653229],[80.690930874638539,7.0671757999384512],[80.69089501928228,7.0672071117550654],[80.690855128693784,7.0672148427593031],[80.690832113856217,7.0672070226060137],[80.690796490265313,7.0671984018942862],[80.690780836223155,7.0671903963107017],[80.690771137113032,7.0671705508428717],[80.690764715955382,7.0671307609492526],[80.690777528626271,7.0671060720107599],[80.690845593975354,7.0671000633644372],[80.690877754560873,7.0670946181400929],[80.690962579778187,7.0670963360424066],[80.690997300562245,7.0670904575536166],[80.691050280502751,7.0670705541346175],[80.691083643932387,7.0670419889914777],[80.691110637408372,7.0670207447683815],[80.691138101601567,7.0669923686182159],[80.691151817079302,7.0669504123865021],[80.691150937628649,7.0669076743134198],[80.691132706319962,7.0668809741593552],[80.691095177402318,7.0668565490888904],[80.691088227136973,7.0668272814375674],[80.691101441354817,7.0667889571258362],[80.691059925713958,7.0667832043333565],[80.691052399628504,7.066782161288705],[80.691002945575462,7.0667653575713407],[80.69097341974873,7.0667558462516205],[80.690895965208298,7.0667574152761512],[80.690863566569249,7.0667833772826585],[80.6908495582407,7.0667877491553286],[80.690824033510239,7.0667746959415823],[80.690784857082363,7.0667411535845774],[80.69078480138684,7.0667403200402648],[80.690783562610051,7.0667389061351127],[80.690782874500542,7.0667372648997269],[80.690781356347713,7.0667362904997653],[80.690779486055291,7.0667360426652195],[80.690778342499939,7.0667355764152671],[80.690777726255646,7.0667353259062304],[80.690776175763474,7.0667344139106731],[80.690775112158178,7.0667333904787215],[80.69077419677491,7.0667325087938382],[80.690773232882592,7.0667309807778276],[80.690773233780916,7.0667232756187133],[80.690772887031216,7.0667214926361446],[80.690771306894646,7.0667207839005748],[80.690770249577525,7.0667199129135758],[80.690749035862098,7.0667199084561174],[80.690748071969821,7.0667189456455377],[80.690744242451757,7.066718879675185],[80.690742686569692,7.0667179810519647],[80.690738829203852,7.0667179801604556],[80.690735372486614,7.0667170164583917],[80.690731515120817,7.0667170164583917],[80.690729613387361,7.0667175201509673],[80.690727885927046,7.0667179783774747],[80.69072595724414,7.0667179783774747],[80.690722328050398,7.066718940296596],[80.690720798219473,7.0667199031071757],[80.69071694175193,7.0667199031071757],[80.690715216088279,7.0667195741469087],[80.690714276450521,7.066717975703023],[80.690712958621972,7.0667169888221579],[80.690712488803101,7.0667151728543747],[80.690712489701383,7.0667115480507432],[80.690712489701383,7.0667093933162546],[80.690710561916816,7.0667069024895364],[80.690710561916816,7.0667049768682757],[80.69070646290416,7.0667015990076685],[80.690702848981772,7.0667006201501854],[80.690701973124376,7.0666992347726625],[80.69069846789813,7.0666977441991596],[80.690697008135814,7.0666966690606117],[80.690696146651433,7.0666949458078552],[80.690694809958273,7.0666935639962691],[80.690693145380067,7.0666929274714656],[80.690689295200769,7.066692898052251],[80.690687570435401,7.0666920359801049],[80.690685658820485,7.066691962877842],[80.690682030525068,7.0666909991757016],[80.690680100943837,7.0666909982841926],[80.690678335754313,7.0666903118358642],[80.6906745439655,7.0666900345820398],[80.69067199544503,7.0666881624502285],[80.690670122457647,7.0666881062862634],[80.69066717508521,7.0666864623761958],[80.690665529371628,7.0666861797734422],[80.690661672904085,7.0666861788819704],[80.690658215288551,7.0666852151798052],[80.690643527833672,7.0666852125053277],[80.690638850306001,7.0666833287840705],[80.690579264154891,7.0666370889079051],[80.690559021518254,7.066611742022328],[80.690558769989977,7.0666108130881797],[80.690557727045942,7.0666101203992717],[80.690557266210192,7.0666098146176912],[80.690556803577834,7.0666089641348124],[80.690556410115732,7.066608242918174],[80.690555499224047,7.0666073318138718],[80.690540180253493,7.0665881513736908],[80.690484901524187,7.0665213536904687],[80.69046816501212,7.0664933644170969],[80.690447507353838,7.0664595492431799],[80.690357456636505,7.0663886774232481],[80.690337752989066,7.0663773563671377],[80.690316022742351,7.066365257929724],[80.690286854445063,7.0663373310513036],[80.690253167621904,7.0663018612566235],[80.690205307180193,7.0662572180047869],[80.690144710424363,7.0662005476263072],[80.690108148094012,7.0661644662573604],[80.690072406823788,7.0661330732443268],[80.690041777865858,7.0661012879724288]]]},"properties":{"OBJECTID":12,"Division":"1","Field_No":"8B","Shape_Length":824.49671914860176,"Shape_Area":24455.713745762754}},{"type":"Feature","id":13,"geometry":{"type":"Polygon","coordinates":[[[80.694121050028954,7.0672338742946037],[80.694135732992279,7.067262167521335],[80.694174515059714,7.0673860115463931],[80.694175813125298,7.067405942587988],[80.694177994234792,7.0674394367563069],[80.694179461183651,7.0674619629225903],[80.694170475335881,7.0674880247363658],[80.694161776050663,7.0675498807525701],[80.694151424763646,7.0675853896769905],[80.694161578421301,7.0675950739286089],[80.694169862684831,7.0676036331202159],[80.694205449444823,7.0676298206260393],[80.694211518462907,7.0676606813182099],[80.69423818046053,7.0676934685169561],[80.694251441390747,7.0676931992871497],[80.694300818188665,7.067755787188565],[80.694305271137523,7.0677511862123348],[80.69431597636077,7.0677460307296531],[80.694359638975158,7.0677469150870804],[80.6943681765636,7.0677557354822111],[80.694384735209226,7.0677665126961289],[80.694399871821787,7.0677918256417653],[80.694410138667152,7.0678016177592884],[80.694457430475268,7.0677936104032062],[80.694502972365257,7.0678315619891441],[80.694521738171517,7.0678359329603939],[80.694556388886994,7.067818212830522],[80.694574953470649,7.0678137206165399],[80.694592806588602,7.0677838655344649],[80.694613333991171,7.0677570103118841],[80.694678297457557,7.067751275361247],[80.69468270010077,7.0677467260913334],[80.694721721120104,7.067732332996207],[80.694732125407711,7.0677110424473772],[80.694752781269329,7.0677066714749444],[80.694837893049254,7.0677444946935806],[80.694850894366354,7.0677579276543474],[80.694889597382073,7.0677703951318893],[80.694925827335808,7.0677947746881085],[80.69494330585627,7.0678181807368929],[80.694956875806952,7.0678359329603939],[80.694973006854497,7.0678575346331813],[80.694979251942343,7.0678901568924832],[80.694964048854501,7.0679342499379016],[80.69493881338154,7.067965282667128],[80.694934409840002,7.0679826060788695],[80.694975058606644,7.0680293923030089],[80.695016258040482,7.0680642316826043],[80.695037540926208,7.0680862211422442],[80.69507176224694,7.0681341083443163],[80.695105024166978,7.0681501275020056],[80.695133740611681,7.0681860821245124],[80.69516305802928,7.0682304728988301],[80.695167966423995,7.0682541124955041],[80.695149341653206,7.0682968459866027],[80.695120874940159,7.0683239953689156],[80.695048602780616,7.068331790541607],[80.694997856950195,7.0683577408703133],[80.694971178782907,7.0684044521715128],[80.694940843574088,7.0684441376514018],[80.69488883201744,7.0685056422933723],[80.694861710082364,7.0685232946438683],[80.694833347573919,7.0685324306108477],[80.694786460007677,7.0685314802848485],[80.694716691452811,7.0685761669999074],[80.69468728330537,7.0686299638225467],[80.694612813866613,7.0687117569115943],[80.694588342859959,7.0687235423754933],[80.694583940216745,7.0687280916358022],[80.694557084183018,7.0687386067297249],[80.694471461261713,7.0687566727214586],[80.694354829395124,7.0687543102799433],[80.694313744047264,7.0687366641786902],[80.694305360969054,7.0687280024870427],[80.694268623467195,7.0687009681303801],[80.694250127155485,7.0686818573131394],[80.694231417044747,7.0686535285138117],[80.694213295330528,7.0686164488702605],[80.694203853138575,7.0685982544988475],[80.694187480444199,7.06858536091256],[80.694142289795522,7.0685945485846213],[80.694113903032544,7.0686090646781707],[80.694026761958412,7.0686836714901942],[80.694021205878357,7.0686835591627606],[80.694003394981252,7.0686831981103149],[80.693986344058828,7.0686744784709967],[80.693977267481188,7.068670106616163],[80.693957031132783,7.0686548639621982],[80.693927447813863,7.0686203901370597],[80.693927015724199,7.0686202751351743],[80.693917660668816,7.0686129595876857],[80.693914735754277,7.0686127474136207],[80.693912929242245,7.068610660441065],[80.693912346235635,7.068608232028688],[80.693909917191078,7.068603757652185],[80.693907374060529,7.0686026798436004],[80.693905397766883,7.0686004876754707],[80.693905284579174,7.0685983044221823],[80.693893022575537,7.0685866089953331],[80.693866419866723,7.068580171562683],[80.693855830526132,7.0685535205370815],[80.693835136935277,7.0685232144099741],[80.69384510553995,7.068515369317141],[80.693877038851682,7.0684902364916846],[80.693886913133269,7.0684700327015459],[80.69389638946123,7.0684438407858963],[80.693878416867321,7.0684203277902471],[80.693865002325211,7.0684000170185008],[80.693860534104971,7.068264126583772],[80.693853108630833,7.0682136870639063],[80.693828378909359,7.0681099962525566],[80.693816946050745,7.068051859602301],[80.693802122051935,7.0679416706918543],[80.69381249579682,7.067871199377838],[80.693847794197609,7.067780599117885],[80.693859608840228,7.0677444554680413],[80.693882155655544,7.0676853158462034],[80.693898483434154,7.0676278495426423],[80.69392517687281,7.0674921122171313],[80.69395075729885,7.0674428181775069],[80.693959384718852,7.0674345897257007],[80.693974796215855,7.0674030550519955],[80.694004013022138,7.067346754782375],[80.69404475521354,7.0673007797451586],[80.694087981246696,7.0672453281618104],[80.694118058639049,7.0672276044432927],[80.694121050028954,7.0672338742946037]]]},"properties":{"OBJECTID":13,"Division":"1","Field_No":"10B","Shape_Length":569.3678548646327,"Shape_Area":14338.880682120511}},{"type":"Feature","id":14,"geometry":{"type":"Polygon","coordinates":[[[80.693806217471305,7.0684706754643196],[80.693770336962231,7.0684362649211385],[80.693754550867752,7.068370720937307],[80.693759363142746,7.0683544040302362],[80.693766217288356,7.0683311611509545],[80.693770539083189,7.0683112114280151],[80.693743579743199,7.068295478443634],[80.693729072849663,7.06828556866013],[80.693694347574038,7.0682385720706691],[80.693683484247302,7.0681778982603936],[80.693641034358564,7.068129312135806],[80.69363591485974,7.0681079734649046],[80.693631249908478,7.0680903023772901],[80.693626928113645,7.0680582961508209],[80.693655755949436,7.0680209775405176],[80.693740114941122,7.0679750043533529],[80.6937683786349,7.0679720178656229],[80.69377205993095,7.0679911608058044],[80.693798740793198,7.0680803301851842],[80.693809295997809,7.0681243189083194],[80.69381996439013,7.0682018115466727],[80.693824629341393,7.0682328638706471],[80.693832546193974,7.0682985433802292],[80.693820359648853,7.0684146311818461],[80.693814786500823,7.0684464064882393],[80.693811106103084,7.0684568306568352],[80.693806217471305,7.0684706754643196]]]},"properties":{"OBJECTID":14,"Division":"1","Field_No":"10B","Shape_Length":130.41748570026709,"Shape_Area":654.95505450895143}},{"type":"Feature","id":15,"geometry":{"type":"Polygon","coordinates":[[[80.694775666749521,7.0662026105394551],[80.694814293408413,7.0662364248406906],[80.694871602330281,7.0662859606033486],[80.694929322680551,7.066340796280806],[80.694987248745022,7.0663893121655281],[80.69502257858683,7.066417239932278],[80.695052355043543,7.0664432839751372],[80.695063134826938,7.0664535905119985],[80.695071942808312,7.0664658538730674],[80.695084563239746,7.0664846411704563],[80.695092188139867,7.0664950778641655],[80.695101915996105,7.0665060369717789],[80.695139382929952,7.0665451761303482],[80.695176117736892,7.0665849491360486],[80.695160892191126,7.0665943409994405],[80.695153677821096,7.0666017956515539],[80.69514559028859,7.0666183444083011],[80.695139795256694,7.0666238716554863],[80.695131614299385,7.0666654722117999],[80.695132341036469,7.0667008162782752],[80.695130905528643,7.0667706423311545],[80.69511986972536,7.0668133884403277],[80.695033170622338,7.0668591148000379],[80.69501311573363,7.0668742211151372],[80.694978063471254,7.0669512200771942],[80.694965862553047,7.0670063953336966],[80.69494245694834,7.0670970536923328],[80.694900038500592,7.0671862071973726],[80.694839836105217,7.0672649668006882],[80.694814194593732,7.0672783881860299],[80.694772142658678,7.0672603274854797],[80.694726108491921,7.0672050862889799],[80.694703055026807,7.0671579139660228],[80.694684034997294,7.0671212630094002],[80.694672532968397,7.0670923154199672],[80.694646754912981,7.0670465391598354],[80.694633997039332,7.0670204354210817],[80.694610808826894,7.0669930149490252],[80.694550285732944,7.0669192850911164],[80.694542103877353,7.0669114818711378],[80.694524470846616,7.0669038070257502],[80.694476112738244,7.0669136392791501],[80.69445210436399,7.0669317240635223],[80.694440157669021,7.0669617922669721],[80.694407131107596,7.0670317520040218],[80.694389419923468,7.0670402817868716],[80.694307301330056,7.0670491387465875],[80.694264922408223,7.0670599204344517],[80.694236209556792,7.0670668687123879],[80.694199416359382,7.0670543673392547],[80.69424768822951,7.0669836739087213],[80.694269325949719,7.0669394006914574],[80.69433896245225,7.0668052107922978],[80.694371455414398,7.0667463795062408],[80.694424752460193,7.0666683294417245],[80.694450405649775,7.0665966348071567],[80.694472688360378,7.0665601594298746],[80.694495010596881,7.0665309568386929],[80.694541298986863,7.066486808386867],[80.69456186411864,7.0664655596807924],[80.694624834223447,7.0663758256754408],[80.694663910039978,7.0663385568528279],[80.694678207626026,7.0663194102782008],[80.694742730019641,7.0662381552270883],[80.694775666749521,7.0662026105394551]]]},"properties":{"OBJECTID":15,"Division":"1","Field_No":"10B","Shape_Length":370.47689200605896,"Shape_Area":6283.7687659153517}},{"type":"Feature","id":16,"geometry":{"type":"Polygon","coordinates":[[[80.694787684411395,7.0661896420009676],[80.694803342945136,7.0661701842893541],[80.694809802730319,7.0661504234694936],[80.694808417528165,7.0660830560593126],[80.694808941245967,7.0660575709619931],[80.694804016681587,7.0660384965866188],[80.694799530495047,7.0660065936311947],[80.694786342328371,7.0659683459197895],[80.694781473459528,7.0659485173378682],[80.694781938786861,7.0659258885761398],[80.694795268887361,7.0659063666659465],[80.694811961381944,7.0658778638553938],[80.694816090937309,7.0658668298474607],[80.694826340714684,7.0658613801511301],[80.69485091412929,7.0658469468800895],[80.694893540087861,7.0658170863219762],[80.69497143210782,7.0657610479581843],[80.695019908793824,7.065726188792155],[80.695059235240322,7.0657063673317744],[80.695088310112808,7.065707027036753],[80.695138023778938,7.0657240625808289],[80.695180143087683,7.0657333483740068],[80.695216025393378,7.065745171356582],[80.695253755533642,7.0657546951780326],[80.695316331278008,7.0657728299313352],[80.695339863545186,7.065779092670442],[80.695377060984455,7.065797174824711],[80.695432266051938,7.0658235728252414],[80.695440764114522,7.0658323531398999],[80.695449896387728,7.0658972939430242],[80.695473593944911,7.0659581204979496],[80.695487905904002,7.0659963548378322],[80.69548064931314,7.0660527087615019],[80.695487882547809,7.0661370448430194],[80.695496312338435,7.0661778992640922],[80.695495740111596,7.0662057156070679],[80.695496098539408,7.0662231469553349],[80.695515057483476,7.0662541815824111],[80.695545754713365,7.0662834599679405],[80.69557106654311,7.0663096118888662],[80.695576848100288,7.0663507221528414],[80.695581431304873,7.066372934567049],[80.695585834846383,7.0664492854980478],[80.695576488774194,7.0664672954152667],[80.695561415043713,7.0664816716114576],[80.695491001498468,7.0665069168741148],[80.695451910410583,7.0665332203359901],[80.69543456034917,7.0665415762871504],[80.695325228192559,7.0665468895772641],[80.695265659109438,7.0665515360315583],[80.695235284374746,7.0665670693811986],[80.695220958940908,7.0665740970093047],[80.695215407352464,7.0665754413785749],[80.695207027867482,7.0665774686304017],[80.695199726360869,7.0665792355666905],[80.695186906503423,7.0665660504062977],[80.695161435671864,7.0665387342117922],[80.695135143780149,7.0665110106039704],[80.695119121428718,7.0664955182610942],[80.695111315967239,7.0664863448111888],[80.695102894261453,7.0664761523860005],[80.69509611557433,7.0664649409854787],[80.695084612647094,7.0664502634645814],[80.6950768071856,7.0664419057287873],[80.695037778979753,7.0664056202270693],[80.694986426786528,7.0663609769852451],[80.694942263810532,7.0663214303992365],[80.694910424821941,7.0662922803909964],[80.694849212720158,7.0662411140897552],[80.694787684411395,7.0661896420009676]]]},"properties":{"OBJECTID":16,"Division":"1","Field_No":"10B","Shape_Length":300.38376809235842,"Shape_Area":5989.7688937484163}},{"type":"Feature","id":17,"geometry":{"type":"Polygon","coordinates":[[[80.69507428651292,7.0652015607894718],[80.695075970854077,7.0651940954168149],[80.695106428233771,7.0652020020790935],[80.695193072539539,7.0652300377883854],[80.695238587480048,7.0652475119651372],[80.695334049648665,7.0652723249205804],[80.695414653682491,7.0653016203066707],[80.695501048256617,7.0653100074823794],[80.695592928842203,7.0653412276015164],[80.695739594083676,7.0653857327602596],[80.695830826983922,7.065416731783837],[80.695891604301124,7.0654428356131218],[80.695891314145285,7.0654569354781165],[80.695875669086305,7.0654952233490489],[80.695847661412373,7.0655410710822872],[80.695842037060373,7.0655924594428843],[80.695825533211959,7.0656628749402914],[80.695814686953241,7.0657619768940245],[80.695783016847884,7.0658933660253949],[80.695757607101783,7.0659090562998887],[80.695729707225652,7.0658644531272765],[80.695725124021095,7.0658600821373758],[80.695718922950661,7.0658473944095643],[80.695698254512621,7.0657841661576608],[80.695691887253886,7.065765700660843],[80.695673174448217,7.0657382961612019],[80.695606568861464,7.0656664168432854],[80.695575883309672,7.0656544021876364],[80.695566539034104,7.0656588239945952],[80.695554001247672,7.0656891829076764],[80.69554296903766,7.0657379547193058],[80.695516890944944,7.0657762764436942],[80.695497834982845,7.0658011606902278],[80.69548078406045,7.0658106167570214],[80.695465237816109,7.0658160914157833],[80.695446683113943,7.065816588868886],[80.695423614377447,7.0658031513942126],[80.695387005334666,7.0657767738968733],[80.695344135932672,7.0657617558037327],[80.695294656726816,7.0657432163120477],[80.695234613333255,7.0657326993669773],[80.69515405421518,7.0657142258446406],[80.695109120484673,7.0657005298339612],[80.695071889807735,7.0656919295984544],[80.695048139249948,7.0656925670161401],[80.695038831805277,7.0656976627916306],[80.695013797554935,7.0657142258446406],[80.694862307462046,7.0658241139614946],[80.694846581554685,7.0658346246640651],[80.694837915507122,7.0658409952729686],[80.694830533152142,7.0658416317989543],[80.694826594937936,7.0658387692149986],[80.694840111887984,7.065788017407816],[80.694887514188935,7.0656850945194867],[80.694887813327895,7.0656844446208842],[80.694946424806957,7.0655942673916501],[80.694970355027806,7.0655612366662544],[80.69498909208798,7.0655328675584599],[80.695006796085607,7.0654883089242242],[80.695015197130147,7.0654540987450849],[80.695024814493564,7.0654168476780335],[80.695037663995421,7.0653515100926088],[80.695043055683726,7.0653358723973154],[80.695063355812536,7.0652967536407454],[80.695069115810128,7.0652266197997502],[80.695073748422061,7.065204171084515],[80.69507428651292,7.0652015607894718]]]},"properties":{"OBJECTID":17,"Division":"1","Field_No":"10B","Shape_Length":368.22237754414368,"Shape_Area":4947.7407624354864}},{"type":"Feature","id":18,"geometry":{"type":"Polygon","coordinates":[[[80.690805155414537,7.0615785247908471],[80.690859073196194,7.0615558030991252],[80.690905474773899,7.0615351826748087],[80.690920713794355,7.0615273900620057],[80.690935951916529,7.0615195974490623],[80.690957446804632,7.0614870514093617],[80.690991443546594,7.0614174884429968],[80.691017593504498,7.0613374904393051],[80.691029725252406,7.0612880896547319],[80.691043817124267,7.0612557584506606],[80.691061641496134,7.0612387575105737],[80.691099142566003,7.0612266767687109],[80.691148840062468,7.0612234584469276],[80.691151041833209,7.0612257326682411],[80.691191570225556,7.0612301037019565],[80.691247393333967,7.0612371875757809],[80.691371209027906,7.0612792575467003],[80.691389271453303,7.0612836294714167],[80.691393674994856,7.061288178804916],[80.691419613848666,7.0612983347928813],[80.691456160009352,7.0613170242350352],[80.691470059641745,7.0613595452985027],[80.691475273463652,7.0613746660573282],[80.691519574780216,7.0613995995732743],[80.691527982112945,7.0614253202837567],[80.691518230900556,7.0614725805587444],[80.691534132877706,7.0615186979242566],[80.691553205009527,7.0615554500646285],[80.691582889838074,7.0615964243516345],[80.691600182407299,7.061631808923174],[80.691615937060718,7.0616621672091391],[80.691668210925428,7.0617211560462989],[80.691666230140214,7.06181749965008],[80.691672526432058,7.0618418911097276],[80.691691343442315,7.0618694482869353],[80.691738710708933,7.0619146250797717],[80.691768408113916,7.0619753915366026],[80.691778192564001,7.0620053236628699],[80.691748560736031,7.0620169265401325],[80.691692272300315,7.0620097838392262],[80.691643033842979,7.0619846043020322],[80.691624448598049,7.0619786169851828],[80.691581421990875,7.0619706220092437],[80.691540990616588,7.0619843600309418],[80.691521461242317,7.0620045373595008],[80.69151058803412,7.0620598299928732],[80.69150600482952,7.0620686611945231],[80.691501601288024,7.0620821317632245],[80.691494727379464,7.0621020701655137],[80.69148433566825,7.062133857495307],[80.691492978359591,7.0621589220208714],[80.69156831646923,7.0621791465913546],[80.691624864518047,7.0622080650689165],[80.691631814783392,7.0622293255601676],[80.691645434141421,7.0622471430778102],[80.691635977576396,7.062251696859315],[80.691619084757491,7.0622691515356664],[80.691602742605866,7.0622770216964481],[80.691552227642475,7.0622831498664391],[80.691522748528129,7.0622825525615269],[80.691497103423387,7.0622738381504551],[80.69146748866342,7.0622744381298581],[80.691437596324036,7.0622924339457311],[80.691403942738532,7.062308641412308],[80.691379497783018,7.0623003353086071],[80.691366805486368,7.0622872213462156],[80.691349122150001,7.0622703550604706],[80.691335227009191,7.0622378616720924],[80.691308758149319,7.0622126170678481],[80.691245399074035,7.0622070229054188],[80.691235079228051,7.0622017461169149],[80.691199151108265,7.0621282303464676],[80.691200637820074,7.062055918981164],[80.691232009684725,7.0620018450283597],[80.691238240399528,7.0619890956811435],[80.691247666421816,7.0619411632675115],[80.691238715608335,7.0619152054466277],[80.691209098153394,7.0619081759647022],[80.691182186424115,7.0619262850153834],[80.69116447074839,7.0619625343170958],[80.691137104471593,7.0619886365584321],[80.691115641024496,7.0619882015062343],[80.691080215961264,7.0619586803606067],[80.691074747017836,7.06190548184997],[80.691088227136973,7.0618724927616103],[80.691092630678483,7.0618439281888206],[80.691074657186292,7.0618145077735859],[80.691058740836084,7.0617878911264604],[80.691067829091821,7.0617703784844492],[80.691106813280186,7.0617416908782502],[80.691106080254926,7.061706029949816],[80.691067638648974,7.0616693651884921],[80.691007259285456,7.0616628536649353],[80.690981172209604,7.0616452991176279],[80.690965967325113,7.0616379763277362],[80.690925678782946,7.0616316306229576],[80.690890092022983,7.0616498297260826],[80.690857601755795,7.0616491709067617],[80.690822772275595,7.0616313596066211],[80.690814141262308,7.0616136998609669],[80.690809558057751,7.0616048677591428],[80.690807357185307,7.0615916967209218],[80.690805155414537,7.0615785247908471]]]},"properties":{"OBJECTID":18,"Division":"1","Field_No":"16","Shape_Length":440.93766668965117,"Shape_Area":6458.9827431426847}},{"type":"Feature","id":19,"geometry":{"type":"Polygon","coordinates":[[[80.691834558254811,7.0617152302396216],[80.691854273580347,7.0617141033824185],[80.69185647535113,7.0617208386719783],[80.69186623644498,7.0617351338891607],[80.691879489290372,7.0617477735887508],[80.691903316204986,7.06174729128678],[80.691923873251923,7.0617832847418116],[80.691930569294044,7.061789670562062],[80.691949053029333,7.0617965761271977],[80.691985517443342,7.0617818940005517],[80.69206741684782,7.0617835530835817],[80.692138316381602,7.0618487298115378],[80.692148532921323,7.0618903343634933],[80.692163987537498,7.0619308717856022],[80.692185691733059,7.061972696530793],[80.692246925394414,7.0619924218691743],[80.692267448305387,7.0620078804859192],[80.692320546823524,7.0620674612351966],[80.692355220895166,7.0621267361922069],[80.692424817871824,7.0622438151086175],[80.692470430728662,7.0622963155359484],[80.692484183037365,7.0623309280151414],[80.69246042619136,7.062338580648972],[80.692410045076954,7.0623283373168695],[80.692380859711676,7.0623229936672667],[80.692313613626155,7.0623458428057617],[80.692285805378219,7.0623645553845931],[80.692242979993694,7.0624255829916933],[80.692218374239715,7.0624595473410663],[80.692195118653672,7.0624817269567073],[80.692159522910515,7.0624879398164468],[80.692137276132499,7.0624729697574296],[80.69211631753862,7.0624467275780365],[80.692108184192023,7.0624200735243177],[80.692118272272666,7.0623711783357157],[80.692157609498963,7.0623274538405951],[80.692169813112088,7.0623089766162197],[80.692179985634368,7.0622629092534925],[80.692170844378026,7.0621652249264146],[80.692135744504938,7.0621220593824185],[80.692110296131276,7.062097788290048],[80.692095082263634,7.0620820693582234],[80.692031709713589,7.0620776715875682],[80.692023148768925,7.0620688261220721],[80.691977979679791,7.062108272332293],[80.691941142464955,7.0621132656247898],[80.691912939856607,7.062098842934768],[80.69190509127597,7.0620748330507688],[80.691897003743478,7.06204189924751],[80.691869954571942,7.0619929237838956],[80.691860362361325,7.0619687810607985],[80.691861242710317,7.0619259729901964],[80.691860942673017,7.0619114005222308],[80.691831189572483,7.0618585648469567],[80.691815873296918,7.0618227479149231],[80.69179712455859,7.0617952905830501],[80.691782031963527,7.0617644089948124],[80.691814843827572,7.0617163570967874],[80.691834558254811,7.0617152302396216]]]},"properties":{"OBJECTID":19,"Division":"1","Field_No":"16","Shape_Length":280.56347916812717,"Shape_Area":2367.1869627344126}},{"type":"Feature","id":20,"geometry":{"type":"Polygon","coordinates":[[[80.692110385962778,7.0631146706371206],[80.692112547309364,7.0631169858580485],[80.692121704735371,7.0631212757475321],[80.692130348325037,7.0631305366310642],[80.692147078548885,7.0631459247814368],[80.692182627579626,7.0631596672256824],[80.692192369808879,7.063190213517454],[80.692209979483408,7.0631984634407523],[80.692237515541819,7.0632071172125768],[80.692291075793989,7.0632050097111438],[80.692325710339773,7.0632109970121162],[80.692339196747128,7.0632532825459808],[80.692352421744729,7.06329073883186],[80.692420002901883,7.0632956884281795],[80.692448404037918,7.0633261179247535],[80.692462549808667,7.0633704708314005],[80.692476667731697,7.0633933600355201],[80.692480989526516,7.0634035917545654],[80.692469670753923,7.0634356491186931],[80.692461806003635,7.0634603097252748],[80.692469088645637,7.0634879015744341],[80.692435015546891,7.0635294640785409],[80.692422749051701,7.063560360704364],[80.692445405461498,7.0636028646230899],[80.69244500930445,7.0636127852049722],[80.692357446022129,7.0635991176599386],[80.692279186591207,7.0635749143989024],[80.692250481824615,7.063557467795321],[80.692242370935915,7.063548777478732],[80.692198746949074,7.0635208129872877],[80.692147074057303,7.0634774648128014],[80.692122771035628,7.0634514277348357],[80.692074250332169,7.0633901764971858],[80.692054755093892,7.0633491684921781],[80.692049641883273,7.0633444658413129],[80.69203953853129,7.0633232134248152],[80.692041223770744,7.0632810001086757],[80.692050515045722,7.0632724542095229],[80.692070390271411,7.0632419007911853],[80.692076601223278,7.0632124938373435],[80.692051117815268,7.0631403172578278],[80.692045046102308,7.0631347320216378],[80.692068988899564,7.0631172987739177],[80.692089686982015,7.0631159847055125],[80.692110385962778,7.0631146706371206]]]},"properties":{"OBJECTID":20,"Division":"1","Field_No":"16","Shape_Length":175.4133667919622,"Shape_Area":1625.6112046235141}},{"type":"Feature","id":21,"geometry":{"type":"Polygon","coordinates":[[[80.695654733832058,7.0608189045200671],[80.695671826975271,7.0608122004199672],[80.695687679545088,7.0608080968330889],[80.695718971459712,7.0607998887677725],[80.695748194554227,7.0607944167241401],[80.695775902190832,7.060787028841105],[80.695790789970019,7.0607826515626755],[80.695804988741415,7.0607754009708534],[80.695818910831704,7.0607587111475496],[80.695830903340749,7.0607368220792051],[80.695835039184317,7.060729435086726],[80.695840553043524,7.060719722163209],[80.695846894251105,7.0607123351704626],[80.695857094621161,7.0607054946688779],[80.695871430834771,7.0606929084309638],[80.69588273433601,7.0606753984219814],[80.695889764551424,7.0606554251895908],[80.695896933107363,7.0606462587558356],[80.695910856095978,7.0606277903793435],[80.695920643240996,7.0606054921048669],[80.69592601875965,7.0605953681957851],[80.695937460601414,7.0605799095318416],[80.695953726396255,7.0605641771758618],[80.695969992191138,7.0605484448193598],[80.695989153256136,7.0605314812963753],[80.696004179375905,7.0605156125387838],[80.696015620319343,7.0605007003636731],[80.696029267525148,7.0604901672522642],[80.696053942449396,7.0604727927441218],[80.696092126238852,7.0604509045537629],[80.69615029844168,7.0604225859481522],[80.696207091730571,7.0604043912542425],[80.696251065162059,7.0603941309407512],[80.696291518994258,7.0603838554714837],[80.696331483244592,7.0603744616989443],[80.696398792212207,7.0603530656138656],[80.69649817732369,7.0603212318034849],[80.696664871402746,7.0602680019019051],[80.696789498275351,7.0602434748506946],[80.696882573620258,7.0602507807240675],[80.696994053648723,7.060290964362876],[80.697019441835266,7.0603067662654242],[80.697049393463487,7.0603204597613276],[80.697096510100138,7.0603358230431086],[80.697160453080372,7.0603582006743846],[80.697223386354239,7.0603815803545134],[80.6972371853753,7.0603902635986051],[80.697245262128007,7.0603989477340656],[80.69724930095353,7.0604119734911777],[80.6972496917207,7.0604342896050296],[80.697232649781427,7.0604712941270211],[80.697208242555163,7.0604994790041502],[80.697140393700082,7.0605442636693896],[80.697119062305333,7.060559961257403],[80.697109210481599,7.0605701404404533],[80.697096899968955,7.0605818824282434],[80.696943863875461,7.0606888146495956],[80.696833144720074,7.0607584321071704],[80.696816972350021,7.0607662202754407],[80.696785609468506,7.0607841510702549],[80.696725880485246,7.0608177678541599],[80.696592597446568,7.0608908175770901],[80.6965845072191,7.0608991763047344],[80.696464316227349,7.0609636515449443],[80.696419585516082,7.060990579373799],[80.696399073384896,7.0610060300005077],[80.696379861115901,7.0609573816086106],[80.696350414340884,7.0608921485903711],[80.696323806242191,7.0608442383506507],[80.696303128820972,7.0608100376344378],[80.696271682396144,7.0607734860229368],[80.696240020375654,7.060743774018202],[80.696204265630712,7.0607189786498266],[80.696170880641489,7.0607089314124813],[80.696141587478394,7.0607080764612284],[80.696104110663057,7.0607106422064962],[80.696071371562496,7.0607219705334057],[80.696049186768249,7.0607350096539623],[80.696017093556421,7.0607600189821573],[80.695992108713398,7.060791226927428],[80.695971215696545,7.0608162362525828],[80.695953123626708,7.0608442383506507],[80.695939553676027,7.0608619801439163],[80.695926200219333,7.0608730953979872],[80.695900568589352,7.0608844237209141],[80.695883983892571,7.0608899813477395],[80.695875672679563,7.0608904788061349],[80.695866837748738,7.0608892627966862],[80.695850250356997,7.0608858634975373],[80.695804824349707,7.0608706259358947],[80.6957533194429,7.060851276763751],[80.695691865694329,7.0608342909643262],[80.695663852630503,7.060825503422735],[80.695656494530013,7.0608231953223823],[80.695655109327845,7.0608216699613209],[80.695654369116056,7.0608206830678739],[80.69565416070688,7.0608198566448861],[80.695654733832058,7.0608189045200671]]]},"properties":{"OBJECTID":21,"Division":"1","Field_No":"15","Shape_Length":432.60896976722159,"Shape_Area":7196.0578225651052}},{"type":"Feature","id":22,"geometry":{"type":"Polygon","coordinates":[[[80.695908156658533,7.0609209405550608],[80.695944184491324,7.0608959267780582],[80.695968415647798,7.0608692075552959],[80.695996012791625,7.0608261230170895],[80.696017551697196,7.0607987351632753],[80.696044475104571,7.0607720159349148],[80.696074090762878,7.0607489705880528],[80.69611043749758,7.0607396187235709],[80.696140053155887,7.0607359448404186],[80.696170342550616,7.0607372812031635],[80.696194909677004,7.0607456310185253],[80.696218803965266,7.0607619963353176],[80.696252122479152,7.0607857094170532],[80.696275679899173,7.0608140993206625],[80.696299911055647,7.0608545120266957],[80.696313710076709,7.0608849051322915],[80.696323132505725,7.0609016047575688],[80.696335248083955,7.0609223116858608],[80.696348037398664,7.0609456913374791],[80.696355441313244,7.0609647293713147],[80.696359143270513,7.0609827644642396],[80.696359479240428,7.061006811848034],[80.696353421900469,7.0610298571820591],[80.696332892701292,7.061060584589435],[80.696308887920253,7.0611029879982059],[80.696278797053196,7.0611392034873912],[80.696275558626596,7.061141570425308],[80.696200388501936,7.0610904828978063],[80.696186388258241,7.0610879180461215],[80.69616980356146,7.0610877040856019],[80.696142448962732,7.0610840703228321],[80.69612198713719,7.0610838572538226],[80.696102386796014,7.0610834293327853],[80.696081710273134,7.0610840703228321],[80.696066816205715,7.0610836441847882],[80.696056353527595,7.0610851855920407],[80.696041517850659,7.0610873706637927],[80.695983599871028,7.0610640489669825],[80.695952246871002,7.0610316553420951],[80.695933428962448,7.0609654229601793],[80.695912490131462,7.0609250744520011],[80.695908156658533,7.0609209405550608]]]},"properties":{"OBJECTID":22,"Division":"1","Field_No":"15","Shape_Length":147.91527414317019,"Shape_Area":1494.6237810230721}},{"type":"Feature","id":23,"geometry":{"type":"Polygon","coordinates":[[[80.695431023681891,7.0598881141770358],[80.695424130908734,7.0599676310190747],[80.695423269424396,7.0600172218350474],[80.695427212130156,7.0600489995015909],[80.695432858940038,7.0600771915364815],[80.695440269142793,7.0601221946610835],[80.695443092547734,7.0601442576018032],[80.695450855788422,7.0601927625471088],[80.695466984141035,7.0602447425690285],[80.695476496401568,7.060281953043539],[80.695485869423251,7.0603038412419252],[80.695503789914852,7.0603292865386615],[80.695530945985908,7.0603619824324353],[80.695555207685075,7.0603859228680941],[80.695582776981169,7.0604112317603054],[80.695593667257342,7.0604242280974638],[80.695620547545587,7.0604632171067152],[80.695639157045022,7.0604905773437858],[80.695656111847725,7.0605176638877527],[80.695673343331464,7.0605544642488578],[80.69569084969973,7.060595094504361],[80.695721865831558,7.0606625384918535],[80.695765003829806,7.060747521895979],[80.695744240170328,7.0607562711044434],[80.69571271379543,7.0607695562787782],[80.695621809678585,7.0607915558919192],[80.695488837456949,7.0608173247773207],[80.695382168805182,7.0608411448365676],[80.695293776377852,7.0608554293828867],[80.695194509843986,7.0608767166814053],[80.695104646874555,7.0609047401718845],[80.695095777807779,7.0609139039259965],[80.695025272634382,7.0609415101910837],[80.695001717909292,7.060949097768221],[80.694953335546415,7.0609698786890895],[80.694959108120429,7.0609485503857403],[80.695019699486366,7.0608227825566372],[80.695094075500307,7.060663134907343],[80.695167677166467,7.0604938429203807],[80.695214584495673,7.060408495736179],[80.695227284877163,7.0603779599587373],[80.695227683729144,7.0603321491567508],[80.69522128952093,7.0602987498644936],[80.695222299227297,7.0602640150972089],[80.695225328346453,7.0602052329031286],[80.695226001184608,7.0601578057873873],[80.695226835719509,7.0601373520119992],[80.695246265380803,7.060113635331021],[80.695307706552938,7.060038638440238],[80.695334340702829,7.0600061279564796],[80.695382561368945,7.0599398428289826],[80.695410395668048,7.0599101316621971],[80.695431023681891,7.0598881141770358]]]},"properties":{"OBJECTID":23,"Division":"1","Field_No":"15","Shape_Length":337.23126643626114,"Shape_Area":4419.9658585131901}},{"type":"Feature","id":24,"geometry":{"type":"Polygon","coordinates":[[[80.695546128412516,7.0581204847883274],[80.695558536841517,7.058099574470841],[80.695570360467315,7.0580727489971453],[80.695608819141256,7.0579652652191776],[80.695627276825377,7.0579229176878417],[80.695701254885691,7.0578523583707273],[80.69580530764334,7.0577869323488729],[80.695882475621204,7.0577555164794701],[80.695971241747699,7.0577152292054306],[80.696091485740041,7.0576873160688756],[80.696170040716694,7.0576796883203281],[80.696243898402713,7.0576721951895331],[80.696262106355221,7.0576684927537663],[80.696264415025496,7.0576708784311295],[80.69637426551003,7.0576827265820441],[80.696464288379588,7.0577154449505199],[80.696529315626364,7.0577515314361277],[80.696583796651709,7.0577969332912343],[80.696621392942987,7.0578570378982226],[80.696637244614479,7.0579304339938123],[80.696625629397872,7.0579867273862344],[80.696587819307567,7.0580676584866948],[80.696564749672746,7.0581216063052397],[80.696529407254516,7.058201472030361],[80.696497111921758,7.0582750535049366],[80.696489058525216,7.0582996912074405],[80.696481240487302,7.0583223658091931],[80.696421070431256,7.0584383143656941],[80.696362803006991,7.058520545204507],[80.696270086988193,7.058637308548648],[80.696241842159026,7.0586698182370649],[80.696175504270229,7.0587539051515744],[80.696158699486233,7.0587699335492839],[80.696066787459614,7.0588930185022587],[80.696030661710481,7.0589374449374773],[80.696016030849449,7.0589595979767976],[80.695969987699542,7.0590140458262969],[80.695840792893691,7.0591559486206856],[80.695760288572885,7.0592462804443166],[80.695717482951295,7.0593178638887668],[80.695716796638408,7.0593217597680331],[80.695683027170247,7.0593989757319822],[80.695647353273685,7.0594651067065692],[80.695511726530412,7.0596524761154775],[80.695478408914823,7.0596952273402049],[80.69546898558751,7.0597259539447199],[80.695462254511057,7.0597613573809301],[80.695449802064587,7.059791082821345],[80.695433311690934,7.0598512014333847],[80.695420860142775,7.0598922819603827],[80.695410395668048,7.0599101316621971],[80.695385344349688,7.0599368723364391],[80.695382561368945,7.0599398428289826],[80.695334340702829,7.0600061279564796],[80.695307706552938,7.060038638440238],[80.695246265380803,7.060113635331021],[80.695226835719509,7.0601373520119992],[80.695226001184608,7.0601578057873873],[80.695225328346453,7.0602052329031286],[80.695222299227297,7.0602640150972089],[80.69522128952093,7.0602987498644936],[80.695227683729144,7.0603321491567508],[80.695227284877163,7.0603779599587373],[80.695214584495673,7.060408495736179],[80.695167677166467,7.0604938429203807],[80.695094075500307,7.060663134907343],[80.695019699486366,7.0608227825566372],[80.694959108120429,7.0609485503857403],[80.694953335546415,7.0609698786890895],[80.694933066858681,7.0609785842097086],[80.694908661429039,7.0609981410965252],[80.694902407358015,7.061003153122579],[80.69487599778698,7.0610473163619867],[80.694786608229691,7.0611405327169274],[80.694692685773475,7.0612301135084845],[80.694669310711475,7.0612614159212299],[80.694628343941233,7.0613076456369859],[80.694526982536146,7.0613801238300544],[80.694438864095005,7.0614465005758467],[80.694397722153298,7.0614754734807903],[80.694332410140561,7.0615246700915391],[80.694302557327049,7.061544099470618],[80.694290854973829,7.0615618180579842],[80.694272712598348,7.0615989410594544],[80.694224033791443,7.061640105232331],[80.694186644112676,7.0616787375387107],[80.694071624722014,7.061765353985737],[80.694049414774909,7.0617820829987412],[80.693992948472797,7.0618188342267016],[80.693959474550354,7.0618413588838367],[80.693929640601453,7.0618607757685901],[80.69385145752733,7.0619036266372968],[80.693847053985834,7.0619081759647022],[80.693841910232507,7.0619130827838079],[80.693819268195767,7.061923986726991],[80.693765435754045,7.0619657624402805],[80.693718487102345,7.0619934292646169],[80.693670798238855,7.0620110194587289],[80.693653353854359,7.0620106664245892],[80.693606412389201,7.061982407645008],[80.693594603136447,7.061940843218828],[80.693569230221271,7.0618993090999505],[80.6935549964156,7.0618634823645703],[80.693523453871009,7.0618100467038252],[80.693501077735618,7.0617620376025672],[80.693550503042559,7.0617342201007505],[80.693582338437878,7.0617160183264298],[80.693608914197242,7.0617074572428642],[80.693628744507137,7.0617007192785843],[80.693656755774342,7.0616632084823481],[80.693662743045721,7.0616281448536231],[80.693644405735796,7.0615679881379911],[80.693617811111849,7.061529041122431],[80.693613407570297,7.0614282176636038],[80.693626887689476,7.0613952285411745],[80.693631290332689,7.0613549959656901],[80.693636121472267,7.061326883352316],[80.693635507024624,7.0612970189363047],[80.693654382425365,7.0612606456636442],[80.693652612744259,7.0611745328207478],[80.693644770451826,7.0611365245237012],[80.693638272039067,7.0610968963641758],[80.693604330992684,7.0610383950991142],[80.693578996705043,7.0609827421766678],[80.693554906584055,7.0609447267318579],[80.693541516296449,7.0609223348649159],[80.693525758049745,7.0609017197614135],[80.693501077735618,7.0608643497577743],[80.693481516920286,7.0608357031044857],[80.693449161400395,7.0607694983311076],[80.693433590003281,7.0607440075919294],[80.693415706342591,7.0607126953376449],[80.693375177950202,7.0606904826515251],[80.693360777956201,7.0606807929062496],[80.693352444285324,7.0606721827708459],[80.693352816187868,7.0606540852606043],[80.693375919060344,7.0606320508723091],[80.693411365683104,7.0606206325014034],[80.693463840770463,7.0606142671695737],[80.693492596741024,7.0606148493210901],[80.693608824365739,7.0606369577049515],[80.693633934074541,7.0606413287442145],[80.693827239845589,7.0606195323866467],[80.693888705272286,7.0606091249798926],[80.69389638946123,7.0606011852534714],[80.693929433988956,7.060587259975053],[80.693963426239293,7.0605698765555056],[80.693998681520938,7.0605205425517408],[80.694019094837444,7.0604252042937006],[80.694050313090216,7.0603954289698097],[80.694094180520466,7.0603782532633961],[80.694118218539174,7.0603685742096181],[80.694158511572923,7.0603414609118174],[80.694171880300985,7.0603276470635334],[80.694201882234836,7.0602822204946643],[80.694215497101283,7.0602756634848882],[80.694219900642835,7.0602711132499048],[80.69427147022833,7.0602462768470176],[80.694294676407054,7.0602287971322841],[80.694339105284399,7.0601998803139798],[80.69438458429228,7.0601692776599556],[80.694396380070259,7.0601635961054505],[80.694449053685275,7.0601239197213497],[80.694489582077622,7.060101707007],[80.694532596108374,7.0600778369854496],[80.694564709981478,7.0600446560933579],[80.694597329606054,7.0599901067336184],[80.694608118372614,7.0599743066033005],[80.694633455355216,7.0599501414872536],[80.694644463310723,7.0599387676747236],[80.694673046804738,7.0599115045789933],[80.694708565292743,7.0598577254634804],[80.694726086034052,7.0598348039902161],[80.694764635437835,7.0598296207826516],[80.694848028740608,7.0598465763078391],[80.694960167234143,7.0598518335100673],[80.695066294201808,7.0598376273851589],[80.695092897808948,7.0598197250817911],[80.695123034490109,7.0597715454965808],[80.695135136593606,7.0597538232746038],[80.695144296714574,7.0597258006058912],[80.69516135123024,7.0595872473707715],[80.695187570358456,7.0595367231028501],[80.695221974935492,7.0595084695211607],[80.695258982830282,7.0594761515652831],[80.695353212510312,7.0593613577684451],[80.695386336988079,7.0593059658554065],[80.69540161283949,7.0592675170010297],[80.695437760148238,7.0591909455738655],[80.695479770760784,7.0590706404159498],[80.695487180963582,7.0590254544303308],[80.695497949068894,7.0589837426399562],[80.695509540031011,7.058955375803218],[80.695513943572507,7.0589419051434632],[80.695541880279549,7.0588778058371844],[80.695559649854161,7.0588517827644219],[80.695574306766346,7.0588378030514329],[80.695641927449344,7.0587643170575793],[80.695656288815812,7.0587349321067263],[80.695667981287556,7.0586468815493371],[80.695666460439782,7.0585729087623532],[80.695674125764086,7.0585357560983306],[80.695693949785792,7.0584782619125388],[80.695693647053531,7.0584635618504645],[80.695683562566145,7.0584146813992943],[80.695666667052279,7.0583733323973625],[80.695630766780269,7.0583041514195592],[80.695621959697235,7.0582861313778587],[80.695601111596119,7.0582459555884691],[80.695540713367976,7.058188349928205],[80.695541895550889,7.0581308628313097],[80.695546128412516,7.0581204847883274]]]},"properties":{"OBJECTID":24,"Division":"1","Field_No":"13","Shape_Length":1374.5427556283314,"Shape_Area":42302.493655952829}},{"type":"Feature","id":25,"geometry":{"type":"Polygon","coordinates":[[[80.695824452538687,7.0594343533395438],[80.695866889851004,7.0594392548358638],[80.695877317494848,7.0594404583680355],[80.69596335364119,7.0594503950862579],[80.696032935346466,7.059461143965593],[80.696129130540342,7.059482624784911],[80.696178937631274,7.0594995491201162],[80.69619250668363,7.0595039201701422],[80.69621654649896,7.0595135992419991],[80.696327494724741,7.0595770325058922],[80.696355081088811,7.0595859190282528],[80.69644205507629,7.0595841565227699],[80.69653839400064,7.0595619054478007],[80.696642591387061,7.0595479070346769],[80.696757435606258,7.0595367569800453],[80.696921595537916,7.0595400822942],[80.697013639616841,7.0595543026923311],[80.697047521374429,7.0595716290937185],[80.697072905069405,7.059597856280651],[80.697115986473818,7.0596389457451734],[80.697151407045467,7.059680224205124],[80.697178995206158,7.0597219956635184],[80.697200692215219,7.0597663917079645],[80.697229704205611,7.0598551436663977],[80.697235885513081,7.0598670550581897],[80.697259364779683,7.0599014403855387],[80.697266843254411,7.0599394701801579],[80.697303005834499,7.0600365282498494],[80.697347438305059,7.0601092642867584],[80.697379341972379,7.060174544665073],[80.697389830701653,7.0602066307811473],[80.697402138519365,7.0602869739923708],[80.697400976099388,7.0603435069125444],[80.697391653383377,7.0603705462154265],[80.697368704122795,7.0603924344096276],[80.697324106362188,7.0603915313165828],[80.697264713348858,7.0603515652133773],[80.697213578547945,7.0603315438258232],[80.697179292548498,7.0603232466016719],[80.697039197584985,7.0602756447633288],[80.696978817323185,7.0602488113922535],[80.696956261524704,7.0602399801558713],[80.696951618132999,7.0602351820824616],[80.69692965881589,7.0602246061728726],[80.696858567042625,7.0602108288727372],[80.69671354032819,7.0602137672694116],[80.696613120357526,7.0602369606325466],[80.696605881732978,7.0602444403492495],[80.696593462524163,7.0602504214480515],[80.696428900147296,7.0602928588082126],[80.696319262563463,7.0603257936275314],[80.696215477503742,7.0603536540062146],[80.696187923479044,7.0603603224528184],[80.696164420856292,7.0603663017671128],[80.696082177397045,7.0604016258104947],[80.696008290964954,7.0604461055910708],[80.695926118472627,7.0605131172211868],[80.695890435592929,7.0605671449898812],[80.695873669436466,7.0606014527044065],[80.695846456771562,7.0606538909129508],[80.695798054645749,7.0607172143656491],[80.695774552022954,7.0607396303131047],[80.695748884460357,7.0606914035740473],[80.69572917182974,7.0606522781840484],[80.695711113895939,7.0606154787222515],[80.695692641838718,7.060575942342898],[80.695679132973495,7.0605446140301584],[80.695647690141925,7.0604841157278395],[80.695629180355468,7.0604543903319392],[80.695607304581685,7.0604253326702127],[80.695595872621382,7.0604116418519034],[80.695576435773589,7.0603926260828676],[80.695557826274154,7.0603757998457004],[80.695545282199518,7.0603644447652245],[80.695526259475045,7.0603443351193782],[80.695511647478668,7.060326687805647],[80.695494691777682,7.0603030201670407],[80.695482836710852,7.0602773011772006],[80.695477047068863,7.0602566441442542],[80.695472498000257,7.0602398179021897],[80.695465881908191,7.0602183397925264],[80.695460235098309,7.0601795147993407],[80.695448119520066,7.0601220689590232],[80.695440715605514,7.0600639535919845],[80.695434658265555,7.0599928133405774],[80.69543936992919,7.0599283531206263],[80.69544677384377,7.0598618887895723],[80.695464946761987,7.0597877423534374],[80.695478623612175,7.0597263016315841],[80.695487239354065,7.0597019332395066],[80.69550856266396,7.0596713662127453],[80.695544101813226,7.0596222032820988],[80.69556607191015,7.059589712382186],[80.695608718529954,7.0595277233583786],[80.695639949359105,7.0594824072576285],[80.695671181086595,7.0594413659204722],[80.695690996125137,7.0594184943508607],[80.69569982746269,7.0594161434512213],[80.695733794560212,7.0594211064615813],[80.695781674764845,7.0594306785545395],[80.695804827044668,7.0594326675029464],[80.695824452538687,7.0594343533395438]]]},"properties":{"OBJECTID":25,"Division":"1","Field_No":"15","Shape_Length":629.1636975384115,"Shape_Area":18870.274116693992}},{"type":"Feature","id":26,"geometry":{"type":"Polygon","coordinates":[[[80.696667446872652,7.0579384789640249],[80.696684468150664,7.0579361200332942],[80.6966869097716,7.0579386430015525],[80.696704732346845,7.0579472264425851],[80.696717048249383,7.0579535249479965],[80.69674234660441,7.0579852020158471],[80.696762221830099,7.0580041581527651],[80.696800853878869,7.0580192843702871],[80.696835495611182,7.0580185827534478],[80.696869503132888,7.0580011912138172],[80.696933885389299,7.0579963806361086],[80.696981739542821,7.0579894384624193],[80.696992882245567,7.0580348135489483],[80.696991372177578,7.0581083023331903],[80.696998766210697,7.0581441400574514],[80.697038713393056,7.0581666238841523],[80.697063302079016,7.0582077437870909],[80.697096358284838,7.0582320685739797],[80.697131586617033,7.0582549972587323],[80.697143841434141,7.0582735522061704],[80.69715498503524,7.058307643454472],[80.697149469379397,7.0583397457471273],[80.697144173810813,7.0584256852737619],[80.697145145787928,7.0584729797324739],[80.697181011923973,7.058589530018458],[80.697189907940228,7.0586208424164525],[80.697203353923385,7.0586598378182375],[80.69724591520324,7.0587295099630696],[80.697278289587771,7.0587677939334217],[80.69730783427913,7.0587910470999908],[80.697351415146827,7.0587901645084834],[80.697376570669732,7.0587965637426464],[80.69754626781679,7.0588876721384857],[80.697580727191081,7.0589108602190622],[80.697607866194133,7.0589285236339192],[80.697613370171879,7.0589342105526329],[80.697687868356695,7.058981052965736],[80.697816503512144,7.0590430055110369],[80.697935869850454,7.0590846388435136],[80.697986194370984,7.0591035450110811],[80.698034630632819,7.0591337929162137],[80.698049486970973,7.0591409481426268],[80.698117612507161,7.0591610614068259],[80.698185548498842,7.0591596849217648],[80.698210443510305,7.0591697090136032],[80.698238082874965,7.0591982675109737],[80.698250152639133,7.0592229648952252],[80.698256030316045,7.0593302469008012],[80.698273951705943,7.0593536934957939],[80.698310302033917,7.0593701070030912],[80.698390933017208,7.0593598760863472],[80.698433321820502,7.05936705359691],[80.698541469997565,7.0594299635672337],[80.698600864807531,7.0594414737926101],[80.698631576410463,7.059447718787351],[80.698664398156012,7.0594645031575025],[80.698682123713169,7.059491341923092],[80.698691413191554,7.0595197604342763],[80.698690619080807,7.0595583955922532],[80.698679248205949,7.0596024421824257],[80.698672756081407,7.0596428113105976],[80.698695716121748,7.0596990037546563],[80.69872663074392,7.0597442788249785],[80.698731077404588,7.0597965415042951],[80.698716192320319,7.0598329710568581],[80.698659096299195,7.0598874277186061],[80.698650289216161,7.05989652730457],[80.698621660806367,7.0599190591873278],[80.698585014932675,7.0599460263031837],[80.698519896956043,7.0599856465377844],[80.69841909609967,7.0600502092727124],[80.698331910109772,7.0601248558005505],[80.698292762427997,7.0601524246695657],[80.698229538998305,7.0601896815096934],[80.698202759321376,7.0602077023687837],[80.698178413180543,7.0602220493399255],[80.698169891761779,7.0602308538315572],[80.698128987873602,7.0602532715855553],[80.698097625890398,7.0602712032917765],[80.698062655374727,7.0602908841275447],[80.69797600298412,7.0603136780931992],[80.697934436139292,7.0603203955730782],[80.697861957367209,7.0603450233601395],[80.697801759463374,7.0603644144541189],[80.697745468332727,7.0603693836948418],[80.69768281173998,7.0604014261137333],[80.697630330364447,7.0604451614889721],[80.697585355311446,7.0604442503724947],[80.697539066921465,7.0604451882340653],[80.697486549613345,7.0604540800887658],[80.697435087825667,7.0604623969236453],[80.697415060784706,7.0604320724360354],[80.697410075134883,7.0604273180483332],[80.697401179118629,7.0604134114862447],[80.69741490807111,7.0604003170833991],[80.697423869664377,7.0603819806395842],[80.697433109735385,7.0603256313738498],[80.69743210991048,7.0602769838018871],[80.697423555254034,7.0602355190709201],[80.697412588621063,7.0601797563969075],[80.697405581761828,7.0601730736836208],[80.697396685745574,7.0601506817793265],[80.697373039392346,7.06009933828072],[80.697327845150411,7.0600214395414485],[80.697289904804393,7.0599134141814543],[80.697284355910867,7.0598964381541052],[80.697248319993264,7.059820699496294],[80.697234930603955,7.0597893871795048],[80.697216403749522,7.0597468802357914],[80.697172954934175,7.0596671297815288],[80.697149028306583,7.059635827260899],[80.697104447613967,7.0595933069304726],[80.697095640530918,7.0595842073385553],[80.69706685761092,7.0595605708646776],[80.697032381168611,7.0595381316809549],[80.696960798016917,7.059518088862073],[80.696725612787318,7.0595129297216257],[80.696648335214974,7.0595227353870387],[80.696517757901916,7.0595454117118503],[80.696468884160566,7.0595553484278213],[80.696427829355443,7.059563305110772],[80.696355897657412,7.0595618474999515],[80.696303039887766,7.0595405637069764],[80.69626439795752,7.0595173016629955],[80.69621751757775,7.0594896748083205],[80.696131305361661,7.0594619026365839],[80.696102552984357,7.0594549444378227],[80.696050662700287,7.0594417430271994],[80.695992184171899,7.0594304102114336],[80.695909225653708,7.0594178863441961],[80.69583252300319,7.0594001703492113],[80.695786180714322,7.0593827601399157],[80.695755770047001,7.059351339029786],[80.695756682735322,7.0593069304644249],[80.695770145786497,7.0592809876513058],[80.695781610984483,7.059257527680046],[80.695833264113318,7.0591992392522585],[80.695913928334249,7.0591114910037414],[80.69594529121575,7.0590757184343147],[80.695982089803039,7.0590341911902312],[80.696038671089525,7.0589682553939319],[80.696060430980651,7.0589353079968937],[80.696088352416325,7.0588967672865701],[80.696150341560809,7.0588180490503376],[80.696170040716694,7.0587992605499732],[80.696235341051334,7.0587142598493173],[80.696309329891363,7.0586253035169761],[80.696313733432916,7.05861629305672],[80.696386090034082,7.0585292989125907],[80.696436158534766,7.0584650693891238],[80.696481721085988,7.0583922287873957],[80.696512777641971,7.0583140631999814],[80.696520421406746,7.058290680740849],[80.696582813894778,7.058139749381418],[80.696601568022984,7.0581036094356353],[80.696641485560932,7.0580219312577137],[80.69665580201162,7.0579858973921707],[80.696667446872652,7.0579384789640249]]]},"properties":{"OBJECTID":26,"Division":"1","Field_No":"14","Shape_Length":988.2073949006359,"Shape_Area":38687.632169515084}}]}